Year,Month,Day,Hour,HOU_ARM_Fixed_Tilt,HOU_ARM_Single-Axis,HOU_ARM_Dual-Axis,HOU_ARM_Vertical_Bifacial,HOU_NSRDB_Fixed_Tilt,HOU_NSRDB_Single-Axis,HOU_NSRDB_Dual-Axis,HOU_NSRDB_Vertical_Bifacial
2021,10,1,0,0.0,0.0,0.0,0.0,0.0,0.0,0.0,0.0
2021,10,1,1,0.0,0.0,0.0,0.0,0.0,0.0,0.0,0.0
2021,10,1,2,0.0,0.0,0.0,0.0,0.0,0.0,0.0,0.0
2021,10,1,3,0.0,0.0,0.0,0.0,0.0,0.0,0.0,0.0
2021,10,1,4,0.0,0.0,0.0,0.0,0.0,0.0,0.0,0.0
2021,10,1,5,0.0,0.0,0.0,0.0,0.0,0.0,0.0,0.0
2021,10,1,6,-0.0,-0.0,-0.0,-0.0,-0.0,-0.0,-0.0,-0.0
2021,10,1,7,-0.0,-0.0,-0.0,-0.0,5.422832406594206,4.244631796022955,2.5615916812008748,4.724368540307436
2021,10,1,8,10.388990173378485,9.11400750783446,8.348334047375415,10.231760058709872,-0.0,-0.0,-0.0,-0.0
2021,10,1,9,14.408723199736688,12.572660992600893,13.104942732035816,13.802998212878789,3.326812968974359,2.425922240528766,2.555761608522658,2.825568920726657
2021,10,1,10,25.568465118553235,25.56373527848331,24.818135054349817,24.33140368058572,73.45507581088614,73.48076826298194,71.18079318709873,68.2863763240778
2021,10,1,11,28.863215631655237,31.64357248216325,29.100251038781998,27.31250341016058,14.263926954885944,16.00304182600677,14.348176314440702,13.129975318740271
2021,10,1,12,34.61933180046769,38.86066812492594,35.09960524002245,33.61204801706,147.91385725280952,160.25172212588697,149.93450612881884,128.09144696889072
2021,10,1,13,178.03336412303557,181.89167353004402,178.41179388808405,161.1777646320207,186.23195952654734,190.0235202053706,186.4333651124016,160.58173146151142
2021,10,1,14,228.90957403577067,219.02170774780376,229.05934209870085,210.441006119368,334.1248585990549,339.0676742534121,371.3968619492803,267.48637146188275
2021,10,1,15,148.19830916475584,141.65140098272224,142.783336364515,145.67102036625946,62.56116463545561,55.18213769237053,52.990778346010885,58.49491977858005
2021,10,1,16,94.1132663522652,96.62481182499997,91.43318253097658,100.08125678141703,111.49244110548574,122.58012100525798,118.63581989335151,119.49184132733365
2021,10,1,17,83.8257178126999,186.3326203138691,224.98485674127738,110.0055473975566,20.376471938542988,20.788793965203894,16.49977210222735,19.5755350770814
2021,10,1,18,0.0,0.0,0.0,0.0,0.0,0.0,0.0,0.0
2021,10,1,19,0.0,0.0,0.0,0.0,0.0,0.0,0.0,0.0
2021,10,1,20,0.0,0.0,0.0,0.0,0.0,0.0,0.0,0.0
2021,10,1,21,0.0,0.0,0.0,0.0,0.0,0.0,0.0,0.0
2021,10,1,22,0.0,0.0,0.0,0.0,0.0,0.0,0.0,0.0
2021,10,1,23,0.0,0.0,0.0,0.0,0.0,0.0,0.0,0.0
2021,10,2,0,0.0,0.0,0.0,0.0,0.0,0.0,0.0,0.0
2021,10,2,1,0.0,0.0,0.0,0.0,0.0,0.0,0.0,0.0
2021,10,2,2,0.0,0.0,0.0,0.0,0.0,0.0,0.0,0.0
2021,10,2,3,0.0,0.0,0.0,0.0,0.0,0.0,0.0,0.0
2021,10,2,4,0.0,0.0,0.0,0.0,0.0,0.0,0.0,0.0
2021,10,2,5,0.0,0.0,0.0,0.0,0.0,0.0,0.0,0.0
2021,10,2,6,-0.0,-0.0,-0.0,-0.0,-0.0,-0.0,-0.0,-0.0
2021,10,2,7,7.414785779959401,8.718785611635377,7.965393928759569,9.852026923314707,74.34761146060552,117.5526460292174,127.96004297697844,129.71337222278024
2021,10,2,8,59.86021880909913,61.026308010674164,60.82000093302757,65.88704438531443,72.57282515530193,65.59143450510008,61.31895818597511,70.34092158999071
2021,10,2,9,330.4946421760988,360.21536105449184,399.93176566099476,330.77637548150517,125.05080729671225,114.52358391222992,119.44115177704225,118.66253400622682
2021,10,2,10,104.58875493688504,104.41723013465928,102.38957729023433,99.81094087747844,20.304283966343093,20.33680511445671,19.42671273380604,18.937786169840262
2021,10,2,11,55.27118093741581,60.65256504224355,55.564372752872025,53.90097404231496,77.35749649442185,84.39533030161431,77.72935393000681,72.17658929516023
2021,10,2,12,167.82476042000255,181.09557824019032,170.1792176503329,150.24070569738493,246.09152518933078,257.7662746223834,249.55070149173267,192.32671846433027
2021,10,2,13,261.21265301048305,263.6589588320948,263.9791898416608,225.043409228254,387.4936788719342,371.97343923046736,406.65613931720657,246.40913023303438
2021,10,2,14,437.1291714590519,440.5129852934086,484.1007539608212,365.25818022860267,461.547184953996,481.56812503022843,537.0460871361506,342.94931710415324
2021,10,2,15,383.5688366560076,454.4412142209324,494.8644286469818,390.1206209094375,377.32062514355033,473.8101394090538,518.4305417766518,375.7853713519576
2021,10,2,16,336.1215523231331,543.6346597623589,608.4087518965268,480.2681695867607,227.09544480601153,350.7658524427831,386.74375662357994,308.69539304130166
2021,10,2,17,128.43779777691057,375.626748820292,514.3873319698467,199.1713839005725,99.21244630005245,253.50807919646903,358.8585401384977,144.63413037468825
2021,10,2,18,0.0,0.0,0.0,0.0,0.0,0.0,0.0,0.0
2021,10,2,19,0.0,0.0,0.0,0.0,0.0,0.0,0.0,0.0
2021,10,2,20,0.0,0.0,0.0,0.0,0.0,0.0,0.0,0.0
2021,10,2,21,0.0,0.0,0.0,0.0,0.0,0.0,0.0,0.0
2021,10,2,22,0.0,0.0,0.0,0.0,0.0,0.0,0.0,0.0
2021,10,2,23,0.0,0.0,0.0,0.0,0.0,0.0,0.0,0.0
2021,10,3,0,0.0,0.0,0.0,0.0,0.0,0.0,0.0,0.0
2021,10,3,1,0.0,0.0,0.0,0.0,0.0,0.0,0.0,0.0
2021,10,3,2,0.0,0.0,0.0,0.0,0.0,0.0,0.0,0.0
2021,10,3,3,0.0,0.0,0.0,0.0,0.0,0.0,0.0,0.0
2021,10,3,4,0.0,0.0,0.0,0.0,0.0,0.0,0.0,0.0
2021,10,3,5,0.0,0.0,0.0,0.0,0.0,0.0,0.0,0.0
2021,10,3,6,-0.0,-0.0,-0.0,-0.0,-0.0,-0.0,-0.0,-0.0
2021,10,3,7,11.372752363801336,20.280835622209796,22.465762299767302,22.402142310796155,138.89604928150604,334.31128224472786,398.20545568652625,356.4195236996775
2021,10,3,8,65.1871702282895,69.50986595333391,70.40611724082274,74.02908686023986,201.5296856689583,252.9763893575775,272.3604304210191,257.5002016701236
2021,10,3,9,413.56433696554143,462.05164552384844,515.7504900218969,412.6523818202251,539.2032430272541,622.621841107514,693.5593215364765,516.4963431948626
2021,10,3,10,517.143857554455,497.4557182424836,571.4671690020014,357.79050588044583,656.4126512659034,629.1895846045021,726.1208051796302,405.51689885251056
2021,10,3,11,723.9330510738467,627.8508052549671,745.4211282024065,272.94951212522665,712.9633299650718,619.9826482953199,730.3021948369941,228.79441177437837
2021,10,3,12,750.1205478431519,636.3453485231324,762.5362911027973,180.73554637454953,722.6879553816254,615.9689750609343,733.5947847030972,158.95451452646824
2021,10,3,13,744.2166881791195,682.1249544410626,798.044020543903,325.2324479848914,679.3837611768131,625.2599718175621,725.342531075193,293.25972090764395
2021,10,3,14,664.5515248588704,711.2056211271084,802.0582706833768,469.5100188786053,591.4031345487705,631.7777298485651,708.0634901038483,412.70978948535105
2021,10,3,15,519.0527419481632,678.5804590278789,748.6700911454251,531.4886741757531,461.58118722470283,612.9665218815938,674.881431904451,476.33742184662617
2021,10,3,16,155.66805133160426,214.77771503566086,230.55757151489007,198.74737561210495,145.7326393649697,187.5758697052837,197.14886477160562,178.25566250449037
2021,10,3,17,144.1391001647443,425.0973896717915,595.6876029719426,219.12919516212358,98.0700734494751,252.25652716154957,370.20152678825616,144.34939465942114
2021,10,3,18,0.0,0.0,0.0,0.0,0.0,0.0,0.0,0.0
2021,10,3,19,0.0,0.0,0.0,0.0,0.0,0.0,0.0,0.0
2021,10,3,20,0.0,0.0,0.0,0.0,0.0,0.0,0.0,0.0
2021,10,3,21,0.0,0.0,0.0,0.0,0.0,0.0,0.0,0.0
2021,10,3,22,0.0,0.0,0.0,0.0,0.0,0.0,0.0,0.0
2021,10,3,23,0.0,0.0,0.0,0.0,0.0,0.0,0.0,0.0
2021,10,4,0,0.0,0.0,0.0,0.0,0.0,0.0,0.0,0.0
2021,10,4,1,0.0,0.0,0.0,0.0,0.0,0.0,0.0,0.0
2021,10,4,2,0.0,0.0,0.0,0.0,0.0,0.0,0.0,0.0
2021,10,4,3,0.0,0.0,0.0,0.0,0.0,0.0,0.0,0.0
2021,10,4,4,0.0,0.0,0.0,0.0,0.0,0.0,0.0,0.0
2021,10,4,5,0.0,0.0,0.0,0.0,0.0,0.0,0.0,0.0
2021,10,4,6,-0.0,-0.0,-0.0,-0.0,-0.0,-0.0,-0.0,-0.0
2021,10,4,7,16.519645252433346,26.780321403583184,29.188000220128956,29.635304524694735,145.1174397450402,350.5713362016088,419.4038031709122,371.8435813784238
2021,10,4,8,228.24647239531214,325.832940848221,366.0401395936339,328.66135860770356,267.4058563736216,363.36461545508797,400.12832670573005,362.40434716925176
2021,10,4,9,334.6055422973128,363.812079323225,406.3334898343623,332.5877577084728,427.4098013940177,480.33344381451184,538.4291325234773,413.33557330443165
2021,10,4,10,467.85349350283116,450.4197974099687,511.05902417993275,335.55800959040147,534.699592467765,512.4216861878283,589.7146835211049,352.61118329293737
2021,10,4,11,599.2933818936597,530.297352201073,617.9597938490818,275.0138068766246,599.3561960492597,523.4110205816667,617.406712335517,232.32798587693654
2021,10,4,12,655.6890767461006,564.0054780909911,669.736950407944,212.44444623442382,770.5472568058641,654.5054970318356,781.7897478017521,157.79999867669378
2021,10,4,13,675.6669117008256,618.5395676847468,727.3868291671985,310.5584989720037,728.9195257299845,667.4726878016917,779.5024395575641,295.92322980380396
2021,10,4,14,579.8538050151417,618.7894748609879,703.0073858576023,411.69910592472036,640.3798742739325,686.6794995283461,776.5225548209509,422.64842648694554
2021,10,4,15,523.2738176795162,709.7681564114744,790.9126150393129,525.7011571711263,498.46853868735224,673.0704679628361,746.1083948107034,496.4577863843165
2021,10,4,16,329.22166192905456,635.4070443100132,734.8502156038195,522.0397120189594,308.78351510516774,592.8977638824634,681.3394546607717,493.36338360874225
2021,10,4,17,98.77432520285018,216.4629402972501,502.9905348612493,169.72927869083503,85.19873097308157,205.88917738170437,455.2613692472421,150.2125569783258
2021,10,4,18,0.0,0.0,0.0,0.0,0.0,0.0,0.0,0.0
2021,10,4,19,0.0,0.0,0.0,0.0,0.0,0.0,0.0,0.0
2021,10,4,20,0.0,0.0,0.0,0.0,0.0,0.0,0.0,0.0
2021,10,4,21,0.0,0.0,0.0,0.0,0.0,0.0,0.0,0.0
2021,10,4,22,0.0,0.0,0.0,0.0,0.0,0.0,0.0,0.0
2021,10,4,23,0.0,0.0,0.0,0.0,0.0,0.0,0.0,0.0
2021,10,5,0,0.0,0.0,0.0,0.0,0.0,0.0,0.0,0.0
2021,10,5,1,0.0,0.0,0.0,0.0,0.0,0.0,0.0,0.0
2021,10,5,2,0.0,0.0,0.0,0.0,0.0,0.0,0.0,0.0
2021,10,5,3,0.0,0.0,0.0,0.0,0.0,0.0,0.0,0.0
2021,10,5,4,0.0,0.0,0.0,0.0,0.0,0.0,0.0,0.0
2021,10,5,5,0.0,0.0,0.0,0.0,0.0,0.0,0.0,0.0
2021,10,5,6,-0.0,-0.0,-0.0,-0.0,-0.0,-0.0,-0.0,-0.0
2021,10,5,7,52.13443349623529,132.6010728270296,162.01409061001885,141.39619668648146,147.7550989437365,356.5753422962411,427.5743291085905,375.79700949013784
2021,10,5,8,326.11809826512547,488.90685622432215,550.619494580289,479.879315555011,391.95608855085953,584.7954221005566,655.6307952696642,568.3586970222336
2021,10,5,9,528.4858878643331,608.9517489527009,684.7370539506514,510.2907337613663,570.3307737253748,655.4037363277267,734.6071567514232,539.3637097929759
2021,10,5,10,655.1988402326706,623.5859770300517,725.2410191582119,412.60051945493,686.9801749716636,653.8199442667899,758.2637845626621,414.78658229774317
2021,10,5,11,745.7845907001687,639.5884785286637,766.0516073298625,243.71179214690187,752.7057011342449,647.6657121520142,771.6262372771344,225.90489488376843
2021,10,5,12,780.5768774599459,659.5160811495217,793.7823925739284,182.91502237104842,764.6343170551328,648.4228797189771,776.1932690170595,156.78839539740656
2021,10,5,13,746.0873493438094,681.0102103611008,801.7267610059306,329.63844837677834,720.6449637989422,659.2053272237288,770.5733801934797,296.6261241121978
2021,10,5,14,605.430646789982,648.3024144707856,737.9609870385959,421.06734202014815,632.2701950450848,675.9355331545373,764.500161796677,424.44666147092835
2021,10,5,15,509.2311871737704,685.1582422715188,764.1896138849282,520.2444426574107,490.5686222181732,658.2521104359441,730.6260447868746,495.3654989034255
2021,10,5,16,344.25505027678815,638.9573433611533,734.4054513737692,540.866272021588,299.2550059399808,561.5494266802767,644.4304262843548,476.9755942519381
2021,10,5,17,110.51729377677633,256.0467517339858,545.6984215851818,180.95333076885376,84.62796705906365,207.79808574481007,432.8791044040641,140.7303869016176
2021,10,5,18,0.0,0.0,0.0,0.0,0.0,0.0,0.0,0.0
2021,10,5,19,0.0,0.0,0.0,0.0,0.0,0.0,0.0,0.0
2021,10,5,20,0.0,0.0,0.0,0.0,0.0,0.0,0.0,0.0
2021,10,5,21,0.0,0.0,0.0,0.0,0.0,0.0,0.0,0.0
2021,10,5,22,0.0,0.0,0.0,0.0,0.0,0.0,0.0,0.0
2021,10,5,23,0.0,0.0,0.0,0.0,0.0,0.0,0.0,0.0
2021,10,6,0,0.0,0.0,0.0,0.0,0.0,0.0,0.0,0.0
2021,10,6,1,0.0,0.0,0.0,0.0,0.0,0.0,0.0,0.0
2021,10,6,2,0.0,0.0,0.0,0.0,0.0,0.0,0.0,0.0
2021,10,6,3,0.0,0.0,0.0,0.0,0.0,0.0,0.0,0.0
2021,10,6,4,0.0,0.0,0.0,0.0,0.0,0.0,0.0,0.0
2021,10,6,5,0.0,0.0,0.0,0.0,0.0,0.0,0.0,0.0
2021,10,6,6,-0.0,-0.0,-0.0,-0.0,-0.0,-0.0,-0.0,-0.0
2021,10,6,7,45.175910698554354,112.89092620054163,138.44611886013092,120.87376016789929,135.87851627784457,318.1319132411095,381.6141558538012,335.95125475922373
2021,10,6,8,306.8522918113466,454.42611525581196,512.3631380772529,448.32042296051503,372.2122421810846,549.3427835372088,617.2488166423977,536.3130636448382
2021,10,6,9,501.55823358753173,572.4569621259759,642.0977688166732,485.1906026388217,545.524559525536,621.8982047551464,697.7934645443112,517.4031180935539
2021,10,6,10,620.1169831175743,590.0159583381446,681.7499211175926,399.2845988146438,666.3706570437897,632.2914484401045,736.2699896896551,406.6231209162736
2021,10,6,11,636.5544199810407,544.9907347502289,656.1941771912493,229.5814557853957,726.2390545367534,625.3731718775337,744.7460884898355,226.09725413171205
2021,10,6,12,643.1462012630055,546.901476105926,657.1154187489453,192.09104601012749,747.238376173328,633.7215308027615,759.0212942251046,157.63662736110615
2021,10,6,13,660.7755550561789,603.8195298631998,711.9148652702048,314.08527998608383,705.6863385944171,645.008292186918,754.4750178772647,295.52881426589903
2021,10,6,14,587.345211075119,627.5465040839617,717.4215400404125,410.2784537627996,619.4620270353051,660.7095178341016,747.5588960886683,421.09270253159724
2021,10,6,15,518.7438763101824,700.2453631985699,783.1174144730888,526.9075988361597,482.5810570611825,643.6393374287118,714.1262801231919,491.93224795785994
2021,10,6,16,324.9955218734683,621.0150927947777,720.8296847787362,517.6437557164752,297.7866374227849,561.5418140739516,645.5684858575804,482.67928319222347
2021,10,6,17,93.2672502316863,191.8700858688608,479.4854655150271,152.60362320852127,78.30291942622382,174.11368958805616,409.60949853919726,129.68563010912757
2021,10,6,18,0.0,0.0,0.0,0.0,0.0,0.0,0.0,0.0
2021,10,6,19,0.0,0.0,0.0,0.0,0.0,0.0,0.0,0.0
2021,10,6,20,0.0,0.0,0.0,0.0,0.0,0.0,0.0,0.0
2021,10,6,21,0.0,0.0,0.0,0.0,0.0,0.0,0.0,0.0
2021,10,6,22,0.0,0.0,0.0,0.0,0.0,0.0,0.0,0.0
2021,10,6,23,0.0,0.0,0.0,0.0,0.0,0.0,0.0,0.0
2021,10,7,0,0.0,0.0,0.0,0.0,0.0,0.0,0.0,0.0
2021,10,7,1,0.0,0.0,0.0,0.0,0.0,0.0,0.0,0.0
2021,10,7,2,0.0,0.0,0.0,0.0,0.0,0.0,0.0,0.0
2021,10,7,3,0.0,0.0,0.0,0.0,0.0,0.0,0.0,0.0
2021,10,7,4,0.0,0.0,0.0,0.0,0.0,0.0,0.0,0.0
2021,10,7,5,0.0,0.0,0.0,0.0,0.0,0.0,0.0,0.0
2021,10,7,6,-0.0,-0.0,-0.0,-0.0,-0.0,-0.0,-0.0,-0.0
2021,10,7,7,51.187258547701646,128.9341036078506,158.4024194103001,136.12920213832606,141.47858649033972,333.38792407467423,400.6140379571277,348.77071217034904
2021,10,7,8,318.0666696088284,469.25524364347814,529.4244228985561,462.11848462736145,380.56368682925,561.7265182679172,632.6017499502447,546.6166712133721
2021,10,7,9,503.3544076409147,572.8138650208946,644.4332072825653,485.38802432444874,549.5594867806562,624.6688481783394,702.4230822093414,517.1248947424028
2021,10,7,10,611.3673500905454,578.8260632543071,675.7338409724098,390.64793027710573,656.6837326908803,621.830677463969,722.0457093321015,398.45126280833614
2021,10,7,11,685.7230030110812,587.5202438129468,705.6169171597544,240.89404522520795,715.3090151754498,615.4420064019745,733.189026499991,218.02982996765544
2021,10,7,12,599.2288745052736,503.0485968225826,613.2533181515894,167.16189086868079,731.2677601152934,620.3955554680557,742.9415870296334,152.38076382412467
2021,10,7,13,698.058628625405,635.7920692316649,750.5156843822714,317.72107442373556,694.184582779123,633.830787787217,741.8852177633242,290.04328326374383
2021,10,7,14,632.5094293964323,674.3099860999387,767.560918615025,446.05052285128056,616.3341772252248,656.2891937426214,744.0776569385393,416.6468804592487
2021,10,7,15,509.143531219542,684.1127863791584,767.2864323705616,520.5308935171486,484.9445970095133,648.0921518901296,721.6894012969126,489.3802224971705
2021,10,7,16,323.74812421884565,612.7886320441804,711.7154095316965,516.5200194127664,300.0207517502514,570.8806678271683,659.8841535691463,483.34070303507815
2021,10,7,17,91.51696892862401,178.41507088375695,456.5890993409143,142.46249303305868,76.47698096835866,165.69790991901,408.67542307768275,123.2274558091128
2021,10,7,18,0.0,0.0,0.0,0.0,0.0,0.0,0.0,0.0
2021,10,7,19,0.0,0.0,0.0,0.0,0.0,0.0,0.0,0.0
2021,10,7,20,0.0,0.0,0.0,0.0,0.0,0.0,0.0,0.0
2021,10,7,21,0.0,0.0,0.0,0.0,0.0,0.0,0.0,0.0
2021,10,7,22,0.0,0.0,0.0,0.0,0.0,0.0,0.0,0.0
2021,10,7,23,0.0,0.0,0.0,0.0,0.0,0.0,0.0,0.0
2021,10,8,0,0.0,0.0,0.0,0.0,0.0,0.0,0.0,0.0
2021,10,8,1,0.0,0.0,0.0,0.0,0.0,0.0,0.0,0.0
2021,10,8,2,0.0,0.0,0.0,0.0,0.0,0.0,0.0,0.0
2021,10,8,3,0.0,0.0,0.0,0.0,0.0,0.0,0.0,0.0
2021,10,8,4,0.0,0.0,0.0,0.0,0.0,0.0,0.0,0.0
2021,10,8,5,0.0,0.0,0.0,0.0,0.0,0.0,0.0,0.0
2021,10,8,6,-0.0,-0.0,-0.0,-0.0,-0.0,-0.0,-0.0,-0.0
2021,10,8,7,25.816480377457168,59.95340695358109,73.65646055431715,65.08909433546047,152.01700788163265,360.52648335612787,435.72463128297096,374.1435300846511
2021,10,8,8,303.08952086789225,445.3821852255104,504.7221081053692,440.49452464236197,390.91362452211763,573.9665049617153,646.3295321440515,558.6791122190366
2021,10,8,9,501.7631511949518,569.3614750704243,642.9754060046471,482.41825308578825,548.3758160173958,619.3919392928967,695.7086752376052,513.3560170819856
2021,10,8,10,613.2501537202102,579.3115156668065,675.2613949525658,391.21548873985785,659.5756694721977,622.4126187320469,725.1442614999501,397.03579557299156
2021,10,8,11,696.3429893486068,592.4877389156477,716.9941982456896,233.68832817281745,721.2517843186397,617.3867522725157,739.6001775204348,213.22958374614979
2021,10,8,12,734.7696223270794,616.7801144859147,749.3576707221049,179.5347501966564,740.6070859858604,624.7056379520777,753.2356553046164,151.61733428997243
2021,10,8,13,717.1217453304542,650.2184818965432,771.761177273587,313.6334219026216,706.1232311776348,641.8092699560901,756.7628231647241,289.82890764443596
2021,10,8,14,640.6218091043634,683.0669365612804,781.2070641494204,440.30537719130956,623.3853251807119,663.8959732038264,757.0373773795819,415.151644051841
2021,10,8,15,510.508314528233,690.6809465169065,777.5908354181067,518.202402987462,489.69325677246763,658.6997227454577,737.4109594749717,489.74159526401894
2021,10,8,16,326.6451077565489,635.3771900112638,743.5520647991763,528.8153020043716,302.02001408587284,582.3133641191423,677.2710382600001,487.6909888170856
2021,10,8,17,87.22673789844801,178.92208975297083,490.7983983517534,140.16513326722048,73.9399789650427,162.4230733528719,417.1940621429808,117.9714044492104
2021,10,8,18,0.0,0.0,0.0,0.0,0.0,0.0,0.0,0.0
2021,10,8,19,0.0,0.0,0.0,0.0,0.0,0.0,0.0,0.0
2021,10,8,20,0.0,0.0,0.0,0.0,0.0,0.0,0.0,0.0
2021,10,8,21,0.0,0.0,0.0,0.0,0.0,0.0,0.0,0.0
2021,10,8,22,0.0,0.0,0.0,0.0,0.0,0.0,0.0,0.0
2021,10,8,23,0.0,0.0,0.0,0.0,0.0,0.0,0.0,0.0
2021,10,9,0,0.0,0.0,0.0,0.0,0.0,0.0,0.0,0.0
2021,10,9,1,0.0,0.0,0.0,0.0,0.0,0.0,0.0,0.0
2021,10,9,2,0.0,0.0,0.0,0.0,0.0,0.0,0.0,0.0
2021,10,9,3,0.0,0.0,0.0,0.0,0.0,0.0,0.0,0.0
2021,10,9,4,0.0,0.0,0.0,0.0,0.0,0.0,0.0,0.0
2021,10,9,5,0.0,0.0,0.0,0.0,0.0,0.0,0.0,0.0
2021,10,9,6,-0.0,-0.0,-0.0,-0.0,-0.0,-0.0,-0.0,-0.0
2021,10,9,7,40.09438677498278,98.36018268035644,123.02887023501458,105.09834180302437,153.72375191493256,362.98839497203903,443.03834820456535,376.4958612334531
2021,10,9,8,338.1045827787859,494.3205590529225,560.8763332144314,488.6703433807513,248.85274050283957,330.055103942202,366.57682034070115,331.24602005409787
2021,10,9,9,475.8598983982726,533.6984953859932,608.6749976813192,463.30754826957906,567.1346748463892,641.4037420490213,725.9386401671107,527.3970181717136
2021,10,9,10,480.7956443599079,453.2962688142526,532.6786782608697,326.288524365707,685.7669171019986,643.3189007862799,757.2517603326875,403.2889566165488
2021,10,9,11,651.5406129310907,552.1269372836315,674.374078396652,242.5877064262346,753.7199134139578,638.2969297929097,774.1761493696222,211.66032201720645
2021,10,9,12,773.1152575791696,644.8830271341826,790.6022371036538,193.80404460895483,763.6649869309718,638.5968866974874,777.8403965354828,151.6010260641849
2021,10,9,13,722.1947025445697,652.7388328297186,780.0124503983933,319.6940816933455,728.5477833876345,658.7281392015975,783.3903188392666,291.9604948291716
2021,10,9,14,642.7004018763276,684.9803140242097,786.2367951930494,438.8833867103449,638.1108359517025,678.5323268400676,777.067444548788,418.00995125983906
2021,10,9,15,436.3894231495162,581.8772380904063,659.1249442258702,443.2128272018806,501.00625201663695,677.6807044289384,763.0293970142554,494.9886939810263
2021,10,9,16,346.069546972972,643.0654315023587,749.3083715096723,538.4893763006355,305.5809395286594,597.1335753482567,699.5607923469832,491.59788472864363
2021,10,9,17,91.65409192354136,175.75463604584132,500.0801251358516,138.02986560295676,71.3238705491768,154.78018191105573,418.46564519540294,111.31025297595542
2021,10,9,18,0.0,0.0,0.0,0.0,0.0,0.0,0.0,0.0
2021,10,9,19,0.0,0.0,0.0,0.0,0.0,0.0,0.0,0.0
2021,10,9,20,0.0,0.0,0.0,0.0,0.0,0.0,0.0,0.0
2021,10,9,21,0.0,0.0,0.0,0.0,0.0,0.0,0.0,0.0
2021,10,9,22,0.0,0.0,0.0,0.0,0.0,0.0,0.0,0.0
2021,10,9,23,0.0,0.0,0.0,0.0,0.0,0.0,0.0,0.0
2021,10,10,0,0.0,0.0,0.0,0.0,0.0,0.0,0.0,0.0
2021,10,10,1,0.0,0.0,0.0,0.0,0.0,0.0,0.0,0.0
2021,10,10,2,0.0,0.0,0.0,0.0,0.0,0.0,0.0,0.0
2021,10,10,3,0.0,0.0,0.0,0.0,0.0,0.0,0.0,0.0
2021,10,10,4,0.0,0.0,0.0,0.0,0.0,0.0,0.0,0.0
2021,10,10,5,0.0,0.0,0.0,0.0,0.0,0.0,0.0,0.0
2021,10,10,6,-0.0,-0.0,-0.0,-0.0,-0.0,-0.0,-0.0,-0.0
2021,10,10,7,7.629911409966995,10.527046943908285,10.689390963518587,11.44207581376975,141.38017745410494,330.79880427659003,408.92853887727375,344.91131734648184
2021,10,10,8,250.0012799867512,369.57565468523006,426.28563545425953,368.06157936530695,381.2683139908702,563.4386661567222,642.3732737239219,548.6492765397908
2021,10,10,9,419.0379332873561,467.3442085050859,536.3700341489676,405.88448189903323,558.2416479053375,631.2688574197404,720.2383455059295,517.3829768249577
2021,10,10,10,437.9550048507992,414.21139507425164,478.9314829938595,310.18565828392076,680.1488924773429,634.5230997785803,754.1634726396637,395.0649894706431
2021,10,10,11,419.6078587650819,372.3351995147999,433.76081315747575,214.5009290720018,745.6811068840045,626.7376441073704,767.4851199622162,209.9250200350814
2021,10,10,12,437.3157063265913,401.971599474744,447.59087600274927,232.2984375690234,594.5393705070491,522.124782323266,608.3394924803291,222.7823218513378
2021,10,10,13,499.69792261174956,470.2933404086974,528.4088776619784,314.18406348509325,715.1652039620327,643.9445266024929,771.479263344789,285.64962438305105
2021,10,10,14,391.45800120787743,394.488013191173,443.3556416658925,315.73556104180017,626.2426794119403,666.5562265115643,770.0621520555947,406.0267022721281
2021,10,10,15,416.55427229073695,513.0731635171891,572.9999449044046,420.61422477400555,482.0843532153862,652.0773357308432,739.0730673066029,473.13507608947583
2021,10,10,16,219.22178280560036,327.13757161540923,368.5199530236344,297.5285804863153,287.9081641652815,554.7793357255107,652.2815227661318,455.4143544514862
2021,10,10,17,121.58631225716589,431.67386702927854,599.4587185746495,154.93577122330757,66.74171157929389,154.66238469766654,377.8557198635977,96.54892845753884
2021,10,10,18,0.0,0.0,0.0,0.0,0.0,0.0,0.0,0.0
2021,10,10,19,0.0,0.0,0.0,0.0,0.0,0.0,0.0,0.0
2021,10,10,20,0.0,0.0,0.0,0.0,0.0,0.0,0.0,0.0
2021,10,10,21,0.0,0.0,0.0,0.0,0.0,0.0,0.0,0.0
2021,10,10,22,0.0,0.0,0.0,0.0,0.0,0.0,0.0,0.0
2021,10,10,23,0.0,0.0,0.0,0.0,0.0,0.0,0.0,0.0
2021,10,11,0,0.0,0.0,0.0,0.0,0.0,0.0,0.0,0.0
2021,10,11,1,0.0,0.0,0.0,0.0,0.0,0.0,0.0,0.0
2021,10,11,2,0.0,0.0,0.0,0.0,0.0,0.0,0.0,0.0
2021,10,11,3,0.0,0.0,0.0,0.0,0.0,0.0,0.0,0.0
2021,10,11,4,0.0,0.0,0.0,0.0,0.0,0.0,0.0,0.0
2021,10,11,5,0.0,0.0,0.0,0.0,0.0,0.0,0.0,0.0
2021,10,11,6,-0.0,-0.0,-0.0,-0.0,-0.0,-0.0,-0.0,-0.0
2021,10,11,7,-0.0,-0.0,-0.0,-0.0,84.68132872081385,152.5290943621936,180.02934668532143,165.37304622613357
2021,10,11,8,193.05344093589989,275.5830386869487,316.7031665471155,277.6591292887605,358.2339635854602,521.8005589561055,595.5248484222035,511.81283640470366
2021,10,11,9,515.6738915047972,582.6387735583836,669.9206258958998,491.4683734039519,535.1945775817471,601.5412341596847,686.9104931150815,500.88211738994306
2021,10,11,10,621.8086090963094,578.5876730568634,694.3158910049499,388.4167886903677,646.9672119382882,603.6657675009834,713.9733523750318,388.0669600454292
2021,10,11,11,601.6201611102556,530.7979886317333,620.6394620778792,289.9961952465494,511.09247494749945,458.280479291691,526.1250807895834,257.61718784635224
2021,10,11,12,670.2993179370175,574.0187330346754,687.9197058193683,238.70144336929252,706.6744771529994,591.9487093288094,720.8820565933521,154.02572586050516
2021,10,11,13,447.3669003140776,422.3548995239934,471.21117969740396,298.66101844357365,668.6033454169064,604.7336126828083,718.1041634946193,287.43201222554075
2021,10,11,14,609.897161660986,643.7902355152892,738.6096413352581,446.21349012206576,590.1574549215384,624.5031134033242,716.6094739230114,405.9482929832733
2021,10,11,15,449.94776495742127,583.6306457694867,656.4213052463755,470.6391068149748,461.23433551200054,614.8535592152067,693.5200663165344,470.99310682510736
2021,10,11,16,323.028936832055,573.455269799357,664.1300020612255,505.98655432003056,279.0286873355412,527.7470070402139,617.8840304639813,452.5046076618164
2021,10,11,17,78.7681287974476,157.68725230049827,404.3242346079212,108.08888838186886,56.03344601046849,98.89434657873025,295.94301645065747,79.24275649517284
2021,10,11,18,0.0,0.0,0.0,0.0,0.0,0.0,0.0,0.0
2021,10,11,19,0.0,0.0,0.0,0.0,0.0,0.0,0.0,0.0
2021,10,11,20,0.0,0.0,0.0,0.0,0.0,0.0,0.0,0.0
2021,10,11,21,0.0,0.0,0.0,0.0,0.0,0.0,0.0,0.0
2021,10,11,22,0.0,0.0,0.0,0.0,0.0,0.0,0.0,0.0
2021,10,11,23,0.0,0.0,0.0,0.0,0.0,0.0,0.0,0.0
2021,10,12,0,0.0,0.0,0.0,0.0,0.0,0.0,0.0,0.0
2021,10,12,1,0.0,0.0,0.0,0.0,0.0,0.0,0.0,0.0
2021,10,12,2,0.0,0.0,0.0,0.0,0.0,0.0,0.0,0.0
2021,10,12,3,0.0,0.0,0.0,0.0,0.0,0.0,0.0,0.0
2021,10,12,4,0.0,0.0,0.0,0.0,0.0,0.0,0.0,0.0
2021,10,12,5,0.0,0.0,0.0,0.0,0.0,0.0,0.0,0.0
2021,10,12,6,-0.0,-0.0,-0.0,-0.0,-0.0,-0.0,-0.0,-0.0
2021,10,12,7,25.204042988813903,51.952474181825416,64.2266746189582,55.65619966390827,134.25564858324034,307.2256610472107,386.830163248789,321.0596977921454
2021,10,12,8,233.15225172536114,327.1156238382462,375.8187773427098,331.2608584670415,368.6487075437207,539.0064873363226,617.9612659940767,527.8907894985066
2021,10,12,9,212.01349554195235,219.84518654439654,246.8756356855414,206.98019785158664,57.33211758450867,50.11669049655055,50.260949466784105,53.55516718248475
2021,10,12,10,345.66175952570944,324.83320376492514,378.5879184636096,243.38700381318728,663.7704644714506,615.3784224235205,736.0703292298548,388.7184532279296
2021,10,12,11,474.6030724374133,402.5357831862338,493.4369501945033,200.0523645440686,732.8505045848401,611.8978153692026,755.5104959109976,208.49729631511565
2021,10,12,12,676.6807005436586,570.4690048373237,696.0859827440881,223.54327637969533,744.0655085600295,614.3515643398896,761.0380661256144,155.5395864004497
2021,10,12,13,405.2719454112115,379.47256056783846,428.3917354781812,256.98973573891,106.05737760743689,108.2251694758192,102.4331046938951,96.33377628561921
2021,10,12,14,372.5193700898336,372.8411867926263,421.2192661659518,302.3322094134311,620.5469232227011,658.1592625174112,764.6169360917899,408.3586126952045
2021,10,12,15,389.28306245655,472.2165526619222,526.5010613627554,391.18480151071344,479.0656194018634,645.8114698801119,735.3957460953512,475.00420495668493
2021,10,12,16,254.5803491677471,417.79355619195456,482.3349594321628,366.33997513546745,287.1405002717085,559.9230062013663,664.126681537906,461.48037287877173
2021,10,12,17,49.0776826818587,130.54364450033717,204.60120098470043,57.50251449989806,53.30135203914598,99.62342178123531,315.43785660007194,75.00970355234905
2021,10,12,18,0.0,0.0,0.0,0.0,0.0,0.0,0.0,0.0
2021,10,12,19,0.0,0.0,0.0,0.0,0.0,0.0,0.0,0.0
2021,10,12,20,0.0,0.0,0.0,0.0,0.0,0.0,0.0,0.0
2021,10,12,21,0.0,0.0,0.0,0.0,0.0,0.0,0.0,0.0
2021,10,12,22,0.0,0.0,0.0,0.0,0.0,0.0,0.0,0.0
2021,10,12,23,0.0,0.0,0.0,0.0,0.0,0.0,0.0,0.0
2021,10,13,0,0.0,0.0,0.0,0.0,0.0,0.0,0.0,0.0
2021,10,13,1,0.0,0.0,0.0,0.0,0.0,0.0,0.0,0.0
2021,10,13,2,0.0,0.0,0.0,0.0,0.0,0.0,0.0,0.0
2021,10,13,3,0.0,0.0,0.0,0.0,0.0,0.0,0.0,0.0
2021,10,13,4,0.0,0.0,0.0,0.0,0.0,0.0,0.0,0.0
2021,10,13,5,0.0,0.0,0.0,0.0,0.0,0.0,0.0,0.0
2021,10,13,6,-0.0,-0.0,-0.0,-0.0,-0.0,-0.0,-0.0,-0.0
2021,10,13,7,9.614073926167803,15.743394574359822,18.073438099520068,17.352055620121202,129.13292932391425,287.1731050558248,364.15809336180195,302.49773467101676
2021,10,13,8,267.6886352700966,393.04614761624725,457.15442360314074,391.0004455173401,376.479665019095,547.1129388769782,629.1840040191692,537.1928343482781
2021,10,13,9,471.97390488776443,528.1524663292769,613.8116215117653,451.57677270667926,564.0600259390515,632.2935237132972,729.9587069251965,522.9531576633605
2021,10,13,10,463.6565814213062,431.824683728313,514.5710355285732,314.5598641054794,686.8217346011321,634.4062585958785,762.2003848711906,400.78888717579633
2021,10,13,11,685.2811354091934,572.5205197055169,711.6927012649071,250.055436398898,753.5543194787944,626.8294861775523,777.5698382408506,213.70706398048614
2021,10,13,12,555.1471697321659,463.41603038683644,572.779042930509,184.03540563100566,350.35810957927504,337.74679498862776,355.34024688122963,215.22048541942337
2021,10,13,13,531.1753309556264,481.3660342737769,575.8264813795126,278.45651849346234,720.9566448770049,644.308634880144,780.6299654836898,293.3357106759722
2021,10,13,14,645.1663005027468,673.4744424269647,780.8841583884843,465.91135699617513,629.8509564249625,667.016116664758,777.3245017768922,414.1716585173922
2021,10,13,15,493.25671955456716,629.4857255057142,712.8551046497843,498.5313652477271,484.1387801057225,651.2788066435015,743.6540495419632,480.2768089582131
2021,10,13,16,268.21790611238987,457.8632392118539,533.8075108112159,394.4710673432336,229.63701433919877,383.365397558921,442.776615292722,331.70139531006765
2021,10,13,17,74.50636908772628,224.96163510255724,385.33727599700075,87.99399615231451,46.679160371464995,78.4940629421014,268.05742126905346,62.72454972088298
2021,10,13,18,0.0,0.0,0.0,0.0,0.0,0.0,0.0,0.0
2021,10,13,19,0.0,0.0,0.0,0.0,0.0,0.0,0.0,0.0
2021,10,13,20,0.0,0.0,0.0,0.0,0.0,0.0,0.0,0.0
2021,10,13,21,0.0,0.0,0.0,0.0,0.0,0.0,0.0,0.0
2021,10,13,22,0.0,0.0,0.0,0.0,0.0,0.0,0.0,0.0
2021,10,13,23,0.0,0.0,0.0,0.0,0.0,0.0,0.0,0.0
2021,10,14,0,0.0,0.0,0.0,0.0,0.0,0.0,0.0,0.0
2021,10,14,1,0.0,0.0,0.0,0.0,0.0,0.0,0.0,0.0
2021,10,14,2,0.0,0.0,0.0,0.0,0.0,0.0,0.0,0.0
2021,10,14,3,0.0,0.0,0.0,0.0,0.0,0.0,0.0,0.0
2021,10,14,4,0.0,0.0,0.0,0.0,0.0,0.0,0.0,0.0
2021,10,14,5,0.0,0.0,0.0,0.0,0.0,0.0,0.0,0.0
2021,10,14,6,-0.0,-0.0,-0.0,-0.0,-0.0,-0.0,-0.0,-0.0
2021,10,14,7,1.7378000676528758,1.2205781482662001,0.29765259720774084,1.6786208630437982,14.055024966990565,11.812602163375374,8.31668999106857,12.75994364503903
2021,10,14,8,28.55548292652419,25.20364096607233,22.839752477952814,27.91112169718748,22.836449716915595,19.53395043221353,17.085726483671024,20.995405686771946
2021,10,14,9,60.56045738245874,53.46143438399911,53.91461248072148,58.785587858036145,19.77467440771416,16.863582800416378,16.774587305114323,18.186870713050297
2021,10,14,10,40.84247976083489,40.80776539996789,38.44280780859583,39.610463506700135,37.12697576553796,37.10192642497476,34.68629103801803,34.569540953552384
2021,10,14,11,81.9400057033695,88.76439195613204,80.61390305730393,77.20430377264383,95.50504614598321,103.54766025724814,93.72174507578542,86.5896921652161
2021,10,14,12,112.36613986089638,122.08098176334563,111.17252889538938,103.33997426159767,87.69355752320969,96.4440288614305,86.28077848868836,79.43398385089472
2021,10,14,13,69.27631472337207,70.90400543619458,66.410952044815,66.4817922046812,122.74489746645327,124.5014086432296,118.60587469117246,109.56156427270747
2021,10,14,14,58.4123347688902,52.310664618126026,52.28114903162301,56.75038264228087,49.30134310813361,43.90149843447652,43.61780936361324,45.99408624351383
2021,10,14,15,107.1249072883931,99.66136392717559,97.20625066880474,104.7645906787148,122.57039176340223,116.73550812783036,114.8312519566606,116.11553218390092
2021,10,14,16,142.67333776413668,174.17744498990152,182.48508230220818,171.30178182008785,81.97820088773477,87.76215509955458,83.31838685468885,87.31667008241823
2021,10,14,17,102.65485374612884,390.43634330270976,553.0025045747058,113.76703009129724,51.47008468108049,150.76516630270427,242.86288898964926,56.506180767626695
2021,10,14,18,0.0,0.0,0.0,0.0,0.0,0.0,0.0,0.0
2021,10,14,19,0.0,0.0,0.0,0.0,0.0,0.0,0.0,0.0
2021,10,14,20,0.0,0.0,0.0,0.0,0.0,0.0,0.0,0.0
2021,10,14,21,0.0,0.0,0.0,0.0,0.0,0.0,0.0,0.0
2021,10,14,22,0.0,0.0,0.0,0.0,0.0,0.0,0.0,0.0
2021,10,14,23,0.0,0.0,0.0,0.0,0.0,0.0,0.0,0.0
2021,10,15,0,0.0,0.0,0.0,0.0,0.0,0.0,0.0,0.0
2021,10,15,1,0.0,0.0,0.0,0.0,0.0,0.0,0.0,0.0
2021,10,15,2,0.0,0.0,0.0,0.0,0.0,0.0,0.0,0.0
2021,10,15,3,0.0,0.0,0.0,0.0,0.0,0.0,0.0,0.0
2021,10,15,4,0.0,0.0,0.0,0.0,0.0,0.0,0.0,0.0
2021,10,15,5,0.0,0.0,0.0,0.0,0.0,0.0,0.0,0.0
2021,10,15,6,-0.0,-0.0,-0.0,-0.0,-0.0,-0.0,-0.0,-0.0
2021,10,15,7,7.788147271533036,13.364651209974136,15.873762214512887,14.68578987398089,115.73488692404355,248.2351309565118,319.01577483497334,263.4286155953668
2021,10,15,8,53.81753467299063,48.08547053194176,44.01623763577834,53.01787725378041,356.6287501303038,511.64624447262577,590.7132908772497,503.732828247286
2021,10,15,9,186.76083102759264,183.0309054116924,200.3809747546931,181.592867705129,538.4452388304088,597.8074848560434,692.0567184358706,496.9837083048239
2021,10,15,10,466.08463335484606,436.6819944529373,507.06703975089454,337.74191338324925,653.0582196855715,600.4455965397748,722.8472484635035,381.5416712443269
2021,10,15,11,705.7022960550069,596.3135384157243,731.6834866893392,277.9631645632782,712.0333049758939,591.7293093653058,734.8518146264473,201.63760968559018
2021,10,15,12,514.9669831243023,418.09732953875647,533.2316884220444,144.85017416422,720.2108966955058,592.5313841731883,738.1112118309615,150.7658844995604
2021,10,15,13,734.4398351307947,657.9026334500574,797.8497181496882,349.76317003424737,682.980158298787,608.7919645910033,740.5642898219158,281.9618830885774
2021,10,15,14,587.9357649305374,612.621998295268,712.6901130285269,430.7720328936924,590.4285572117186,621.5667988936134,723.3999194728436,399.5562674289315
2021,10,15,15,201.37338263390328,223.2494642709164,241.1705879046682,201.28258111494975,253.3026325959741,286.0347267206222,310.4888685594945,247.5500872935344
2021,10,15,16,259.27536101296016,421.03100421772996,489.0590523414113,374.0959017341637,267.0540625025065,500.4351334462439,593.1479795731473,430.6516476649379
2021,10,15,17,58.74280201197217,77.71444497564715,245.9879883095881,63.92863349642866,40.70447631837589,79.34455584092292,228.0473456150184,48.78722323789574
2021,10,15,18,0.0,0.0,0.0,0.0,0.0,0.0,0.0,0.0
2021,10,15,19,0.0,0.0,0.0,0.0,0.0,0.0,0.0,0.0
2021,10,15,20,0.0,0.0,0.0,0.0,0.0,0.0,0.0,0.0
2021,10,15,21,0.0,0.0,0.0,0.0,0.0,0.0,0.0,0.0
2021,10,15,22,0.0,0.0,0.0,0.0,0.0,0.0,0.0,0.0
2021,10,15,23,0.0,0.0,0.0,0.0,0.0,0.0,0.0,0.0
2021,10,16,0,0.0,0.0,0.0,0.0,0.0,0.0,0.0,0.0
2021,10,16,1,0.0,0.0,0.0,0.0,0.0,0.0,0.0,0.0
2021,10,16,2,0.0,0.0,0.0,0.0,0.0,0.0,0.0,0.0
2021,10,16,3,0.0,0.0,0.0,0.0,0.0,0.0,0.0,0.0
2021,10,16,4,0.0,0.0,0.0,0.0,0.0,0.0,0.0,0.0
2021,10,16,5,0.0,0.0,0.0,0.0,0.0,0.0,0.0,0.0
2021,10,16,6,-0.0,-0.0,-0.0,-0.0,-0.0,-0.0,-0.0,-0.0
2021,10,16,7,30.577621255302116,70.73474874813883,94.71092197292484,76.64977516515265,157.21958959495086,346.7108198692888,453.3677187856597,361.11693885059555
2021,10,16,8,339.96996998994246,497.1656715817291,582.6115541343338,492.2863831611867,430.5686643542159,624.4132069151651,724.8493740066996,609.8630980741509
2021,10,16,9,590.8102310451152,658.1055362569559,769.4503685760656,550.4391529447208,629.8363849567572,698.8625466223177,813.3267273879464,571.7153726074085
2021,10,16,10,742.3345343712316,676.6365778507342,829.9384226083451,434.277283829816,762.1411569580857,695.5369177213223,833.3333333333334,426.53176190388837
2021,10,16,11,830.9529818633438,678.4879532664133,833.3333333333334,236.08450889533046,833.3333333333334,684.6213640572479,833.3333333333334,212.24216983252705
2021,10,16,12,833.3333333333334,682.2252625975866,833.3333333333334,178.79898152765972,833.3333333333334,683.5106238981313,833.3333333333334,152.6933684962087
2021,10,16,13,792.2573535485737,700.4507391460394,833.3333333333334,332.53350915242356,790.0957814781258,699.5298858400092,833.3333333333334,304.58764684287894
2021,10,16,14,692.2769103869398,730.2686437655088,833.3333333333334,467.44548203093683,685.7829956955682,722.1423897574215,833.3333333333334,440.55799471704285
2021,10,16,15,555.2312278962434,748.2746099667113,833.3333333333334,555.4994298764983,532.8863075561886,717.6363776813595,826.099283108997,523.3159775482352
2021,10,16,16,340.6897790127589,669.9721357988376,808.6314719267186,554.1752574539638,315.64678305197094,617.878358773165,740.5465740034975,514.2677674706567
2021,10,16,17,56.57170064707796,90.33880198553024,382.44829089067065,70.26083513466274,44.84755588555497,72.47439630206303,303.52313434707565,55.92479796461818
2021,10,16,18,0.0,0.0,0.0,0.0,0.0,0.0,0.0,0.0
2021,10,16,19,0.0,0.0,0.0,0.0,0.0,0.0,0.0,0.0
2021,10,16,20,0.0,0.0,0.0,0.0,0.0,0.0,0.0,0.0
2021,10,16,21,0.0,0.0,0.0,0.0,0.0,0.0,0.0,0.0
2021,10,16,22,0.0,0.0,0.0,0.0,0.0,0.0,0.0,0.0
2021,10,16,23,0.0,0.0,0.0,0.0,0.0,0.0,0.0,0.0
2021,10,17,0,0.0,0.0,0.0,0.0,0.0,0.0,0.0,0.0
2021,10,17,1,0.0,0.0,0.0,0.0,0.0,0.0,0.0,0.0
2021,10,17,2,0.0,0.0,0.0,0.0,0.0,0.0,0.0,0.0
2021,10,17,3,0.0,0.0,0.0,0.0,0.0,0.0,0.0,0.0
2021,10,17,4,0.0,0.0,0.0,0.0,0.0,0.0,0.0,0.0
2021,10,17,5,0.0,0.0,0.0,0.0,0.0,0.0,0.0,0.0
2021,10,17,6,-0.0,-0.0,-0.0,-0.0,-0.0,-0.0,-0.0,-0.0
2021,10,17,7,43.14894270792256,95.92441398033264,128.4927781683786,103.62226462236758,32.84635678331386,29.163517558584815,22.335520278981804,30.874148577829473
2021,10,17,8,331.96952786999805,477.80453738392623,558.5486894092529,475.31551352194805,436.1263299487822,627.721467584084,728.9612697435048,613.9642563052975
2021,10,17,9,598.3063641854652,662.235019738815,772.8596235898272,557.9611047739085,619.0307840665247,683.2840334650624,795.5229945396208,562.3877899037701
2021,10,17,10,731.3457238002661,666.5415077058608,814.6215579439763,434.2720655183265,744.4384354343983,678.210269984014,826.4399960323216,420.2958154335908
2021,10,17,11,809.7376928807448,663.2186090313535,833.3333333333334,238.25066120197113,811.2543765304176,665.8777329096669,833.3333333333334,211.3810284252631
2021,10,17,12,812.6755594394485,658.1294263053139,833.3333333333334,196.0098646817956,815.5572365181758,663.1803202848403,833.3333333333334,154.32068009912737
2021,10,17,13,665.2919952560414,600.0119996084723,719.9544690409425,353.2236535407477,764.0828148652748,677.506519543484,828.6657568693589,305.65407017682446
2021,10,17,14,590.3056048459688,604.1574914342592,700.4129159220786,448.60617222201563,492.7358600817639,502.33762616374696,580.6998812157592,358.9552144231083
2021,10,17,15,434.6704691619302,527.834105664785,596.4680883986111,447.31729171693075,393.3236277746012,489.84064093121214,553.9324076523625,390.5327279251755
2021,10,17,16,283.98915556793617,463.22412254982925,541.6323482324184,417.21447960543384,241.47505997107908,396.54642735659286,460.5372194694716,350.8582414756955
2021,10,17,17,97.65485841362697,361.2513327524041,556.9034970092611,93.78924724858977,57.74262788064245,172.5753288292094,305.91834513253684,57.01197042735258
2021,10,17,18,0.0,0.0,0.0,0.0,0.0,0.0,0.0,0.0
2021,10,17,19,0.0,0.0,0.0,0.0,0.0,0.0,0.0,0.0
2021,10,17,20,0.0,0.0,0.0,0.0,0.0,0.0,0.0,0.0
2021,10,17,21,0.0,0.0,0.0,0.0,0.0,0.0,0.0,0.0
2021,10,17,22,0.0,0.0,0.0,0.0,0.0,0.0,0.0,0.0
2021,10,17,23,0.0,0.0,0.0,0.0,0.0,0.0,0.0,0.0
2021,10,18,0,0.0,0.0,0.0,0.0,0.0,0.0,0.0,0.0
2021,10,18,1,0.0,0.0,0.0,0.0,0.0,0.0,0.0,0.0
2021,10,18,2,0.0,0.0,0.0,0.0,0.0,0.0,0.0,0.0
2021,10,18,3,0.0,0.0,0.0,0.0,0.0,0.0,0.0,0.0
2021,10,18,4,0.0,0.0,0.0,0.0,0.0,0.0,0.0,0.0
2021,10,18,5,0.0,0.0,0.0,0.0,0.0,0.0,0.0,0.0
2021,10,18,6,-0.0,-0.0,-0.0,-0.0,-0.0,-0.0,-0.0,-0.0
2021,10,18,7,34.0097440982299,76.44451948455242,104.0211503726295,82.60387326728294,157.11436418248135,335.7210079525676,446.2938644037718,349.412572217874
2021,10,18,8,284.91436071776826,407.71616759168353,479.85041942373846,408.43502415946773,421.68725967788606,603.008864390239,701.7443025505536,591.3555792489049
2021,10,18,9,573.725693077137,633.1159986739063,741.9155571662754,534.4537048388594,598.8758776542682,658.1106579057615,767.0274294851062,544.2201842116389
2021,10,18,10,701.6218826331825,637.4682883779752,781.9954647759888,416.0793446779812,714.7134081246447,650.5865395420642,791.4767172496823,407.25827987768685
2021,10,18,11,774.399888349198,631.9160919520145,803.8329118045596,227.24357716341433,770.9987157090699,634.6429700081038,796.9478370145848,205.86472091859923
2021,10,18,12,788.209938643448,637.4609450701462,812.519098250402,176.3770312274539,780.6010017082324,636.2817615539054,801.8482570577859,152.13544495954514
2021,10,18,13,756.1291027287289,666.9767845573904,825.3982305610899,324.06050296695736,737.7797315186148,653.5689159636842,800.2316329471531,299.1297281351501
2021,10,18,14,667.7783692090792,701.888474628456,827.8878057173267,457.9278341893758,645.9475238415736,676.2698425760512,792.4982572371954,429.8077373700897
2021,10,18,15,526.6972641949001,701.2346557404003,810.5753477327673,539.6062830948348,505.9752649919033,672.9552007654938,775.892540881473,506.6780936839461
2021,10,18,16,326.07150405529285,631.0067129660722,762.7735677222889,528.5282569596851,302.28404209164074,585.1310895230137,704.3969588373234,489.74754137905705
2021,10,18,17,53.048095755044336,75.97736120802062,355.61702440152715,59.50673878161418,41.02279502702355,58.41404333352902,269.722909691853,46.14776114761103
2021,10,18,18,0.0,0.0,0.0,0.0,0.0,0.0,0.0,0.0
2021,10,18,19,0.0,0.0,0.0,0.0,0.0,0.0,0.0,0.0
2021,10,18,20,0.0,0.0,0.0,0.0,0.0,0.0,0.0,0.0
2021,10,18,21,0.0,0.0,0.0,0.0,0.0,0.0,0.0,0.0
2021,10,18,22,0.0,0.0,0.0,0.0,0.0,0.0,0.0,0.0
2021,10,18,23,0.0,0.0,0.0,0.0,0.0,0.0,0.0,0.0
2021,10,19,0,0.0,0.0,0.0,0.0,0.0,0.0,0.0,0.0
2021,10,19,1,0.0,0.0,0.0,0.0,0.0,0.0,0.0,0.0
2021,10,19,2,0.0,0.0,0.0,0.0,0.0,0.0,0.0,0.0
2021,10,19,3,0.0,0.0,0.0,0.0,0.0,0.0,0.0,0.0
2021,10,19,4,0.0,0.0,0.0,0.0,0.0,0.0,0.0,0.0
2021,10,19,5,0.0,0.0,0.0,0.0,0.0,0.0,0.0,0.0
2021,10,19,6,-0.0,-0.0,-0.0,-0.0,-0.0,-0.0,-0.0,-0.0
2021,10,19,7,32.63840944363869,72.28430014619333,99.23966582853059,78.7426853433354,132.9201558202327,278.96511933170376,373.6809175994002,293.27939720611937
2021,10,19,8,311.5802457892382,444.1448382957519,523.8316609158647,445.19616868402466,389.4301860317039,553.1758858143763,646.1138678077875,545.2736690613069
2021,10,19,9,508.5402334373836,558.3424367623461,659.9709073028351,478.89379930521744,574.5288345842749,630.8490265079338,741.2254335984644,522.1778682062333
2021,10,19,10,650.201136586791,588.6070096142362,728.4358912039379,392.6147406298948,692.8536458072238,627.5320388781007,769.8727580108825,392.6814579694511
2021,10,19,11,744.1485242205486,603.2190305452481,775.5186055081637,227.68527396393887,757.4644274608546,617.9441781266256,784.9348575526606,201.16299331143642
2021,10,19,12,746.7855235574946,609.0933714248667,773.7011260564896,218.03648805832617,511.72883255777,442.24056641056677,526.1718197080046,200.65954750068406
2021,10,19,13,472.67953735193385,434.85064499862904,502.35077710597363,292.098344826488,514.7409271797782,466.17422984030287,552.313977079655,270.3380707764592
2021,10,19,14,292.7405723386099,282.8009991881013,316.4901433677747,249.28157635463154,634.1194545450419,664.4170056577316,787.2303388114769,414.33179188001367
2021,10,19,15,241.76785293241196,282.6811498226367,316.4335299996644,243.79301655327072,486.342000372611,648.5976073148832,753.2859946989952,481.62105750200925
2021,10,19,16,259.1008198586549,450.3751395654992,537.6725515955676,380.4628896838623,285.59879294610266,554.0007335220007,671.8347326297221,452.856050992486
2021,10,19,17,81.97176316071031,285.02322138115835,493.848756626505,72.5932554270336,36.767360554788965,48.87150513632355,235.5423854974546,39.03594311886823
2021,10,19,18,0.0,0.0,0.0,0.0,0.0,0.0,0.0,0.0
2021,10,19,19,0.0,0.0,0.0,0.0,0.0,0.0,0.0,0.0
2021,10,19,20,0.0,0.0,0.0,0.0,0.0,0.0,0.0,0.0
2021,10,19,21,0.0,0.0,0.0,0.0,0.0,0.0,0.0,0.0
2021,10,19,22,0.0,0.0,0.0,0.0,0.0,0.0,0.0,0.0
2021,10,19,23,0.0,0.0,0.0,0.0,0.0,0.0,0.0,0.0
2021,10,20,0,0.0,0.0,0.0,0.0,0.0,0.0,0.0,0.0
2021,10,20,1,0.0,0.0,0.0,0.0,0.0,0.0,0.0,0.0
2021,10,20,2,0.0,0.0,0.0,0.0,0.0,0.0,0.0,0.0
2021,10,20,3,0.0,0.0,0.0,0.0,0.0,0.0,0.0,0.0
2021,10,20,4,0.0,0.0,0.0,0.0,0.0,0.0,0.0,0.0
2021,10,20,5,0.0,0.0,0.0,0.0,0.0,0.0,0.0,0.0
2021,10,20,6,-0.0,-0.0,-0.0,-0.0,-0.0,-0.0,-0.0,-0.0
2021,10,20,7,2.3782142214983706,2.5044299706581903,2.0720800838527613,3.0652208883280236,98.14290148282318,194.45089450439883,259.5927467624814,207.39648437226884
2021,10,20,8,146.58283766886987,190.9168982142982,220.15804320192666,197.22999905741455,240.2973783854402,309.9821304216547,353.77741006461275,313.79779179825624
2021,10,20,9,256.3699069454165,267.26531229457765,310.6076814533494,248.75151806975285,443.16481213456416,476.0826440465947,559.1600133926146,409.624832197613
2021,10,20,10,416.4662647744409,383.01235325854213,456.1955448469828,290.03394251174257,407.37932348795516,378.7712196840924,435.32538913523405,284.6252230355838
2021,10,20,11,357.9273448262029,335.90494102747766,364.1218155024955,233.4514243159688,425.6058111150029,381.21640234508794,436.27219438522195,218.65122084248534
2021,10,20,12,435.01251978247365,388.8221920943627,446.06882066128304,221.47266305433507,479.1567874934302,413.2885074900395,492.96900442866985,189.4805449264003
2021,10,20,13,524.4541468269996,474.30772650798036,565.4123570463931,298.0010817248447,552.38602199267,494.1439003182697,598.9359912891546,273.0071309571955
2021,10,20,14,637.2041509532677,665.9394356672564,792.9493137593901,446.32047680545566,603.0348761239129,629.7402067159182,746.845491724083,400.64941030417265
2021,10,20,15,496.7128347234106,660.0739605348598,771.8984308201179,504.8876306160435,464.027203797442,615.6073670708381,716.9495216948188,462.590082234411
2021,10,20,16,304.8309643071881,584.2871824572906,712.6498401148473,477.114478412888,268.5567649743508,510.6544306847137,618.791908984208,418.13120807645157
2021,10,20,17,44.94918562926983,55.639239864519325,279.3110520899821,43.8391908434003,35.85673940246655,58.20572860874892,223.1869429313725,35.45784278572694
2021,10,20,18,0.0,0.0,0.0,0.0,0.0,0.0,0.0,0.0
2021,10,20,19,0.0,0.0,0.0,0.0,0.0,0.0,0.0,0.0
2021,10,20,20,0.0,0.0,0.0,0.0,0.0,0.0,0.0,0.0
2021,10,20,21,0.0,0.0,0.0,0.0,0.0,0.0,0.0,0.0
2021,10,20,22,0.0,0.0,0.0,0.0,0.0,0.0,0.0,0.0
2021,10,20,23,0.0,0.0,0.0,0.0,0.0,0.0,0.0,0.0
2021,10,21,0,0.0,0.0,0.0,0.0,0.0,0.0,0.0,0.0
2021,10,21,1,0.0,0.0,0.0,0.0,0.0,0.0,0.0,0.0
2021,10,21,2,0.0,0.0,0.0,0.0,0.0,0.0,0.0,0.0
2021,10,21,3,0.0,0.0,0.0,0.0,0.0,0.0,0.0,0.0
2021,10,21,4,0.0,0.0,0.0,0.0,0.0,0.0,0.0,0.0
2021,10,21,5,0.0,0.0,0.0,0.0,0.0,0.0,0.0,0.0
2021,10,21,6,-0.0,-0.0,-0.0,-0.0,-0.0,-0.0,-0.0,-0.0
2021,10,21,7,10.884996830730008,17.91812286220228,22.667475979050007,19.49667791026988,126.21821169249054,259.893542936756,355.7281129202695,273.67862867009666
2021,10,21,8,250.99213233367067,351.73878238980717,417.8615692983831,357.2344381266566,376.2580181284164,530.7744786584723,623.1684160205162,524.4125763506263
2021,10,21,9,499.5686086652666,540.9650342658967,639.7723220909866,473.77661745979196,551.2792280864128,600.7849418417785,707.8832949369488,500.4408574070659
2021,10,21,10,379.12289577572705,346.737900407743,416.7690845304467,258.5924104003683,658.29025698624,593.9773561900947,730.0463945049727,376.50178672192743
2021,10,21,11,439.51798489320646,361.03386697915215,460.2897299097129,174.03564377342846,715.7696982137229,584.0474391903451,742.1463328439787,194.05497930313797
2021,10,21,12,776.8161419108731,630.665381505864,805.9561302622043,222.64067476729142,725.4738172735067,586.573510230387,747.9317763205382,146.74772524099095
2021,10,21,13,718.5085740631506,632.5198113656071,788.5197211760654,336.8671518718532,524.3985721140805,469.94892697254244,567.7028886750783,268.02246845539685
2021,10,21,14,584.4479179964196,599.1422563702466,706.2083010686625,437.6804869982102,506.63804108359415,521.4002775234554,615.6243568942571,357.4903027725023
2021,10,21,15,455.6026974533819,559.036450523062,639.4907858150574,469.65460588651337,458.3280180863675,603.705037138939,702.2665192542614,463.3972424255071
2021,10,21,16,284.2548899103012,518.826599888695,626.8525421790793,433.3184846535393,265.58489463228386,501.45858107968417,607.2784089343799,413.0242546716886
2021,10,21,17,64.38718096116696,70.35515766034953,254.6098273707793,62.324231050088365,32.017158669671645,39.16304408377742,198.2716737057655,31.474664047364897
2021,10,21,18,0.0,0.0,0.0,0.0,0.0,0.0,0.0,0.0
2021,10,21,19,0.0,0.0,0.0,0.0,0.0,0.0,0.0,0.0
2021,10,21,20,0.0,0.0,0.0,0.0,0.0,0.0,0.0,0.0
2021,10,21,21,0.0,0.0,0.0,0.0,0.0,0.0,0.0,0.0
2021,10,21,22,0.0,0.0,0.0,0.0,0.0,0.0,0.0,0.0
2021,10,21,23,0.0,0.0,0.0,0.0,0.0,0.0,0.0,0.0
2021,10,22,0,0.0,0.0,0.0,0.0,0.0,0.0,0.0,0.0
2021,10,22,1,0.0,0.0,0.0,0.0,0.0,0.0,0.0,0.0
2021,10,22,2,0.0,0.0,0.0,0.0,0.0,0.0,0.0,0.0
2021,10,22,3,0.0,0.0,0.0,0.0,0.0,0.0,0.0,0.0
2021,10,22,4,0.0,0.0,0.0,0.0,0.0,0.0,0.0,0.0
2021,10,22,5,0.0,0.0,0.0,0.0,0.0,0.0,0.0,0.0
2021,10,22,6,-0.0,-0.0,-0.0,-0.0,-0.0,-0.0,-0.0,-0.0
2021,10,22,7,5.348589192499628,6.220513966872885,6.277358689529509,6.996020545762198,118.00424565133905,239.5862154654552,331.19890762207996,253.5982269949935
2021,10,22,8,200.08436472322032,273.4025716540845,323.2451612544153,279.609555454109,363.849365568434,511.264726183699,602.9535666404263,506.4713674667055
2021,10,22,9,486.42218461433697,527.7103760931501,626.5579256845206,457.84242576847856,534.6390278829101,580.469548115291,686.632837041141,485.97201571709905
2021,10,22,10,281.74264687967155,265.9375755390061,292.58324016224196,225.78195958800484,648.6828907245449,582.761277792185,722.4329640894867,370.45505302621257
2021,10,22,11,627.6088998292851,525.7887660220339,654.1210233469423,266.1583721591625,701.6416377170766,571.1537627003011,728.3886709795219,193.97122762597508
2021,10,22,12,631.2445789422187,507.2129277856796,657.824329701747,184.82656873785444,716.5968743066118,574.6589918791435,741.3563233401228,145.5844654468326
2021,10,22,13,687.7048406524742,603.2745811830672,755.7868236677056,317.56918895093645,679.1248504221721,595.3340273852551,742.4608177120256,281.6480598164067
2021,10,22,14,523.8814012937154,541.513161183779,647.2078540362219,376.96928610667203,591.2080871631724,614.6460912113889,731.1404993854954,398.57982703979377
2021,10,22,15,380.69415137356503,490.46397680954686,575.0883128279028,387.8215152858386,458.6931705979844,605.1587233230151,707.9392909890781,460.46388419014255
2021,10,22,16,293.0696506449123,548.3901076368768,670.1152651737732,441.90837944067306,265.98680199202937,506.15454592149905,617.3167651950669,407.1359279336053
2021,10,22,17,44.4563312621607,52.728120022600784,266.6919911494851,43.84554188041868,29.825309399145983,36.405729354790026,200.0830017701563,29.271668998012277
2021,10,22,18,0.0,0.0,0.0,0.0,0.0,0.0,0.0,0.0
2021,10,22,19,0.0,0.0,0.0,0.0,0.0,0.0,0.0,0.0
2021,10,22,20,0.0,0.0,0.0,0.0,0.0,0.0,0.0,0.0
2021,10,22,21,0.0,0.0,0.0,0.0,0.0,0.0,0.0,0.0
2021,10,22,22,0.0,0.0,0.0,0.0,0.0,0.0,0.0,0.0
2021,10,22,23,0.0,0.0,0.0,0.0,0.0,0.0,0.0,0.0
2021,10,23,0,0.0,0.0,0.0,0.0,0.0,0.0,0.0,0.0
2021,10,23,1,0.0,0.0,0.0,0.0,0.0,0.0,0.0,0.0
2021,10,23,2,0.0,0.0,0.0,0.0,0.0,0.0,0.0,0.0
2021,10,23,3,0.0,0.0,0.0,0.0,0.0,0.0,0.0,0.0
2021,10,23,4,0.0,0.0,0.0,0.0,0.0,0.0,0.0,0.0
2021,10,23,5,0.0,0.0,0.0,0.0,0.0,0.0,0.0,0.0
2021,10,23,6,-0.0,-0.0,-0.0,-0.0,-0.0,-0.0,-0.0,-0.0
2021,10,23,7,19.771273136480062,36.37369802976686,49.49976261384372,39.751632443089065,119.76137329225361,242.69385143359045,340.72380031745325,255.981428970299
2021,10,23,8,289.222349743138,391.6779124460609,462.81353722055724,400.0154167982613,365.4778375517015,513.4609808246304,608.0798444980852,509.6894863750072
2021,10,23,9,371.92264683328847,386.5960466778204,452.9297541272367,356.23483256426937,225.50882006776212,220.05585304461664,244.2399980897649,209.65493277444375
2021,10,23,10,194.43954841675665,185.13228430811176,198.07199809048814,162.77267872785413,238.1414423364844,226.11187935728012,242.6528842114062,189.28867154142634
2021,10,23,11,217.65778706524932,224.28297225561164,214.4422987684202,183.85439060990637,187.55021511018725,195.085116611131,183.2836391309336,153.22526423290913
2021,10,23,12,216.8033575555116,225.9528366995028,213.57577420366619,180.85059111429885,178.2521078781511,188.037610607969,174.08531192294421,145.03632405997092
2021,10,23,13,201.06158582788206,198.3639271035614,196.40017418354702,174.60818834145323,486.8599427431839,438.5891845772785,523.5517820154071,265.51502362343905
2021,10,23,14,191.52052808292376,175.62194212649752,186.00405210147463,175.35614381652798,234.49309175358871,221.6827725713791,245.38338882477066,195.92099294667068
2021,10,23,15,130.95306887417672,125.17600518416566,124.05473471392303,128.73843338105033,238.6170117309466,263.7728366406311,288.8639453571256,231.89240275030576
2021,10,23,16,80.33138821483254,87.52853498467621,85.73700437590364,87.48898849580539,-0.0,-0.0,-0.0,-0.0
2021,10,23,17,-0.0,-0.0,-0.0,-0.0,8.089026584059031,6.701653954959001,3.092523803744962,6.907816722316464
2021,10,23,18,0.0,0.0,0.0,0.0,0.0,0.0,0.0,0.0
2021,10,23,19,0.0,0.0,0.0,0.0,0.0,0.0,0.0,0.0
2021,10,23,20,0.0,0.0,0.0,0.0,0.0,0.0,0.0,0.0
2021,10,23,21,0.0,0.0,0.0,0.0,0.0,0.0,0.0,0.0
2021,10,23,22,0.0,0.0,0.0,0.0,0.0,0.0,0.0,0.0
2021,10,23,23,0.0,0.0,0.0,0.0,0.0,0.0,0.0,0.0
2021,10,24,0,0.0,0.0,0.0,0.0,0.0,0.0,0.0,0.0
2021,10,24,1,0.0,0.0,0.0,0.0,0.0,0.0,0.0,0.0
2021,10,24,2,0.0,0.0,0.0,0.0,0.0,0.0,0.0,0.0
2021,10,24,3,0.0,0.0,0.0,0.0,0.0,0.0,0.0,0.0
2021,10,24,4,0.0,0.0,0.0,0.0,0.0,0.0,0.0,0.0
2021,10,24,5,0.0,0.0,0.0,0.0,0.0,0.0,0.0,0.0
2021,10,24,6,-0.0,-0.0,-0.0,-0.0,-0.0,-0.0,-0.0,-0.0
2021,10,24,7,12.968809657749036,27.972188828082484,40.62746467413048,31.082883293683043,93.49291139123066,180.20314978730764,252.26824790085678,192.46635668878858
2021,10,24,8,285.521480487691,405.1814236136137,488.4019607954456,407.84706693385215,346.02345460467984,483.8768000079253,577.076509385474,482.9293703682938
2021,10,24,9,524.9175027623802,569.5646589472408,686.8794081884881,487.1330351104099,538.6917869493337,582.8063774470962,698.748871128566,488.82416969480585
2021,10,24,10,600.3420331480598,538.5920282908771,671.2488918503535,380.90606273550685,666.1223164690147,592.1995933688612,747.233596889406,374.6382312921912
2021,10,24,11,448.6475745373868,386.2096562767323,466.6238693012972,228.21375609925676,724.5122069100928,580.7247512419316,755.366803559764,194.0879448145949
2021,10,24,12,627.9084340263986,506.82765361224534,654.6291311056933,194.2902561136904,731.2153505713841,581.7701253684735,757.8800357700009,148.8353712381714
2021,10,24,13,671.557703577615,592.3032325881258,735.0682046927458,340.0252083783248,682.1566105898733,594.6409516754532,746.9481753180041,282.86885557009134
2021,10,24,14,588.3252540104135,609.582937327906,736.5412495974417,414.20960558691763,592.7627036641625,615.1713820292805,737.15007594857,399.008269550856
2021,10,24,15,455.6973143676366,596.1941280328949,706.2954645645659,464.0645006502405,457.10914871224327,601.6592041631542,707.9951824865329,461.0313452585822
2021,10,24,16,206.44824141980095,363.2490227841751,443.87694194068195,292.9278769451733,262.7619005872633,502.9714789287967,618.7700254693565,396.37997378476786
2021,10,24,17,33.190519730400595,34.83983698599639,144.4812115848697,31.573531217296598,25.284539147269694,30.41979443683206,195.10907584357594,24.724352577572073
2021,10,24,18,0.0,0.0,0.0,0.0,0.0,0.0,0.0,0.0
2021,10,24,19,0.0,0.0,0.0,0.0,0.0,0.0,0.0,0.0
2021,10,24,20,0.0,0.0,0.0,0.0,0.0,0.0,0.0,0.0
2021,10,24,21,0.0,0.0,0.0,0.0,0.0,0.0,0.0,0.0
2021,10,24,22,0.0,0.0,0.0,0.0,0.0,0.0,0.0,0.0
2021,10,24,23,0.0,0.0,0.0,0.0,0.0,0.0,0.0,0.0
2021,10,25,0,0.0,0.0,0.0,0.0,0.0,0.0,0.0,0.0
2021,10,25,1,0.0,0.0,0.0,0.0,0.0,0.0,0.0,0.0
2021,10,25,2,0.0,0.0,0.0,0.0,0.0,0.0,0.0,0.0
2021,10,25,3,0.0,0.0,0.0,0.0,0.0,0.0,0.0,0.0
2021,10,25,4,0.0,0.0,0.0,0.0,0.0,0.0,0.0,0.0
2021,10,25,5,0.0,0.0,0.0,0.0,0.0,0.0,0.0,0.0
2021,10,25,6,-0.0,-0.0,-0.0,-0.0,-0.0,-0.0,-0.0,-0.0
2021,10,25,7,1.1646767401620295,1.24884151447985,1.0003873942387806,1.6968964667810231,118.01931571951344,232.71390344107203,332.8207986771748,246.04007600098336
2021,10,25,8,82.93920779166628,88.88262450945828,93.10047684208888,94.9779191272706,363.37987546394373,504.75089710449697,599.3023892777222,502.7981645208687
2021,10,25,9,305.53512582965277,317.9557988222665,375.58845577439394,291.3941447546548,536.3228170964411,577.9741669563767,689.9569183853923,486.1148876448903
2021,10,25,10,529.8595055748885,474.2127615640776,592.9610527116145,336.4785124309118,637.9443673593205,569.5874802942716,708.9690905953703,367.01903518780045
2021,10,25,11,636.2300572290695,510.64014014096296,668.7362356481309,220.8580248885384,682.7959379991112,553.2143709505106,710.2083946597011,189.7542907603093
2021,10,25,12,565.6068157882812,459.0770412166552,589.927634714746,186.85664221359409,687.1130570475085,552.4473768168941,711.1516006855904,147.17059163059508
2021,10,25,13,556.5407896367724,493.99507873879116,607.0981030435305,303.83149070679883,660.7202193848078,576.9850024093627,721.9077335092875,281.05118910680636
2021,10,25,14,514.0854318465872,524.048540249529,623.9465694734167,389.5627098154348,585.6365265996757,606.4589268434206,726.9260033487479,397.7871104466064
2021,10,25,15,456.55302208332256,585.8458229511159,689.9416169442445,467.68905572825645,452.9884601720846,594.5508068024182,701.6886531586484,458.44092594976206
2021,10,25,16,284.9265072994905,521.6649828516112,646.761707179008,412.49051871825264,262.07482738665067,494.04965950907894,612.7980549951111,390.5934824659739
2021,10,25,17,38.065173215256955,42.655588768509645,244.20330425822524,36.96222471711407,24.111187759206846,28.689149261547904,198.64013387666293,23.494331837406026
2021,10,25,18,0.0,0.0,0.0,0.0,0.0,0.0,0.0,0.0
2021,10,25,19,0.0,0.0,0.0,0.0,0.0,0.0,0.0,0.0
2021,10,25,20,0.0,0.0,0.0,0.0,0.0,0.0,0.0,0.0
2021,10,25,21,0.0,0.0,0.0,0.0,0.0,0.0,0.0,0.0
2021,10,25,22,0.0,0.0,0.0,0.0,0.0,0.0,0.0,0.0
2021,10,25,23,0.0,0.0,0.0,0.0,0.0,0.0,0.0,0.0
2021,10,26,0,0.0,0.0,0.0,0.0,0.0,0.0,0.0,0.0
2021,10,26,1,0.0,0.0,0.0,0.0,0.0,0.0,0.0,0.0
2021,10,26,2,0.0,0.0,0.0,0.0,0.0,0.0,0.0,0.0
2021,10,26,3,0.0,0.0,0.0,0.0,0.0,0.0,0.0,0.0
2021,10,26,4,0.0,0.0,0.0,0.0,0.0,0.0,0.0,0.0
2021,10,26,5,0.0,0.0,0.0,0.0,0.0,0.0,0.0,0.0
2021,10,26,6,0.0,0.0,0.0,0.0,0.0,0.0,0.0,0.0
2021,10,26,7,3.5465977765948935,4.64791635389428,5.3892790169156335,5.228827305276268,20.355541455765486,18.237200213418852,14.031550388241971,19.368620381295266
2021,10,26,8,58.69695080010494,58.853916320164736,58.90371454182253,64.0744097601442,73.06970532495002,68.85785966480529,64.52607812095897,72.34879669905897
2021,10,26,9,119.74275070856862,109.35194998576179,113.08070670685446,115.51018859033833,376.3248125362833,389.88418826180384,460.3212405628091,347.5381218119492
2021,10,26,10,276.88513892961174,256.54398375192454,294.3931470232245,213.65829998234662,672.2745566689875,594.5483488849213,753.2721961476333,376.05457223728035
2021,10,26,11,390.48109670477373,347.70893887008793,402.2811911540358,224.0975576949098,266.3079457857112,255.33522617990405,267.31022250833036,179.67632528577218
2021,10,26,12,341.25857907274576,304.24084454212556,350.22326065089953,183.0234542097017,103.02654051527968,112.20697277108701,98.82844160648304,91.12851005767438
2021,10,26,13,258.4895834210853,251.6476064858901,254.69707542880724,217.3827458819027,293.2942051770384,275.8335108974012,299.9451424794985,205.15113459625928
2021,10,26,14,240.7569829945337,221.58325396982983,239.55120905830017,216.61320019070894,310.56907274517965,302.4073334471835,350.6591770442062,241.98746890868048
2021,10,26,15,190.63366238036335,195.22964599828234,204.69139502913936,188.12331578636034,416.76494211654557,532.8532978175091,628.9808866971713,412.9109953282563
2021,10,26,16,147.93610453072722,193.2400124049842,215.37317775836118,176.39219740727304,33.11919261430922,29.536072525872875,23.050051324712733,30.873148833756762
2021,10,26,17,23.558323725028366,20.34390064910989,10.978088856747203,21.266468010087255,12.73099289051365,10.777100152985644,5.0890918502092015,11.0902852823234
2021,10,26,18,0.0,0.0,0.0,0.0,0.0,0.0,0.0,0.0
2021,10,26,19,0.0,0.0,0.0,0.0,0.0,0.0,0.0,0.0
2021,10,26,20,0.0,0.0,0.0,0.0,0.0,0.0,0.0,0.0
2021,10,26,21,0.0,0.0,0.0,0.0,0.0,0.0,0.0,0.0
2021,10,26,22,0.0,0.0,0.0,0.0,0.0,0.0,0.0,0.0
2021,10,26,23,0.0,0.0,0.0,0.0,0.0,0.0,0.0,0.0
2021,10,27,0,0.0,0.0,0.0,0.0,0.0,0.0,0.0,0.0
2021,10,27,1,0.0,0.0,0.0,0.0,0.0,0.0,0.0,0.0
2021,10,27,2,0.0,0.0,0.0,0.0,0.0,0.0,0.0,0.0
2021,10,27,3,0.0,0.0,0.0,0.0,0.0,0.0,0.0,0.0
2021,10,27,4,0.0,0.0,0.0,0.0,0.0,0.0,0.0,0.0
2021,10,27,5,0.0,0.0,0.0,0.0,0.0,0.0,0.0,0.0
2021,10,27,6,0.0,0.0,0.0,0.0,0.0,0.0,0.0,0.0
2021,10,27,7,-0.0,-0.0,-0.0,-0.0,73.07037919455166,134.17261198625977,191.28719541289382,146.46153695316383
2021,10,27,8,13.916970681861965,13.618768845246999,13.247203847665263,15.04236955699206,314.36384626327373,432.5731850910504,521.2817093720497,436.26640511147144
2021,10,27,9,15.028770499859851,12.84871299327504,12.550792867813085,14.360665599409597,9.206146072788625,7.566022640385341,7.176815336692097,8.196020563757164
2021,10,27,10,-0.0,-0.0,-0.0,-0.0,27.866812985687467,27.64385993594415,25.061433131243756,25.581073515586606
2021,10,27,11,24.40407181442065,27.023387417287534,23.097862261756035,23.37487251553126,238.85715073383315,232.46130457283698,238.57543629477024,169.8090261397733
2021,10,27,12,612.3818786842755,498.94945896540594,640.0848684858794,218.55801473238088,743.8509758709076,580.5422136861898,777.217853349289,156.36411386844918
2021,10,27,13,608.0246666232214,535.3370388031032,666.4055019193307,323.1825500835069,735.6274730756563,631.6329878013543,813.3094896148851,292.01986256139446
2021,10,27,14,642.2707213572463,662.9995021210465,810.7465995635602,443.7267062718818,331.2744795894286,315.92865098325785,360.75370399679525,265.7692286453771
2021,10,27,15,496.1377895717852,637.9665657933882,759.5948819837535,498.5285703225572,514.1107205296736,681.7919433411515,816.7374177333772,504.20445576058626
2021,10,27,16,314.0394466836171,591.6477277779599,762.4130793522132,451.8753406349182,291.1590672337001,552.6618945876259,709.7802088641116,421.34823681379794
2021,10,27,17,32.39726250243471,38.966474275904424,345.1749305639749,32.04084383635725,22.004485607450295,26.643869603942715,244.24065810318191,21.521647411023856
2021,10,27,18,0.0,0.0,0.0,0.0,0.0,0.0,0.0,0.0
2021,10,27,19,0.0,0.0,0.0,0.0,0.0,0.0,0.0,0.0
2021,10,27,20,0.0,0.0,0.0,0.0,0.0,0.0,0.0,0.0
2021,10,27,21,0.0,0.0,0.0,0.0,0.0,0.0,0.0,0.0
2021,10,27,22,0.0,0.0,0.0,0.0,0.0,0.0,0.0,0.0
2021,10,27,23,0.0,0.0,0.0,0.0,0.0,0.0,0.0,0.0
2021,10,28,0,0.0,0.0,0.0,0.0,0.0,0.0,0.0,0.0
2021,10,28,1,0.0,0.0,0.0,0.0,0.0,0.0,0.0,0.0
2021,10,28,2,0.0,0.0,0.0,0.0,0.0,0.0,0.0,0.0
2021,10,28,3,0.0,0.0,0.0,0.0,0.0,0.0,0.0,0.0
2021,10,28,4,0.0,0.0,0.0,0.0,0.0,0.0,0.0,0.0
2021,10,28,5,0.0,0.0,0.0,0.0,0.0,0.0,0.0,0.0
2021,10,28,6,0.0,0.0,0.0,0.0,0.0,0.0,0.0,0.0
2021,10,28,7,25.986878299317524,54.01545326150658,83.29705588630617,58.76930223955267,153.24914072950028,297.5308189121295,450.3145672165616,310.03547258629465
2021,10,28,8,345.1284882264861,485.8670980093622,592.830021563298,488.6645905494609,430.9963070770925,602.9743493006572,728.8132417831499,599.5276521136233
2021,10,28,9,591.9710669095172,637.0878937849546,780.6879049863493,539.026544291965,623.7204081419815,669.4296303314616,815.634668918378,555.8458493263528
2021,10,28,10,742.8878223515516,649.2877523346966,833.3333333333334,419.0350736279032,756.4555642093817,661.6920308222957,833.3333333333334,409.3706092064907
2021,10,28,11,818.6262807964575,636.9590450468572,833.3333333333334,220.23232927565746,824.7474518706582,643.5363920869764,833.3333333333334,196.56017465748968
2021,10,28,12,831.892313481176,641.3176912350416,833.3333333333334,174.2976985591791,833.3333333333334,646.104431097475,833.3333333333334,151.5895748720013
2021,10,28,13,790.0676757676322,673.4014122446848,833.3333333333334,323.5358025558557,785.3721756244519,670.1894994699869,833.3333333333334,300.4071199821557
2021,10,28,14,686.3424923660881,709.4219928675486,833.3333333333334,453.3932982986256,678.3245133512522,699.9356745786714,833.3333333333334,430.6661967744939
2021,10,28,15,532.6111694486427,705.2498166019276,833.3333333333334,526.6953551635728,520.1380345852884,691.5467272029757,833.3333333333334,504.9541235356053
2021,10,28,16,317.78570569339337,590.9021173517718,772.0015734226125,447.57643707443106,295.91948175845073,560.9520007210298,733.1996439023121,421.73936669667376
2021,10,28,17,33.22011950748686,37.65947192743243,323.67771293951847,32.29196498297502,20.456799044240697,24.815196838114524,263.43924012200114,19.992558870239844
2021,10,28,18,0.0,0.0,0.0,0.0,0.0,0.0,0.0,0.0
2021,10,28,19,0.0,0.0,0.0,0.0,0.0,0.0,0.0,0.0
2021,10,28,20,0.0,0.0,0.0,0.0,0.0,0.0,0.0,0.0
2021,10,28,21,0.0,0.0,0.0,0.0,0.0,0.0,0.0,0.0
2021,10,28,22,0.0,0.0,0.0,0.0,0.0,0.0,0.0,0.0
2021,10,28,23,0.0,0.0,0.0,0.0,0.0,0.0,0.0,0.0
2021,10,29,0,0.0,0.0,0.0,0.0,0.0,0.0,0.0,0.0
2021,10,29,1,0.0,0.0,0.0,0.0,0.0,0.0,0.0,0.0
2021,10,29,2,0.0,0.0,0.0,0.0,0.0,0.0,0.0,0.0
2021,10,29,3,0.0,0.0,0.0,0.0,0.0,0.0,0.0,0.0
2021,10,29,4,0.0,0.0,0.0,0.0,0.0,0.0,0.0,0.0
2021,10,29,5,0.0,0.0,0.0,0.0,0.0,0.0,0.0,0.0
2021,10,29,6,0.0,0.0,0.0,0.0,0.0,0.0,0.0,0.0
2021,10,29,7,27.772584419325227,57.131534001447406,89.76616732165728,61.61982074166723,152.10659760000652,291.2022585139348,446.02027153194916,303.85997541726806
2021,10,29,8,345.1468398134288,483.9348363789769,592.030715781768,487.4744254450275,431.951874532595,601.9790146661923,729.7647238575345,599.7092841325408
2021,10,29,9,592.0710400677426,635.2439559301293,780.4601185017522,539.0483970598564,630.0276437253161,674.2330476432182,823.8957125609326,561.261183725967
2021,10,29,10,747.6346803392479,651.7006366642988,833.3333333333334,421.69394982484545,763.5882516853911,666.3725608415558,833.3333333333334,413.94060382450493
2021,10,29,11,823.0712216123674,639.4006382476811,833.3333333333334,221.69068340513823,831.6068328220853,647.7396944203914,833.3333333333334,199.59091337824634
2021,10,29,12,833.3333333333334,644.7237184406516,833.3333333333334,176.1680436072732,833.3333333333334,649.3691623026602,833.3333333333334,152.49530413462463
2021,10,29,13,795.5966568616238,676.8075688424206,833.3333333333334,326.5978180348107,790.7037253073397,673.3993414300152,833.3333333333334,303.1628725740089
2021,10,29,14,689.4801877012962,711.2415031903483,833.3333333333334,457.0226609102457,682.7814840763631,702.969909415934,833.3333333333334,435.3247701712409
2021,10,29,15,539.5440716276476,714.9880245513438,833.3333333333334,534.0732900656913,522.8856377325925,692.1629859232397,833.3333333333334,509.68102250939324
2021,10,29,16,320.634808783107,594.9481664743221,788.5140719220093,449.9056363493099,298.5053174948795,557.2258336457759,735.8567260275424,421.18123066603295
2021,10,29,17,28.55568665549174,32.98103236170829,349.1611140289009,27.886770777487012,18.837707923128136,22.518402033797635,267.999402234832,18.309682267951203
2021,10,29,18,0.0,0.0,0.0,0.0,0.0,0.0,0.0,0.0
2021,10,29,19,0.0,0.0,0.0,0.0,0.0,0.0,0.0,0.0
2021,10,29,20,0.0,0.0,0.0,0.0,0.0,0.0,0.0,0.0
2021,10,29,21,0.0,0.0,0.0,0.0,0.0,0.0,0.0,0.0
2021,10,29,22,0.0,0.0,0.0,0.0,0.0,0.0,0.0,0.0
2021,10,29,23,0.0,0.0,0.0,0.0,0.0,0.0,0.0,0.0
2021,10,30,0,0.0,0.0,0.0,0.0,0.0,0.0,0.0,0.0
2021,10,30,1,0.0,0.0,0.0,0.0,0.0,0.0,0.0,0.0
2021,10,30,2,0.0,0.0,0.0,0.0,0.0,0.0,0.0,0.0
2021,10,30,3,0.0,0.0,0.0,0.0,0.0,0.0,0.0,0.0
2021,10,30,4,0.0,0.0,0.0,0.0,0.0,0.0,0.0,0.0
2021,10,30,5,0.0,0.0,0.0,0.0,0.0,0.0,0.0,0.0
2021,10,30,6,0.0,0.0,0.0,0.0,0.0,0.0,0.0,0.0
2021,10,30,7,31.54048151161627,63.552896834956584,101.4369380407089,67.92026331411755,148.88436960133143,280.3956685949489,433.0145512209,292.7203842115886
2021,10,30,8,358.65700278867394,497.9355102990368,606.5256445543301,501.45837708504126,426.82894411725243,589.3984386429624,713.2517768024346,588.6243736330473
2021,10,30,9,584.9352696123383,624.921150296195,764.7700011280484,533.1855964937455,612.5055258875401,652.3598331662322,793.4824622443497,547.7860387607394
2021,10,30,10,719.1125666031311,628.3509491695631,811.9223407717861,411.86327898481727,735.9139046201157,643.2251586626464,827.2092229382577,405.1526604251335
2021,10,30,11,792.562731822892,618.5908812002493,833.3333333333334,216.19604320098662,803.3891783761702,628.532979964694,833.3333333333334,197.75283527512622
2021,10,30,12,814.0912594231451,627.7602956303676,833.3333333333334,171.58614546895924,812.9274653337035,630.3375016509258,833.3333333333334,150.8617546154384
2021,10,30,13,770.2221212718185,655.7394782764395,833.3333333333334,320.75681009450284,761.5371815490628,649.9251102861527,833.3333333333334,299.98078354477497
2021,10,30,14,673.8634967837543,693.6414493004402,833.3333333333334,451.7863055925341,658.5450188961323,675.9990624561176,828.2417945434715,430.70065654061483
2021,10,30,15,523.3033144020362,687.4038429004792,830.9837893021327,525.7410144998183,506.78128034423753,664.6531356143443,799.8950014558807,504.1196958441094
2021,10,30,16,312.51853806037224,572.2568425220221,763.1306991030632,441.1225558279908,288.99109922665696,527.6867013118649,698.6977714574742,409.4774447503606
2021,10,30,17,24.45743340480172,28.1666679841837,350.4432723446118,23.86235597251416,17.008698484202665,19.764369772913675,259.1859484140375,16.374869361527423
2021,10,30,18,0.0,0.0,0.0,0.0,0.0,0.0,0.0,0.0
2021,10,30,19,0.0,0.0,0.0,0.0,0.0,0.0,0.0,0.0
2021,10,30,20,0.0,0.0,0.0,0.0,0.0,0.0,0.0,0.0
2021,10,30,21,0.0,0.0,0.0,0.0,0.0,0.0,0.0,0.0
2021,10,30,22,0.0,0.0,0.0,0.0,0.0,0.0,0.0,0.0
2021,10,30,23,0.0,0.0,0.0,0.0,0.0,0.0,0.0,0.0
2021,10,31,0,0.0,0.0,0.0,0.0,0.0,0.0,0.0,0.0
2021,10,31,1,0.0,0.0,0.0,0.0,0.0,0.0,0.0,0.0
2021,10,31,2,0.0,0.0,0.0,0.0,0.0,0.0,0.0,0.0
2021,10,31,3,0.0,0.0,0.0,0.0,0.0,0.0,0.0,0.0
2021,10,31,4,0.0,0.0,0.0,0.0,0.0,0.0,0.0,0.0
2021,10,31,5,0.0,0.0,0.0,0.0,0.0,0.0,0.0,0.0
2021,10,31,6,0.0,0.0,0.0,0.0,0.0,0.0,0.0,0.0
2021,10,31,7,27.05959109517179,54.25321934311167,87.44154370516688,58.45864550610961,134.29822493258575,248.6474275838132,386.98725222109186,261.1777555095804
2021,10,31,8,329.68930843681704,453.119188200227,550.975449681423,458.10564161899674,403.9922686274444,556.4120880126751,676.0763588314967,557.3346097432948
2021,10,31,9,548.0591470702984,583.260077487508,712.9415091717592,501.0499386757786,583.6686472903042,619.450612431672,754.4036254567244,523.4403553834676
2021,10,31,10,689.3944364119777,600.4661394075413,779.8378978110587,394.7225146834686,696.7712828836018,608.9519093913659,782.3246056636364,388.92286401321746
2021,10,31,11,764.0134164483701,594.138586167102,806.2871177490609,209.01030535046837,758.297427761396,595.0441675318973,796.4635951751077,194.5474780213895
2021,10,31,12,781.5505266427517,602.8215220528416,820.5543755638994,167.31443572691398,767.0856705457196,596.2530337421888,802.0405868138804,149.09107116169417
2021,10,31,13,742.7399947357823,632.0080602822443,826.4768275661286,313.0197652430962,725.5289930162887,619.3899562573557,802.7856700833297,292.8627412871113
2021,10,31,14,653.3439336610179,670.8628289186898,828.3192347958596,441.6771994277541,629.3222885380143,644.0399340184164,790.0995575538657,416.7562276753662
2021,10,31,15,511.7820880062425,671.0031867407746,814.2005807184825,516.856733267975,486.49146033402315,635.4178142623948,766.9488321491987,484.915685576478
2021,10,31,16,303.8146960924888,546.8688899869111,736.4628655951423,423.5493861145662,277.56308264802595,501.8671357423917,673.1537186820465,387.8145876689797
2021,10,31,17,22.70517798852989,24.928268930618884,327.2668425912167,21.831258223618665,14.798327253973497,16.347948238536368,229.4478583510718,13.978600155953847
2021,10,31,18,0.0,0.0,0.0,0.0,0.0,0.0,0.0,0.0
2021,10,31,19,0.0,0.0,0.0,0.0,0.0,0.0,0.0,0.0
2021,10,31,20,0.0,0.0,0.0,0.0,0.0,0.0,0.0,0.0
2021,10,31,21,0.0,0.0,0.0,0.0,0.0,0.0,0.0,0.0
2021,10,31,22,0.0,0.0,0.0,0.0,0.0,0.0,0.0,0.0
2021,10,31,23,0.0,0.0,0.0,0.0,0.0,0.0,0.0,0.0
2021,11,1,0,0.0,0.0,0.0,0.0,0.0,0.0,0.0,0.0
2021,11,1,1,0.0,0.0,0.0,0.0,0.0,0.0,0.0,0.0
2021,11,1,2,0.0,0.0,0.0,0.0,0.0,0.0,0.0,0.0
2021,11,1,3,0.0,0.0,0.0,0.0,0.0,0.0,0.0,0.0
2021,11,1,4,0.0,0.0,0.0,0.0,0.0,0.0,0.0,0.0
2021,11,1,5,0.0,0.0,0.0,0.0,0.0,0.0,0.0,0.0
2021,11,1,6,0.0,0.0,0.0,0.0,0.0,0.0,0.0,0.0
2021,11,1,7,12.654362749322242,25.459476218285584,41.30347542096588,28.2591737008844,115.89891490012981,213.31552283321733,336.2317575442895,226.72112521377872
2021,11,1,8,307.61786570147046,426.8359785975051,526.8512145909508,432.6222107533065,385.15515693094176,529.4892677767192,648.1801506829426,533.4640496941237
2021,11,1,9,533.0246843853755,565.987395143199,696.5355257053329,487.8027027419222,573.8860107965652,608.9480904397188,750.1924577232695,516.2612777205031
2021,11,1,10,658.8928771265081,573.8667846861799,747.37082398067,391.4580372946571,690.4547577547764,600.5614073014274,778.7346548880238,387.6328336247786
2021,11,1,11,739.946799289337,578.4214966220873,783.3775463540867,234.53786131057643,643.5451752697467,507.51711219747904,680.3229013967266,210.7500626865137
2021,11,1,12,704.6741577330725,543.0672615712382,744.4660108352306,181.03582356956872,762.3932672542212,589.7389978611167,799.2931375594634,156.37822423345776
2021,11,1,13,740.1727155778277,627.5959139930429,827.5812051447559,317.6671573150128,717.8729767080325,610.8909321507095,796.537518781255,295.33270273976285
2021,11,1,14,649.056664824147,664.8314240892797,826.1978637835418,440.96249827686995,624.2186805575698,638.1656197296604,789.4160158268065,414.21642794075393
2021,11,1,15,503.71613292327504,656.6251427996577,800.088554649624,506.19757285536724,475.65433008539446,618.4639131873869,749.9634118266887,473.7179513701569
2021,11,1,16,296.64431650057253,526.1768832001935,717.3169850425763,405.21226359419927,268.325882792068,476.66991403111376,647.5646248914469,366.91954359774525
2021,11,1,17,22.798874255932454,23.259782803709395,282.73178905817156,21.475319214335947,14.24525609632159,14.605511676902879,195.8101672159116,13.172912371175192
2021,11,1,18,0.0,0.0,0.0,0.0,0.0,0.0,0.0,0.0
2021,11,1,19,0.0,0.0,0.0,0.0,0.0,0.0,0.0,0.0
2021,11,1,20,0.0,0.0,0.0,0.0,0.0,0.0,0.0,0.0
2021,11,1,21,0.0,0.0,0.0,0.0,0.0,0.0,0.0,0.0
2021,11,1,22,0.0,0.0,0.0,0.0,0.0,0.0,0.0,0.0
2021,11,1,23,0.0,0.0,0.0,0.0,0.0,0.0,0.0,0.0
2021,11,2,0,0.0,0.0,0.0,0.0,0.0,0.0,0.0,0.0
2021,11,2,1,0.0,0.0,0.0,0.0,0.0,0.0,0.0,0.0
2021,11,2,2,0.0,0.0,0.0,0.0,0.0,0.0,0.0,0.0
2021,11,2,3,0.0,0.0,0.0,0.0,0.0,0.0,0.0,0.0
2021,11,2,4,0.0,0.0,0.0,0.0,0.0,0.0,0.0,0.0
2021,11,2,5,0.0,0.0,0.0,0.0,0.0,0.0,0.0,0.0
2021,11,2,6,0.0,0.0,0.0,0.0,0.0,0.0,0.0,0.0
2021,11,2,7,5.460960637367152,10.282250445611803,16.216253968761947,11.888137851453845,102.90619748895689,186.62682328949018,296.137431898952,200.56089714481
2021,11,2,8,263.3216261101909,363.923920728742,451.9698573319332,371.42808697361573,372.02068567909396,510.3191174012643,628.1983745281077,516.1269401411218
2021,11,2,9,524.9219314870348,557.292090204516,693.071602734543,479.3304606334261,558.6863486728355,591.12971980279,730.7820991084405,505.26777128580034
2021,11,2,10,667.4410561071752,577.5281951365856,758.4883996647832,383.2468092817061,677.3552170270402,587.4388792459794,767.1311762378227,384.0054825395588
2021,11,2,11,745.8189808149508,575.7905230057391,790.1287403262523,209.51662696138754,736.8931398756,574.5971694837962,777.4928435350697,204.14571910043512
2021,11,2,12,771.3269763002738,590.8712756850946,813.0841269387305,174.37266163629857,751.7080995384639,577.4589083094946,791.2807298332806,158.11008910274293
2021,11,2,13,695.6775858850954,589.419033612219,778.8655699584239,307.1371027572186,707.4511090600041,600.1248766793142,788.3223841670195,296.5327467564787
2021,11,2,14,631.043720683438,644.4001211861777,803.2087783740577,431.57225621412624,609.494332742691,621.163472093252,769.971543880164,411.7723471830444
2021,11,2,15,499.41581122049934,649.4221175830179,794.5284704614744,502.06549117345975,466.4429099653105,604.9407999166576,737.2668736812631,466.0528504684141
2021,11,2,16,290.17922392664536,503.5906736532752,692.3302156490722,388.81411407565184,257.7563770346121,449.25577163424106,616.4480254792117,346.60608492416196
2021,11,2,17,23.0007052429485,22.185512219589203,252.3034670282621,21.341584125111115,13.279725092403366,12.851370315516222,170.54168243460313,12.092938253080565
2021,11,2,18,0.0,0.0,0.0,0.0,0.0,0.0,0.0,0.0
2021,11,2,19,0.0,0.0,0.0,0.0,0.0,0.0,0.0,0.0
2021,11,2,20,0.0,0.0,0.0,0.0,0.0,0.0,0.0,0.0
2021,11,2,21,0.0,0.0,0.0,0.0,0.0,0.0,0.0,0.0
2021,11,2,22,0.0,0.0,0.0,0.0,0.0,0.0,0.0,0.0
2021,11,2,23,0.0,0.0,0.0,0.0,0.0,0.0,0.0,0.0
2021,11,3,0,0.0,0.0,0.0,0.0,0.0,0.0,0.0,0.0
2021,11,3,1,0.0,0.0,0.0,0.0,0.0,0.0,0.0,0.0
2021,11,3,2,0.0,0.0,0.0,0.0,0.0,0.0,0.0,0.0
2021,11,3,3,0.0,0.0,0.0,0.0,0.0,0.0,0.0,0.0
2021,11,3,4,0.0,0.0,0.0,0.0,0.0,0.0,0.0,0.0
2021,11,3,5,0.0,0.0,0.0,0.0,0.0,0.0,0.0,0.0
2021,11,3,6,0.0,0.0,0.0,0.0,0.0,0.0,0.0,0.0
2021,11,3,7,7.674479902969244,11.360863869300715,16.707770521053877,12.61926738485383,17.44883738901506,15.567918767815515,12.159835709216004,16.93098728777687
2021,11,3,8,109.17591260062943,126.48750565861664,143.84566075547724,135.29097627220366,171.41180232744966,202.6531430704241,233.0083119856617,213.07974548473612
2021,11,3,9,170.24413311163286,160.8216954824677,176.49777906928867,164.7929115814794,227.7455167107646,219.52710468709333,248.1935766264573,214.04625883320602
2021,11,3,10,242.9381599499138,226.67909510095842,248.0883788816335,200.6517553269453,332.414229595931,301.2728586419139,355.61392332114895,242.71533681585026
2021,11,3,11,214.769852869154,220.74478121357257,208.38328309360597,183.21440265206655,117.75724409565049,125.41935590396317,111.79988801391973,105.36724971181636
2021,11,3,12,119.32080247062859,128.36670681054386,113.75455835238769,108.94239996278748,227.48081549944442,231.3484566756649,221.56619449418727,176.50288968339163
2021,11,3,13,165.67558348066467,162.47748009627685,157.77656632993515,147.87393770572024,108.33459936265632,107.77020577270216,100.49038577907938,99.09894574159794
2021,11,3,14,103.22388510678499,91.8236563214104,92.48140163744291,98.00526753571803,74.01501679462912,65.16193189841093,64.12742034213058,69.60268034354755
2021,11,3,15,27.79880535268622,24.160108289159904,21.137139297321475,26.727051257832315,15.196660488475453,12.857831189856833,10.811170214765152,14.12494537348727
2021,11,3,16,5.009999239915201,4.031259227495234,2.426718125879856,4.694438961720355,28.636619554053027,25.030735363068878,18.876902526587894,27.054619325514597
2021,11,3,17,-0.0,-0.0,-0.0,-0.0,3.0707789970967383,2.2468362121177927,-0.0,2.428265200853656
2021,11,3,18,0.0,0.0,0.0,0.0,0.0,0.0,0.0,0.0
2021,11,3,19,0.0,0.0,0.0,0.0,0.0,0.0,0.0,0.0
2021,11,3,20,0.0,0.0,0.0,0.0,0.0,0.0,0.0,0.0
2021,11,3,21,0.0,0.0,0.0,0.0,0.0,0.0,0.0,0.0
2021,11,3,22,0.0,0.0,0.0,0.0,0.0,0.0,0.0,0.0
2021,11,3,23,0.0,0.0,0.0,0.0,0.0,0.0,0.0,0.0
2021,11,4,0,0.0,0.0,0.0,0.0,0.0,0.0,0.0,0.0
2021,11,4,1,0.0,0.0,0.0,0.0,0.0,0.0,0.0,0.0
2021,11,4,2,0.0,0.0,0.0,0.0,0.0,0.0,0.0,0.0
2021,11,4,3,0.0,0.0,0.0,0.0,0.0,0.0,0.0,0.0
2021,11,4,4,0.0,0.0,0.0,0.0,0.0,0.0,0.0,0.0
2021,11,4,5,0.0,0.0,0.0,0.0,0.0,0.0,0.0,0.0
2021,11,4,6,0.0,0.0,0.0,0.0,0.0,0.0,0.0,0.0
2021,11,4,7,-0.0,-0.0,-0.0,-0.0,3.201976537542284,2.3141563021350233,0.7479130121749878,2.760659044748192
2021,11,4,8,6.169666604080157,5.122056495937011,4.108797778989947,5.933085783848459,1.257399222069492,0.6133310445625109,-0.0,0.9447502092522105
2021,11,4,9,28.3001122270986,24.631354972449472,23.74179124500703,27.195488177944714,66.79031989349616,58.76417483111106,56.78118094225759,63.23125906776934
2021,11,4,10,68.65511700904776,67.49795504672413,62.341661908835164,65.96735878736199,132.30407105742978,128.1430265768711,123.78374573396763,119.19270824856798
2021,11,4,11,87.43858538196196,94.43267143713408,82.44018522238545,82.2238828312465,166.11769786313252,173.3747044774382,159.0617954639318,142.09148694686377
2021,11,4,12,192.86209403429078,201.59573059688103,186.0599623687318,164.47630827800037,221.02371122454232,226.2846546723377,214.33007188637677,173.50528076216264
2021,11,4,13,135.69963157023514,134.20022637952883,127.2454147181236,124.5122759903336,179.1130726071379,174.62724032152397,170.69909610823694,152.99792850569065
2021,11,4,14,95.2186954779939,84.55058234505098,84.59677459622803,90.52684774817291,129.22791037917034,115.63822622367147,118.21631807706078,117.84701512391223
2021,11,4,15,93.69801972045236,86.7674610478838,82.50436290570872,91.44703660294519,69.0693994059573,61.927927317261094,56.13884959779334,65.67803129437422
2021,11,4,16,67.86760328178119,73.25618334999515,72.09665083119532,70.83790005960289,32.65198752002849,29.379463811800793,23.109263204574717,31.15141330912386
2021,11,4,17,15.082694300339371,12.865283816060588,6.434206613048929,13.496930561664513,6.798011817192811,5.5412199959341155,1.734980414697729,5.819206922769278
2021,11,4,18,0.0,0.0,0.0,0.0,0.0,0.0,0.0,0.0
2021,11,4,19,0.0,0.0,0.0,0.0,0.0,0.0,0.0,0.0
2021,11,4,20,0.0,0.0,0.0,0.0,0.0,0.0,0.0,0.0
2021,11,4,21,0.0,0.0,0.0,0.0,0.0,0.0,0.0,0.0
2021,11,4,22,0.0,0.0,0.0,0.0,0.0,0.0,0.0,0.0
2021,11,4,23,0.0,0.0,0.0,0.0,0.0,0.0,0.0,0.0
2021,11,5,0,0.0,0.0,0.0,0.0,0.0,0.0,0.0,0.0
2021,11,5,1,0.0,0.0,0.0,0.0,0.0,0.0,0.0,0.0
2021,11,5,2,0.0,0.0,0.0,0.0,0.0,0.0,0.0,0.0
2021,11,5,3,0.0,0.0,0.0,0.0,0.0,0.0,0.0,0.0
2021,11,5,4,0.0,0.0,0.0,0.0,0.0,0.0,0.0,0.0
2021,11,5,5,0.0,0.0,0.0,0.0,0.0,0.0,0.0,0.0
2021,11,5,6,0.0,0.0,0.0,0.0,0.0,0.0,0.0,0.0
2021,11,5,7,16.233372008323375,31.919000995538795,55.58513768088004,35.398836983788684,117.84852571702231,206.2573170330603,346.345770686385,219.44478269965165
2021,11,5,8,321.6483082426221,442.1915774789728,553.3030280202271,450.6018005812478,406.19598717652013,555.411024020998,691.5585063517863,564.1466150280817
2021,11,5,9,568.4285783824156,599.1184402182917,750.7782461455298,517.0114347855646,600.4699818336131,631.6162498722722,789.4036793902796,541.8538268169848
2021,11,5,10,709.9854760218839,609.9701064390828,808.9542904763748,405.3103615269509,731.685029150022,628.4668396490544,832.3487133192691,411.02370054409386
2021,11,5,11,801.5734881303989,611.2011492566849,833.3333333333334,215.74209984204353,799.6327757602203,612.5836271935071,833.3333333333334,212.1234284752829
2021,11,5,12,819.8098559171216,619.0004764835237,833.3333333333334,171.49212394481805,808.8534156529778,614.4138003602076,833.3333333333334,166.648234393688
2021,11,5,13,777.1362961240402,650.2642371391775,833.3333333333334,321.35242908618386,758.4079719097028,636.7903969610212,833.3333333333334,311.7249359888491
2021,11,5,14,675.0385492274464,685.4592402655218,833.3333333333334,452.77054009845534,654.0112306571108,662.8780753084096,830.3189249569064,436.3967272727016
2021,11,5,15,527.6249461283973,684.683565533296,833.3333333333334,527.1886108918297,499.8878478183926,646.1606958937613,795.2297491507757,498.27727004760345
2021,11,5,16,311.0228256125506,533.0142808673287,765.4109105162714,407.12793324156735,281.7700116149827,483.36044823517847,689.7869355121763,370.3848983300508
2021,11,5,17,14.391207438415424,12.381779736319741,333.10801698664784,12.895687916594209,8.709601843453026,7.3328742274616525,220.90815920799722,7.586935748064499
2021,11,5,18,0.0,0.0,0.0,0.0,0.0,0.0,0.0,0.0
2021,11,5,19,0.0,0.0,0.0,0.0,0.0,0.0,0.0,0.0
2021,11,5,20,0.0,0.0,0.0,0.0,0.0,0.0,0.0,0.0
2021,11,5,21,0.0,0.0,0.0,0.0,0.0,0.0,0.0,0.0
2021,11,5,22,0.0,0.0,0.0,0.0,0.0,0.0,0.0,0.0
2021,11,5,23,0.0,0.0,0.0,0.0,0.0,0.0,0.0,0.0
2021,11,6,0,0.0,0.0,0.0,0.0,0.0,0.0,0.0,0.0
2021,11,6,1,0.0,0.0,0.0,0.0,0.0,0.0,0.0,0.0
2021,11,6,2,0.0,0.0,0.0,0.0,0.0,0.0,0.0,0.0
2021,11,6,3,0.0,0.0,0.0,0.0,0.0,0.0,0.0,0.0
2021,11,6,4,0.0,0.0,0.0,0.0,0.0,0.0,0.0,0.0
2021,11,6,5,0.0,0.0,0.0,0.0,0.0,0.0,0.0,0.0
2021,11,6,6,0.0,0.0,0.0,0.0,0.0,0.0,0.0,0.0
2021,11,6,7,14.288451079611722,28.100735214763013,49.443676706895786,31.548399213932292,116.68196540525169,201.89564167702832,344.4425978014905,214.76748365862105
2021,11,6,8,310.8729929536665,425.90282288236796,534.2050614018984,435.07504819037587,407.80193831730463,556.3893231068772,694.5526311710929,565.6376436560098
2021,11,6,9,554.472522886409,582.6301175960623,729.7452861086246,505.5070551592329,603.6081085200517,633.5110809159662,792.7248201793758,544.4056457450641
2021,11,6,10,701.7444338114911,602.28377689745,799.4065394660616,402.1922012749878,730.1983311642475,626.1408752138958,830.8757571533534,410.11922785075876
2021,11,6,11,771.0737234058615,590.9885662133354,819.921041612268,215.26373729163402,792.6929842366721,606.5495296649426,833.3333333333334,209.6070335874308
2021,11,6,12,795.4731120580952,601.9016794115919,833.3333333333334,174.1758500678974,799.9523184478473,607.4951466752149,833.3333333333334,165.00208715138135
2021,11,6,13,762.4895873015805,637.5228032508145,833.3333333333334,319.8550082147993,751.4635361248154,630.3449725405799,833.3333333333334,310.5456233860719
2021,11,6,14,659.0549909881237,667.3646961607177,833.3333333333334,447.5774902653021,647.4629449702817,654.764747900394,821.0996081482889,433.8048047189751
2021,11,6,15,513.3796726376639,660.9109410865135,814.656782262749,519.1868051577812,497.4735517588118,640.86226412082,790.0797357551313,497.1365661612977
2021,11,6,16,303.2280775079379,510.3890425689202,737.54567856524,393.2922898048086,280.1947980707901,475.5648939802139,685.5548339440511,364.89602373279365
2021,11,6,17,14.300572636567715,12.169749111093747,5.666223695833225,12.78089504672454,8.493300972912087,7.038935627924555,2.602286912652878,7.363332889363254
2021,11,6,18,0.0,0.0,0.0,0.0,0.0,0.0,0.0,0.0
2021,11,6,19,0.0,0.0,0.0,0.0,0.0,0.0,0.0,0.0
2021,11,6,20,0.0,0.0,0.0,0.0,0.0,0.0,0.0,0.0
2021,11,6,21,0.0,0.0,0.0,0.0,0.0,0.0,0.0,0.0
2021,11,6,22,0.0,0.0,0.0,0.0,0.0,0.0,0.0,0.0
2021,11,6,23,0.0,0.0,0.0,0.0,0.0,0.0,0.0,0.0
2021,11,7,0,0.0,0.0,0.0,0.0,0.0,0.0,0.0,0.0
2021,11,7,1,0.0,0.0,0.0,0.0,0.0,0.0,0.0,0.0
2021,11,7,2,0.0,0.0,0.0,0.0,0.0,0.0,0.0,0.0
2021,11,7,3,0.0,0.0,0.0,0.0,0.0,0.0,0.0,0.0
2021,11,7,4,0.0,0.0,0.0,0.0,0.0,0.0,0.0,0.0
2021,11,7,5,0.0,0.0,0.0,0.0,0.0,0.0,0.0,0.0
2021,11,7,6,0.0,0.0,0.0,0.0,0.0,0.0,0.0,0.0
2021,11,7,7,113.47846145127677,184.60197180631627,298.28083311413945,202.87369782219378,105.98352864645257,181.93289987783496,311.7041465010615,195.35333869239275
2021,11,7,8,445.1721959974277,601.7822695580497,750.4546269864704,615.6797769950214,394.50498397157605,535.6887044434218,669.5985163972542,545.4839665631164
2021,11,7,9,618.713832807295,648.4191312527959,813.9607716498657,564.0610500540284,589.1019666794529,617.306759881064,775.5097375885986,530.2817555594175
2021,11,7,10,737.1180934958091,630.6686258036498,833.3333333333334,421.9092676239038,707.7839860457036,606.8080026891847,804.2765613191376,398.7192974384126
2021,11,7,11,792.9654875969761,604.2997885603944,833.3333333333334,218.16399307108946,774.1368433729451,592.9779063106193,822.3678051826661,205.5274777115801
2021,11,7,12,791.972329988052,598.5800461003998,833.3333333333334,170.6998740625461,784.576134665147,595.4449580167902,829.4246110027656,160.41562583211552
2021,11,7,13,743.3456833505019,620.6478092316174,833.3333333333334,313.1202681267948,741.7873227565135,620.9156841530398,829.6682828522934,304.4433660237455
2021,11,7,14,632.67841752269,639.3345051877405,807.0201966055149,428.66437698889837,643.6197660350421,649.0989807305456,816.9922553330572,427.4821177792768
2021,11,7,15,475.95908836191893,616.5309458140084,768.9288882049559,473.6197503078681,495.2945666269564,636.7889932029562,788.0686342592666,491.03823371905327
2021,11,7,16,235.51322095069952,402.9972806488237,599.2960266998989,303.3785519528099,278.2428193304683,467.48772278479936,682.0529698416882,356.7563831387517
2021,11,7,17,0.4955146179074351,-0.0,-0.0,0.12015665234643685,8.05013756154654,6.64734568617811,2.354337401235719,6.930733848440372
2021,11,7,18,0.0,0.0,0.0,0.0,0.0,0.0,0.0,0.0
2021,11,7,19,0.0,0.0,0.0,0.0,0.0,0.0,0.0,0.0
2021,11,7,20,0.0,0.0,0.0,0.0,0.0,0.0,0.0,0.0
2021,11,7,21,0.0,0.0,0.0,0.0,0.0,0.0,0.0,0.0
2021,11,7,22,0.0,0.0,0.0,0.0,0.0,0.0,0.0,0.0
2021,11,7,23,0.0,0.0,0.0,0.0,0.0,0.0,0.0,0.0
2021,11,8,0,0.0,0.0,0.0,0.0,0.0,0.0,0.0,0.0
2021,11,8,1,0.0,0.0,0.0,0.0,0.0,0.0,0.0,0.0
2021,11,8,2,0.0,0.0,0.0,0.0,0.0,0.0,0.0,0.0
2021,11,8,3,0.0,0.0,0.0,0.0,0.0,0.0,0.0,0.0
2021,11,8,4,0.0,0.0,0.0,0.0,0.0,0.0,0.0,0.0
2021,11,8,5,0.0,0.0,0.0,0.0,0.0,0.0,0.0,0.0
2021,11,8,6,0.0,0.0,0.0,0.0,0.0,0.0,0.0,0.0
2021,11,8,7,122.80781638047618,203.1803804760799,343.040386935479,221.7339969578975,108.3096145105964,182.898701501163,320.65159605681885,195.31724015560363
2021,11,8,8,433.8656960044796,585.8548750729437,733.3830825765767,600.2106256287951,390.432570967156,530.2249079235603,665.482641875757,540.1985942113614
2021,11,8,9,602.2792770428011,629.962688787513,793.0772992906616,549.3181983661927,576.1866307513317,602.0879819220916,757.2523398334432,518.4806653314125
2021,11,8,10,723.1911928429265,616.6616941594093,827.9449434051004,412.98264713459884,697.3985250700197,596.0732468294935,794.070292654466,391.34211363855036
2021,11,8,11,789.0924710647628,596.472185347784,833.3333333333334,216.14530191208377,760.0486564082383,579.5545401659914,808.7917005483641,199.83363824160023
2021,11,8,12,789.3310486187394,591.3900623379224,833.3333333333334,170.51640912433393,773.4314899763283,583.5953864025837,819.1900529143047,154.99433277886493
2021,11,8,13,737.0397566643746,612.1437020616465,831.0459833789773,308.40222736663816,732.4646554367715,610.1936222191297,821.435582563262,296.7930363488531
2021,11,8,14,626.7844596265668,631.8549505591894,805.1611997673537,418.26029717464513,633.7403757070585,637.6987224901524,807.5002158995873,417.60108675035866
2021,11,8,15,463.98670375253363,600.887351904133,754.6828823704544,457.7111018000454,488.305649739147,627.4952250792409,780.8355289549839,481.2825182671901
2021,11,8,16,222.20428432891413,376.5050819352064,567.6053486486265,282.10623170173506,272.2034416302902,453.97469303392126,671.901092159772,344.0993556323457
2021,11,8,17,0.0,0.0,0.0,0.0,0.0,0.0,0.0,0.0
2021,11,8,18,0.0,0.0,0.0,0.0,0.0,0.0,0.0,0.0
2021,11,8,19,0.0,0.0,0.0,0.0,0.0,0.0,0.0,0.0
2021,11,8,20,0.0,0.0,0.0,0.0,0.0,0.0,0.0,0.0
2021,11,8,21,0.0,0.0,0.0,0.0,0.0,0.0,0.0,0.0
2021,11,8,22,0.0,0.0,0.0,0.0,0.0,0.0,0.0,0.0
2021,11,8,23,0.0,0.0,0.0,0.0,0.0,0.0,0.0,0.0
2021,11,9,0,0.0,0.0,0.0,0.0,0.0,0.0,0.0,0.0
2021,11,9,1,0.0,0.0,0.0,0.0,0.0,0.0,0.0,0.0
2021,11,9,2,0.0,0.0,0.0,0.0,0.0,0.0,0.0,0.0
2021,11,9,3,0.0,0.0,0.0,0.0,0.0,0.0,0.0,0.0
2021,11,9,4,0.0,0.0,0.0,0.0,0.0,0.0,0.0,0.0
2021,11,9,5,0.0,0.0,0.0,0.0,0.0,0.0,0.0,0.0
2021,11,9,6,0.0,0.0,0.0,0.0,0.0,0.0,0.0,0.0
2021,11,9,7,65.46877681571627,84.67826223316791,102.03121854149538,100.00242790698549,10.664437262325158,9.05197591286774,6.152912652052184,9.891211927967488
2021,11,9,8,210.08530030478187,237.0799745900453,271.0004000690187,255.64140468568814,123.7218894579533,132.3638725979174,143.0045282598139,141.0771417202706
2021,11,9,9,314.50293201164357,305.39913306864,357.0326099718198,299.39707489592683,207.7394513333971,197.64797727441388,222.82600660922787,194.7782508281953
2021,11,9,10,601.5434869284228,524.1063759968446,675.3335068098637,396.0060672998651,440.3252554238307,385.4567741556338,488.7080040436233,288.9484362901949
2021,11,9,11,672.1474472739525,522.8186269353218,717.7747593958323,243.09522555320626,596.5927337098481,466.8174253189594,635.0585003424287,212.42500112730488
2021,11,9,12,637.0553852923688,501.0410044508099,675.0349684294741,218.90178967867536,599.9877395759175,471.06130800607923,634.3601855602591,190.4570310246245
2021,11,9,13,565.1392737077778,487.9320494080113,620.1799150664443,313.29373861582786,544.7210712041849,464.53159076267,603.7762906041379,275.0697048445817
2021,11,9,14,260.9869303583567,244.23332573391656,280.67020405825434,221.71807777218046,443.70097978791017,435.5054318776573,540.1019855090788,320.0084308908285
2021,11,9,15,184.7258806363652,196.5891675284112,219.44820496549517,183.74236316334085,198.3557179062405,211.70908498148626,236.51948549437125,194.19483381363375
2021,11,9,16,105.60331146733193,147.2963300097267,191.41250437319235,121.22463348629391,178.20882814265104,261.3134300056683,343.1701464472592,206.23491445015745
2021,11,9,17,0.0,0.0,0.0,0.0,0.0,0.0,0.0,0.0
2021,11,9,18,0.0,0.0,0.0,0.0,0.0,0.0,0.0,0.0
2021,11,9,19,0.0,0.0,0.0,0.0,0.0,0.0,0.0,0.0
2021,11,9,20,0.0,0.0,0.0,0.0,0.0,0.0,0.0,0.0
2021,11,9,21,0.0,0.0,0.0,0.0,0.0,0.0,0.0,0.0
2021,11,9,22,0.0,0.0,0.0,0.0,0.0,0.0,0.0,0.0
2021,11,9,23,0.0,0.0,0.0,0.0,0.0,0.0,0.0,0.0
2021,11,10,0,0.0,0.0,0.0,0.0,0.0,0.0,0.0,0.0
2021,11,10,1,0.0,0.0,0.0,0.0,0.0,0.0,0.0,0.0
2021,11,10,2,0.0,0.0,0.0,0.0,0.0,0.0,0.0,0.0
2021,11,10,3,0.0,0.0,0.0,0.0,0.0,0.0,0.0,0.0
2021,11,10,4,0.0,0.0,0.0,0.0,0.0,0.0,0.0,0.0
2021,11,10,5,0.0,0.0,0.0,0.0,0.0,0.0,0.0,0.0
2021,11,10,6,0.0,0.0,0.0,0.0,0.0,0.0,0.0,0.0
2021,11,10,7,21.18680459419781,18.619880831080117,13.861737518256612,20.886582386482697,7.514114723106332,6.098559315504306,3.4985445104630517,6.831946958702937
2021,11,10,8,80.99487092170502,76.65425434248594,73.00194322201648,84.06349808051155,22.278413245799722,19.08531609232527,15.637992206122167,20.828897041552757
2021,11,10,9,174.25805076514857,164.1137627789502,182.23384838040417,168.27207105845133,193.8685338884255,183.2780682306436,205.13198259987345,183.41738911828878
2021,11,10,10,438.8529193348296,384.65827684291094,487.5138332452776,301.48385684408214,455.6017817166547,397.7068200474793,506.64697456719745,300.554311806633
2021,11,10,11,320.6982693740137,292.30046414874505,325.4127739733581,207.79048115924147,15.957082020427283,17.864553437709194,14.365370624043326,14.92505143753794
2021,11,10,12,715.0678635283879,549.4203514191574,760.8438396882431,211.92008627589868,588.7929325328564,458.94533217256185,624.6007038599071,188.28633528689483
2021,11,10,13,642.6382462354519,537.7668908745251,724.0039614682742,304.49844292963286,705.7066926875943,582.3878597299727,798.1074030370531,286.5840558864668
2021,11,10,14,532.0853528422967,526.8554285871526,667.9054186223249,378.8467953057442,609.567715547496,610.876286532057,784.181285476099,400.4708717141383
2021,11,10,15,229.11586898820008,262.6305510658348,311.21594377337345,226.46252505950292,460.0250280775898,588.952735030399,741.1952956946549,450.70289247776236
2021,11,10,16,98.49241484214065,138.6437154017204,186.02815130900476,112.68113492366315,87.15982725959552,103.9172159371129,112.46697642201285,91.02423865735796
2021,11,10,17,0.0,0.0,0.0,0.0,0.0,0.0,0.0,0.0
2021,11,10,18,0.0,0.0,0.0,0.0,0.0,0.0,0.0,0.0
2021,11,10,19,0.0,0.0,0.0,0.0,0.0,0.0,0.0,0.0
2021,11,10,20,0.0,0.0,0.0,0.0,0.0,0.0,0.0,0.0
2021,11,10,21,0.0,0.0,0.0,0.0,0.0,0.0,0.0,0.0
2021,11,10,22,0.0,0.0,0.0,0.0,0.0,0.0,0.0,0.0
2021,11,10,23,0.0,0.0,0.0,0.0,0.0,0.0,0.0,0.0
2021,11,11,0,0.0,0.0,0.0,0.0,0.0,0.0,0.0,0.0
2021,11,11,1,0.0,0.0,0.0,0.0,0.0,0.0,0.0,0.0
2021,11,11,2,0.0,0.0,0.0,0.0,0.0,0.0,0.0,0.0
2021,11,11,3,0.0,0.0,0.0,0.0,0.0,0.0,0.0,0.0
2021,11,11,4,0.0,0.0,0.0,0.0,0.0,0.0,0.0,0.0
2021,11,11,5,0.0,0.0,0.0,0.0,0.0,0.0,0.0,0.0
2021,11,11,6,0.0,0.0,0.0,0.0,0.0,0.0,0.0,0.0
2021,11,11,7,70.31362681611118,103.19570833514055,158.716539209141,118.20850998664031,54.74960238045059,88.90261302385295,156.0872003104849,98.72539821284954
2021,11,11,8,1.8188886148412806,1.2009319708173614,0.5496819316857272,1.666937539175913,-0.0,-0.0,-0.0,-0.0
2021,11,11,9,45.15805826882885,39.65857582265254,37.90597601197481,43.63734122788078,129.39464990964254,117.177731425804,119.99354784015699,122.11016451298899
2021,11,11,10,110.13069003600467,103.78085578707957,107.40136022626304,97.35778468762156,65.22938561918043,63.699623816560255,57.90149979065974,61.46823708366164
2021,11,11,11,508.7509248114442,418.5419697059455,536.7695136780471,246.19564775232232,720.7795983414234,542.1967880592198,773.4002758100149,197.41825805618717
2021,11,11,12,787.3336577707419,587.8467113850656,833.3333333333334,190.50992735513094,736.0349300338736,550.8730245357757,783.4473909440337,156.77804066674844
2021,11,11,13,686.5200749537604,567.698218302422,778.7894662087874,303.72107738427746,698.165166494384,577.3241540445815,786.31717802366,288.61208010146265
2021,11,11,14,578.2481277548908,573.4737173787483,731.5085992569175,404.19140124709696,613.3502115382179,613.2242437600897,787.1536128993129,405.3585408210713
2021,11,11,15,415.65082858212975,519.4942344075555,650.9582276476827,410.43081831813987,468.47430048251664,596.6180017265449,750.1530411184361,460.483661986431
2021,11,11,16,175.59505767404198,281.09181653787044,426.8392538630024,212.07523408472335,259.893491036582,419.4732852299154,640.867136976112,317.1151318853555
2021,11,11,17,0.0,0.0,0.0,0.0,0.0,0.0,0.0,0.0
2021,11,11,18,0.0,0.0,0.0,0.0,0.0,0.0,0.0,0.0
2021,11,11,19,0.0,0.0,0.0,0.0,0.0,0.0,0.0,0.0
2021,11,11,20,0.0,0.0,0.0,0.0,0.0,0.0,0.0,0.0
2021,11,11,21,0.0,0.0,0.0,0.0,0.0,0.0,0.0,0.0
2021,11,11,22,0.0,0.0,0.0,0.0,0.0,0.0,0.0,0.0
2021,11,11,23,0.0,0.0,0.0,0.0,0.0,0.0,0.0,0.0
2021,11,12,0,0.0,0.0,0.0,0.0,0.0,0.0,0.0,0.0
2021,11,12,1,0.0,0.0,0.0,0.0,0.0,0.0,0.0,0.0
2021,11,12,2,0.0,0.0,0.0,0.0,0.0,0.0,0.0,0.0
2021,11,12,3,0.0,0.0,0.0,0.0,0.0,0.0,0.0,0.0
2021,11,12,4,0.0,0.0,0.0,0.0,0.0,0.0,0.0,0.0
2021,11,12,5,0.0,0.0,0.0,0.0,0.0,0.0,0.0,0.0
2021,11,12,6,0.0,0.0,0.0,0.0,0.0,0.0,0.0,0.0
2021,11,12,7,31.74194336469182,31.89453695019126,29.690127902301903,36.46831628525179,88.30143234994145,143.6692442973734,267.24358305218084,155.3587011798807
2021,11,12,8,166.01647587110435,186.30391828376372,212.09957536972328,200.36914375697486,365.17570228978195,490.521557538295,621.4538859315587,503.4017531778276
2021,11,12,9,567.8742393972276,589.3143907376742,751.7193962294773,521.9191970382278,549.040012737664,569.7912289465194,724.9131603355453,494.5510360352899
2021,11,12,10,689.4928010625871,584.6450218719575,793.3170292104422,400.9833362095231,660.721974387853,560.8278217942396,756.262519448458,372.89958932509
2021,11,12,11,744.6029678283027,575.3620285242962,796.9478894398804,261.5993956113701,710.2882747446616,540.7555600688303,758.0565563663487,195.03508962350415
2021,11,12,12,650.6945854888972,489.6370839995294,697.2540160017924,181.17213822228265,732.0842393613096,549.5933027393886,778.0117247881655,150.6207882083114
2021,11,12,13,696.5276871349491,572.0108846176292,790.6970510976615,292.44564803164457,703.5657928057558,579.8328005007396,793.269927396948,282.9544528173344
2021,11,12,14,588.8114653093446,587.7929105246837,760.4490495476579,393.9062720062596,614.9934950513566,612.753764616345,787.1501143739736,402.74362880501593
2021,11,12,15,418.3517955310387,532.9940932870886,678.4992410750158,410.73649645130695,468.6411849838212,594.21740743044,747.6338568651736,457.955438830045
2021,11,12,16,190.07726120931102,306.9158900019368,477.75098373298283,229.52519104199328,259.54922278983184,413.06650881298583,634.3668207969503,312.7983449981023
2021,11,12,17,0.0,0.0,0.0,0.0,0.0,0.0,0.0,0.0
2021,11,12,18,0.0,0.0,0.0,0.0,0.0,0.0,0.0,0.0
2021,11,12,19,0.0,0.0,0.0,0.0,0.0,0.0,0.0,0.0
2021,11,12,20,0.0,0.0,0.0,0.0,0.0,0.0,0.0,0.0
2021,11,12,21,0.0,0.0,0.0,0.0,0.0,0.0,0.0,0.0
2021,11,12,22,0.0,0.0,0.0,0.0,0.0,0.0,0.0,0.0
2021,11,12,23,0.0,0.0,0.0,0.0,0.0,0.0,0.0,0.0
2021,11,13,0,0.0,0.0,0.0,0.0,0.0,0.0,0.0,0.0
2021,11,13,1,0.0,0.0,0.0,0.0,0.0,0.0,0.0,0.0
2021,11,13,2,0.0,0.0,0.0,0.0,0.0,0.0,0.0,0.0
2021,11,13,3,0.0,0.0,0.0,0.0,0.0,0.0,0.0,0.0
2021,11,13,4,0.0,0.0,0.0,0.0,0.0,0.0,0.0,0.0
2021,11,13,5,0.0,0.0,0.0,0.0,0.0,0.0,0.0,0.0
2021,11,13,6,0.0,0.0,0.0,0.0,0.0,0.0,0.0,0.0
2021,11,13,7,186.00800615869986,285.596521793421,539.2846925789062,302.5437851322737,8.731431330703181,7.152299828455552,4.136411044477068,7.8027261581470615
2021,11,13,8,462.4712220930255,623.6853121323309,798.236218454101,642.7337502640478,412.4208974871988,556.8104396483147,710.687420754539,570.1503279366632
2021,11,13,9,645.8815213037559,670.9423408062013,833.3333333333334,586.2209820405295,613.864102267166,636.9790431386888,817.8508764819318,547.7913801725375
2021,11,13,10,763.110658111275,642.2769666128853,833.3333333333334,431.5449663157337,742.2067835281435,624.2106493860098,833.3333333333334,404.7973745846544
2021,11,13,11,802.5970935175186,599.5334578823418,833.3333333333334,223.44763923823027,806.3694835702491,601.1359920450527,833.3333333333334,198.47490649079623
2021,11,13,12,799.8305679723735,590.1393857474254,833.3333333333334,171.40117623314842,809.3227437365989,597.6083283992434,833.3333333333334,149.90162471383215
2021,11,13,13,752.2260564313154,615.3425653957677,833.3333333333334,307.6448974406677,756.8124535940176,619.7480187734893,833.3333333333334,294.3350208642327
2021,11,13,14,635.0030289113342,632.4499856299665,819.7673649890997,419.08627567421604,649.8623461527952,646.0151161177631,833.2713144711281,418.48629368846576
2021,11,13,15,467.6982586125585,597.9461475000188,763.0270058641372,457.123268766566,493.87137560711835,627.5690798962988,793.3482527685044,480.79333593032914
2021,11,13,16,218.43914267844642,350.2825641409045,553.8895844190911,263.3956382202962,268.35156749699615,423.2619666681265,659.4836176251086,321.7449672162649
2021,11,13,17,0.0,0.0,0.0,0.0,0.0,0.0,0.0,0.0
2021,11,13,18,0.0,0.0,0.0,0.0,0.0,0.0,0.0,0.0
2021,11,13,19,0.0,0.0,0.0,0.0,0.0,0.0,0.0,0.0
2021,11,13,20,0.0,0.0,0.0,0.0,0.0,0.0,0.0,0.0
2021,11,13,21,0.0,0.0,0.0,0.0,0.0,0.0,0.0,0.0
2021,11,13,22,0.0,0.0,0.0,0.0,0.0,0.0,0.0,0.0
2021,11,13,23,0.0,0.0,0.0,0.0,0.0,0.0,0.0,0.0
2021,11,14,0,0.0,0.0,0.0,0.0,0.0,0.0,0.0,0.0
2021,11,14,1,0.0,0.0,0.0,0.0,0.0,0.0,0.0,0.0
2021,11,14,2,0.0,0.0,0.0,0.0,0.0,0.0,0.0,0.0
2021,11,14,3,0.0,0.0,0.0,0.0,0.0,0.0,0.0,0.0
2021,11,14,4,0.0,0.0,0.0,0.0,0.0,0.0,0.0,0.0
2021,11,14,5,0.0,0.0,0.0,0.0,0.0,0.0,0.0,0.0
2021,11,14,6,0.0,0.0,0.0,0.0,0.0,0.0,0.0,0.0
2021,11,14,7,162.68498901032817,248.15457055872824,463.71936958830804,267.45638629884735,76.84753838200324,122.73512017238176,234.02777207902358,134.30824356584122
2021,11,14,8,375.87674114622075,493.50277833449667,626.8800764016302,516.2323665484506,355.25845751193657,474.81567345554873,604.7433515618593,489.4941677644099
2021,11,14,9,583.2474075974562,602.9527488644804,774.9861656991602,536.4851790944937,546.5750898974624,565.6443290462784,724.7642838897596,492.69080948403894
2021,11,14,10,685.069505188332,576.5098288996841,794.2238274853839,395.7698513112489,671.3480148404891,565.9514480083976,773.1316181141307,375.8436768496304
2021,11,14,11,752.7633727396848,561.6019466081193,811.51776214111,212.85477378322415,728.9738211325468,548.0256580499888,781.8598189962242,195.33062952765272
2021,11,14,12,752.7230552848446,554.6875635865956,807.2416648635682,166.64790129497968,740.1500402923751,549.869971181414,789.2472441915369,145.87583127552426
2021,11,14,13,702.1209628679403,573.352560840552,797.7441620491039,292.77143845698146,693.8804759437439,570.4985298071092,780.9713558058078,281.07778448545673
2021,11,14,14,604.3760207732645,600.3643896020296,785.5572743443743,397.2252216577484,604.9819448865276,600.0107975253002,773.6703067429248,397.1693780327008
2021,11,14,15,432.4188699608539,548.8663865195358,702.4485877808594,422.40322085394234,462.3773304044329,583.0283300863165,736.8047250073739,452.5715382747004
2021,11,14,16,169.516366361087,266.1931609745115,417.559221567574,200.47345211804026,253.85742201922778,397.0842721156076,621.6303030837929,300.2152934981537
2021,11,14,17,0.0,0.0,0.0,0.0,0.0,0.0,0.0,0.0
2021,11,14,18,0.0,0.0,0.0,0.0,0.0,0.0,0.0,0.0
2021,11,14,19,0.0,0.0,0.0,0.0,0.0,0.0,0.0,0.0
2021,11,14,20,0.0,0.0,0.0,0.0,0.0,0.0,0.0,0.0
2021,11,14,21,0.0,0.0,0.0,0.0,0.0,0.0,0.0,0.0
2021,11,14,22,0.0,0.0,0.0,0.0,0.0,0.0,0.0,0.0
2021,11,14,23,0.0,0.0,0.0,0.0,0.0,0.0,0.0,0.0
2021,11,15,0,0.0,0.0,0.0,0.0,0.0,0.0,0.0,0.0
2021,11,15,1,0.0,0.0,0.0,0.0,0.0,0.0,0.0,0.0
2021,11,15,2,0.0,0.0,0.0,0.0,0.0,0.0,0.0,0.0
2021,11,15,3,0.0,0.0,0.0,0.0,0.0,0.0,0.0,0.0
2021,11,15,4,0.0,0.0,0.0,0.0,0.0,0.0,0.0,0.0
2021,11,15,5,0.0,0.0,0.0,0.0,0.0,0.0,0.0,0.0
2021,11,15,6,0.0,0.0,0.0,0.0,0.0,0.0,0.0,0.0
2021,11,15,7,140.06215042532253,211.10406021649374,394.62971900507154,230.40147207110974,71.95632674828322,113.88840706818253,221.17475537925188,124.91178126539081
2021,11,15,8,393.91441528430556,526.0993815879114,676.1599899858504,546.6041433431008,347.93615235161525,466.20871408213446,597.0374760113639,480.43474321722914
2021,11,15,9,566.429370701262,585.7924146967982,760.4289392201257,519.13241335024,538.67302931586,557.0492346326207,717.6888888568056,482.90699089206294
2021,11,15,10,474.0205380454719,415.8013835896981,519.7270380179147,334.49113138810714,658.9741679022286,554.5766797314916,757.9367504210185,365.6907595616742
2021,11,15,11,522.7307204207267,416.6672292340727,556.3235418063553,225.86625633286343,721.5769408756703,539.2059080509438,775.0293460611293,184.692677532794
2021,11,15,12,632.3105833025893,472.65254384243343,680.0945943364904,179.195093134281,734.1539267935156,542.2914020369806,783.9619140042415,139.03886717658847
2021,11,15,13,542.3709941977035,454.1392434858439,607.8803358505993,277.38250183550866,693.5816968216559,566.6636254529355,782.9048010633929,272.4935499148147
2021,11,15,14,364.3979101530709,353.3867174319998,449.2699118076385,264.56975477225404,604.7599783621819,598.0519930600898,776.7983477683257,389.0252048008568
2021,11,15,15,436.4235571718101,550.367921557296,706.2735472407486,425.08073346830855,457.9839189474968,576.7380617521148,732.2238101682315,444.10760399441784
2021,11,15,16,194.36857396483651,307.74107705011846,497.23640944436863,226.98876455146532,249.7839838750031,387.3702038954124,612.6229215843724,291.49145021325165
2021,11,15,17,0.0,0.0,0.0,0.0,0.0,0.0,0.0,0.0
2021,11,15,18,0.0,0.0,0.0,0.0,0.0,0.0,0.0,0.0
2021,11,15,19,0.0,0.0,0.0,0.0,0.0,0.0,0.0,0.0
2021,11,15,20,0.0,0.0,0.0,0.0,0.0,0.0,0.0,0.0
2021,11,15,21,0.0,0.0,0.0,0.0,0.0,0.0,0.0,0.0
2021,11,15,22,0.0,0.0,0.0,0.0,0.0,0.0,0.0,0.0
2021,11,15,23,0.0,0.0,0.0,0.0,0.0,0.0,0.0,0.0
2021,11,16,0,0.0,0.0,0.0,0.0,0.0,0.0,0.0,0.0
2021,11,16,1,0.0,0.0,0.0,0.0,0.0,0.0,0.0,0.0
2021,11,16,2,0.0,0.0,0.0,0.0,0.0,0.0,0.0,0.0
2021,11,16,3,0.0,0.0,0.0,0.0,0.0,0.0,0.0,0.0
2021,11,16,4,0.0,0.0,0.0,0.0,0.0,0.0,0.0,0.0
2021,11,16,5,0.0,0.0,0.0,0.0,0.0,0.0,0.0,0.0
2021,11,16,6,0.0,0.0,0.0,0.0,0.0,0.0,0.0,0.0
2021,11,16,7,149.12635673313724,224.1015514867063,440.665864487026,242.6240252781296,62.31323522778422,98.46219413657363,191.97627047599102,109.60394772027611
2021,11,16,8,404.21795869827474,542.4874482627592,702.1255619103064,563.5802599331589,343.72699355243054,461.5025356158993,595.5996749591592,476.9000542646565
2021,11,16,9,584.4246873732488,604.2254822902436,786.1389153934476,534.604174071706,542.559337975349,560.5153077545634,727.7726585498657,486.10208868544083
2021,11,16,10,643.8904191260365,543.0243749605085,746.3370980266849,390.62811996845267,666.3532663296745,558.0252646965646,770.0524478104057,367.68954457300936
2021,11,16,11,708.6680977444823,526.6259345328492,769.6245688872478,222.44343648549918,734.330108250294,544.3486367681855,791.4068059973174,186.86258196192003
2021,11,16,12,777.1951517007249,568.8108924168068,833.3333333333334,182.63393549839486,751.6420531023672,549.9019288392551,805.1869201938525,139.2896027318367
2021,11,16,13,666.7349906135188,541.3876596174523,762.5035475521639,284.8156965672724,706.9710763620205,573.5348148642198,801.3609110752967,271.6839292689292
2021,11,16,14,605.7732484012139,596.8601951846255,783.9365757738927,404.75770373295575,614.7413565410482,606.2697446982177,794.5473912207494,388.5733394376387
2021,11,16,15,459.2243775313147,577.9830007883343,744.4393753858297,444.3421936027236,465.10963298946115,586.5296476206789,750.6202637720788,445.34793142789937
2021,11,16,16,205.19503203091264,314.2065433941233,503.11209855025857,235.76859832421306,251.90843145510797,388.577342359284,623.6826222141802,289.6567079450737
2021,11,16,17,0.0,0.0,0.0,0.0,0.0,0.0,0.0,0.0
2021,11,16,18,0.0,0.0,0.0,0.0,0.0,0.0,0.0,0.0
2021,11,16,19,0.0,0.0,0.0,0.0,0.0,0.0,0.0,0.0
2021,11,16,20,0.0,0.0,0.0,0.0,0.0,0.0,0.0,0.0
2021,11,16,21,0.0,0.0,0.0,0.0,0.0,0.0,0.0,0.0
2021,11,16,22,0.0,0.0,0.0,0.0,0.0,0.0,0.0,0.0
2021,11,16,23,0.0,0.0,0.0,0.0,0.0,0.0,0.0,0.0
2021,11,17,0,0.0,0.0,0.0,0.0,0.0,0.0,0.0,0.0
2021,11,17,1,0.0,0.0,0.0,0.0,0.0,0.0,0.0,0.0
2021,11,17,2,0.0,0.0,0.0,0.0,0.0,0.0,0.0,0.0
2021,11,17,3,0.0,0.0,0.0,0.0,0.0,0.0,0.0,0.0
2021,11,17,4,0.0,0.0,0.0,0.0,0.0,0.0,0.0,0.0
2021,11,17,5,0.0,0.0,0.0,0.0,0.0,0.0,0.0,0.0
2021,11,17,6,0.0,0.0,0.0,0.0,0.0,0.0,0.0,0.0
2021,11,17,7,102.53416339088768,152.14467862345063,285.94807778227096,170.21619738494127,50.70101239732028,80.58622917751504,155.4860595179865,91.7828035816828
2021,11,17,8,391.1233770820978,522.8257789704971,679.3016498860957,545.3933402931224,331.855174766478,445.51955699537336,578.3177328524953,461.4311171813879
2021,11,17,9,560.3030529297735,577.6961128520807,754.9761785902147,514.7920729576614,528.9493768378438,545.6644148284777,710.8060288867912,475.0364820106307
2021,11,17,10,612.4863502088028,518.8876473574364,704.695783375762,381.4247185241528,657.6481655699937,548.9207678030066,763.7332658574657,361.7142333404997
2021,11,17,11,707.669726360604,522.2773324390142,770.2868925855225,215.44136468243485,722.8217785372727,535.0686385811048,779.9661392988625,185.9806960447615
2021,11,17,12,551.0532266033761,414.87061408817505,592.7760423603664,169.9064041655781,736.0743088927171,537.8648629854246,789.2788167131076,138.64946169997847
2021,11,17,13,555.8510376160693,456.20001718213064,630.585634039556,259.55678902258956,696.8991883349198,562.9547859677797,792.7135018403957,265.87521321268974
2021,11,17,14,516.0580161110956,504.09926821277554,657.8039315989508,355.38196914444785,600.6084979985033,590.6706991822745,775.0758373153739,381.86157540543235
2021,11,17,15,391.90768824055823,481.81469868906515,615.3997870277932,380.61871147296426,453.3525670492526,568.8090294690314,728.7207775588826,434.68566662639904
2021,11,17,16,161.87280502326735,244.45065380352864,386.8707217161277,183.3874868367302,245.2245406442166,373.88605449169825,603.3906726119976,279.4036336704389
2021,11,17,17,0.0,0.0,0.0,0.0,0.0,0.0,0.0,0.0
2021,11,17,18,0.0,0.0,0.0,0.0,0.0,0.0,0.0,0.0
2021,11,17,19,0.0,0.0,0.0,0.0,0.0,0.0,0.0,0.0
2021,11,17,20,0.0,0.0,0.0,0.0,0.0,0.0,0.0,0.0
2021,11,17,21,0.0,0.0,0.0,0.0,0.0,0.0,0.0,0.0
2021,11,17,22,0.0,0.0,0.0,0.0,0.0,0.0,0.0,0.0
2021,11,17,23,0.0,0.0,0.0,0.0,0.0,0.0,0.0,0.0
2021,11,18,0,0.0,0.0,0.0,0.0,0.0,0.0,0.0,0.0
2021,11,18,1,0.0,0.0,0.0,0.0,0.0,0.0,0.0,0.0
2021,11,18,2,0.0,0.0,0.0,0.0,0.0,0.0,0.0,0.0
2021,11,18,3,0.0,0.0,0.0,0.0,0.0,0.0,0.0,0.0
2021,11,18,4,0.0,0.0,0.0,0.0,0.0,0.0,0.0,0.0
2021,11,18,5,0.0,0.0,0.0,0.0,0.0,0.0,0.0,0.0
2021,11,18,6,0.0,0.0,0.0,0.0,0.0,0.0,0.0,0.0
2021,11,18,7,30.711992170046397,38.99922802210461,61.27092179522048,44.76953446824529,44.019506382836525,69.96527315204159,136.628688024343,80.30358645029277
2021,11,18,8,163.5658084841087,199.81045738592354,248.32176191212668,215.56938680250548,321.24843828048887,430.718389840173,561.5681990818506,447.1578884209069
2021,11,18,9,237.2124394337544,230.0217100286017,275.6308378926029,227.8867442696881,520.6920827653405,535.9063022365297,700.8832953044696,468.337001457745
2021,11,18,10,702.015262541191,588.6966095646227,817.8485510743927,419.09064244445517,654.4551936763331,545.6200379837948,761.1592616766379,362.3454062121446
2021,11,18,11,740.2735929277414,544.5367441129888,807.0580127678163,223.93553013489938,725.5207085783805,533.6588214761981,786.1318404696567,188.88926128407815
2021,11,18,12,596.5050350441563,445.7452911859625,642.7383902700625,176.3438539932531,736.0647383538961,534.9929139784904,792.007805416524,142.275263244237
2021,11,18,13,553.5097996472887,460.14823239326165,621.8604988225903,281.87425171682685,689.6491232087084,557.6480297675951,783.7418280140853,271.0489068448247
2021,11,18,14,412.8603802231828,392.8683973913056,491.08896138506327,309.1434210082371,486.1947730992792,470.4526158904642,607.7628899806605,329.4524346324131
2021,11,18,15,327.5454894150307,384.95397935841106,479.8538882563456,319.5252546432245,442.13557562485386,548.8880031297152,704.2110138355692,420.4837334305537
2021,11,18,16,61.64584657044031,79.1574875373624,104.53584212737873,66.27905647986759,229.60251328323972,336.9552440140598,538.4584481151634,254.630254182687
2021,11,18,17,0.0,0.0,0.0,0.0,0.0,0.0,0.0,0.0
2021,11,18,18,0.0,0.0,0.0,0.0,0.0,0.0,0.0,0.0
2021,11,18,19,0.0,0.0,0.0,0.0,0.0,0.0,0.0,0.0
2021,11,18,20,0.0,0.0,0.0,0.0,0.0,0.0,0.0,0.0
2021,11,18,21,0.0,0.0,0.0,0.0,0.0,0.0,0.0,0.0
2021,11,18,22,0.0,0.0,0.0,0.0,0.0,0.0,0.0,0.0
2021,11,18,23,0.0,0.0,0.0,0.0,0.0,0.0,0.0,0.0
2021,11,19,0,0.0,0.0,0.0,0.0,0.0,0.0,0.0,0.0
2021,11,19,1,0.0,0.0,0.0,0.0,0.0,0.0,0.0,0.0
2021,11,19,2,0.0,0.0,0.0,0.0,0.0,0.0,0.0,0.0
2021,11,19,3,0.0,0.0,0.0,0.0,0.0,0.0,0.0,0.0
2021,11,19,4,0.0,0.0,0.0,0.0,0.0,0.0,0.0,0.0
2021,11,19,5,0.0,0.0,0.0,0.0,0.0,0.0,0.0,0.0
2021,11,19,6,0.0,0.0,0.0,0.0,0.0,0.0,0.0,0.0
2021,11,19,7,133.23668546585938,192.62643057144524,387.3823393413128,212.61404721476674,2.399016661274097,1.5894987988162521,-0.0,1.8246219379473034
2021,11,19,8,399.7307939582138,532.4196317969243,694.9018498330352,557.059025978886,345.760393781095,464.1298202630248,607.2773686392441,481.7208943566316
2021,11,19,9,582.8521712028698,600.3736175735636,786.519474606582,536.2469673507755,558.1475886312872,574.4864429291774,753.9658722063255,500.5961362852378
2021,11,19,10,698.0575608213467,583.7296629592222,813.9034257151981,406.6612975272875,692.5971142507619,576.0866491495979,806.6698744012538,379.67775724315885
2021,11,19,11,749.8880780978288,555.9632086378277,813.0329181769747,221.29470260723724,751.2092342242239,554.6352584143709,811.950114487219,193.54700628344403
2021,11,19,12,738.7149187189312,543.2737589154813,794.227932587825,168.35618335783775,758.7892729790931,554.0126534145978,814.1063075096511,142.53239222598316
2021,11,19,13,691.1083597348925,560.1390415734464,786.1199946561248,292.7272145287431,714.1555316502388,576.3483371601526,810.6648824017286,274.87033006276556
2021,11,19,14,582.2202331615899,570.887967117384,749.0033425510102,393.3263748594176,609.2880968819017,595.6478745628763,780.356581957391,391.99607558998446
2021,11,19,15,418.93726931731743,521.2489332889409,671.8246165352124,412.40600574362037,463.9967279897296,576.7433113487303,739.753004637245,446.0480396868537
2021,11,19,16,184.0832026465942,278.8030983827576,458.1345923914289,208.35929305024294,247.05441497259272,366.002406810969,592.3861643708509,276.5863348972853
2021,11,19,17,0.0,0.0,0.0,0.0,0.0,0.0,0.0,0.0
2021,11,19,18,0.0,0.0,0.0,0.0,0.0,0.0,0.0,0.0
2021,11,19,19,0.0,0.0,0.0,0.0,0.0,0.0,0.0,0.0
2021,11,19,20,0.0,0.0,0.0,0.0,0.0,0.0,0.0,0.0
2021,11,19,21,0.0,0.0,0.0,0.0,0.0,0.0,0.0,0.0
2021,11,19,22,0.0,0.0,0.0,0.0,0.0,0.0,0.0,0.0
2021,11,19,23,0.0,0.0,0.0,0.0,0.0,0.0,0.0,0.0
2021,11,20,0,0.0,0.0,0.0,0.0,0.0,0.0,0.0,0.0
2021,11,20,1,0.0,0.0,0.0,0.0,0.0,0.0,0.0,0.0
2021,11,20,2,0.0,0.0,0.0,0.0,0.0,0.0,0.0,0.0
2021,11,20,3,0.0,0.0,0.0,0.0,0.0,0.0,0.0,0.0
2021,11,20,4,0.0,0.0,0.0,0.0,0.0,0.0,0.0,0.0
2021,11,20,5,0.0,0.0,0.0,0.0,0.0,0.0,0.0,0.0
2021,11,20,6,0.0,0.0,0.0,0.0,0.0,0.0,0.0,0.0
2021,11,20,7,130.07484902217098,185.43702576262706,376.7959343211018,204.67456103602902,37.083654195377584,55.78424481900904,113.75696694613305,63.27706242604075
2021,11,20,8,383.0848027479167,507.49703419353955,659.608482493009,531.40443863939,320.61327047831884,427.5342952019816,558.4775482356661,445.77502986001207
2021,11,20,9,560.7407584521028,577.1078865157078,756.6816726183956,516.6703417468357,526.1743177999837,540.9946785826909,708.0587255865075,475.3445375562243
2021,11,20,10,675.0823275745413,563.3191117716597,789.2951854163946,394.0985519861656,653.2428397249412,544.3387339745127,760.2001682761667,364.2445608138157
2021,11,20,11,737.4529060961199,543.2396543120008,803.9224349609154,226.99781230563462,715.2780105445294,528.0315494350349,774.0076395172405,188.29223019412535
2021,11,20,12,710.9527148636324,522.0578652260394,769.1128147750138,188.6857651085676,724.3415378142928,528.01739864732,778.2473584958854,139.71660751136065
2021,11,20,13,666.0983768213877,544.778618345549,753.8736141525355,311.62563438410047,689.1702830129544,554.2480402171831,784.024012910527,266.8860638811735
2021,11,20,14,430.81617716762713,416.94830780985933,548.4202454227951,300.3706558160877,593.8376107324742,579.2198870836545,764.0982854650262,380.3683797471337
2021,11,20,15,384.32562740915813,475.6886357949702,619.2451887952934,371.1681729689218,447.7205080240161,555.5187646213176,717.2598382137961,427.5214798010493
2021,11,20,16,166.91279807955854,249.35869347281053,410.0933769373969,186.03278177242706,237.5348507873403,349.3061830270883,572.1724265936704,262.28117650912816
2021,11,20,17,0.0,0.0,0.0,0.0,0.0,0.0,0.0,0.0
2021,11,20,18,0.0,0.0,0.0,0.0,0.0,0.0,0.0,0.0
2021,11,20,19,0.0,0.0,0.0,0.0,0.0,0.0,0.0,0.0
2021,11,20,20,0.0,0.0,0.0,0.0,0.0,0.0,0.0,0.0
2021,11,20,21,0.0,0.0,0.0,0.0,0.0,0.0,0.0,0.0
2021,11,20,22,0.0,0.0,0.0,0.0,0.0,0.0,0.0,0.0
2021,11,20,23,0.0,0.0,0.0,0.0,0.0,0.0,0.0,0.0
2021,11,21,0,0.0,0.0,0.0,0.0,0.0,0.0,0.0,0.0
2021,11,21,1,0.0,0.0,0.0,0.0,0.0,0.0,0.0,0.0
2021,11,21,2,0.0,0.0,0.0,0.0,0.0,0.0,0.0,0.0
2021,11,21,3,0.0,0.0,0.0,0.0,0.0,0.0,0.0,0.0
2021,11,21,4,0.0,0.0,0.0,0.0,0.0,0.0,0.0,0.0
2021,11,21,5,0.0,0.0,0.0,0.0,0.0,0.0,0.0,0.0
2021,11,21,6,0.0,0.0,0.0,0.0,0.0,0.0,0.0,0.0
2021,11,21,7,56.39703488945173,75.7644637928629,114.31913427409731,90.4414431239997,37.96486365582202,59.12247631592835,120.84341596002893,68.67669040712323
2021,11,21,8,267.65520225170184,344.05642499919844,444.74371023264047,366.9435103004315,313.3724794380654,418.7856685003282,549.2801514059554,436.66260446196907
2021,11,21,9,499.1821425492892,507.1159136380265,657.3191792676931,466.525112644378,508.8348392434563,522.693400695459,686.8528932069642,458.77936098051237
2021,11,21,10,340.9381176188375,298.59658269554245,372.0510469116509,249.3711906022703,638.3680681501459,530.5513300694782,744.6323027441549,353.70440039324524
2021,11,21,11,356.36216925517886,305.6206053047929,370.78236091203763,208.89629062008552,464.12314771941124,385.3741039066651,484.7791893328329,220.86185225661666
2021,11,21,12,491.08566157269803,404.27050336663655,514.300629355409,219.56177254124785,374.94485637100166,318.94882985914165,386.71219245870526,177.25795744592648
2021,11,21,13,367.52046089208784,316.6936039186436,396.42731741349763,223.22865090229018,429.5572343615556,371.78109589492095,458.7738078123381,249.7617215702043
2021,11,21,14,324.93844830435324,309.7633839956652,396.3581805529799,240.38480012254644,306.5509100657904,283.1824399801632,336.5814276759227,238.996211576764
2021,11,21,15,45.84515766335875,40.15376038691562,34.44499940115847,44.362827094365706,259.4890583838482,289.8915860663191,349.3965803710197,247.2648248786538
2021,11,21,16,24.455597164727426,21.873007145588616,17.107385731621864,23.647731729667836,62.509489423349535,70.32976466555601,74.26723934517624,60.3898249497533
2021,11,21,17,0.0,0.0,0.0,0.0,0.0,0.0,0.0,0.0
2021,11,21,18,0.0,0.0,0.0,0.0,0.0,0.0,0.0,0.0
2021,11,21,19,0.0,0.0,0.0,0.0,0.0,0.0,0.0,0.0
2021,11,21,20,0.0,0.0,0.0,0.0,0.0,0.0,0.0,0.0
2021,11,21,21,0.0,0.0,0.0,0.0,0.0,0.0,0.0,0.0
2021,11,21,22,0.0,0.0,0.0,0.0,0.0,0.0,0.0,0.0
2021,11,21,23,0.0,0.0,0.0,0.0,0.0,0.0,0.0,0.0
2021,11,22,0,0.0,0.0,0.0,0.0,0.0,0.0,0.0,0.0
2021,11,22,1,0.0,0.0,0.0,0.0,0.0,0.0,0.0,0.0
2021,11,22,2,0.0,0.0,0.0,0.0,0.0,0.0,0.0,0.0
2021,11,22,3,0.0,0.0,0.0,0.0,0.0,0.0,0.0,0.0
2021,11,22,4,0.0,0.0,0.0,0.0,0.0,0.0,0.0,0.0
2021,11,22,5,0.0,0.0,0.0,0.0,0.0,0.0,0.0,0.0
2021,11,22,6,0.0,0.0,0.0,0.0,0.0,0.0,0.0,0.0
2021,11,22,7,22.59965840156212,22.262912415764582,20.54853719775126,25.688793460498324,-0.0,-0.0,-0.0,-0.0
2021,11,22,8,131.15846813731932,143.44280638566707,163.08421846536115,156.4529132909493,45.393558200366535,40.722877351904195,34.67011281575615,42.88506455070867
2021,11,22,9,471.1566434612735,481.4382349744458,635.0785280992513,441.3230199549383,386.1472929661853,389.06156948737424,503.4741557454688,355.9563917829318
2021,11,22,10,711.8391792728705,590.5680083285696,833.3333333333334,412.3587603468893,704.3630183062264,583.2410861947571,822.8097648747764,385.34777590343646
2021,11,22,11,763.9659089148807,558.6570726223088,833.3333333333334,222.31775038893556,778.6136718840793,566.9736660932651,833.3333333333334,190.29200540871926
2021,11,22,12,760.8274567326881,544.3328755699698,826.5085184622709,160.97068111643333,790.694270780924,567.6945996365764,833.3333333333334,133.83555847621273
2021,11,22,13,729.2396407140512,581.351586030669,833.3333333333334,294.621237501817,747.7502931114046,596.1538377034973,833.3333333333334,275.35749135985253
2021,11,22,14,626.673908638678,609.3238052665533,818.4768037385427,402.4809540054179,644.0809356678388,624.8434844912955,829.7822063301884,400.3865216621442
2021,11,22,15,450.9653930610509,560.801710178248,735.6212180125005,429.9305200314146,490.75624288196354,607.8596821156498,788.8281028272263,463.21579375208154
2021,11,22,16,189.80196522245726,283.0967496562741,481.48671366772885,207.9664746747981,266.7838844479497,390.0490865523854,651.7138181360865,291.0961022414465
2021,11,22,17,0.0,0.0,0.0,0.0,0.0,0.0,0.0,0.0
2021,11,22,18,0.0,0.0,0.0,0.0,0.0,0.0,0.0,0.0
2021,11,22,19,0.0,0.0,0.0,0.0,0.0,0.0,0.0,0.0
2021,11,22,20,0.0,0.0,0.0,0.0,0.0,0.0,0.0,0.0
2021,11,22,21,0.0,0.0,0.0,0.0,0.0,0.0,0.0,0.0
2021,11,22,22,0.0,0.0,0.0,0.0,0.0,0.0,0.0,0.0
2021,11,22,23,0.0,0.0,0.0,0.0,0.0,0.0,0.0,0.0
2021,11,23,0,0.0,0.0,0.0,0.0,0.0,0.0,0.0,0.0
2021,11,23,1,0.0,0.0,0.0,0.0,0.0,0.0,0.0,0.0
2021,11,23,2,0.0,0.0,0.0,0.0,0.0,0.0,0.0,0.0
2021,11,23,3,0.0,0.0,0.0,0.0,0.0,0.0,0.0,0.0
2021,11,23,4,0.0,0.0,0.0,0.0,0.0,0.0,0.0,0.0
2021,11,23,5,0.0,0.0,0.0,0.0,0.0,0.0,0.0,0.0
2021,11,23,6,0.0,0.0,0.0,0.0,0.0,0.0,0.0,0.0
2021,11,23,7,106.89926427254105,149.8968210266497,321.1096728057037,168.07796582508726,47.46759593533901,69.68636433605586,156.49874738471863,78.61496227261922
2021,11,23,8,412.41849194424316,550.2468573610169,725.1028028858107,576.3095768195927,356.2823553935544,477.4149788373991,630.356289573283,498.0249069670127
2021,11,23,9,598.8951215546444,615.8396753461486,815.217575541553,549.5078235679331,564.1487585084445,578.8811924939523,764.0631170304523,507.57568085428284
2021,11,23,10,724.7010469655373,600.1036791563931,833.3333333333334,412.3655594394749,698.2561024761537,578.4904325827018,815.4955795467521,383.7667056128638
2021,11,23,11,786.7005733800548,570.1669167987719,833.3333333333334,212.39057736800703,764.3932397876629,557.0671690853511,831.0929803346747,189.34872245041217
2021,11,23,12,796.8511313323426,567.0266421476439,833.3333333333334,153.72067426516128,775.5562529403614,556.4644597917182,833.3333333333334,131.99083060323943
2021,11,23,13,741.2242284046005,588.0195928970787,833.3333333333334,291.87251271912663,732.9934500245804,583.1535245601399,833.3333333333334,270.4889998083126
2021,11,23,14,607.4101923044255,588.8476339842658,793.5493770385289,390.7463696645744,638.247235134626,617.710947251892,825.8928468304673,394.25599780558343
2021,11,23,15,323.2133374435257,389.48545863309164,505.64182308247126,311.3162589398839,485.00995073258326,599.5293521803493,781.3916853695005,455.44853069140265
2021,11,23,16,112.97353653496764,155.4338998199456,232.11790816096234,120.85534590998344,216.23371685728995,303.7160008098699,471.2176950975627,227.81805006884434
2021,11,23,17,0.0,0.0,0.0,0.0,0.0,0.0,0.0,0.0
2021,11,23,18,0.0,0.0,0.0,0.0,0.0,0.0,0.0,0.0
2021,11,23,19,0.0,0.0,0.0,0.0,0.0,0.0,0.0,0.0
2021,11,23,20,0.0,0.0,0.0,0.0,0.0,0.0,0.0,0.0
2021,11,23,21,0.0,0.0,0.0,0.0,0.0,0.0,0.0,0.0
2021,11,23,22,0.0,0.0,0.0,0.0,0.0,0.0,0.0,0.0
2021,11,23,23,0.0,0.0,0.0,0.0,0.0,0.0,0.0,0.0
2021,11,24,0,0.0,0.0,0.0,0.0,0.0,0.0,0.0,0.0
2021,11,24,1,0.0,0.0,0.0,0.0,0.0,0.0,0.0,0.0
2021,11,24,2,0.0,0.0,0.0,0.0,0.0,0.0,0.0,0.0
2021,11,24,3,0.0,0.0,0.0,0.0,0.0,0.0,0.0,0.0
2021,11,24,4,0.0,0.0,0.0,0.0,0.0,0.0,0.0,0.0
2021,11,24,5,0.0,0.0,0.0,0.0,0.0,0.0,0.0,0.0
2021,11,24,6,0.0,0.0,0.0,0.0,0.0,0.0,0.0,0.0
2021,11,24,7,30.733684421499355,36.24361206106082,45.24657096843822,43.40929974515434,-0.0,-0.0,-0.0,-0.0
2021,11,24,8,306.75828625099837,395.3714382867663,516.1987189711565,421.6764088161658,89.79251609822968,88.552360741641,88.01053434487021,93.75229251111001
2021,11,24,9,492.91231582985193,500.6952293259167,658.8027821783076,460.57697184592524,496.25920640856106,508.41363071966117,677.1354027415792,449.5826357248603
2021,11,24,10,226.01995209498102,208.17692043902667,219.52832624685604,194.60224332043973,273.631241431779,245.04943077508617,280.73805480868265,209.64673594288476
2021,11,24,11,173.64858983084008,175.690218142688,164.39089758034117,145.91017903041438,131.8938096293521,138.42119927533517,120.82811944700939,112.81483429787822
2021,11,24,12,231.26549219870245,231.0677398351686,222.44236293757473,178.63026663955753,118.86527294319174,127.67423232867901,108.62269000142375,101.60619834536128
2021,11,24,13,223.71772701757422,204.2780207174715,225.50435065230684,168.89969819371302,202.71617720398945,192.70150337774623,190.74905861978525,161.62211963866267
2021,11,24,14,258.83258878794106,241.09750083147745,295.9961067793876,204.74062245301496,124.70429119525456,110.22670570031286,110.82308940131557,109.45716267717462
2021,11,24,15,202.03932573370716,225.94293684900052,276.5484581788586,194.61108031290465,434.27237769767976,531.5018274356644,694.306930640746,406.87104273930436
2021,11,24,16,30.651712289064022,29.02173655802956,24.67106087569922,29.833080117207302,102.57230540606157,129.2500979930672,152.63635642273545,100.99799868085509
2021,11,24,17,0.0,0.0,0.0,0.0,0.0,0.0,0.0,0.0
2021,11,24,18,0.0,0.0,0.0,0.0,0.0,0.0,0.0,0.0
2021,11,24,19,0.0,0.0,0.0,0.0,0.0,0.0,0.0,0.0
2021,11,24,20,0.0,0.0,0.0,0.0,0.0,0.0,0.0,0.0
2021,11,24,21,0.0,0.0,0.0,0.0,0.0,0.0,0.0,0.0
2021,11,24,22,0.0,0.0,0.0,0.0,0.0,0.0,0.0,0.0
2021,11,24,23,0.0,0.0,0.0,0.0,0.0,0.0,0.0,0.0
2021,11,25,0,0.0,0.0,0.0,0.0,0.0,0.0,0.0,0.0
2021,11,25,1,0.0,0.0,0.0,0.0,0.0,0.0,0.0,0.0
2021,11,25,2,0.0,0.0,0.0,0.0,0.0,0.0,0.0,0.0
2021,11,25,3,0.0,0.0,0.0,0.0,0.0,0.0,0.0,0.0
2021,11,25,4,0.0,0.0,0.0,0.0,0.0,0.0,0.0,0.0
2021,11,25,5,0.0,0.0,0.0,0.0,0.0,0.0,0.0,0.0
2021,11,25,6,0.0,0.0,0.0,0.0,0.0,0.0,0.0,0.0
2021,11,25,7,33.448366242774895,40.49399819442578,52.60360739967985,48.75852441552358,-0.0,-0.0,-0.0,-0.0
2021,11,25,8,58.11191565374073,53.51671108013289,48.526311413366784,59.2454028913314,-0.0,-0.0,-0.0,-0.0
2021,11,25,9,9.455792108049296,7.846253998441581,6.87605042907199,8.979330723216204,21.313369403396447,18.182529597369403,16.088275995416474,19.401269063508167
2021,11,25,10,20.953357924794492,19.977676571804295,17.796760764123793,19.94538737709173,1.5646309237687057,1.3550270914328382,0.7487799266855087,1.1357449635776504
2021,11,25,11,41.374704331748056,45.21032290093241,36.911625094300476,39.916626251035396,30.749502735117343,33.87886640909589,26.931937442355036,28.267027117986213
2021,11,25,12,103.38113344898149,111.22790018277036,95.10253178474301,94.25000990673522,49.12529763548445,54.96432450128979,43.57172548937319,45.458936078161855
2021,11,25,13,39.010406096425,38.838472517999946,34.149270276245,37.02861571109236,94.67669160603981,93.43173214083546,83.9374503364413,84.35224230804732
2021,11,25,14,47.27465046646985,41.32799659981219,38.949458110538274,45.47222581434573,39.083740836691895,33.808051329592374,31.0847793924337,35.956461741037295
2021,11,25,15,9.605537840596094,7.972763760010514,6.256009589561868,9.100421671596033,11.178723205002747,9.282724539110124,7.1335517463136675,9.977365038004235
2021,11,25,16,3.4324161908559114,2.698853716682553,1.5402607555522076,3.1517231417886555,8.900226645850433,7.284157662945993,4.274894237509714,7.864439598770367
2021,11,25,17,0.0,0.0,0.0,0.0,0.0,0.0,0.0,0.0
2021,11,25,18,0.0,0.0,0.0,0.0,0.0,0.0,0.0,0.0
2021,11,25,19,0.0,0.0,0.0,0.0,0.0,0.0,0.0,0.0
2021,11,25,20,0.0,0.0,0.0,0.0,0.0,0.0,0.0,0.0
2021,11,25,21,0.0,0.0,0.0,0.0,0.0,0.0,0.0,0.0
2021,11,25,22,0.0,0.0,0.0,0.0,0.0,0.0,0.0,0.0
2021,11,25,23,0.0,0.0,0.0,0.0,0.0,0.0,0.0,0.0
2021,11,26,0,0.0,0.0,0.0,0.0,0.0,0.0,0.0,0.0
2021,11,26,1,0.0,0.0,0.0,0.0,0.0,0.0,0.0,0.0
2021,11,26,2,0.0,0.0,0.0,0.0,0.0,0.0,0.0,0.0
2021,11,26,3,0.0,0.0,0.0,0.0,0.0,0.0,0.0,0.0
2021,11,26,4,0.0,0.0,0.0,0.0,0.0,0.0,0.0,0.0
2021,11,26,5,0.0,0.0,0.0,0.0,0.0,0.0,0.0,0.0
2021,11,26,6,0.0,0.0,0.0,0.0,0.0,0.0,0.0,0.0
2021,11,26,7,110.51824001022634,149.2422722324617,299.7727262491301,172.98260718521337,-0.0,-0.0,-0.0,-0.0
2021,11,26,8,407.8625432983944,543.1137901814519,725.7271199613681,573.7179239754635,185.11883419640412,226.5419681443903,285.85055256144074,242.57754958872763
2021,11,26,9,613.3395039162762,629.8360311142656,833.3333333333334,565.5720856825355,574.3891748492508,588.9857323573437,786.1376175308483,518.4863581587312
2021,11,26,10,740.8043770102115,611.8285639671054,833.3333333333334,426.63304559809694,712.6525547344667,587.6652728948204,833.3333333333334,392.250416549332
2021,11,26,11,791.646336577,581.6962601445705,833.3333333333334,258.9477428771822,781.8152802230088,565.1838721262516,833.3333333333334,193.64707448233048
2021,11,26,12,706.8657674791149,525.2124164152466,763.820830494845,209.75598398285385,789.8972012248283,562.1259423621406,833.3333333333334,132.95993486771397
2021,11,26,13,254.47524966016275,237.94021194604647,247.3248961434821,204.96699141909255,338.90281577536837,298.25123872548966,351.1959552800551,212.73211162902285
2021,11,26,14,181.07457342042017,162.3442890430583,173.31787735183795,161.90634533257818,396.43245651118855,372.0569669360169,475.16000043007864,282.14488369682135
2021,11,26,15,73.50102886073623,66.7674474281895,61.54361841007647,71.26176699530338,56.19021099026275,49.771650540961076,43.01172539027644,51.50744781442318
2021,11,26,16,18.417109557044764,15.757201880643896,11.07488593604035,17.653887334756973,88.96346589315351,107.40968032769065,125.88648777668898,86.42202198273365
2021,11,26,17,0.0,0.0,0.0,0.0,0.0,0.0,0.0,0.0
2021,11,26,18,0.0,0.0,0.0,0.0,0.0,0.0,0.0,0.0
2021,11,26,19,0.0,0.0,0.0,0.0,0.0,0.0,0.0,0.0
2021,11,26,20,0.0,0.0,0.0,0.0,0.0,0.0,0.0,0.0
2021,11,26,21,0.0,0.0,0.0,0.0,0.0,0.0,0.0,0.0
2021,11,26,22,0.0,0.0,0.0,0.0,0.0,0.0,0.0,0.0
2021,11,26,23,0.0,0.0,0.0,0.0,0.0,0.0,0.0,0.0
2021,11,27,0,0.0,0.0,0.0,0.0,0.0,0.0,0.0,0.0
2021,11,27,1,0.0,0.0,0.0,0.0,0.0,0.0,0.0,0.0
2021,11,27,2,0.0,0.0,0.0,0.0,0.0,0.0,0.0,0.0
2021,11,27,3,0.0,0.0,0.0,0.0,0.0,0.0,0.0,0.0
2021,11,27,4,0.0,0.0,0.0,0.0,0.0,0.0,0.0,0.0
2021,11,27,5,0.0,0.0,0.0,0.0,0.0,0.0,0.0,0.0
2021,11,27,6,0.0,0.0,0.0,0.0,0.0,0.0,0.0,0.0
2021,11,27,7,4.589683133231759,3.6676106005468347,2.5374799016464533,4.341576223948156,-0.0,-0.0,-0.0,-0.0
2021,11,27,8,43.73114398009091,39.22597433757816,33.714801230351,43.42245192073858,21.88415571336457,18.66543805999701,14.282509709789206,19.7389003573388
2021,11,27,9,107.99043682822759,96.85934630804154,95.99055088494019,104.74600678340701,93.71706500090531,83.54795839043577,81.3144416577318,86.30632063540739
2021,11,27,10,145.00075715193645,136.2316942694513,133.42198439916407,133.55944483318095,78.27416173619658,74.40234338618671,67.90290546549532,70.57349532218959
2021,11,27,11,133.85978990619665,139.01053227418123,124.08520904370839,120.29746167778515,102.66082762315071,108.3185134007439,92.97527654516333,89.10174397429061
2021,11,27,12,93.54137815365857,101.62757912210381,85.36321841871136,87.4239831615366,79.0924177356091,86.92723657168193,70.83798283464422,70.85403211792558
2021,11,27,13,145.31634981478402,140.68961953470958,134.35872165114748,129.54825341630848,62.545895458824475,62.668113194317364,53.743826176473355,57.48222541804983
2021,11,27,14,81.50213509736272,71.96263043662228,70.16716851856344,77.31049248428857,128.467638978079,113.88164365774237,116.226078814987,111.2006367535212
2021,11,27,15,42.79563677901011,37.60608712292789,32.258547609072195,41.344676317585126,76.51650695910193,69.90116155184994,64.40307006113959,70.42718736625324
2021,11,27,16,8.534627095816735,7.0544827315929455,4.4689105591509355,8.066105255024771,4.432016666532185,3.366033798469902,1.3564378906639398,3.6823130898534804
2021,11,27,17,0.0,0.0,0.0,0.0,0.0,0.0,0.0,0.0
2021,11,27,18,0.0,0.0,0.0,0.0,0.0,0.0,0.0,0.0
2021,11,27,19,0.0,0.0,0.0,0.0,0.0,0.0,0.0,0.0
2021,11,27,20,0.0,0.0,0.0,0.0,0.0,0.0,0.0,0.0
2021,11,27,21,0.0,0.0,0.0,0.0,0.0,0.0,0.0,0.0
2021,11,27,22,0.0,0.0,0.0,0.0,0.0,0.0,0.0,0.0
2021,11,27,23,0.0,0.0,0.0,0.0,0.0,0.0,0.0,0.0
2021,11,28,0,0.0,0.0,0.0,0.0,0.0,0.0,0.0,0.0
2021,11,28,1,0.0,0.0,0.0,0.0,0.0,0.0,0.0,0.0
2021,11,28,2,0.0,0.0,0.0,0.0,0.0,0.0,0.0,0.0
2021,11,28,3,0.0,0.0,0.0,0.0,0.0,0.0,0.0,0.0
2021,11,28,4,0.0,0.0,0.0,0.0,0.0,0.0,0.0,0.0
2021,11,28,5,0.0,0.0,0.0,0.0,0.0,0.0,0.0,0.0
2021,11,28,6,0.0,0.0,0.0,0.0,0.0,0.0,0.0,0.0
2021,11,28,7,5.09021317267893,4.054393942174199,2.4064228803241203,4.783583632702203,-0.0,-0.0,-0.0,-0.0
2021,11,28,8,50.09468005075775,45.33705873231382,39.674046673910404,50.1914484230533,268.60482273983035,354.5691325468426,473.9229648820386,377.64160083002554
2021,11,28,9,145.81318066361558,132.36327941363524,136.80844368794592,141.0847316786586,87.14880470242619,77.56516591731017,75.11305448889927,80.56523169881123
2021,11,28,10,182.0818292058717,169.02097206648847,171.24709988570245,163.5991631310399,162.55824486225598,151.2301255219926,149.46662691270913,141.06435340477285
2021,11,28,11,50.28138651344748,54.40134973294892,44.92515702116405,47.94701848016459,71.14268001618466,77.13072577100989,63.03366488862941,65.35006112530651
2021,11,28,12,90.08358911502839,97.82490129629566,82.06994627199578,83.53255364309868,40.8005155847528,45.779765257471844,35.92174418635148,37.65265545203895
2021,11,28,13,85.32547847634947,84.41768167047024,76.00765884205941,80.1361930254207,68.08163420403166,68.04720396714103,58.836825923028464,62.584318512985746
2021,11,28,14,32.36748576331621,28.09767747029676,26.169144890376582,31.129237428327052,46.26492305391551,40.138428098579354,36.85278023326747,42.679759294190966
2021,11,28,15,14.78077385214607,12.642357014179597,10.419329733943705,14.076903785290714,27.72780878722901,23.810984776044435,19.314401433516537,25.333755524364406
2021,11,28,16,4.060399232374953,3.14529973558291,1.5865424536195363,3.7441106892735467,240.3386197861229,330.80579149699366,561.108032834293,249.39573290876606
2021,11,28,17,0.0,0.0,0.0,0.0,0.0,0.0,0.0,0.0
2021,11,28,18,0.0,0.0,0.0,0.0,0.0,0.0,0.0,0.0
2021,11,28,19,0.0,0.0,0.0,0.0,0.0,0.0,0.0,0.0
2021,11,28,20,0.0,0.0,0.0,0.0,0.0,0.0,0.0,0.0
2021,11,28,21,0.0,0.0,0.0,0.0,0.0,0.0,0.0,0.0
2021,11,28,22,0.0,0.0,0.0,0.0,0.0,0.0,0.0,0.0
2021,11,28,23,0.0,0.0,0.0,0.0,0.0,0.0,0.0,0.0
2021,11,29,0,0.0,0.0,0.0,0.0,0.0,0.0,0.0,0.0
2021,11,29,1,0.0,0.0,0.0,0.0,0.0,0.0,0.0,0.0
2021,11,29,2,0.0,0.0,0.0,0.0,0.0,0.0,0.0,0.0
2021,11,29,3,0.0,0.0,0.0,0.0,0.0,0.0,0.0,0.0
2021,11,29,4,0.0,0.0,0.0,0.0,0.0,0.0,0.0,0.0
2021,11,29,5,0.0,0.0,0.0,0.0,0.0,0.0,0.0,0.0
2021,11,29,6,0.0,0.0,0.0,0.0,0.0,0.0,0.0,0.0
2021,11,29,7,65.59309734199927,90.38609755206906,188.4968645784758,107.6725266603501,-0.0,-0.0,-0.0,-0.0
2021,11,29,8,358.25994701093146,471.24748723780493,621.7336195532794,499.23200781474384,345.9313052047735,462.6674034036351,618.698201971893,487.3298194299695
2021,11,29,9,563.1322141700457,577.5899101197917,766.8069269346853,525.3469637929107,543.9866663193085,557.2325129344093,738.9878635994972,497.90646821649375
2021,11,29,10,681.69197056771,565.342543718437,804.4414126062551,402.537159190511,667.0089711245715,553.6627542555143,781.4491525081728,380.7163277383885
2021,11,29,11,745.3881371403379,539.4188436442695,819.765911808839,217.15048693798184,725.775069810196,530.5611715728305,791.5466376960408,193.67835520497215
2021,11,29,12,749.5483911253164,531.0673272519574,816.723520820533,153.4324640983374,726.3483227319765,522.9618673444172,783.7885506860649,129.12510882666064
2021,11,29,13,709.0495997047968,555.4981498917334,815.3617618642056,280.3738877389176,690.2223407926316,547.2955831528523,782.1288041770437,263.52019573565883
2021,11,29,14,606.0897911386785,578.1618862006042,791.1660384534075,384.31083966284206,611.6202250298841,583.7427587448283,782.1717089572409,386.34397162165976
2021,11,29,15,428.80211848385585,521.6899078787444,697.2956921714567,400.59231840689205,471.21887007798074,569.2835447289963,745.2888242674386,445.1973312026679
2021,11,29,16,185.27643012787857,263.08885668025107,458.17148578920995,194.03124729866204,261.496989149971,364.6698593356918,624.6888540995808,274.2289684689457
2021,11,29,17,0.0,0.0,0.0,0.0,0.0,0.0,0.0,0.0
2021,11,29,18,0.0,0.0,0.0,0.0,0.0,0.0,0.0,0.0
2021,11,29,19,0.0,0.0,0.0,0.0,0.0,0.0,0.0,0.0
2021,11,29,20,0.0,0.0,0.0,0.0,0.0,0.0,0.0,0.0
2021,11,29,21,0.0,0.0,0.0,0.0,0.0,0.0,0.0,0.0
2021,11,29,22,0.0,0.0,0.0,0.0,0.0,0.0,0.0,0.0
2021,11,29,23,0.0,0.0,0.0,0.0,0.0,0.0,0.0,0.0
2021,11,30,0,0.0,0.0,0.0,0.0,0.0,0.0,0.0,0.0
2021,11,30,1,0.0,0.0,0.0,0.0,0.0,0.0,0.0,0.0
2021,11,30,2,0.0,0.0,0.0,0.0,0.0,0.0,0.0,0.0
2021,11,30,3,0.0,0.0,0.0,0.0,0.0,0.0,0.0,0.0
2021,11,30,4,0.0,0.0,0.0,0.0,0.0,0.0,0.0,0.0
2021,11,30,5,0.0,0.0,0.0,0.0,0.0,0.0,0.0,0.0
2021,11,30,6,0.0,0.0,0.0,0.0,0.0,0.0,0.0,0.0
2021,11,30,7,80.09322702734468,105.90266061778829,238.0380420063304,123.51582022235775,-0.0,-0.0,-0.0,-0.0
2021,11,30,8,378.48740676506526,499.26172580143157,662.8615825112969,530.1093734210997,328.9908445860318,440.10187785182126,590.1739333747319,465.10993792981293
2021,11,30,9,575.4530481923684,589.1996431360133,785.3820268172415,540.1470662040906,530.225490474785,543.2430795496815,724.4499643341657,486.42947019158606
2021,11,30,10,683.4156937545677,567.6412164474385,809.0306988872801,417.1081593399381,659.6567799396321,545.5773024311244,777.0314715926471,375.62346244186153
2021,11,30,11,747.7565310086262,537.4183625537989,826.52426201719,220.89627196313506,726.4658889090225,526.4272520100305,795.6738799515491,192.59225101177634
2021,11,30,12,731.8428560462046,518.0093720371831,800.218207359707,164.98738284885349,737.1563123122379,523.6821161524801,799.2452686697186,128.61629722724453
2021,11,30,13,709.6562095733971,554.5328258968109,818.172390246506,282.7978035014096,700.6171098984606,549.9725250390238,798.7919894146165,259.71312209664944
2021,11,30,14,529.4586327169683,501.99401388052024,681.723582249233,352.65128638172064,615.2679566062343,584.9540224796775,793.2119698059217,379.7768300740584
2021,11,30,15,368.3539922275195,439.3922900108155,582.7111762921321,344.6897930817743,318.64714982645165,360.5048737657994,454.6317618342761,300.4560305063412
2021,11,30,16,195.52049819951358,277.94925513718186,493.0335499634436,202.53259063549604,258.62212225000593,359.646684154555,621.6618765533294,268.3147889561176
2021,11,30,17,0.0,0.0,0.0,0.0,0.0,0.0,0.0,0.0
2021,11,30,18,0.0,0.0,0.0,0.0,0.0,0.0,0.0,0.0
2021,11,30,19,0.0,0.0,0.0,0.0,0.0,0.0,0.0,0.0
2021,11,30,20,0.0,0.0,0.0,0.0,0.0,0.0,0.0,0.0
2021,11,30,21,0.0,0.0,0.0,0.0,0.0,0.0,0.0,0.0
2021,11,30,22,0.0,0.0,0.0,0.0,0.0,0.0,0.0,0.0
2021,11,30,23,0.0,0.0,0.0,0.0,0.0,0.0,0.0,0.0
2021,12,1,0,0.0,0.0,0.0,0.0,0.0,0.0,0.0,0.0
2021,12,1,1,0.0,0.0,0.0,0.0,0.0,0.0,0.0,0.0
2021,12,1,2,0.0,0.0,0.0,0.0,0.0,0.0,0.0,0.0
2021,12,1,3,0.0,0.0,0.0,0.0,0.0,0.0,0.0,0.0
2021,12,1,4,0.0,0.0,0.0,0.0,0.0,0.0,0.0,0.0
2021,12,1,5,0.0,0.0,0.0,0.0,0.0,0.0,0.0,0.0
2021,12,1,6,0.0,0.0,0.0,0.0,0.0,0.0,0.0,0.0
2021,12,1,7,32.67666126117065,40.15305006677482,60.97722846955234,48.57186531497546,-0.0,-0.0,-0.0,-0.0
2021,12,1,8,286.92691520546964,375.8138424384616,502.12872961448426,404.4051843321516,310.7995764617948,414.2393842077335,554.7947862585232,439.404925805992
2021,12,1,9,565.4089986547797,579.0378727150025,772.5415905433833,531.9978831314126,509.98762148599775,522.6469314787304,695.8873185770605,470.108667959947
2021,12,1,10,683.953710452598,569.4412003006485,807.4354115361978,418.40039795094407,384.06857956908567,331.65898969657974,421.81819144013116,269.95280219711873
2021,12,1,11,681.4277170304583,497.91494127293066,751.8139138789476,229.49762408065706,707.7217568306231,513.4722622527786,775.5727112360945,192.05893375908624
2021,12,1,12,600.9720241735283,436.02720661673095,654.3348079482237,164.55595124603036,615.1554475452336,446.75243059538747,667.0579979355525,152.06752858696396
2021,12,1,13,675.3189932172771,529.6583015798707,776.6330061746303,278.2178038826608,678.413623099376,533.1964657835566,771.8833878236511,254.77088277990254
2021,12,1,14,583.7018663953165,553.8648396754523,756.2529454187335,376.422282390551,595.4159444402815,565.0178367988007,763.0674706449056,372.6138687958392
2021,12,1,15,324.08168895940213,389.611892900495,523.0692678799461,304.44262887198784,456.55773796577876,547.9013597358327,720.4366094124003,428.5492236621062
2021,12,1,16,130.18767468989412,182.20223324022794,310.995060092072,134.85708820115738,251.63229152617973,346.90875663892706,595.2600584577197,261.59537011666487
2021,12,1,17,0.0,0.0,0.0,0.0,0.0,0.0,0.0,0.0
2021,12,1,18,0.0,0.0,0.0,0.0,0.0,0.0,0.0,0.0
2021,12,1,19,0.0,0.0,0.0,0.0,0.0,0.0,0.0,0.0
2021,12,1,20,0.0,0.0,0.0,0.0,0.0,0.0,0.0,0.0
2021,12,1,21,0.0,0.0,0.0,0.0,0.0,0.0,0.0,0.0
2021,12,1,22,0.0,0.0,0.0,0.0,0.0,0.0,0.0,0.0
2021,12,1,23,0.0,0.0,0.0,0.0,0.0,0.0,0.0,0.0
2021,12,2,0,0.0,0.0,0.0,0.0,0.0,0.0,0.0,0.0
2021,12,2,1,0.0,0.0,0.0,0.0,0.0,0.0,0.0,0.0
2021,12,2,2,0.0,0.0,0.0,0.0,0.0,0.0,0.0,0.0
2021,12,2,3,0.0,0.0,0.0,0.0,0.0,0.0,0.0,0.0
2021,12,2,4,0.0,0.0,0.0,0.0,0.0,0.0,0.0,0.0
2021,12,2,5,0.0,0.0,0.0,0.0,0.0,0.0,0.0,0.0
2021,12,2,6,0.0,0.0,0.0,0.0,0.0,0.0,0.0,0.0
2021,12,2,7,33.91854238780719,43.743267208788176,63.3573543461322,54.044874752953504,-0.0,-0.0,-0.0,-0.0
2021,12,2,8,278.7947875782717,356.87609458917825,469.0271291281755,385.64250260463274,101.56926044054954,110.35394656024916,124.68374464444497,119.09198987181983
2021,12,2,9,520.1429416252001,531.0311565874994,703.5601182884171,494.1901233085482,503.0709743700198,515.5669565306638,686.264125406175,465.32464752736
2021,12,2,10,577.7684918858057,482.2849656089672,682.9489475537442,364.4814842345719,480.4507489765503,404.5772973939588,556.9510423196921,307.50457416582987
2021,12,2,11,634.9990001574274,468.64465384939115,699.5253850192433,229.30421297825225,693.1985769929654,505.17046931315406,758.9278349832176,192.58061419110183
2021,12,2,12,461.2809720196308,356.74344008895235,493.77469259756685,176.68928090352628,707.1147287899176,504.34186572904093,766.3242143450349,130.4273385722666
2021,12,2,13,314.3464135136317,268.1594561545417,337.9572452370769,193.1335575813354,379.9481150256789,323.4664944381672,406.7829488855314,219.2423448236883
2021,12,2,14,300.69409486834303,274.9208249387141,337.23682600504355,235.92142300570274,377.76576852165965,348.9394422832742,444.762634495294,269.041877380953
2021,12,2,15,194.56756250949527,210.84532212129835,258.0169657194011,186.8962577558072,370.77713447410434,430.2634917522966,557.139509047489,347.95428237654767
2021,12,2,16,70.71779728896506,85.4235626005307,115.13686861087504,70.74245239468941,194.76430196928143,261.06606952565267,400.13894502014796,197.65262903365894
2021,12,2,17,0.0,0.0,0.0,0.0,0.0,0.0,0.0,0.0
2021,12,2,18,0.0,0.0,0.0,0.0,0.0,0.0,0.0,0.0
2021,12,2,19,0.0,0.0,0.0,0.0,0.0,0.0,0.0,0.0
2021,12,2,20,0.0,0.0,0.0,0.0,0.0,0.0,0.0,0.0
2021,12,2,21,0.0,0.0,0.0,0.0,0.0,0.0,0.0,0.0
2021,12,2,22,0.0,0.0,0.0,0.0,0.0,0.0,0.0,0.0
2021,12,2,23,0.0,0.0,0.0,0.0,0.0,0.0,0.0,0.0
2021,12,3,0,0.0,0.0,0.0,0.0,0.0,0.0,0.0,0.0
2021,12,3,1,0.0,0.0,0.0,0.0,0.0,0.0,0.0,0.0
2021,12,3,2,0.0,0.0,0.0,0.0,0.0,0.0,0.0,0.0
2021,12,3,3,0.0,0.0,0.0,0.0,0.0,0.0,0.0,0.0
2021,12,3,4,0.0,0.0,0.0,0.0,0.0,0.0,0.0,0.0
2021,12,3,5,0.0,0.0,0.0,0.0,0.0,0.0,0.0,0.0
2021,12,3,6,0.0,0.0,0.0,0.0,0.0,0.0,0.0,0.0
2021,12,3,7,20.58792116651579,23.15676215437228,27.330715507983385,27.99360701240642,-0.0,-0.0,-0.0,-0.0
2021,12,3,8,87.00205720355301,91.40691420032385,100.46052582165008,101.55467070839413,-0.0,-0.0,-0.0,-0.0
2021,12,3,9,169.9463341638275,159.6481491794281,182.02934347645586,165.44077389208826,134.8024698383879,125.14337385380593,137.86096918496025,126.86692956259942
2021,12,3,10,605.255769284379,509.7753812162022,702.5113304685677,401.4456374837174,364.0317558002311,309.6436016576373,412.3244375444498,246.69671888117333
2021,12,3,11,596.3663763158048,450.57086925269374,653.117619632792,243.18221873967772,695.9965679209729,500.70613282126345,766.7702243888575,191.08710729549287
2021,12,3,12,451.94835017810993,350.78605374671645,483.4854715238833,177.30066123386052,715.0603030667341,499.0106762949816,781.0038196539557,121.46640516850944
2021,12,3,13,400.3308388440154,331.3429009045378,442.99980264928297,222.24115992902327,675.865973686214,523.9639138004983,775.7591142625657,245.7399325577352
2021,12,3,14,411.4440178273578,383.34718665513674,511.0243314334139,283.8189658791299,586.6887874617559,552.8398047282101,757.5087332745339,359.4550319220922
2021,12,3,15,244.8783732078541,270.9017734273184,340.06430735419303,230.907535506092,359.6561158811081,417.07160670301346,543.611120306749,333.90849886422427
2021,12,3,16,147.90529291933635,197.40383140639688,306.2316438004005,150.69431956484698,142.40803268057635,191.61036686689994,262.9442868984919,141.43301716472828
2021,12,3,17,0.0,0.0,0.0,0.0,0.0,0.0,0.0,0.0
2021,12,3,18,0.0,0.0,0.0,0.0,0.0,0.0,0.0,0.0
2021,12,3,19,0.0,0.0,0.0,0.0,0.0,0.0,0.0,0.0
2021,12,3,20,0.0,0.0,0.0,0.0,0.0,0.0,0.0,0.0
2021,12,3,21,0.0,0.0,0.0,0.0,0.0,0.0,0.0,0.0
2021,12,3,22,0.0,0.0,0.0,0.0,0.0,0.0,0.0,0.0
2021,12,3,23,0.0,0.0,0.0,0.0,0.0,0.0,0.0,0.0
2021,12,4,0,0.0,0.0,0.0,0.0,0.0,0.0,0.0,0.0
2021,12,4,1,0.0,0.0,0.0,0.0,0.0,0.0,0.0,0.0
2021,12,4,2,0.0,0.0,0.0,0.0,0.0,0.0,0.0,0.0
2021,12,4,3,0.0,0.0,0.0,0.0,0.0,0.0,0.0,0.0
2021,12,4,4,0.0,0.0,0.0,0.0,0.0,0.0,0.0,0.0
2021,12,4,5,0.0,0.0,0.0,0.0,0.0,0.0,0.0,0.0
2021,12,4,6,0.0,0.0,0.0,0.0,0.0,0.0,0.0,0.0
2021,12,4,7,24.344602800036924,29.565048810719553,35.90005636044293,36.53181805733968,-0.0,-0.0,-0.0,-0.0
2021,12,4,8,125.13929788481965,136.95792794448724,158.69992706438225,152.28657400801376,288.7107168876102,387.91894495526054,527.5884914016196,414.7840998725584
2021,12,4,9,125.24958077440581,114.12131034995961,118.63976005100886,121.05242856864633,483.55099310706515,496.09977158052266,670.3734780080291,449.0610073196947
2021,12,4,10,193.56880931804162,177.39353435399082,183.91682384148942,172.05317739340433,613.6383857575875,506.2437414733177,730.4399264575547,354.78689948555285
2021,12,4,11,50.29423464951088,52.92744281050202,45.28963270652738,45.57829958353216,137.3645386505681,141.93981556190562,125.39711931560892,117.21115683797528
2021,12,4,12,224.5953904325713,186.74716070508603,234.00999423431483,113.20042796832188,489.1447205703892,378.96786311885467,520.629724921339,171.51116394210118
2021,12,4,13,651.829182644371,515.8890181638151,743.2841850627544,292.17770788714324,668.9273481125168,517.7721677629547,767.4096506717971,242.49939235685102
2021,12,4,14,269.78331910892956,250.28908961572122,332.2544230582849,190.80522788395524,581.6897928514496,546.7589573849351,750.6345384741609,355.4243651192509
2021,12,4,15,168.44448464107865,181.39684367981093,221.67417002354256,160.99513008470518,442.8510575780229,528.5994801825392,706.2653243953621,404.88110227409726
2021,12,4,16,60.68845717660972,75.58797653402273,111.88367386970502,61.20233615735516,238.64289896007566,324.5811142921144,562.5684184515703,242.19557693258002
2021,12,4,17,0.0,0.0,0.0,0.0,0.0,0.0,0.0,0.0
2021,12,4,18,0.0,0.0,0.0,0.0,0.0,0.0,0.0,0.0
2021,12,4,19,0.0,0.0,0.0,0.0,0.0,0.0,0.0,0.0
2021,12,4,20,0.0,0.0,0.0,0.0,0.0,0.0,0.0,0.0
2021,12,4,21,0.0,0.0,0.0,0.0,0.0,0.0,0.0,0.0
2021,12,4,22,0.0,0.0,0.0,0.0,0.0,0.0,0.0,0.0
2021,12,4,23,0.0,0.0,0.0,0.0,0.0,0.0,0.0,0.0
2021,12,5,0,0.0,0.0,0.0,0.0,0.0,0.0,0.0,0.0
2021,12,5,1,0.0,0.0,0.0,0.0,0.0,0.0,0.0,0.0
2021,12,5,2,0.0,0.0,0.0,0.0,0.0,0.0,0.0,0.0
2021,12,5,3,0.0,0.0,0.0,0.0,0.0,0.0,0.0,0.0
2021,12,5,4,0.0,0.0,0.0,0.0,0.0,0.0,0.0,0.0
2021,12,5,5,0.0,0.0,0.0,0.0,0.0,0.0,0.0,0.0
2021,12,5,6,0.0,0.0,0.0,0.0,0.0,0.0,0.0,0.0
2021,12,5,7,63.38003003885778,85.78519674710911,219.86951036558008,101.43489825229942,-0.0,-0.0,-0.0,-0.0
2021,12,5,8,347.757420165325,464.95750663915817,632.8093783279782,499.2744732341386,286.7332893681265,385.9866499581207,527.3723326996433,413.9400425498741
2021,12,5,9,471.2306108816763,482.8091053531439,655.9318228674787,449.01375459683385,493.05502490490596,506.4866950804836,688.9510331777079,457.892691216144
2021,12,5,10,604.1036641182232,501.30969946322745,721.5908252480152,377.9729512562039,629.0853563935175,516.9917430853411,753.2586388864396,360.53320273190656
2021,12,5,11,411.37509966953274,337.26046315788744,435.81054933203694,220.01010363987487,696.0514704424301,498.387920862984,769.3577576949697,192.10290825844095
2021,12,5,12,334.1195490125867,293.50482845468105,340.7055025193306,190.16313120627638,382.39341987079945,313.30922147596885,398.64975740850645,165.8115065915973
2021,12,5,13,179.26592622220673,169.10969804210387,170.35907565825346,147.17514399247753,366.43340490466994,310.36712009883524,392.2634044719628,209.14586124117912
2021,12,5,14,133.45627441122247,118.47357884369052,123.71523669363751,120.0699777216942,295.2736208249995,267.6086840926421,327.3475790069253,221.2419578181048
2021,12,5,15,99.55316726717633,93.33244997886804,92.66055451067369,95.86325507046254,193.8912817774834,201.1502672614201,235.79844210522066,180.62916756559275
2021,12,5,16,33.73110162489215,32.86782970285096,29.634127162922553,32.72875474040842,101.358553921588,124.76639344029456,154.2814325815773,97.71642162832255
2021,12,5,17,0.0,0.0,0.0,0.0,0.0,0.0,0.0,0.0
2021,12,5,18,0.0,0.0,0.0,0.0,0.0,0.0,0.0,0.0
2021,12,5,19,0.0,0.0,0.0,0.0,0.0,0.0,0.0,0.0
2021,12,5,20,0.0,0.0,0.0,0.0,0.0,0.0,0.0,0.0
2021,12,5,21,0.0,0.0,0.0,0.0,0.0,0.0,0.0,0.0
2021,12,5,22,0.0,0.0,0.0,0.0,0.0,0.0,0.0,0.0
2021,12,5,23,0.0,0.0,0.0,0.0,0.0,0.0,0.0,0.0
2021,12,6,0,0.0,0.0,0.0,0.0,0.0,0.0,0.0,0.0
2021,12,6,1,0.0,0.0,0.0,0.0,0.0,0.0,0.0,0.0
2021,12,6,2,0.0,0.0,0.0,0.0,0.0,0.0,0.0,0.0
2021,12,6,3,0.0,0.0,0.0,0.0,0.0,0.0,0.0,0.0
2021,12,6,4,0.0,0.0,0.0,0.0,0.0,0.0,0.0,0.0
2021,12,6,5,0.0,0.0,0.0,0.0,0.0,0.0,0.0,0.0
2021,12,6,6,0.0,0.0,0.0,0.0,0.0,0.0,0.0,0.0
2021,12,6,7,16.6742187455577,18.9555775887647,22.151401085969322,23.22075931092821,-0.0,-0.0,-0.0,-0.0
2021,12,6,8,102.61113564852691,104.96689595244233,111.72156416249389,116.45391282564734,235.1044693083429,314.1651801109897,429.585571420914,339.9636150704073
2021,12,6,9,235.39082712792282,223.54687324613215,264.6512171595961,229.8103250073425,0.30681115961684746,-0.0,-0.0,-0.0
2021,12,6,10,152.93690599775755,141.0378953257378,141.4970314310453,138.92617658138118,98.02288810619513,91.07419437256398,86.4044346340142,87.12301737893948
2021,12,6,11,100.7342712283595,105.4735757690566,91.4059990197076,92.26657274776154,61.573018673693625,66.4615919070215,53.81845256750272,56.44858170099468
2021,12,6,12,341.1575131826692,286.2050076380298,355.2433160600767,175.8949789748223,6.07866742274731,7.257685432000027,4.871069020861738,5.317815007872033
2021,12,6,13,167.60085701176857,160.6568826803732,156.42147413861957,144.19911988929996,77.27159103101648,77.01467842522574,67.08245875635403,69.74751609706625
2021,12,6,14,110.03977168009939,97.24733907638202,97.91745043726718,101.62003875760597,86.72269706767781,76.01516687321619,73.76396145049878,77.68390616827364
2021,12,6,15,68.59151615012529,61.95687286951001,56.80555078833865,66.18708924002726,122.0918821624159,115.64994201371039,116.97324457187462,112.96140951909582
2021,12,6,16,13.08411459997339,11.051749814885929,7.463661949447287,12.464455745525441,227.17261810368208,301.9778564952782,517.4484748094754,227.27160827970258
2021,12,6,17,0.0,0.0,0.0,0.0,0.0,0.0,0.0,0.0
2021,12,6,18,0.0,0.0,0.0,0.0,0.0,0.0,0.0,0.0
2021,12,6,19,0.0,0.0,0.0,0.0,0.0,0.0,0.0,0.0
2021,12,6,20,0.0,0.0,0.0,0.0,0.0,0.0,0.0,0.0
2021,12,6,21,0.0,0.0,0.0,0.0,0.0,0.0,0.0,0.0
2021,12,6,22,0.0,0.0,0.0,0.0,0.0,0.0,0.0,0.0
2021,12,6,23,0.0,0.0,0.0,0.0,0.0,0.0,0.0,0.0
2021,12,7,0,0.0,0.0,0.0,0.0,0.0,0.0,0.0,0.0
2021,12,7,1,0.0,0.0,0.0,0.0,0.0,0.0,0.0,0.0
2021,12,7,2,0.0,0.0,0.0,0.0,0.0,0.0,0.0,0.0
2021,12,7,3,0.0,0.0,0.0,0.0,0.0,0.0,0.0,0.0
2021,12,7,4,0.0,0.0,0.0,0.0,0.0,0.0,0.0,0.0
2021,12,7,5,0.0,0.0,0.0,0.0,0.0,0.0,0.0,0.0
2021,12,7,6,0.0,0.0,0.0,0.0,0.0,0.0,0.0,0.0
2021,12,7,7,-0.0,-0.0,-0.0,-0.0,-0.0,-0.0,-0.0,-0.0
2021,12,7,8,80.75077765073094,78.16476761045332,76.74275392701449,87.08138266983764,242.5097662377151,323.35708492935487,441.77076789453804,350.8084183643374
2021,12,7,9,166.50497886863897,152.39518802463294,161.4045898824753,161.84766612170094,19.356383595801994,16.468448741384545,14.131420857477302,17.580965505950207
2021,12,7,10,139.81941417411565,129.35847134897463,127.85306263039205,128.49646340113082,96.14831164859993,89.49268874884514,84.0830301076683,86.25795684257963
2021,12,7,11,277.46189870386655,264.54675424657256,270.1494616321645,213.19042773666956,46.479968986423415,50.52956505666288,40.243461182657626,43.016327901713936
2021,12,7,12,503.50435857171556,406.07578800071474,530.9416242661114,219.83228101071398,354.52448416739134,313.04105813570635,359.392648613558,194.56963949747532
2021,12,7,13,241.19687173967446,226.2455346871954,232.38740300368048,197.51635922438308,632.1600530335957,493.8121684664371,719.5435808465088,247.27121803377915
2021,12,7,14,157.41132839682567,139.90743949891777,147.8029281900386,141.57821273191465,195.8033691045593,174.05526502003838,189.0291008990985,164.96510709437212
2021,12,7,15,43.00916543360589,37.51270679209883,31.57030561885239,41.610634042882566,39.479443918593745,34.16988037654474,27.95518288162288,36.38595349727041
2021,12,7,16,17.75619150001131,15.248440840174968,10.895248328565431,17.014407174763388,211.35110993363418,279.10305512709056,453.65388376810336,213.06759147486605
2021,12,7,17,0.0,0.0,0.0,0.0,0.0,0.0,0.0,0.0
2021,12,7,18,0.0,0.0,0.0,0.0,0.0,0.0,0.0,0.0
2021,12,7,19,0.0,0.0,0.0,0.0,0.0,0.0,0.0,0.0
2021,12,7,20,0.0,0.0,0.0,0.0,0.0,0.0,0.0,0.0
2021,12,7,21,0.0,0.0,0.0,0.0,0.0,0.0,0.0,0.0
2021,12,7,22,0.0,0.0,0.0,0.0,0.0,0.0,0.0,0.0
2021,12,7,23,0.0,0.0,0.0,0.0,0.0,0.0,0.0,0.0
2021,12,8,0,0.0,0.0,0.0,0.0,0.0,0.0,0.0,0.0
2021,12,8,1,0.0,0.0,0.0,0.0,0.0,0.0,0.0,0.0
2021,12,8,2,0.0,0.0,0.0,0.0,0.0,0.0,0.0,0.0
2021,12,8,3,0.0,0.0,0.0,0.0,0.0,0.0,0.0,0.0
2021,12,8,4,0.0,0.0,0.0,0.0,0.0,0.0,0.0,0.0
2021,12,8,5,0.0,0.0,0.0,0.0,0.0,0.0,0.0,0.0
2021,12,8,6,0.0,0.0,0.0,0.0,0.0,0.0,0.0,0.0
2021,12,8,7,0.6190330260553608,0.09185472787046373,-0.0,0.4562399326172002,-0.0,-0.0,-0.0,-0.0
2021,12,8,8,47.97701046698092,43.69990936013448,38.26287884055357,48.57502715032786,15.654651196944876,13.208200219104494,9.614989943790174,14.117775715352547
2021,12,8,9,109.40002116138903,98.4547924449977,97.94707941842177,106.42049388777053,46.953095882241634,40.74838785985624,35.68525019011277,43.35056805472934
2021,12,8,10,208.0437657788716,189.37508114131893,198.83166891640798,184.89729149296681,154.82665180395855,141.85433001790568,141.73345502910902,134.589010122899
2021,12,8,11,276.669906429317,265.66493954120807,268.43021100740907,218.29114852111803,325.8640779008901,288.6849787035965,330.68039779980836,206.07488289192665
2021,12,8,12,272.0891626338056,267.48831585962523,262.7215412217336,204.55733091700455,310.56694895863325,279.4539291768264,312.10397513496116,180.72466679657475
2021,12,8,13,191.130168965909,182.42949942463673,179.59155455598614,162.7652873197282,194.80999775995232,185.20441595753312,182.12929717943416,157.05307334453067
2021,12,8,14,77.51474873276275,68.13069666895771,65.43903739498775,73.81112179388629,112.5703847431574,98.92333488407938,98.37746430822152,99.98676538168958
2021,12,8,15,30.51151718334525,26.43826891225265,22.024940765162967,29.386127655351856,452.62498827636756,531.096348806845,708.9447693107256,412.32680315290213
2021,12,8,16,10.707618116300509,8.973029971985767,5.938068594386658,10.16332713511066,239.75017263150457,317.55122167067907,541.4083973728309,240.9797309475227
2021,12,8,17,0.0,0.0,0.0,0.0,0.0,0.0,0.0,0.0
2021,12,8,18,0.0,0.0,0.0,0.0,0.0,0.0,0.0,0.0
2021,12,8,19,0.0,0.0,0.0,0.0,0.0,0.0,0.0,0.0
2021,12,8,20,0.0,0.0,0.0,0.0,0.0,0.0,0.0,0.0
2021,12,8,21,0.0,0.0,0.0,0.0,0.0,0.0,0.0,0.0
2021,12,8,22,0.0,0.0,0.0,0.0,0.0,0.0,0.0,0.0
2021,12,8,23,0.0,0.0,0.0,0.0,0.0,0.0,0.0,0.0
2021,12,9,0,0.0,0.0,0.0,0.0,0.0,0.0,0.0,0.0
2021,12,9,1,0.0,0.0,0.0,0.0,0.0,0.0,0.0,0.0
2021,12,9,2,0.0,0.0,0.0,0.0,0.0,0.0,0.0,0.0
2021,12,9,3,0.0,0.0,0.0,0.0,0.0,0.0,0.0,0.0
2021,12,9,4,0.0,0.0,0.0,0.0,0.0,0.0,0.0,0.0
2021,12,9,5,0.0,0.0,0.0,0.0,0.0,0.0,0.0,0.0
2021,12,9,6,0.0,0.0,0.0,0.0,0.0,0.0,0.0,0.0
2021,12,9,7,2.060671063964574,1.3424042006757018,-0.0,1.8392483384009282,-0.0,-0.0,-0.0,-0.0
2021,12,9,8,51.199454575117706,47.73277293429528,43.56065149944537,52.97638955674713,236.70773769525343,318.3987505200624,439.3196630883949,346.55697626267937
2021,12,9,9,192.9400436457157,182.34352379338696,211.86374713630457,188.92529072917344,455.97241499199697,469.2492713229966,643.1133790821738,430.57049726020796
2021,12,9,10,256.4342150815797,225.38981042400567,269.3595264612278,204.80844645709948,596.1953282064537,491.4455448962982,718.3565908145966,353.77141160103
2021,12,9,11,359.20349302612306,292.5349878531003,381.66826484280494,191.35765681669315,676.5816787510616,481.48698928067495,753.9897419760257,198.52453192725056
2021,12,9,12,508.78201875484217,370.74244075636847,555.6438589177554,160.33210130638332,690.1244853004863,475.9902075759273,758.8572595754256,126.1775984284713
2021,12,9,13,527.8474631736085,418.5289633481017,598.5561330113896,250.63004351775916,657.1571816773887,502.09748681474207,757.5253466776169,239.53731185921018
2021,12,9,14,436.9499087897197,401.24436613715295,538.9950963731037,298.8001965698609,568.6770304465942,526.8718032007913,734.5572660746807,344.09141016532567
2021,12,9,15,196.96541270094184,211.45348230074097,262.49244199121154,185.0998762819616,416.0259894661172,484.57005580650275,648.7371376771531,376.28357518011785
2021,12,9,16,61.51019087364791,71.70505749162902,88.96336995730299,61.04722943317366,219.03888483757515,291.87624935477874,487.57426629435554,218.5451319073177
2021,12,9,17,0.0,0.0,0.0,0.0,0.0,0.0,0.0,0.0
2021,12,9,18,0.0,0.0,0.0,0.0,0.0,0.0,0.0,0.0
2021,12,9,19,0.0,0.0,0.0,0.0,0.0,0.0,0.0,0.0
2021,12,9,20,0.0,0.0,0.0,0.0,0.0,0.0,0.0,0.0
2021,12,9,21,0.0,0.0,0.0,0.0,0.0,0.0,0.0,0.0
2021,12,9,22,0.0,0.0,0.0,0.0,0.0,0.0,0.0,0.0
2021,12,9,23,0.0,0.0,0.0,0.0,0.0,0.0,0.0,0.0
2021,12,10,0,0.0,0.0,0.0,0.0,0.0,0.0,0.0,0.0
2021,12,10,1,0.0,0.0,0.0,0.0,0.0,0.0,0.0,0.0
2021,12,10,2,0.0,0.0,0.0,0.0,0.0,0.0,0.0,0.0
2021,12,10,3,0.0,0.0,0.0,0.0,0.0,0.0,0.0,0.0
2021,12,10,4,0.0,0.0,0.0,0.0,0.0,0.0,0.0,0.0
2021,12,10,5,0.0,0.0,0.0,0.0,0.0,0.0,0.0,0.0
2021,12,10,6,0.0,0.0,0.0,0.0,0.0,0.0,0.0,0.0
2021,12,10,7,2.585038756100582,1.8005058022920517,0.23072622747279117,2.348354558408749,-0.0,-0.0,-0.0,-0.0
2021,12,10,8,111.02646558568318,120.1106482296592,137.90286501262398,134.8322906548926,248.0644026289556,335.84081003398404,465.6716407668889,365.4467612446053
2021,12,10,9,224.51356722142728,214.81538354842178,257.1868359103991,218.77860339179227,466.8369204804332,481.22008327663036,660.9376925420138,442.1330745974471
2021,12,10,10,356.4047433744289,304.98267735748664,400.13199907577757,258.70496162745684,613.4576888681435,504.6700585105417,742.3127847336647,361.7705194994217
2021,12,10,11,409.51956086048347,336.90815434755785,434.0754294247598,226.17496368313272,695.5180248406623,492.4103805763301,777.0061623189167,200.11930125153592
2021,12,10,12,186.0110202714154,189.42186892946577,175.32111119707778,149.8694454506854,234.0878326368838,230.85230220091066,223.2390871400987,166.90810560408758
2021,12,10,13,155.59355235902694,150.1405600565564,144.01782979437328,134.85016014219957,303.16175047278534,267.5212263160485,310.9451050652855,199.81497093186496
2021,12,10,14,220.07295462663947,198.0687813940311,240.2713200193205,172.42457534603315,594.6359061129353,549.6300543843059,771.2836946510887,351.4416629365781
2021,12,10,15,183.7158058002456,191.6613726470561,229.84380383975326,171.7746300256582,446.75656911343594,524.5100413813942,711.1973391895594,396.7292589496265
2021,12,10,16,62.339645347345055,72.58066253758079,88.96149646985825,61.88504478609638,230.90644744094067,306.27511444924306,524.4070921103815,230.33527756138787
2021,12,10,17,0.0,0.0,0.0,0.0,0.0,0.0,0.0,0.0
2021,12,10,18,0.0,0.0,0.0,0.0,0.0,0.0,0.0,0.0
2021,12,10,19,0.0,0.0,0.0,0.0,0.0,0.0,0.0,0.0
2021,12,10,20,0.0,0.0,0.0,0.0,0.0,0.0,0.0,0.0
2021,12,10,21,0.0,0.0,0.0,0.0,0.0,0.0,0.0,0.0
2021,12,10,22,0.0,0.0,0.0,0.0,0.0,0.0,0.0,0.0
2021,12,10,23,0.0,0.0,0.0,0.0,0.0,0.0,0.0,0.0
2021,12,11,0,0.0,0.0,0.0,0.0,0.0,0.0,0.0,0.0
2021,12,11,1,0.0,0.0,0.0,0.0,0.0,0.0,0.0,0.0
2021,12,11,2,0.0,0.0,0.0,0.0,0.0,0.0,0.0,0.0
2021,12,11,3,0.0,0.0,0.0,0.0,0.0,0.0,0.0,0.0
2021,12,11,4,0.0,0.0,0.0,0.0,0.0,0.0,0.0,0.0
2021,12,11,5,0.0,0.0,0.0,0.0,0.0,0.0,0.0,0.0
2021,12,11,6,0.0,0.0,0.0,0.0,0.0,0.0,0.0,0.0
2021,12,11,7,5.568334496490622,5.118567209478097,5.71780805671918,6.2044611703710535,-0.0,-0.0,-0.0,-0.0
2021,12,11,8,107.57853918705229,129.0248962830847,163.38265279752892,143.0312380671534,26.629395095715772,22.871525949364962,17.30287358771001,24.51928737261892
2021,12,11,9,107.00623518546819,96.14403185327667,95.03878716733477,103.89156545348374,180.88639938992222,169.96170072914546,193.8713293712002,172.61729088314158
2021,12,11,10,130.4441714883064,120.19505588732075,117.93747480893698,120.42932243065127,126.73816844353018,116.71820449242406,112.6884077536807,113.23781860810246
2021,12,11,11,98.62767841245626,103.56794072074733,88.69098731680384,91.526653098389,50.712337402049805,54.89304942488348,43.85120956910293,47.25158454148163
2021,12,11,12,92.88055236640535,101.14106939439927,83.7356757735298,85.84945228212723,23.88872137060671,27.147553953752517,20.538323331218347,22.03696523964409
2021,12,11,13,124.82207929912451,122.41539708621389,113.02100346953937,112.47056749652161,131.8653420684939,128.3336058602433,119.32238605121917,111.92464890456041
2021,12,11,14,172.113689659735,152.46942344550902,162.38315620314836,152.9875383743581,218.12363992848208,194.8085354425458,228.19234571237,173.38599088385035
2021,12,11,15,108.3377134599757,101.12365561996191,100.69565196526673,104.07926719410447,113.68816729426607,107.30432577963279,108.45086018143569,104.94838645744466
2021,12,11,16,37.33429064961877,36.599599692440385,34.122478939536535,36.198900052513885,167.76731569359941,225.2788617720367,311.7085006005427,165.46637542580115
2021,12,11,17,0.0,0.0,0.0,0.0,0.0,0.0,0.0,0.0
2021,12,11,18,0.0,0.0,0.0,0.0,0.0,0.0,0.0,0.0
2021,12,11,19,0.0,0.0,0.0,0.0,0.0,0.0,0.0,0.0
2021,12,11,20,0.0,0.0,0.0,0.0,0.0,0.0,0.0,0.0
2021,12,11,21,0.0,0.0,0.0,0.0,0.0,0.0,0.0,0.0
2021,12,11,22,0.0,0.0,0.0,0.0,0.0,0.0,0.0,0.0
2021,12,11,23,0.0,0.0,0.0,0.0,0.0,0.0,0.0,0.0
2021,12,12,0,0.0,0.0,0.0,0.0,0.0,0.0,0.0,0.0
2021,12,12,1,0.0,0.0,0.0,0.0,0.0,0.0,0.0,0.0
2021,12,12,2,0.0,0.0,0.0,0.0,0.0,0.0,0.0,0.0
2021,12,12,3,0.0,0.0,0.0,0.0,0.0,0.0,0.0,0.0
2021,12,12,4,0.0,0.0,0.0,0.0,0.0,0.0,0.0,0.0
2021,12,12,5,0.0,0.0,0.0,0.0,0.0,0.0,0.0,0.0
2021,12,12,6,0.0,0.0,0.0,0.0,0.0,0.0,0.0,0.0
2021,12,12,7,39.29715809682753,54.34928572178906,171.6892795382822,64.8650541313239,-0.0,-0.0,-0.0,-0.0
2021,12,12,8,360.6473549502439,488.85028553331176,677.4052750631834,532.0058764176964,313.44663315989874,428.473529541516,595.1879960167355,464.9566462391156
2021,12,12,9,558.9234501965253,577.9409948680113,793.3232706630099,538.7624449001913,542.4155702871268,561.4050894049171,772.8717214172226,513.8338676203256
2021,12,12,10,681.6639729455086,565.0492092447656,825.1529015683255,421.04897741243,678.5927316215048,560.286626742454,819.0369307578916,401.6938377336458
2021,12,12,11,735.7458535004272,527.7508918887027,821.4174204316154,237.902980985114,752.0950233927585,536.6403984725443,833.3333333333334,217.52995443921043
2021,12,12,12,746.70487396952,517.0447126223721,821.2577710076288,148.9369948805822,761.315733736102,527.1102514012732,833.3333333333334,130.1477766267737
2021,12,12,13,702.2838285607597,535.7944306689386,808.7911059225983,267.1915137625245,723.3642266388277,550.4012914388638,830.3242664894819,253.7664566147349
2021,12,12,14,599.0101120089602,553.3940033235117,771.4637212569094,372.8460836532073,626.6335456767594,578.0156603799909,803.6049865859497,375.8158493104522
2021,12,12,15,328.0509662049733,377.9700088635358,508.2424410178254,300.6311606086541,478.90117078807504,558.0502562256099,751.0181686360331,429.91160246405343
2021,12,12,16,181.70683587117537,244.5023001377933,412.6730658926857,186.05312045761175,266.0475261976745,355.5433813079089,606.4453034053704,268.14122485766734
2021,12,12,17,0.0,0.0,0.0,0.0,0.0,0.0,0.0,0.0
2021,12,12,18,0.0,0.0,0.0,0.0,0.0,0.0,0.0,0.0
2021,12,12,19,0.0,0.0,0.0,0.0,0.0,0.0,0.0,0.0
2021,12,12,20,0.0,0.0,0.0,0.0,0.0,0.0,0.0,0.0
2021,12,12,21,0.0,0.0,0.0,0.0,0.0,0.0,0.0,0.0
2021,12,12,22,0.0,0.0,0.0,0.0,0.0,0.0,0.0,0.0
2021,12,12,23,0.0,0.0,0.0,0.0,0.0,0.0,0.0,0.0
2021,12,13,0,0.0,0.0,0.0,0.0,0.0,0.0,0.0,0.0
2021,12,13,1,0.0,0.0,0.0,0.0,0.0,0.0,0.0,0.0
2021,12,13,2,0.0,0.0,0.0,0.0,0.0,0.0,0.0,0.0
2021,12,13,3,0.0,0.0,0.0,0.0,0.0,0.0,0.0,0.0
2021,12,13,4,0.0,0.0,0.0,0.0,0.0,0.0,0.0,0.0
2021,12,13,5,0.0,0.0,0.0,0.0,0.0,0.0,0.0,0.0
2021,12,13,6,0.0,0.0,0.0,0.0,0.0,0.0,0.0,0.0
2021,12,13,7,-0.0,-0.0,-0.0,-0.0,-0.0,-0.0,-0.0,-0.0
2021,12,13,8,55.87485358979242,52.276902032047424,47.932566451745735,58.24622352827912,8.033719209373004,6.5268699479884384,4.245489588627602,7.064699011929505
2021,12,13,9,184.68680445372013,174.6642992204016,201.58712611356466,182.18898874750315,63.139095128361106,55.31293380895445,49.70832264104079,58.51547479599719
2021,12,13,10,135.35289558237633,124.02270174915098,123.2559346934144,124.61296000055772,145.34814697498422,132.42420448093364,131.9493351394908,126.79434776839598
2021,12,13,11,115.89598861533128,119.97378508938127,105.24751382430188,105.72205441024515,120.49410876416901,124.93663392784285,108.2415168449674,104.9027768725188
2021,12,13,12,183.99282324520215,189.14297769009832,172.51868406682956,151.88861065061033,109.1946417916648,118.06561107914852,98.02627928731859,94.64747076086236
2021,12,13,13,135.74848316328237,132.5812591235171,123.78101899686389,121.04727680250674,210.2317923520776,198.13306115088463,198.46614361824854,163.22682038725617
2021,12,13,14,98.73860720931629,86.94100213149214,86.14503527962283,92.17341008475704,101.53483026973723,88.92207393338086,87.27940247276516,90.48308301936927
2021,12,13,15,56.46545471922685,50.20042965406339,44.506016386918645,54.488645743604394,436.3761829948233,506.0910348527327,684.4253489486506,386.10484251304615
2021,12,13,16,11.889273273330144,9.983615559782162,6.628941788999842,11.308978827638029,233.05495384805477,308.5592256065433,521.6646893098246,232.62624047367288
2021,12,13,17,0.0,0.0,0.0,0.0,0.0,0.0,0.0,0.0
2021,12,13,18,0.0,0.0,0.0,0.0,0.0,0.0,0.0,0.0
2021,12,13,19,0.0,0.0,0.0,0.0,0.0,0.0,0.0,0.0
2021,12,13,20,0.0,0.0,0.0,0.0,0.0,0.0,0.0,0.0
2021,12,13,21,0.0,0.0,0.0,0.0,0.0,0.0,0.0,0.0
2021,12,13,22,0.0,0.0,0.0,0.0,0.0,0.0,0.0,0.0
2021,12,13,23,0.0,0.0,0.0,0.0,0.0,0.0,0.0,0.0
2021,12,14,0,0.0,0.0,0.0,0.0,0.0,0.0,0.0,0.0
2021,12,14,1,0.0,0.0,0.0,0.0,0.0,0.0,0.0,0.0
2021,12,14,2,0.0,0.0,0.0,0.0,0.0,0.0,0.0,0.0
2021,12,14,3,0.0,0.0,0.0,0.0,0.0,0.0,0.0,0.0
2021,12,14,4,0.0,0.0,0.0,0.0,0.0,0.0,0.0,0.0
2021,12,14,5,0.0,0.0,0.0,0.0,0.0,0.0,0.0,0.0
2021,12,14,6,0.0,0.0,0.0,0.0,0.0,0.0,0.0,0.0
2021,12,14,7,5.8472470054459205,5.931429565414946,5.115108383950381,7.513601308103157,-0.0,-0.0,-0.0,-0.0
2021,12,14,8,46.40297405856629,42.27258763587852,36.810129903284505,47.10300855890151,35.42796078600946,31.639049345106624,25.82991377198933,33.73341949303644
2021,12,14,9,132.4955212778828,120.39081315595531,123.43903841268403,129.42512132232218,122.76710255914672,114.15440557486185,125.01895239910267,116.82897664109737
2021,12,14,10,206.5688276697448,186.32482946777336,198.42386080796675,182.26522978059813,596.5208043780603,493.00245653590656,723.6543995697201,356.2420169129285
2021,12,14,11,271.3938139747612,242.99692334931336,274.7820125564959,187.75416708671935,308.38064709122494,272.3916061822986,312.65544324845325,195.33164229521952
2021,12,14,12,511.538934836514,392.69734530392014,548.9144451125114,194.54120922562396,699.0605718169068,477.64150458884296,768.9018543790628,112.99508958044896
2021,12,14,13,306.3691783115682,257.9080908605866,329.15919923902305,183.56784229966516,285.1313140766812,249.29313672816716,292.76458378949803,180.35254860484244
2021,12,14,14,166.24632023064828,147.31492550079741,161.01381142155327,143.40761388753654,581.8679668259083,533.1569117620081,749.1919987308023,340.08459146669514
2021,12,14,15,93.7807440150254,88.66041598830054,90.33960046598561,88.81327210411109,321.138057055281,355.45056331086073,461.2651954248993,288.4049414057235
2021,12,14,16,72.82560117012738,89.42275959073162,126.43827873779829,73.28571337818212,242.90936499438908,324.9788437811502,551.589768536179,243.6929534751349
2021,12,14,17,0.0,0.0,0.0,0.0,0.0,0.0,0.0,0.0
2021,12,14,18,0.0,0.0,0.0,0.0,0.0,0.0,0.0,0.0
2021,12,14,19,0.0,0.0,0.0,0.0,0.0,0.0,0.0,0.0
2021,12,14,20,0.0,0.0,0.0,0.0,0.0,0.0,0.0,0.0
2021,12,14,21,0.0,0.0,0.0,0.0,0.0,0.0,0.0,0.0
2021,12,14,22,0.0,0.0,0.0,0.0,0.0,0.0,0.0,0.0
2021,12,14,23,0.0,0.0,0.0,0.0,0.0,0.0,0.0,0.0
2021,12,15,0,0.0,0.0,0.0,0.0,0.0,0.0,0.0,0.0
2021,12,15,1,0.0,0.0,0.0,0.0,0.0,0.0,0.0,0.0
2021,12,15,2,0.0,0.0,0.0,0.0,0.0,0.0,0.0,0.0
2021,12,15,3,0.0,0.0,0.0,0.0,0.0,0.0,0.0,0.0
2021,12,15,4,0.0,0.0,0.0,0.0,0.0,0.0,0.0,0.0
2021,12,15,5,0.0,0.0,0.0,0.0,0.0,0.0,0.0,0.0
2021,12,15,6,0.0,0.0,0.0,0.0,0.0,0.0,0.0,0.0
2021,12,15,7,6.063755243601881,6.373908800686739,5.748037091886017,8.13560764137944,-0.0,-0.0,-0.0,-0.0
2021,12,15,8,57.95487868324404,54.545544562105896,50.56082996285099,60.91058469934212,250.0327313495842,343.6308362838107,479.3780149204855,376.14634174061615
2021,12,15,9,213.9998746693997,203.7316756433468,239.86104350553398,211.81933341757468,469.1047049231619,486.86450470704284,670.4280560122503,449.65823513297283
2021,12,15,10,370.9450812569497,318.6617196878679,415.885190054325,276.359194166229,612.9312351720862,506.5422294411574,745.4350024441362,365.9369829072471
2021,12,15,11,477.9819871152423,370.5241898375447,521.5605155891017,226.0526276241214,694.1638905181975,491.30254634178414,777.6258736403477,201.28563509551867
2021,12,15,12,384.9635321594167,312.4243915614613,404.70162649362715,177.0711912469365,713.7682964444875,486.85247521381064,785.6078395222725,116.15418924513807
2021,12,15,13,417.81712651687747,338.1806254872092,463.5720465196498,219.2581572914032,682.6494261083026,513.5967157143938,785.9584503486395,230.70930283882936
2021,12,15,14,390.05116171779946,353.6524191901172,475.89214131644286,267.7611206367597,596.3598662479137,544.9243858577463,768.8688292423224,344.3216122096639
2021,12,15,15,225.97377813520683,248.4692050687573,323.5658356650887,207.26871944913384,459.0440619068276,533.0587868582663,725.8156957960716,400.57375647600963
2021,12,15,16,74.8137962463999,91.93294681333475,129.45428491027494,75.23720517487297,254.82936720863452,343.1934985217479,584.9022653096828,255.3745512889069
2021,12,15,17,0.0,0.0,0.0,0.0,0.0,0.0,0.0,0.0
2021,12,15,18,0.0,0.0,0.0,0.0,0.0,0.0,0.0,0.0
2021,12,15,19,0.0,0.0,0.0,0.0,0.0,0.0,0.0,0.0
2021,12,15,20,0.0,0.0,0.0,0.0,0.0,0.0,0.0,0.0
2021,12,15,21,0.0,0.0,0.0,0.0,0.0,0.0,0.0,0.0
2021,12,15,22,0.0,0.0,0.0,0.0,0.0,0.0,0.0,0.0
2021,12,15,23,0.0,0.0,0.0,0.0,0.0,0.0,0.0,0.0
2021,12,16,0,0.0,0.0,0.0,0.0,0.0,0.0,0.0,0.0
2021,12,16,1,0.0,0.0,0.0,0.0,0.0,0.0,0.0,0.0
2021,12,16,2,0.0,0.0,0.0,0.0,0.0,0.0,0.0,0.0
2021,12,16,3,0.0,0.0,0.0,0.0,0.0,0.0,0.0,0.0
2021,12,16,4,0.0,0.0,0.0,0.0,0.0,0.0,0.0,0.0
2021,12,16,5,0.0,0.0,0.0,0.0,0.0,0.0,0.0,0.0
2021,12,16,6,0.0,0.0,0.0,0.0,0.0,0.0,0.0,0.0
2021,12,16,7,8.728479208833742,10.779899080555275,18.833449446783053,13.7750314816659,-0.0,-0.0,-0.0,-0.0
2021,12,16,8,67.47735516130584,65.02414808914666,62.8405401283039,72.8024073044539,229.60317980403823,314.7138267163527,438.4688788232694,346.01139773572794
2021,12,16,9,151.8618439395562,143.18747693310942,162.63430256568824,150.192775049956,263.9578833578765,264.4174139705492,343.5814712795582,256.52473430409776
2021,12,16,10,465.99351376799217,395.8472801862509,541.6730117683627,329.3659027226728,602.7504808669123,499.42359246487285,732.6329894778398,362.5831443981674
2021,12,16,11,406.3680087954944,331.2480504450164,433.0362871874786,221.9834028999199,682.1997351637633,484.64228423888324,763.5354689226546,200.76904450660453
2021,12,16,12,486.74333807577966,371.1293820310529,523.2999390315088,181.72092217466653,491.67298956894564,382.29491430098983,522.927971261573,181.4967928183992
2021,12,16,13,410.6733030611377,333.13095415942496,454.66388715781926,218.02663445956387,672.1304959779956,506.1205566721967,772.1519608560183,227.44116998165518
2021,12,16,14,299.1616230089509,269.00341840143824,344.37692642315835,223.03806210149588,543.506580344212,494.44637855979784,684.1945910550486,331.84552338534564
2021,12,16,15,304.5753253276059,334.09882313148944,434.38111288185286,279.0555031957161,291.79181957155015,313.2267211181198,395.7666112784289,262.4697264594599
2021,12,16,16,130.13980570387935,169.18768452898098,259.1640351436659,131.71400576380313,146.39613076333134,191.14105416587728,258.3708980492342,144.7770822632472
2021,12,16,17,0.0,0.0,0.0,0.0,0.0,0.0,0.0,0.0
2021,12,16,18,0.0,0.0,0.0,0.0,0.0,0.0,0.0,0.0
2021,12,16,19,0.0,0.0,0.0,0.0,0.0,0.0,0.0,0.0
2021,12,16,20,0.0,0.0,0.0,0.0,0.0,0.0,0.0,0.0
2021,12,16,21,0.0,0.0,0.0,0.0,0.0,0.0,0.0,0.0
2021,12,16,22,0.0,0.0,0.0,0.0,0.0,0.0,0.0,0.0
2021,12,16,23,0.0,0.0,0.0,0.0,0.0,0.0,0.0,0.0
2021,12,17,0,0.0,0.0,0.0,0.0,0.0,0.0,0.0,0.0
2021,12,17,1,0.0,0.0,0.0,0.0,0.0,0.0,0.0,0.0
2021,12,17,2,0.0,0.0,0.0,0.0,0.0,0.0,0.0,0.0
2021,12,17,3,0.0,0.0,0.0,0.0,0.0,0.0,0.0,0.0
2021,12,17,4,0.0,0.0,0.0,0.0,0.0,0.0,0.0,0.0
2021,12,17,5,0.0,0.0,0.0,0.0,0.0,0.0,0.0,0.0
2021,12,17,6,0.0,0.0,0.0,0.0,0.0,0.0,0.0,0.0
2021,12,17,7,6.162533018592995,6.73030442325382,6.304327088307969,8.680671489801338,-0.0,-0.0,-0.0,-0.0
2021,12,17,8,42.43402722853125,38.39822422762083,32.83243840513428,42.79292204154443,244.086999196971,336.90765716693625,471.1155526276022,370.34026115325986
2021,12,17,9,119.2417016179544,108.20642122216132,109.75206409084676,116.4665021690588,468.16252846043994,487.3803490693986,671.2337436413146,453.12731036747584
2021,12,17,10,381.5082349111788,328.92819681514743,426.40912224244414,289.00214874433146,264.9626683182467,229.96075781179573,288.30973632689523,202.0530935583658
2021,12,17,11,471.42830537563,386.12292242151216,502.22089441173125,261.65985315797343,368.46032362647156,301.9529030479592,389.70782611956247,195.235668497212
2021,12,17,12,373.16997863459613,306.60974084154515,390.89069444720286,179.84553972066195,287.95113739934146,256.0618948857132,289.702177309158,161.4791865852998
2021,12,17,13,364.3441759784165,305.6141514249433,392.0178093964312,214.42976598487377,301.30991201653677,262.3255548056704,310.8458031390025,188.85304071894785
2021,12,17,14,201.9212346421969,179.85656384864578,212.26070524553998,165.4082461878881,249.00045287294694,221.45790144350877,267.5911032815466,190.44361537974294
2021,12,17,15,162.79699011634364,164.412200761648,191.90336313790877,153.13731319156634,216.81973555468463,223.22763269707852,268.42025174480557,197.7190921335562
2021,12,17,16,51.301341078553584,53.57313206836731,55.442169386628876,50.17761618800973,151.27242728344487,196.34085271816494,271.185794876913,150.00629399800027
2021,12,17,17,0.0,0.0,0.0,0.0,0.0,0.0,0.0,0.0
2021,12,17,18,0.0,0.0,0.0,0.0,0.0,0.0,0.0,0.0
2021,12,17,19,0.0,0.0,0.0,0.0,0.0,0.0,0.0,0.0
2021,12,17,20,0.0,0.0,0.0,0.0,0.0,0.0,0.0,0.0
2021,12,17,21,0.0,0.0,0.0,0.0,0.0,0.0,0.0,0.0
2021,12,17,22,0.0,0.0,0.0,0.0,0.0,0.0,0.0,0.0
2021,12,17,23,0.0,0.0,0.0,0.0,0.0,0.0,0.0,0.0
2021,12,18,0,0.0,0.0,0.0,0.0,0.0,0.0,0.0,0.0
2021,12,18,1,0.0,0.0,0.0,0.0,0.0,0.0,0.0,0.0
2021,12,18,2,0.0,0.0,0.0,0.0,0.0,0.0,0.0,0.0
2021,12,18,3,0.0,0.0,0.0,0.0,0.0,0.0,0.0,0.0
2021,12,18,4,0.0,0.0,0.0,0.0,0.0,0.0,0.0,0.0
2021,12,18,5,0.0,0.0,0.0,0.0,0.0,0.0,0.0,0.0
2021,12,18,6,0.0,0.0,0.0,0.0,0.0,0.0,0.0,0.0
2021,12,18,7,3.298315840319305,2.7878962134118734,2.1045454663826724,3.5902223964432314,-0.0,-0.0,-0.0,-0.0
2021,12,18,8,60.57112182776145,58.31073005367877,55.90243387742486,65.15365089522656,44.05525485914618,41.60768969136808,37.66121848665973,44.62763301328807
2021,12,18,9,146.89381178445612,134.96195582858638,142.45327466619182,143.87016868627026,437.5411595266685,455.8641480700541,627.6936626132704,424.1328946938659
2021,12,18,10,64.56692206534194,59.71905164586565,54.69556389181443,62.11294089355343,32.86111762542651,30.23210769779266,26.572907464022606,30.171995672350704
2021,12,18,11,13.026375127227677,13.939063464966798,11.103069569992526,11.978698861516662,7.360341567386031,8.172435652663317,5.829103358267069,6.4974656306118455
2021,12,18,12,0.09080429912288387,0.5755859795923355,-0.0,-0.0,5.381183537547026,6.523865015184872,4.20065184505781,4.668929083812039
2021,12,18,13,-0.0,-0.0,-0.0,-0.0,4.795452765919995,4.9695012028473835,3.500995944609213,4.120699013235122
2021,12,18,14,0.5000963751272914,-0.0,-0.0,0.32185464670711894,2.934974099150546,2.070214467134497,1.570019285202257,2.38940056655165
2021,12,18,15,0.8907546195440779,0.30156342316159834,-0.0,0.7005647309087284,0.40249395981442876,-0.0,-0.0,0.04430531764229285
2021,12,18,16,3.6302666859545436,2.7082195538588874,1.1070259478829814,3.325256835100868,-0.0,-0.0,-0.0,-0.0
2021,12,18,17,0.0,0.0,0.0,0.0,0.0,0.0,0.0,0.0
2021,12,18,18,0.0,0.0,0.0,0.0,0.0,0.0,0.0,0.0
2021,12,18,19,0.0,0.0,0.0,0.0,0.0,0.0,0.0,0.0
2021,12,18,20,0.0,0.0,0.0,0.0,0.0,0.0,0.0,0.0
2021,12,18,21,0.0,0.0,0.0,0.0,0.0,0.0,0.0,0.0
2021,12,18,22,0.0,0.0,0.0,0.0,0.0,0.0,0.0,0.0
2021,12,18,23,0.0,0.0,0.0,0.0,0.0,0.0,0.0,0.0
2021,12,19,0,0.0,0.0,0.0,0.0,0.0,0.0,0.0,0.0
2021,12,19,1,0.0,0.0,0.0,0.0,0.0,0.0,0.0,0.0
2021,12,19,2,0.0,0.0,0.0,0.0,0.0,0.0,0.0,0.0
2021,12,19,3,0.0,0.0,0.0,0.0,0.0,0.0,0.0,0.0
2021,12,19,4,0.0,0.0,0.0,0.0,0.0,0.0,0.0,0.0
2021,12,19,5,0.0,0.0,0.0,0.0,0.0,0.0,0.0,0.0
2021,12,19,6,0.0,0.0,0.0,0.0,0.0,0.0,0.0,0.0
2021,12,19,7,1.9371227851232578,1.2298257691549976,-0.0,1.7241327133374453,-0.0,-0.0,-0.0,-0.0
2021,12,19,8,106.6003671564553,117.11728670762223,135.54460457606976,132.09374962512672,43.549288980505736,39.38051608911905,32.956601577441496,42.161326225920554
2021,12,19,9,391.3584559078652,396.7410636666264,523.9598399377816,388.4499411457747,203.53639865116867,194.50589833981024,227.8811872750302,195.33147020064072
2021,12,19,10,666.3245705989259,557.6816934948597,811.636065188568,433.4268622035093,657.655043309087,546.2141422418846,802.3132303195031,397.2140083980937
2021,12,19,11,591.9865888831937,446.40684635074535,655.8814337766727,260.36268550155086,502.38349661375634,395.9815824510592,542.8899824271456,239.53585355517336
2021,12,19,12,648.8880372089058,468.7776425417515,708.6086272279099,190.26914669965024,498.0201422678636,376.1330173870003,533.6792227590375,162.09294980508898
2021,12,19,13,604.1494582284532,464.96645220822256,689.0701706133789,255.30915619923357,555.9506432001253,444.2549167466707,614.7309535347737,257.36959010446117
2021,12,19,14,340.801369368933,305.7487643642597,400.18231343720487,241.64622211201356,510.20731110287585,460.6351028060249,637.4349305477995,314.25196310063757
2021,12,19,15,280.89580819388476,302.0264971979563,386.0932360407687,254.5333062563665,214.19130718400118,218.31796919207824,259.88405348890467,193.95653753676103
2021,12,19,16,78.38400923481926,92.13691464751345,120.50599255401755,78.14816952548622,185.5887798560647,242.29001347916366,345.0840902221853,184.87596818838279
2021,12,19,17,0.0,0.0,0.0,0.0,0.0,0.0,0.0,0.0
2021,12,19,18,0.0,0.0,0.0,0.0,0.0,0.0,0.0,0.0
2021,12,19,19,0.0,0.0,0.0,0.0,0.0,0.0,0.0,0.0
2021,12,19,20,0.0,0.0,0.0,0.0,0.0,0.0,0.0,0.0
2021,12,19,21,0.0,0.0,0.0,0.0,0.0,0.0,0.0,0.0
2021,12,19,22,0.0,0.0,0.0,0.0,0.0,0.0,0.0,0.0
2021,12,19,23,0.0,0.0,0.0,0.0,0.0,0.0,0.0,0.0
2021,12,20,0,0.0,0.0,0.0,0.0,0.0,0.0,0.0,0.0
2021,12,20,1,0.0,0.0,0.0,0.0,0.0,0.0,0.0,0.0
2021,12,20,2,0.0,0.0,0.0,0.0,0.0,0.0,0.0,0.0
2021,12,20,3,0.0,0.0,0.0,0.0,0.0,0.0,0.0,0.0
2021,12,20,4,0.0,0.0,0.0,0.0,0.0,0.0,0.0,0.0
2021,12,20,5,0.0,0.0,0.0,0.0,0.0,0.0,0.0,0.0
2021,12,20,6,0.0,0.0,0.0,0.0,0.0,0.0,0.0,0.0
2021,12,20,7,3.181005616197066,2.5807382784843607,1.6197118519644291,3.313970819003231,-0.0,-0.0,-0.0,-0.0
2021,12,20,8,69.73119783977836,67.59479449346922,65.61610660095108,75.6990017201492,33.15167935551487,29.3357039810676,23.321674536791253,31.464146922445785
2021,12,20,9,78.7355115154404,70.18189622006005,66.30968981377895,76.59659476326738,116.45776641051766,105.26995084466135,104.84746161122635,110.00978261458579
2021,12,20,10,158.98615725581814,144.0151091373799,147.18195984592728,144.72446900686333,64.99909346936515,59.821035848078004,53.92145592194866,60.432988769788665
2021,12,20,11,323.6147969249904,301.1688816689185,318.80979077581685,243.40024928883437,311.22825975953367,277.05185237936996,314.84591317440703,206.60148141821367
2021,12,20,12,344.05180516863163,325.478847754909,338.6157439848207,235.1889042122125,265.75807690723997,258.46499059516333,255.27963444745714,183.16615491653775
2021,12,20,13,454.0427711311087,385.0623004517609,483.147733488454,274.4126913107456,551.6583679502787,442.31956995296434,608.9231129666648,261.85239622987507
2021,12,20,14,398.89191558932265,357.98900517577766,468.217997729268,284.3474281381135,397.82786888793447,354.9041898249525,456.9298272429035,282.16113526939256
2021,12,20,15,153.77561763882335,147.20709677102744,157.34837477848365,146.57286312607872,275.35307042208944,284.799824347208,349.2540499893078,251.1117829553616
2021,12,20,16,58.563731303484104,61.86228883092409,66.29038826124926,57.5960726936459,290.72456336261814,394.2076413560748,649.7714209916394,297.25473791004345
2021,12,20,17,0.0,0.0,0.0,0.0,0.0,0.0,0.0,0.0
2021,12,20,18,0.0,0.0,0.0,0.0,0.0,0.0,0.0,0.0
2021,12,20,19,0.0,0.0,0.0,0.0,0.0,0.0,0.0,0.0
2021,12,20,20,0.0,0.0,0.0,0.0,0.0,0.0,0.0,0.0
2021,12,20,21,0.0,0.0,0.0,0.0,0.0,0.0,0.0,0.0
2021,12,20,22,0.0,0.0,0.0,0.0,0.0,0.0,0.0,0.0
2021,12,20,23,0.0,0.0,0.0,0.0,0.0,0.0,0.0,0.0
2021,12,21,0,0.0,0.0,0.0,0.0,0.0,0.0,0.0,0.0
2021,12,21,1,0.0,0.0,0.0,0.0,0.0,0.0,0.0,0.0
2021,12,21,2,0.0,0.0,0.0,0.0,0.0,0.0,0.0,0.0
2021,12,21,3,0.0,0.0,0.0,0.0,0.0,0.0,0.0,0.0
2021,12,21,4,0.0,0.0,0.0,0.0,0.0,0.0,0.0,0.0
2021,12,21,5,0.0,0.0,0.0,0.0,0.0,0.0,0.0,0.0
2021,12,21,6,0.0,0.0,0.0,0.0,0.0,0.0,0.0,0.0
2021,12,21,7,27.784215511599363,39.16895153345694,146.82342578664304,47.848329340172654,-0.0,-0.0,-0.0,-0.0
2021,12,21,8,353.3397824690521,489.14452020009577,678.7010149998466,538.7170822170202,287.6120036478088,402.91005134095917,562.8510509693613,443.46787585448334
2021,12,21,9,570.058106975034,598.9445221314985,824.0277723342517,563.0786183845103,527.5729137440804,553.5463683300632,758.5733160187893,513.9447220343675
2021,12,21,10,705.1076811043471,590.0877195080512,833.3333333333334,444.2373401097104,678.3232277680635,566.8039426632296,825.4642553337819,414.72007742982896
2021,12,21,11,777.1938323692316,554.5027907808095,833.3333333333334,249.73909447365168,760.8225189033199,544.0677752781519,833.3333333333334,226.8330981360595
2021,12,21,12,792.6562068640393,540.2088204060462,833.3333333333334,134.99423977904272,778.7600257330876,534.153781396079,833.3333333333334,115.90548760789581
2021,12,21,13,733.6074390141806,550.0641862158013,833.3333333333334,256.0567357756605,740.7469349312745,556.4829671940923,833.3333333333334,241.54302370374845
2021,12,21,14,626.1947527910626,567.984044884201,798.2016618720814,372.1329327950192,651.2019917744074,589.3972604511017,825.714527944904,371.90111491670797
2021,12,21,15,473.43310912839235,542.5696591616455,737.0823761982238,417.37097537295625,512.6061677690415,586.0851468317188,790.6952734051293,445.6819245626104
2021,12,21,16,213.3252746226273,293.2353905458663,482.79596688629175,222.29759345641475,297.1420851656429,401.5046036496667,654.2739213332387,307.4489168433295
2021,12,21,17,0.0,0.0,0.0,0.0,0.0,0.0,0.0,0.0
2021,12,21,18,0.0,0.0,0.0,0.0,0.0,0.0,0.0,0.0
2021,12,21,19,0.0,0.0,0.0,0.0,0.0,0.0,0.0,0.0
2021,12,21,20,0.0,0.0,0.0,0.0,0.0,0.0,0.0,0.0
2021,12,21,21,0.0,0.0,0.0,0.0,0.0,0.0,0.0,0.0
2021,12,21,22,0.0,0.0,0.0,0.0,0.0,0.0,0.0,0.0
2021,12,21,23,0.0,0.0,0.0,0.0,0.0,0.0,0.0,0.0
2021,12,22,0,0.0,0.0,0.0,0.0,0.0,0.0,0.0,0.0
2021,12,22,1,0.0,0.0,0.0,0.0,0.0,0.0,0.0,0.0
2021,12,22,2,0.0,0.0,0.0,0.0,0.0,0.0,0.0,0.0
2021,12,22,3,0.0,0.0,0.0,0.0,0.0,0.0,0.0,0.0
2021,12,22,4,0.0,0.0,0.0,0.0,0.0,0.0,0.0,0.0
2021,12,22,5,0.0,0.0,0.0,0.0,0.0,0.0,0.0,0.0
2021,12,22,6,0.0,0.0,0.0,0.0,0.0,0.0,0.0,0.0
2021,12,22,7,16.66430240288439,24.747267679073016,54.303700894678904,32.413912015509176,-0.0,-0.0,-0.0,-0.0
2021,12,22,8,201.4144147382076,251.26486086936833,325.9486362926137,281.5736056340298,79.00286612212547,86.83990872368308,98.22152956738411,95.52398855552791
2021,12,22,9,526.6762487492904,554.0798416584724,760.6687729977664,523.0722532949738,488.26808227742225,513.1388773599726,703.2580712370792,478.71847940874073
2021,12,22,10,656.7932220572121,550.5663003419963,804.7635351302423,418.0214585051317,636.9359741972851,533.2156789878809,777.490743364048,393.69897356495954
2021,12,22,11,734.696422905945,524.1167312259421,827.2527701769569,241.05807542859063,715.1724978721819,514.0946621560385,799.357682448456,223.41863427143193
2021,12,22,12,755.4691053503598,512.896385241182,833.3333333333334,133.06093513640212,749.4304995177179,513.1329818103325,821.4281128360984,113.72114396650939
2021,12,22,13,720.6353744392403,536.5296364762341,829.5611914788838,249.5232551178274,719.4677452824852,538.0978702197663,821.5370405788216,233.0114163857532
2021,12,22,14,631.5760908078815,569.4175158702571,816.6430103947496,361.3716384123667,640.2736507373456,577.3493418300934,817.3629250641449,358.83837487064716
2021,12,22,15,466.10062542721,534.6254307353902,735.6730620207186,400.90849298130183,497.84870512309186,568.7708415779406,772.5272731929223,426.7291437962023
2021,12,22,16,226.43159596330239,314.61860481331144,525.3580371475522,232.1746304099014,293.2190230423249,401.18878962364784,655.2963149609203,300.9274781861448
2021,12,22,17,0.0,0.0,0.0,0.0,0.0,0.0,0.0,0.0
2021,12,22,18,0.0,0.0,0.0,0.0,0.0,0.0,0.0,0.0
2021,12,22,19,0.0,0.0,0.0,0.0,0.0,0.0,0.0,0.0
2021,12,22,20,0.0,0.0,0.0,0.0,0.0,0.0,0.0,0.0
2021,12,22,21,0.0,0.0,0.0,0.0,0.0,0.0,0.0,0.0
2021,12,22,22,0.0,0.0,0.0,0.0,0.0,0.0,0.0,0.0
2021,12,22,23,0.0,0.0,0.0,0.0,0.0,0.0,0.0,0.0
2021,12,23,0,0.0,0.0,0.0,0.0,0.0,0.0,0.0,0.0
2021,12,23,1,0.0,0.0,0.0,0.0,0.0,0.0,0.0,0.0
2021,12,23,2,0.0,0.0,0.0,0.0,0.0,0.0,0.0,0.0
2021,12,23,3,0.0,0.0,0.0,0.0,0.0,0.0,0.0,0.0
2021,12,23,4,0.0,0.0,0.0,0.0,0.0,0.0,0.0,0.0
2021,12,23,5,0.0,0.0,0.0,0.0,0.0,0.0,0.0,0.0
2021,12,23,6,0.0,0.0,0.0,0.0,0.0,0.0,0.0,0.0
2021,12,23,7,23.045774431048514,33.69754942079181,133.76925358549644,41.74629983812453,-0.0,-0.0,-0.0,-0.0
2021,12,23,8,316.4801992438295,442.3845725551492,616.3484225981719,488.79526194739793,245.3702019795659,345.6912701972514,484.09925659682875,382.24778703087316
2021,12,23,9,524.9999481482133,554.1052688994412,766.6114960925134,523.1386641192631,478.25987638819964,503.96521440258607,693.1732170931494,470.70888804067795
2021,12,23,10,544.2683690420572,461.42747649808865,654.0459599573935,375.0818007584408,627.6807507545639,525.2929466405764,769.3956185689572,387.20909683684755
2021,12,23,11,663.0192200762671,491.39455217072873,740.0450994954826,270.04578597633815,708.8631273166133,507.5450550113102,794.3060943194153,219.92381744672062
2021,12,23,12,549.191735079911,409.6015302930367,593.1428659039036,182.6692422224976,741.0062742534727,505.3986555646401,813.27441988914,112.7057958623375
2021,12,23,13,600.5998647429192,466.0384522320526,678.8598752835344,263.7228108111545,711.703967628613,530.3178735522524,813.6431460557643,227.64671764083138
2021,12,23,14,415.351215024752,371.9868386393839,509.4840310322543,270.3391033498812,630.5761369400458,567.1117889707568,805.9625158166186,350.2559513921295
2021,12,23,15,421.27119083419683,474.94941656883447,644.633438676672,368.78293866854773,487.0978700745624,555.1348317528235,754.8939062652727,415.2076242927584
2021,12,23,16,212.19055780721868,293.052745614829,479.877697961114,218.8599094018615,285.3547598934186,390.9724780080994,633.2234330939008,293.63968852375
2021,12,23,17,0.0,0.0,0.0,0.0,0.0,0.0,0.0,0.0
2021,12,23,18,0.0,0.0,0.0,0.0,0.0,0.0,0.0,0.0
2021,12,23,19,0.0,0.0,0.0,0.0,0.0,0.0,0.0,0.0
2021,12,23,20,0.0,0.0,0.0,0.0,0.0,0.0,0.0,0.0
2021,12,23,21,0.0,0.0,0.0,0.0,0.0,0.0,0.0,0.0
2021,12,23,22,0.0,0.0,0.0,0.0,0.0,0.0,0.0,0.0
2021,12,23,23,0.0,0.0,0.0,0.0,0.0,0.0,0.0,0.0
2021,12,24,0,0.0,0.0,0.0,0.0,0.0,0.0,0.0,0.0
2021,12,24,1,0.0,0.0,0.0,0.0,0.0,0.0,0.0,0.0
2021,12,24,2,0.0,0.0,0.0,0.0,0.0,0.0,0.0,0.0
2021,12,24,3,0.0,0.0,0.0,0.0,0.0,0.0,0.0,0.0
2021,12,24,4,0.0,0.0,0.0,0.0,0.0,0.0,0.0,0.0
2021,12,24,5,0.0,0.0,0.0,0.0,0.0,0.0,0.0,0.0
2021,12,24,6,0.0,0.0,0.0,0.0,0.0,0.0,0.0,0.0
2021,12,24,7,11.089511160720095,17.188249563446604,46.99766354736671,22.82984136167322,-0.0,-0.0,-0.0,-0.0
2021,12,24,8,259.6787460897048,358.1026997400266,496.57989545230595,397.6540924397618,218.3123453991711,307.05358408061176,430.30729439774797,339.7898303607322
2021,12,24,9,488.3540396113607,514.5700619214864,709.2713957439234,490.883340937243,452.8023110481301,477.7475639853499,657.5947161826681,448.3803458334205
2021,12,24,10,454.102524479552,388.3199326942475,531.9911814404393,328.07365544255447,610.861276458111,512.0487480187342,750.298152843476,380.4275729264175
2021,12,24,11,519.9032313873194,401.2059933809176,570.7822460716528,245.58172667745504,699.9076695885879,498.40440977732896,787.8461754129058,216.84759609178477
2021,12,24,12,510.0052440158776,387.49653246710574,548.3522863278043,186.93366389611484,728.4855363222985,496.28040721274493,800.0067534904704,113.35395265306694
2021,12,24,13,305.060634818845,263.77031986586115,317.3877493827755,193.2040824592704,151.79868045308922,148.5123523445512,138.13816789555983,126.29563470045981
2021,12,24,14,309.1409757957639,275.2402539192141,357.9556052299264,221.1515792232862,613.9056222232807,550.9592854576371,783.6469608018891,341.83012595511116
2021,12,24,15,245.20543307801958,265.24017334655986,345.8926281600978,220.2224023202378,474.06659669870345,538.8275287315477,734.5363308909089,401.90641404325356
2021,12,24,16,99.82667252995263,129.44378445798836,190.07233425111545,103.42093197642434,267.1906078867036,364.2307511695859,581.9037198912496,274.88349238433784
2021,12,24,17,0.0,0.0,0.0,0.0,0.0,0.0,0.0,0.0
2021,12,24,18,0.0,0.0,0.0,0.0,0.0,0.0,0.0,0.0
2021,12,24,19,0.0,0.0,0.0,0.0,0.0,0.0,0.0,0.0
2021,12,24,20,0.0,0.0,0.0,0.0,0.0,0.0,0.0,0.0
2021,12,24,21,0.0,0.0,0.0,0.0,0.0,0.0,0.0,0.0
2021,12,24,22,0.0,0.0,0.0,0.0,0.0,0.0,0.0,0.0
2021,12,24,23,0.0,0.0,0.0,0.0,0.0,0.0,0.0,0.0
2021,12,25,0,0.0,0.0,0.0,0.0,0.0,0.0,0.0,0.0
2021,12,25,1,0.0,0.0,0.0,0.0,0.0,0.0,0.0,0.0
2021,12,25,2,0.0,0.0,0.0,0.0,0.0,0.0,0.0,0.0
2021,12,25,3,0.0,0.0,0.0,0.0,0.0,0.0,0.0,0.0
2021,12,25,4,0.0,0.0,0.0,0.0,0.0,0.0,0.0,0.0
2021,12,25,5,0.0,0.0,0.0,0.0,0.0,0.0,0.0,0.0
2021,12,25,6,0.0,0.0,0.0,0.0,0.0,0.0,0.0,0.0
2021,12,25,7,9.554313053501144,13.789980606455163,36.181075474457764,18.124228342135375,-0.0,-0.0,-0.0,-0.0
2021,12,25,8,272.811901106905,368.52609187977316,502.54747204555576,407.8105292545107,165.2377567612131,226.54192212425264,312.47560621617737,251.22266494430244
2021,12,25,9,421.71228865615495,433.39165179807344,572.8426454161252,424.832250341906,409.2182795245666,430.5911537714225,588.6793385399926,408.81158845429997
2021,12,25,10,280.9780003396317,245.79326466255597,299.8684929484839,228.61632399844635,210.00931520286454,184.35231356717824,216.2042550943356,168.16145181750187
2021,12,25,11,487.50688553793236,383.4747079025084,531.8157970397042,247.7946519863467,671.3252276091258,482.21332346130214,754.9216995646314,220.3600696504329
2021,12,25,12,287.19216025195357,240.62684339891038,298.4254685510871,149.7939935319968,711.5071546793347,484.68739634764245,782.2000006632294,113.83602695467981
2021,12,25,13,342.2332822652961,284.97268934888774,367.92418517147564,195.3793375419233,283.4903801768317,248.9864702971857,289.4230615181656,179.12665284151691
2021,12,25,14,409.9553911917294,366.0792089325828,500.03318987099277,267.898481584237,596.8024034020771,534.9282993439591,758.6051658909271,335.4417728722749
2021,12,25,15,218.50384053752748,229.50581435902623,288.1663612411281,198.24631938193033,456.91352049141716,516.0934797688166,698.9593986512874,390.41163976920905
2021,12,25,16,86.87491714216533,106.75779756957674,144.2285207983406,89.42897160137964,256.23108486471074,347.20991055034295,544.4958385166293,265.5497684584827
2021,12,25,17,0.0,0.0,0.0,0.0,0.0,0.0,0.0,0.0
2021,12,25,18,0.0,0.0,0.0,0.0,0.0,0.0,0.0,0.0
2021,12,25,19,0.0,0.0,0.0,0.0,0.0,0.0,0.0,0.0
2021,12,25,20,0.0,0.0,0.0,0.0,0.0,0.0,0.0,0.0
2021,12,25,21,0.0,0.0,0.0,0.0,0.0,0.0,0.0,0.0
2021,12,25,22,0.0,0.0,0.0,0.0,0.0,0.0,0.0,0.0
2021,12,25,23,0.0,0.0,0.0,0.0,0.0,0.0,0.0,0.0
2021,12,26,0,0.0,0.0,0.0,0.0,0.0,0.0,0.0,0.0
2021,12,26,1,0.0,0.0,0.0,0.0,0.0,0.0,0.0,0.0
2021,12,26,2,0.0,0.0,0.0,0.0,0.0,0.0,0.0,0.0
2021,12,26,3,0.0,0.0,0.0,0.0,0.0,0.0,0.0,0.0
2021,12,26,4,0.0,0.0,0.0,0.0,0.0,0.0,0.0,0.0
2021,12,26,5,0.0,0.0,0.0,0.0,0.0,0.0,0.0,0.0
2021,12,26,6,0.0,0.0,0.0,0.0,0.0,0.0,0.0,0.0
2021,12,26,7,5.033914913892744,4.041214710646318,2.631665220795582,4.33441999137571,-0.0,-0.0,-0.0,-0.0
2021,12,26,8,134.50354694064117,156.93966291612102,191.6604529389046,177.19887214017965,69.17155121176182,76.03842526286618,85.22242290096968,83.26571353610568
2021,12,26,9,128.71557282661337,118.91167095986428,124.87340882379135,126.55326048000906,447.83886367367927,474.44544369840054,652.0933303832606,446.1405083351484
2021,12,26,10,204.89272061081292,183.15889654462597,196.88704054632183,182.18598122689247,149.75711581140237,134.3492356729809,136.92936296118046,130.45820791715065
2021,12,26,11,376.9553084641231,321.65339173810526,392.7871286813085,234.73375701282546,306.0149399202735,270.67438863281797,310.41188204119356,199.57238170426479
2021,12,26,12,403.1502915658501,329.1633239228583,422.88868490931605,188.3361419456232,727.940286061881,496.7736717470618,798.4499371649044,111.67002772353578
2021,12,26,13,470.59271437593134,373.469856971383,522.6853791839694,226.45822327102437,700.8172074749655,521.020470352162,799.4690725136144,222.19774969796163
2021,12,26,14,340.5105598955431,302.6094721528463,397.8890372936225,237.08452311664124,621.637950180105,556.2362975772311,791.2637040394849,342.3664356021011
2021,12,26,15,152.27513998240255,152.1936141548614,177.06776316733038,140.65205860294168,481.3324601629505,545.2789948955232,741.1696374926232,406.0885189058107
2021,12,26,16,46.57672705341468,47.120546996454856,47.978794290981746,45.730124657911,282.12547272201346,390.00385237084157,615.9261398744038,293.81816492148903
2021,12,26,17,0.0,0.0,0.0,0.0,0.0,0.0,0.0,0.0
2021,12,26,18,0.0,0.0,0.0,0.0,0.0,0.0,0.0,0.0
2021,12,26,19,0.0,0.0,0.0,0.0,0.0,0.0,0.0,0.0
2021,12,26,20,0.0,0.0,0.0,0.0,0.0,0.0,0.0,0.0
2021,12,26,21,0.0,0.0,0.0,0.0,0.0,0.0,0.0,0.0
2021,12,26,22,0.0,0.0,0.0,0.0,0.0,0.0,0.0,0.0
2021,12,26,23,0.0,0.0,0.0,0.0,0.0,0.0,0.0,0.0
2021,12,27,0,0.0,0.0,0.0,0.0,0.0,0.0,0.0,0.0
2021,12,27,1,0.0,0.0,0.0,0.0,0.0,0.0,0.0,0.0
2021,12,27,2,0.0,0.0,0.0,0.0,0.0,0.0,0.0,0.0
2021,12,27,3,0.0,0.0,0.0,0.0,0.0,0.0,0.0,0.0
2021,12,27,4,0.0,0.0,0.0,0.0,0.0,0.0,0.0,0.0
2021,12,27,5,0.0,0.0,0.0,0.0,0.0,0.0,0.0,0.0
2021,12,27,6,0.0,0.0,0.0,0.0,0.0,0.0,0.0,0.0
2021,12,27,7,3.206362236473628,2.448708969830731,2.2748654592357975,2.677005517395274,-0.0,-0.0,-0.0,-0.0
2021,12,27,8,74.8089973746819,76.21952602436416,78.7612849519065,85.43192074874545,208.3037054225075,295.49913288727726,413.6500056827124,323.9258942261962
2021,12,27,9,206.13040312021622,201.10596990294275,240.83544312522287,207.06567721019212,87.09429802228057,78.03229013240819,74.59512844137178,82.2340340567222
2021,12,27,10,195.36932743801825,174.46726047929795,188.32926141291568,172.74065717239807,254.69803652918287,223.50995936067054,265.8212188841558,205.50644748910182
2021,12,27,11,180.28915089291402,167.88700014052353,177.59658539744518,139.09510809053833,241.22291504588176,219.94878933903493,240.15918584496853,171.16604651795384
2021,12,27,12,194.9865474751547,183.95824741241557,191.96914053290084,135.1981897422899,91.99614057487162,100.91392320566945,82.019357463455,81.96658808761177
2021,12,27,13,172.89902003990463,167.5273620735698,161.34029105346008,146.86986294542012,156.63158962216042,153.1983581516781,143.36446168351267,130.73122454040873
2021,12,27,14,161.04751920221995,141.5761279849998,154.50078761945116,138.23168539664974,101.75362082323386,88.9195224667141,87.96012580844936,91.12591052374668
2021,12,27,15,63.633924304323244,56.74879768845655,51.54324381615525,61.19909244045456,80.47222419174872,72.55330758448841,67.703124753478,74.3441455562091
2021,12,27,16,21.938065404120195,18.854745442217414,13.662824797684594,21.074229551853637,278.57131494175667,384.69651932299433,600.0620432143481,291.7402918195509
2021,12,27,17,0.0,0.0,0.0,0.0,0.0,0.0,0.0,0.0
2021,12,27,18,0.0,0.0,0.0,0.0,0.0,0.0,0.0,0.0
2021,12,27,19,0.0,0.0,0.0,0.0,0.0,0.0,0.0,0.0
2021,12,27,20,0.0,0.0,0.0,0.0,0.0,0.0,0.0,0.0
2021,12,27,21,0.0,0.0,0.0,0.0,0.0,0.0,0.0,0.0
2021,12,27,22,0.0,0.0,0.0,0.0,0.0,0.0,0.0,0.0
2021,12,27,23,0.0,0.0,0.0,0.0,0.0,0.0,0.0,0.0
2021,12,28,0,0.0,0.0,0.0,0.0,0.0,0.0,0.0,0.0
2021,12,28,1,0.0,0.0,0.0,0.0,0.0,0.0,0.0,0.0
2021,12,28,2,0.0,0.0,0.0,0.0,0.0,0.0,0.0,0.0
2021,12,28,3,0.0,0.0,0.0,0.0,0.0,0.0,0.0,0.0
2021,12,28,4,0.0,0.0,0.0,0.0,0.0,0.0,0.0,0.0
2021,12,28,5,0.0,0.0,0.0,0.0,0.0,0.0,0.0,0.0
2021,12,28,6,0.0,0.0,0.0,0.0,0.0,0.0,0.0,0.0
2021,12,28,7,8.787948369950419,8.068930354297622,25.46578559638038,8.40834381276892,-0.0,-0.0,-0.0,-0.0
2021,12,28,8,198.91280652631053,263.52735305224115,353.64934225096636,291.17507395202426,185.55972129236716,262.0732093180227,366.4430949155856,288.32191415829067
2021,12,28,9,447.09119973234607,470.0725610765708,637.1572076337605,455.52062374594135,429.98794501964835,457.2834829665094,628.6015377647592,433.40989544183617
2021,12,28,10,293.0400472901589,254.33084061363357,329.3101708491085,227.3585476916616,588.6583268324517,497.59974848130616,726.1167225983721,377.5509021051664
2021,12,28,11,321.39054337145546,255.0941662231305,350.47715546133486,172.13364586332827,93.23964368596337,97.00305528953751,82.43344531810438,83.92304414358051
2021,12,28,12,559.604510108194,401.9890645786594,611.6734733466269,163.2692510351974,402.7160583487088,325.010965504897,421.4896531567174,167.743273316963
2021,12,28,13,402.87570293984646,322.4275421002454,445.13606634250374,202.01138433925544,691.2359716906273,512.4824334669297,789.82201980775,221.02780639619957
2021,12,28,14,295.19267945644117,262.6526403567567,353.89896738672405,200.6182531104241,424.68233344546024,375.7556585634497,494.0595353513348,282.7956970051336
2021,12,28,15,143.77704760201385,141.98794209838675,162.42250566361017,133.71673946669742,464.0366327656568,522.2851776982632,708.0694616390584,393.1275663170046
2021,12,28,16,76.30220531573897,88.06266086569246,107.26937297596822,77.82227089673354,132.74436319423054,164.8417601774047,212.2419542650014,135.47398427726736
2021,12,28,17,0.2853353674282011,-0.0,-0.0,-0.0,9.914366046495836,8.291569160361052,3.3361311379758134,8.58669086542536
2021,12,28,18,0.0,0.0,0.0,0.0,0.0,0.0,0.0,0.0
2021,12,28,19,0.0,0.0,0.0,0.0,0.0,0.0,0.0,0.0
2021,12,28,20,0.0,0.0,0.0,0.0,0.0,0.0,0.0,0.0
2021,12,28,21,0.0,0.0,0.0,0.0,0.0,0.0,0.0,0.0
2021,12,28,22,0.0,0.0,0.0,0.0,0.0,0.0,0.0,0.0
2021,12,28,23,0.0,0.0,0.0,0.0,0.0,0.0,0.0,0.0
2021,12,29,0,0.0,0.0,0.0,0.0,0.0,0.0,0.0,0.0
2021,12,29,1,0.0,0.0,0.0,0.0,0.0,0.0,0.0,0.0
2021,12,29,2,0.0,0.0,0.0,0.0,0.0,0.0,0.0,0.0
2021,12,29,3,0.0,0.0,0.0,0.0,0.0,0.0,0.0,0.0
2021,12,29,4,0.0,0.0,0.0,0.0,0.0,0.0,0.0,0.0
2021,12,29,5,0.0,0.0,0.0,0.0,0.0,0.0,0.0,0.0
2021,12,29,6,0.0,0.0,0.0,0.0,0.0,0.0,0.0,0.0
2021,12,29,7,-0.0,-0.0,-0.0,-0.0,-0.0,-0.0,-0.0,-0.0
2021,12,29,8,56.80583402309822,54.53938106720661,51.415090229085706,61.212904690316996,171.9011935926868,242.1384415443349,336.3709380820926,264.28589253844086
2021,12,29,9,73.09887366146361,65.37669881877414,61.86894382450309,71.32389534067849,383.9934822697865,407.02681474716456,554.1413571199054,390.8047263212338
2021,12,29,10,113.88176053911737,103.01549512910641,101.8677409074424,106.31504868627248,41.05564937125003,37.227523778369985,33.35769061788558,38.13425360215953
2021,12,29,11,101.21275942145714,103.79687437739783,91.4340450103439,92.44420022317532,207.0182237332026,200.50274291939377,195.62263258036924,163.06240479565017
2021,12,29,12,162.78743084331492,166.3965239082763,152.99870319497379,130.53265396530452,147.60848716413875,153.9016284568863,136.19386368332064,118.19182582197028
2021,12,29,13,239.02567962891942,211.4196750296648,244.20479351932033,160.1067729940843,301.1804938955125,261.7906638167165,310.3390829480407,182.85479334885994
2021,12,29,14,339.50858272334807,301.2521309924396,391.2302514521824,241.6137315336273,301.16919639301307,266.48281244233294,338.17965668793727,215.54970693616136
2021,12,29,15,223.04556052224865,232.75163932789113,291.0086018351732,201.81725362721244,262.28435860851175,269.3765695523255,329.82449531298886,232.9650398840632
2021,12,29,16,62.41447273041804,69.81296020346105,81.77478876232861,63.5662384647769,238.14246270578502,321.32886009389296,473.6552581935712,251.43290387729758
2021,12,29,17,-0.0,-0.0,-0.0,-0.0,11.632362052120575,9.809618636661998,4.258471115738821,10.143490537606395
2021,12,29,18,0.0,0.0,0.0,0.0,0.0,0.0,0.0,0.0
2021,12,29,19,0.0,0.0,0.0,0.0,0.0,0.0,0.0,0.0
2021,12,29,20,0.0,0.0,0.0,0.0,0.0,0.0,0.0,0.0
2021,12,29,21,0.0,0.0,0.0,0.0,0.0,0.0,0.0,0.0
2021,12,29,22,0.0,0.0,0.0,0.0,0.0,0.0,0.0,0.0
2021,12,29,23,0.0,0.0,0.0,0.0,0.0,0.0,0.0,0.0
2021,12,30,0,0.0,0.0,0.0,0.0,0.0,0.0,0.0,0.0
2021,12,30,1,0.0,0.0,0.0,0.0,0.0,0.0,0.0,0.0
2021,12,30,2,0.0,0.0,0.0,0.0,0.0,0.0,0.0,0.0
2021,12,30,3,0.0,0.0,0.0,0.0,0.0,0.0,0.0,0.0
2021,12,30,4,0.0,0.0,0.0,0.0,0.0,0.0,0.0,0.0
2021,12,30,5,0.0,0.0,0.0,0.0,0.0,0.0,0.0,0.0
2021,12,30,6,0.0,0.0,0.0,0.0,0.0,0.0,0.0,0.0
2021,12,30,7,10.844717047150422,9.697337249520146,21.55348195505942,10.131309250161829,-0.0,-0.0,-0.0,-0.0
2021,12,30,8,221.4080308008273,282.568001579614,368.29925581440483,314.2256045651102,71.79678914317869,80.34869178790885,91.21923174294801,87.92902419269636
2021,12,30,9,347.08237358202075,364.8026299425874,489.82521641453957,358.6800527104934,193.48086677181897,188.76952696042858,222.83483523166464,190.9419456313813
2021,12,30,10,411.6523221075098,355.5962819689755,482.9591497162171,304.93941392605115,564.3885697244002,481.7274974968405,691.2541874108589,369.20348615982476
2021,12,30,11,204.4544217618213,186.67881708558377,204.1761478295162,151.42212899847527,177.46715246272797,175.06821549468128,165.1845064691595,146.20533687928733
2021,12,30,12,396.1708873806333,319.42334253538706,416.6808883342771,175.5393660188526,666.3571948240543,461.0844895166658,729.4644965634335,119.37109921019963
2021,12,30,13,528.3661319224162,410.76556903322034,593.6075713227691,233.9521873522944,647.5317672824785,486.1920222554303,734.6036250368977,219.95388661044262
2021,12,30,14,462.4846335928157,412.268781117079,572.3910078106833,291.1044114509666,575.9632587439046,514.0805313218402,721.7401559335904,330.6438254354664
2021,12,30,15,329.99813798972093,364.2993215984648,488.95489119656105,287.8107336976342,436.6887320107689,485.7055875610436,649.45184547294,375.05262568158867
2021,12,30,16,121.93884117327819,160.25231019329846,227.6423926665242,129.71088557487153,253.21151199852773,347.9728900276363,516.6227156869508,269.40444439431883
2021,12,30,17,-0.0,-0.0,-0.0,-0.0,11.50135500219519,9.795353688288387,100.86324545768602,10.020067508465162
2021,12,30,18,0.0,0.0,0.0,0.0,0.0,0.0,0.0,0.0
2021,12,30,19,0.0,0.0,0.0,0.0,0.0,0.0,0.0,0.0
2021,12,30,20,0.0,0.0,0.0,0.0,0.0,0.0,0.0,0.0
2021,12,30,21,0.0,0.0,0.0,0.0,0.0,0.0,0.0,0.0
2021,12,30,22,0.0,0.0,0.0,0.0,0.0,0.0,0.0,0.0
2021,12,30,23,0.0,0.0,0.0,0.0,0.0,0.0,0.0,0.0
2021,12,31,0,0.0,0.0,0.0,0.0,0.0,0.0,0.0,0.0
2021,12,31,1,0.0,0.0,0.0,0.0,0.0,0.0,0.0,0.0
2021,12,31,2,0.0,0.0,0.0,0.0,0.0,0.0,0.0,0.0
2021,12,31,3,0.0,0.0,0.0,0.0,0.0,0.0,0.0,0.0
2021,12,31,4,0.0,0.0,0.0,0.0,0.0,0.0,0.0,0.0
2021,12,31,5,0.0,0.0,0.0,0.0,0.0,0.0,0.0,0.0
2021,12,31,6,0.0,0.0,0.0,0.0,0.0,0.0,0.0,0.0
2021,12,31,7,2.1676867017770953,1.4570544552053908,-0.0,1.6589027633449025,-0.0,-0.0,-0.0,-0.0
2021,12,31,8,38.45551831118266,35.05607535999172,29.864479738404132,39.086669300137224,189.62895501430572,273.20747283333077,382.46728071018924,296.7068816519066
2021,12,31,9,167.4205537705422,161.971039619055,187.8580788489895,169.13482677941738,421.1867164230744,451.8250614412718,619.5912297326585,428.688619491668
2021,12,31,10,181.15675845334337,162.034882408219,173.06452890842482,161.68964074637645,574.3901079905858,489.4049469204022,708.9920166925986,373.73600255824374
2021,12,31,11,310.619683989377,270.6971670716946,319.9078117381645,204.94269873184544,254.97400118271926,230.86385049107383,255.2359544239567,178.5240574954332
2021,12,31,12,444.7754595383691,340.306878269397,476.79166246297103,168.561997022772,706.033864611277,479.7370831426834,776.0937835852397,112.20788770031565
2021,12,31,13,329.9080329311742,277.441994322168,351.9194564964073,192.2040003253148,688.8963221464921,509.3334417694698,785.7302390025087,215.41723920797207
2021,12,31,14,413.2370491331691,366.9574365942092,496.39132240750166,272.21597263976753,612.0115010934379,543.9709862431584,774.2980035244632,334.58449834473885
2021,12,31,15,187.33775617953378,188.90246844096765,224.73121105622252,170.3308143274163,481.79115529878,541.8061729877508,736.6123657649116,400.417622949836
2021,12,31,16,49.71654099783088,49.91805329389736,49.55336548397311,49.20371747268303,284.25985230702713,401.2302412102788,605.8261994447867,303.89589872034526
2021,12,31,17,-0.0,-0.0,-0.0,-0.0,10.961741403990002,9.629470544585457,148.24571788264763,9.508621978873792
2021,12,31,18,0.0,0.0,0.0,0.0,0.0,0.0,0.0,0.0
2021,12,31,19,0.0,0.0,0.0,0.0,0.0,0.0,0.0,0.0
2021,12,31,20,0.0,0.0,0.0,0.0,0.0,0.0,0.0,0.0
2021,12,31,21,0.0,0.0,0.0,0.0,0.0,0.0,0.0,0.0
2021,12,31,22,0.0,0.0,0.0,0.0,0.0,0.0,0.0,0.0
2021,12,31,23,0.0,0.0,0.0,0.0,0.0,0.0,0.0,0.0
2022,1,1,0,0.0,0.0,0.0,0.0,0.0,0.0,0.0,0.0
2022,1,1,1,0.0,0.0,0.0,0.0,0.0,0.0,0.0,0.0
2022,1,1,2,0.0,0.0,0.0,0.0,0.0,0.0,0.0,0.0
2022,1,1,3,0.0,0.0,0.0,0.0,0.0,0.0,0.0,0.0
2022,1,1,4,0.0,0.0,0.0,0.0,0.0,0.0,0.0,0.0
2022,1,1,5,0.0,0.0,0.0,0.0,0.0,0.0,0.0,0.0
2022,1,1,6,0.0,0.0,0.0,0.0,0.0,0.0,0.0,0.0
2022,1,1,7,0.6576020106157717,0.1179991112648963,-0.0,0.2701989039724116,-0.0,-0.0,-0.0,-0.0
2022,1,1,8,44.83292388062717,41.62203164462443,36.768488753852154,46.57845519041975,130.9928066748285,181.52366051859505,248.37762837771055,199.54472087475986
2022,1,1,9,103.7250637147522,94.94685794529093,95.80424979019811,102.02082096770671,365.57345040798236,389.1017654155303,526.6226138039518,371.4033877642138
2022,1,1,10,237.3809347209933,208.23418645876603,262.5458173228008,191.69613107586096,230.45549149737187,202.7005647953363,238.96433685695877,184.36922391735357
2022,1,1,11,373.78535113212956,314.3598800548324,395.51218910648106,230.30745366236127,197.65454673822714,192.16896571622596,185.46491260687634,154.422769380923
2022,1,1,12,220.84224239231608,203.83883269815345,219.70997708853514,143.5332845012408,97.55087208581205,106.8149137093286,87.1106827469695,84.77414798249977
2022,1,1,13,452.57062837673953,357.1449868642107,501.7671935959871,209.64132753616843,672.4829004032313,499.09923670637716,763.8629814887436,209.80238123941092
2022,1,1,14,386.1403519901258,342.75291793794884,460.364637701702,258.5332733203345,600.0974029472691,532.2403151486334,755.7784735891502,323.8731845549549
2022,1,1,15,263.9103058554994,281.2257405922993,362.59295923785123,235.26053585599695,269.1478733202354,273.8028738647667,332.7031398192886,236.7193554862762
2022,1,1,16,132.59280784417993,171.67530383024823,235.85580563548515,140.34009596580475,219.8469428832938,293.2472109885593,409.53132654157207,232.63761362590733
2022,1,1,17,-0.0,-0.0,-0.0,-0.0,12.28919466017323,11.14500772929283,148.86931768620954,10.617224593320032
2022,1,1,18,0.0,0.0,0.0,0.0,0.0,0.0,0.0,0.0
2022,1,1,19,0.0,0.0,0.0,0.0,0.0,0.0,0.0,0.0
2022,1,1,20,0.0,0.0,0.0,0.0,0.0,0.0,0.0,0.0
2022,1,1,21,0.0,0.0,0.0,0.0,0.0,0.0,0.0,0.0
2022,1,1,22,0.0,0.0,0.0,0.0,0.0,0.0,0.0,0.0
2022,1,1,23,0.0,0.0,0.0,0.0,0.0,0.0,0.0,0.0
2022,1,2,0,0.0,0.0,0.0,0.0,0.0,0.0,0.0,0.0
2022,1,2,1,0.0,0.0,0.0,0.0,0.0,0.0,0.0,0.0
2022,1,2,2,0.0,0.0,0.0,0.0,0.0,0.0,0.0,0.0
2022,1,2,3,0.0,0.0,0.0,0.0,0.0,0.0,0.0,0.0
2022,1,2,4,0.0,0.0,0.0,0.0,0.0,0.0,0.0,0.0
2022,1,2,5,0.0,0.0,0.0,0.0,0.0,0.0,0.0,0.0
2022,1,2,6,0.0,0.0,0.0,0.0,0.0,0.0,0.0,0.0
2022,1,2,7,-0.0,-0.0,-0.0,-0.0,-0.0,-0.0,-0.0,-0.0
2022,1,2,8,23.987107993971062,20.848444695455914,16.03434899743133,23.19558785311184,-0.0,-0.0,-0.0,-0.0
2022,1,2,9,189.96325976917183,183.4644519161169,211.0618873152922,192.73062876936223,218.64805060788768,214.2267645477162,252.4618219647614,214.35467344300113
2022,1,2,10,606.1290264260792,521.7430174708405,746.1007248054499,422.4872550603682,313.3058975029921,274.8054735148998,332.342547133766,246.37812915485677
2022,1,2,11,833.3333333333334,602.4473982926153,833.3333333333334,289.49179489184604,833.3333333333334,601.3058641085192,833.3333333333334,261.7849163585045
2022,1,2,12,833.3333333333334,588.2389657139886,833.3333333333334,143.45059837510544,833.3333333333334,590.8586998089702,833.3333333333334,115.12784152349697
2022,1,2,13,827.3382271930477,608.2381275894703,833.3333333333334,262.295430120799,833.3333333333334,621.8252740692968,833.3333333333334,240.40549955305377
2022,1,2,14,719.6532462719725,638.0202179174428,833.3333333333334,393.2436630296117,749.8718444273527,663.3408758560188,833.3333333333334,388.3467831667282
2022,1,2,15,553.5486695297251,624.7408336174562,833.3333333333334,454.8580215588376,593.6839166593566,668.137795391657,833.3333333333334,479.0790348937292
2022,1,2,16,304.5308950699864,444.9006681851662,673.5534794551035,329.8784224821989,370.58102700856136,537.5173434456887,803.1008846439462,399.62486860057817
2022,1,2,17,2.3265339727216325,2.26569800961943,88.50031301606217,1.7282293438553327,19.782588263287078,17.05481576335433,12.424899636921904,17.404586138168497
2022,1,2,18,0.0,0.0,0.0,0.0,0.0,0.0,0.0,0.0
2022,1,2,19,0.0,0.0,0.0,0.0,0.0,0.0,0.0,0.0
2022,1,2,20,0.0,0.0,0.0,0.0,0.0,0.0,0.0,0.0
2022,1,2,21,0.0,0.0,0.0,0.0,0.0,0.0,0.0,0.0
2022,1,2,22,0.0,0.0,0.0,0.0,0.0,0.0,0.0,0.0
2022,1,2,23,0.0,0.0,0.0,0.0,0.0,0.0,0.0,0.0
2022,1,3,0,0.0,0.0,0.0,0.0,0.0,0.0,0.0,0.0
2022,1,3,1,0.0,0.0,0.0,0.0,0.0,0.0,0.0,0.0
2022,1,3,2,0.0,0.0,0.0,0.0,0.0,0.0,0.0,0.0
2022,1,3,3,0.0,0.0,0.0,0.0,0.0,0.0,0.0,0.0
2022,1,3,4,0.0,0.0,0.0,0.0,0.0,0.0,0.0,0.0
2022,1,3,5,0.0,0.0,0.0,0.0,0.0,0.0,0.0,0.0
2022,1,3,6,0.0,0.0,0.0,0.0,0.0,0.0,0.0,0.0
2022,1,3,7,16.308123738861447,18.25928130077965,145.46148608164006,18.485337056859027,-0.0,-0.0,-0.0,-0.0
2022,1,3,8,371.2837641033307,544.7339764866887,756.2798307355264,577.460521270789,303.69224262034726,447.7977863129015,621.1545386759251,473.6094507547876
2022,1,3,9,599.0457515003437,650.21235500229,833.3333333333334,618.1135870346064,558.2021135507566,605.2654845093718,819.7703260954802,567.3592737921994
2022,1,3,10,741.459505220483,638.3930211928047,833.3333333333334,492.6894167110099,718.1633794862075,617.0267236951793,833.3333333333334,460.9572913847231
2022,1,3,11,817.852660340983,595.7647389612943,833.3333333333334,285.95285304147393,798.0374860695622,581.9691889543519,833.3333333333334,256.3777873480238
2022,1,3,12,815.4406867225565,564.3907219779537,833.3333333333334,136.19091927671303,821.9432288764214,567.7016638933706,833.3333333333334,110.76676837982319
2022,1,3,13,781.9429509959876,581.9274553491637,833.3333333333334,253.7783760143644,791.0604611082587,590.1781519721692,833.3333333333334,234.27479653335223
2022,1,3,14,694.8833276130256,618.0259930279411,833.3333333333334,387.53524675601676,704.394595148843,626.2961033739981,833.3333333333334,379.8443939454684
2022,1,3,15,533.3516308280941,598.4795103720113,805.2178932622144,451.02955067665926,564.9016743309596,632.1298836768906,833.3333333333334,471.83457929347685
2022,1,3,16,293.60031762593684,427.4138821852379,629.3968921610108,327.5200200868674,354.6386773578956,510.05110443255506,737.6924803555169,394.86948654546006
2022,1,3,17,2.6268553413624143,2.5803354522735225,75.98021155515515,1.9950187089988716,21.507578935381954,18.69362913876685,23.77504845871766,18.972670514599407
2022,1,3,18,0.0,0.0,0.0,0.0,0.0,0.0,0.0,0.0
2022,1,3,19,0.0,0.0,0.0,0.0,0.0,0.0,0.0,0.0
2022,1,3,20,0.0,0.0,0.0,0.0,0.0,0.0,0.0,0.0
2022,1,3,21,0.0,0.0,0.0,0.0,0.0,0.0,0.0,0.0
2022,1,3,22,0.0,0.0,0.0,0.0,0.0,0.0,0.0,0.0
2022,1,3,23,0.0,0.0,0.0,0.0,0.0,0.0,0.0,0.0
2022,1,4,0,0.0,0.0,0.0,0.0,0.0,0.0,0.0,0.0
2022,1,4,1,0.0,0.0,0.0,0.0,0.0,0.0,0.0,0.0
2022,1,4,2,0.0,0.0,0.0,0.0,0.0,0.0,0.0,0.0
2022,1,4,3,0.0,0.0,0.0,0.0,0.0,0.0,0.0,0.0
2022,1,4,4,0.0,0.0,0.0,0.0,0.0,0.0,0.0,0.0
2022,1,4,5,0.0,0.0,0.0,0.0,0.0,0.0,0.0,0.0
2022,1,4,6,0.0,0.0,0.0,0.0,0.0,0.0,0.0,0.0
2022,1,4,7,5.572206835819733,4.877046187817088,14.49257382735471,5.150317415769024,-0.0,-0.0,-0.0,-0.0
2022,1,4,8,259.979160046314,378.9346999031288,524.6222170532197,405.5238523063933,262.54553403000244,385.74000298881276,530.9887631021141,408.8650851240098
2022,1,4,9,533.2971812731032,578.4469738779386,774.8965838154666,553.7298391750674,503.10136149328844,545.4614636391068,730.7241468390877,514.5073942356308
2022,1,4,10,657.3440785672583,570.5848233404481,804.0198727913847,448.31916586538193,659.1281881933876,568.9706267493119,806.7136225920495,429.93146636792244
2022,1,4,11,736.3722566825033,541.0814075628697,827.1126596781495,272.7894524429476,750.0748370252975,549.5659312149027,833.3333333333334,249.38571713355176
2022,1,4,12,758.6161520776266,520.5458701793768,832.4789410328921,134.95870370462788,779.9397510092493,538.4283222728047,833.3333333333334,111.82583177734118
2022,1,4,13,739.7263550165118,547.4578805500286,833.3333333333334,241.1136885795704,753.9810391328974,560.9041269607109,833.3333333333334,224.87670925480205
2022,1,4,14,606.5350569181355,538.4892631630121,761.8191999372825,348.8477057916506,670.3958909873475,593.8712751752213,833.3333333333334,356.01821721632257
2022,1,4,15,316.7862066628783,338.89252864184874,438.56757130538125,277.8732276001763,527.6576658086768,590.2780914110231,793.0054321867345,433.45394391611853
2022,1,4,16,114.4201147181227,142.71812923784876,183.44937921983342,122.71786521954651,124.47234461356477,142.4114444299051,164.18872482317894,125.61719932670009
2022,1,4,17,2.746230422582998,2.266651537300458,26.17979998740933,2.1449141130632876,17.364637230953516,14.89402605756089,8.470968375229152,15.232932334661076
2022,1,4,18,0.0,0.0,0.0,0.0,0.0,0.0,0.0,0.0
2022,1,4,19,0.0,0.0,0.0,0.0,0.0,0.0,0.0,0.0
2022,1,4,20,0.0,0.0,0.0,0.0,0.0,0.0,0.0,0.0
2022,1,4,21,0.0,0.0,0.0,0.0,0.0,0.0,0.0,0.0
2022,1,4,22,0.0,0.0,0.0,0.0,0.0,0.0,0.0,0.0
2022,1,4,23,0.0,0.0,0.0,0.0,0.0,0.0,0.0,0.0
2022,1,5,0,0.0,0.0,0.0,0.0,0.0,0.0,0.0,0.0
2022,1,5,1,0.0,0.0,0.0,0.0,0.0,0.0,0.0,0.0
2022,1,5,2,0.0,0.0,0.0,0.0,0.0,0.0,0.0,0.0
2022,1,5,3,0.0,0.0,0.0,0.0,0.0,0.0,0.0,0.0
2022,1,5,4,0.0,0.0,0.0,0.0,0.0,0.0,0.0,0.0
2022,1,5,5,0.0,0.0,0.0,0.0,0.0,0.0,0.0,0.0
2022,1,5,6,0.0,0.0,0.0,0.0,0.0,0.0,0.0,0.0
2022,1,5,7,6.719479702676141,6.290557137795504,28.323419292407692,6.5651048517785,-0.0,-0.0,-0.0,-0.0
2022,1,5,8,282.91727259621,406.7883809400468,553.7264835662663,434.8087202250291,219.19654501907303,322.7309058093535,446.5875568627315,344.4017937765741
2022,1,5,9,496.7172417775619,540.1977786859685,729.9871006280315,519.026372352193,462.1390641613205,502.6548732341423,676.5422502138459,475.76859185210384
2022,1,5,10,632.7131532037429,548.7368496924927,780.8737202033337,433.8255986581724,618.279382622183,534.6087228150727,759.9944964817638,405.97416525008657
2022,1,5,11,722.0022460802984,531.3023252308378,813.7061337248184,277.595981398124,701.2940971183428,516.5300455068528,783.2700868376309,240.81387936800616
2022,1,5,12,495.6261329988458,359.9897721366307,539.3031875911885,153.00200248793496,740.3295295551638,512.17290059572,805.1761671052167,104.90358992165385
2022,1,5,13,705.9804423745514,538.8267176199012,793.5530389752637,276.0347364116317,718.7133875015687,534.7698273171131,808.8955522935267,211.8958260736566
2022,1,5,14,593.401580348567,526.3438131020505,741.5975559992218,346.0020405664212,642.1364836439377,568.6917974093237,799.0496484199099,341.06091525697406
2022,1,5,15,381.23739080584187,423.603152351748,571.9151790804293,324.5624688694301,510.1823833202308,570.2918008529932,764.7301397178775,419.0181334824349
2022,1,5,16,232.1309976452101,338.7810704852838,489.9609688781082,259.720506997789,315.5164889994949,460.85817588331463,658.8288521247445,352.29612281604693
2022,1,5,17,3.350672511033427,3.0430209841431397,40.80335030014462,2.6649789158443142,17.74469693035176,17.957363780875028,209.0771329536618,15.351052596185685
2022,1,5,18,0.0,0.0,0.0,0.0,0.0,0.0,0.0,0.0
2022,1,5,19,0.0,0.0,0.0,0.0,0.0,0.0,0.0,0.0
2022,1,5,20,0.0,0.0,0.0,0.0,0.0,0.0,0.0,0.0
2022,1,5,21,0.0,0.0,0.0,0.0,0.0,0.0,0.0,0.0
2022,1,5,22,0.0,0.0,0.0,0.0,0.0,0.0,0.0,0.0
2022,1,5,23,0.0,0.0,0.0,0.0,0.0,0.0,0.0,0.0
2022,1,6,0,0.0,0.0,0.0,0.0,0.0,0.0,0.0,0.0
2022,1,6,1,0.0,0.0,0.0,0.0,0.0,0.0,0.0,0.0
2022,1,6,2,0.0,0.0,0.0,0.0,0.0,0.0,0.0,0.0
2022,1,6,3,0.0,0.0,0.0,0.0,0.0,0.0,0.0,0.0
2022,1,6,4,0.0,0.0,0.0,0.0,0.0,0.0,0.0,0.0
2022,1,6,5,0.0,0.0,0.0,0.0,0.0,0.0,0.0,0.0
2022,1,6,6,0.0,0.0,0.0,0.0,0.0,0.0,0.0,0.0
2022,1,6,7,0.5835470063563031,0.05649172586059761,-0.0,0.20624081802761776,-0.0,-0.0,-0.0,-0.0
2022,1,6,8,60.78031992392706,59.478883958521386,57.05933434654018,66.88656678220535,216.8079584310844,321.295358570253,444.9627017688011,342.35396801634886
2022,1,6,9,66.58636833607336,59.26783547281786,54.80720809975131,64.98094879271011,460.4898081741211,502.3510217095675,675.798296135098,475.74069604151975
2022,1,6,10,153.27573193101256,137.91030883791743,141.75745928439414,141.16687237401513,136.14746221750588,122.14091785284778,122.21782513313664,120.0703800513984
2022,1,6,11,430.4244462251881,343.8922320322927,469.56423374578065,230.56572367761288,709.4788932185794,521.922266198931,793.4888519382764,243.46414724213713
2022,1,6,12,609.4643859410842,446.6486668741275,660.0842049991245,183.94435983418646,746.2306752611082,516.3063601541636,811.7695220869489,110.61572777344527
2022,1,6,13,723.3891379271469,538.0300747052299,821.3064028265985,244.39189866179163,726.7331575126574,541.5163852426268,817.0780102833925,217.0994688085854
2022,1,6,14,629.4719284799123,557.4291474823401,791.6097992068247,350.13066267644297,657.8959920612657,582.0498966268908,819.6051365926731,347.6217081284162
2022,1,6,15,483.2006255998958,541.4730037580757,733.9970968886113,400.8183839250575,530.5301223544805,592.7308890272666,794.2309404564982,433.2856476686062
2022,1,6,16,262.89219874447883,391.5404235769423,565.3927784918025,295.0435831218225,335.68984606714133,495.46560225804285,703.8470273031478,375.6365352182911
2022,1,6,17,3.860969740538272,3.883847221117418,60.92872851731746,3.0736180618107443,20.277362972969737,21.17824510090526,244.72966302376184,17.51235991339214
2022,1,6,18,0.0,0.0,0.0,0.0,0.0,0.0,0.0,0.0
2022,1,6,19,0.0,0.0,0.0,0.0,0.0,0.0,0.0,0.0
2022,1,6,20,0.0,0.0,0.0,0.0,0.0,0.0,0.0,0.0
2022,1,6,21,0.0,0.0,0.0,0.0,0.0,0.0,0.0,0.0
2022,1,6,22,0.0,0.0,0.0,0.0,0.0,0.0,0.0,0.0
2022,1,6,23,0.0,0.0,0.0,0.0,0.0,0.0,0.0,0.0
2022,1,7,0,0.0,0.0,0.0,0.0,0.0,0.0,0.0,0.0
2022,1,7,1,0.0,0.0,0.0,0.0,0.0,0.0,0.0,0.0
2022,1,7,2,0.0,0.0,0.0,0.0,0.0,0.0,0.0,0.0
2022,1,7,3,0.0,0.0,0.0,0.0,0.0,0.0,0.0,0.0
2022,1,7,4,0.0,0.0,0.0,0.0,0.0,0.0,0.0,0.0
2022,1,7,5,0.0,0.0,0.0,0.0,0.0,0.0,0.0,0.0
2022,1,7,6,0.0,0.0,0.0,0.0,0.0,0.0,0.0,0.0
2022,1,7,7,3.7981612678071395,2.9575369859596408,2.2995351434480478,3.206632597597918,-0.0,-0.0,-0.0,-0.0
2022,1,7,8,93.35736179983643,99.84437917956663,107.34878839948506,111.668908833604,243.47760190083906,363.7101288273369,504.2465795864429,386.1919100214249
2022,1,7,9,123.89829291659848,113.45557557893004,113.59913590836132,122.70798169542873,82.65086585535944,73.72384692486874,68.387000847555,76.99629772539345
2022,1,7,10,105.8823167172567,95.74143586317315,93.52305489896617,100.03046654969114,92.46588897875505,83.3432894237789,78.81356534253602,83.639238569213
2022,1,7,11,122.08178633422999,124.2277417774148,111.27657587783882,111.49786412730923,116.96167970994054,119.95767754527293,104.59843953184443,102.44272196906405
2022,1,7,12,171.0967984820365,179.08446194469454,159.87717944776279,144.77335693496596,121.58242764853755,131.75948381928498,110.04659435139835,103.72878950594144
2022,1,7,13,256.74061285101465,245.66115130879876,247.0119535560374,205.3543608680199,268.89596442787274,253.52938068077657,258.9444472343709,194.24982307145794
2022,1,7,14,163.6528335174894,145.66635590201358,151.65364736587145,146.544736408132,179.86049719477163,159.20177646308417,166.59754133557345,150.80280899055745
2022,1,7,15,87.90962755099265,79.42719869383689,75.60105558016619,83.99202863781949,154.0469106916908,143.9528083943438,148.82032769619386,138.1070608234038
2022,1,7,16,17.823812741561454,15.337814710278723,11.382527149715996,17.07359824610911,309.959077191687,449.1123387792834,622.7849415030338,347.03463586658086
2022,1,7,17,-0.0,-0.0,-0.0,-0.0,22.395660613515858,22.32862649157478,174.81195703165375,19.470069325033784
2022,1,7,18,0.0,0.0,0.0,0.0,0.0,0.0,0.0,0.0
2022,1,7,19,0.0,0.0,0.0,0.0,0.0,0.0,0.0,0.0
2022,1,7,20,0.0,0.0,0.0,0.0,0.0,0.0,0.0,0.0
2022,1,7,21,0.0,0.0,0.0,0.0,0.0,0.0,0.0,0.0
2022,1,7,22,0.0,0.0,0.0,0.0,0.0,0.0,0.0,0.0
2022,1,7,23,0.0,0.0,0.0,0.0,0.0,0.0,0.0,0.0
2022,1,8,0,0.0,0.0,0.0,0.0,0.0,0.0,0.0,0.0
2022,1,8,1,0.0,0.0,0.0,0.0,0.0,0.0,0.0,0.0
2022,1,8,2,0.0,0.0,0.0,0.0,0.0,0.0,0.0,0.0
2022,1,8,3,0.0,0.0,0.0,0.0,0.0,0.0,0.0,0.0
2022,1,8,4,0.0,0.0,0.0,0.0,0.0,0.0,0.0,0.0
2022,1,8,5,0.0,0.0,0.0,0.0,0.0,0.0,0.0,0.0
2022,1,8,6,0.0,0.0,0.0,0.0,0.0,0.0,0.0,0.0
2022,1,8,7,-0.0,-0.0,-0.0,-0.0,-0.0,-0.0,-0.0,-0.0
2022,1,8,8,3.7766824067045075,2.9068565411740885,1.5621066216464257,3.5357206827957386,20.266196159080494,17.235047223701116,12.272429502123476,18.223392492339034
2022,1,8,9,24.017996108637483,20.78273071099428,18.136734895431076,23.094332375994085,74.41305895456173,66.67331870729845,62.47357246438993,69.3348327871172
2022,1,8,10,53.34002057374245,48.25740972262053,44.82109739935793,51.38596471334719,47.15405117595945,42.40041606381759,38.63980507068662,42.934686139149726
2022,1,8,11,48.757783752816565,51.26237855791228,42.80506593302045,46.86129708406282,11.38265918234928,12.22628612021535,9.360553430764334,10.114787981554954
2022,1,8,12,50.124487344511365,55.14445831497673,45.20828106487198,45.854406888426006,6.014544659507991,7.2935755921851415,4.840258952580573,5.186684837412793
2022,1,8,13,139.09449626935853,139.25378789300672,127.91331009840705,123.06440757137979,32.539819388356044,34.18375737572711,27.723147249389633,29.635875451442967
2022,1,8,14,37.89368372652752,33.71273847608509,31.17830862507404,36.60886237992736,46.22130902908023,40.99446078930884,37.391130517565706,42.280864983399695
2022,1,8,15,23.95642176301919,20.934318371437342,18.603895310393963,22.73886201634242,0.9469862233995489,0.32272957892253135,-0.0,0.5124632583721996
2022,1,8,16,34.360052619063545,31.303199467729453,26.191856796115925,33.532108989069414,0.28758458976729784,-0.0,-0.0,-0.0
2022,1,8,17,2.62944620286607,1.8634945656395807,-0.0,2.0720113083463936,-0.0,-0.0,-0.0,-0.0
2022,1,8,18,0.0,0.0,0.0,0.0,0.0,0.0,0.0,0.0
2022,1,8,19,0.0,0.0,0.0,0.0,0.0,0.0,0.0,0.0
2022,1,8,20,0.0,0.0,0.0,0.0,0.0,0.0,0.0,0.0
2022,1,8,21,0.0,0.0,0.0,0.0,0.0,0.0,0.0,0.0
2022,1,8,22,0.0,0.0,0.0,0.0,0.0,0.0,0.0,0.0
2022,1,8,23,0.0,0.0,0.0,0.0,0.0,0.0,0.0,0.0
2022,1,9,0,0.0,0.0,0.0,0.0,0.0,0.0,0.0,0.0
2022,1,9,1,0.0,0.0,0.0,0.0,0.0,0.0,0.0,0.0
2022,1,9,2,0.0,0.0,0.0,0.0,0.0,0.0,0.0,0.0
2022,1,9,3,0.0,0.0,0.0,0.0,0.0,0.0,0.0,0.0
2022,1,9,4,0.0,0.0,0.0,0.0,0.0,0.0,0.0,0.0
2022,1,9,5,0.0,0.0,0.0,0.0,0.0,0.0,0.0,0.0
2022,1,9,6,0.0,0.0,0.0,0.0,0.0,0.0,0.0,0.0
2022,1,9,7,0.033051360205760764,-0.0,-0.0,-0.0,-0.0,-0.0,-0.0,-0.0
2022,1,9,8,100.58461701018831,119.15216206954983,141.08828481431127,132.47469483519137,173.88528880023662,257.72746829226463,354.6972885761535,277.05569473696823
2022,1,9,9,232.2708876772877,232.5551920367781,277.96286936836543,239.91475253202998,412.28060799127917,452.6731531057662,605.8049277538951,431.1099773645438
2022,1,9,10,68.29224120632905,61.59331544906057,60.045442204795734,64.16119277756397,42.81730755050466,38.48258620472911,34.79072690816767,39.1668396382873
2022,1,9,11,178.86576273868843,154.80285283432838,186.74966668840952,119.98745985764951,408.76960331751525,331.22740717592586,440.9993272618284,213.76516222679766
2022,1,9,12,379.4353524844169,308.6574323489187,397.2964201744454,169.83645533726136,416.6807898832676,337.5022198594902,434.1161532124477,164.52377726145298
2022,1,9,13,395.39997086806113,328.04862646960794,423.4365886682214,211.78783055436887,473.2301335962738,383.903613739303,511.8074123174999,219.70811297600696
2022,1,9,14,420.95224749971726,373.08817565284403,485.9115545380361,284.18934256609236,609.2642780029746,539.9467591181055,749.9115755303569,331.118507115485
2022,1,9,15,136.83866219001143,133.64581295705102,150.26990643755653,126.12512218056396,223.31990183583957,223.6500733877663,263.0045167921075,195.09976077095695
2022,1,9,16,17.588048775171654,15.006278319175554,10.985449065068435,16.827375052102887,303.059019926345,446.8351739151513,608.1260990343358,347.0193582793942
2022,1,9,17,-0.0,-0.0,-0.0,-0.0,11.575775390520043,9.783544433526476,5.40934572317914,10.010587646036583
2022,1,9,18,0.0,0.0,0.0,0.0,0.0,0.0,0.0,0.0
2022,1,9,19,0.0,0.0,0.0,0.0,0.0,0.0,0.0,0.0
2022,1,9,20,0.0,0.0,0.0,0.0,0.0,0.0,0.0,0.0
2022,1,9,21,0.0,0.0,0.0,0.0,0.0,0.0,0.0,0.0
2022,1,9,22,0.0,0.0,0.0,0.0,0.0,0.0,0.0,0.0
2022,1,9,23,0.0,0.0,0.0,0.0,0.0,0.0,0.0,0.0
2022,1,10,0,0.0,0.0,0.0,0.0,0.0,0.0,0.0,0.0
2022,1,10,1,0.0,0.0,0.0,0.0,0.0,0.0,0.0,0.0
2022,1,10,2,0.0,0.0,0.0,0.0,0.0,0.0,0.0,0.0
2022,1,10,3,0.0,0.0,0.0,0.0,0.0,0.0,0.0,0.0
2022,1,10,4,0.0,0.0,0.0,0.0,0.0,0.0,0.0,0.0
2022,1,10,5,0.0,0.0,0.0,0.0,0.0,0.0,0.0,0.0
2022,1,10,6,0.0,0.0,0.0,0.0,0.0,0.0,0.0,0.0
2022,1,10,7,5.247315185308945,5.46773915918967,43.32777532584299,5.646406386628866,-0.0,-0.0,-0.0,-0.0
2022,1,10,8,308.2653768603517,462.7651669066968,637.4639186619335,490.2006865559808,236.46464885349846,358.62777742623837,496.11613169353603,380.26092607386573
2022,1,10,9,545.4866299758662,604.5356765956947,816.1431332372424,578.0546209874284,494.5545955209572,547.6976638603927,738.091171001515,516.915004814507
2022,1,10,10,701.4033101467855,614.871845429451,833.3333333333334,482.5321161288413,663.4093177897804,579.4537224775371,819.6602843896726,439.01128390174273
2022,1,10,11,791.6892429926401,585.4761729423984,833.3333333333334,301.1963010250728,764.3448785340628,563.208695713375,833.3333333333334,260.3328733781982
2022,1,10,12,803.6537649454189,554.7133572631225,833.3333333333334,145.85652606910017,799.5395028190213,552.4573206749093,833.3333333333334,110.95140516456141
2022,1,10,13,638.2130221316029,482.3174393784329,719.1743723801484,237.21597365345843,774.5923887452666,575.0990557332925,833.3333333333334,219.73605579181475
2022,1,10,14,675.7704432437179,597.8256580595905,833.3333333333334,374.55221008253505,691.8393831849278,610.5248959560708,833.3333333333334,357.1652011491356
2022,1,10,15,529.3442447897888,592.6419169016908,798.9497889879591,432.376945359082,556.6700439665528,621.3683309635604,829.4516253350979,446.9312638831946
2022,1,10,16,305.01832515468624,468.6955243600545,648.2213211575109,352.09582839491276,354.6711401314946,538.1421777493385,732.4020474831964,408.2334729771773
2022,1,10,17,7.463863982740495,8.229819964164438,87.74234020432989,6.1445595320913275,29.448608651532847,32.211929245551445,278.30830355351276,25.303248268641294
2022,1,10,18,0.0,0.0,0.0,0.0,0.0,0.0,0.0,0.0
2022,1,10,19,0.0,0.0,0.0,0.0,0.0,0.0,0.0,0.0
2022,1,10,20,0.0,0.0,0.0,0.0,0.0,0.0,0.0,0.0
2022,1,10,21,0.0,0.0,0.0,0.0,0.0,0.0,0.0,0.0
2022,1,10,22,0.0,0.0,0.0,0.0,0.0,0.0,0.0,0.0
2022,1,10,23,0.0,0.0,0.0,0.0,0.0,0.0,0.0,0.0
2022,1,11,0,0.0,0.0,0.0,0.0,0.0,0.0,0.0,0.0
2022,1,11,1,0.0,0.0,0.0,0.0,0.0,0.0,0.0,0.0
2022,1,11,2,0.0,0.0,0.0,0.0,0.0,0.0,0.0,0.0
2022,1,11,3,0.0,0.0,0.0,0.0,0.0,0.0,0.0,0.0
2022,1,11,4,0.0,0.0,0.0,0.0,0.0,0.0,0.0,0.0
2022,1,11,5,0.0,0.0,0.0,0.0,0.0,0.0,0.0,0.0
2022,1,11,6,0.0,0.0,0.0,0.0,0.0,0.0,0.0,0.0
2022,1,11,7,4.680771269675525,3.8952372613724244,7.70493507850001,4.159208664520322,-0.0,-0.0,-0.0,-0.0
2022,1,11,8,135.88212999973146,175.38060117607168,221.12797457465993,193.13299584373593,89.12764931340077,109.38748432593236,131.61886082098263,119.7657683196846
2022,1,11,9,207.07742603317735,204.61022829057828,237.50996816363218,213.79956046363057,190.17261240144475,189.13298391793677,219.75804055739067,189.31152315173958
2022,1,11,10,297.09221854516176,264.5921443251203,319.1147570582248,248.3066404605741,223.9469353199023,199.2988532667468,230.904468177421,183.47196616397235
2022,1,11,11,494.8371421331354,411.21919407599637,528.9987237750448,288.49879124370574,538.4509309496502,419.19874590522284,593.7393522780409,245.67216436536336
2022,1,11,12,315.2195760393565,286.00102012406376,317.6711163481877,194.65007656486273,218.3594028288013,218.72535720825744,207.37864061412503,154.79048856424163
2022,1,11,13,269.1744389011968,254.90565220525167,261.9096537447179,207.64650329466684,411.81781682059346,346.9481955830414,434.4812649907827,215.37896610281703
2022,1,11,14,415.02062352096397,368.7929244463243,472.3259419269147,289.7578597126572,121.47899559637887,108.44904861551962,108.13621267915023,104.9177442392639
2022,1,11,15,128.89112573915887,119.89056598366209,122.63066056018994,121.37491357236298,198.33285024279024,194.69457928695726,221.72922089047233,175.57010579921842
2022,1,11,16,29.794928675929597,26.046899566550824,20.19636776266948,28.7856217198019,15.165861361324792,12.766422533048432,8.804318727217472,13.530139043028845
2022,1,11,17,-0.0,-0.0,-0.0,-0.0,8.400213863794843,6.972998599301157,3.264861079232601,7.157877766812165
2022,1,11,18,0.0,0.0,0.0,0.0,0.0,0.0,0.0,0.0
2022,1,11,19,0.0,0.0,0.0,0.0,0.0,0.0,0.0,0.0
2022,1,11,20,0.0,0.0,0.0,0.0,0.0,0.0,0.0,0.0
2022,1,11,21,0.0,0.0,0.0,0.0,0.0,0.0,0.0,0.0
2022,1,11,22,0.0,0.0,0.0,0.0,0.0,0.0,0.0,0.0
2022,1,11,23,0.0,0.0,0.0,0.0,0.0,0.0,0.0,0.0
2022,1,12,0,0.0,0.0,0.0,0.0,0.0,0.0,0.0,0.0
2022,1,12,1,0.0,0.0,0.0,0.0,0.0,0.0,0.0,0.0
2022,1,12,2,0.0,0.0,0.0,0.0,0.0,0.0,0.0,0.0
2022,1,12,3,0.0,0.0,0.0,0.0,0.0,0.0,0.0,0.0
2022,1,12,4,0.0,0.0,0.0,0.0,0.0,0.0,0.0,0.0
2022,1,12,5,0.0,0.0,0.0,0.0,0.0,0.0,0.0,0.0
2022,1,12,6,0.0,0.0,0.0,0.0,0.0,0.0,0.0,0.0
2022,1,12,7,-0.0,-0.0,-0.0,-0.0,-0.0,-0.0,-0.0,-0.0
2022,1,12,8,17.50955432241732,15.303901196199464,11.831204352325555,17.090522269949712,6.11214689636108,4.837011186750104,2.7598189589537534,5.219962510183936
2022,1,12,9,35.923794298852606,31.47765249587091,28.041171743638447,34.76524507525027,6.11230768904348,4.843852790783475,3.654832304252451,5.2397820464607525
2022,1,12,10,65.38585122346599,59.16401358988714,55.84621162526387,62.86367574319019,37.55771346906457,33.67188031096135,30.51357617523892,34.27772325563838
2022,1,12,11,145.59243042070636,146.30760231020938,134.8362536355788,130.6037354309398,109.03347901134767,111.50675245226661,98.01500825950518,95.21800164545675
2022,1,12,12,197.26098820061515,186.92122872832167,194.66474519282525,136.59316085925582,164.61141406215972,171.6749208365558,153.2437570768807,129.44739711026483
2022,1,12,13,417.19079009892914,355.00142692684057,441.51205111578605,242.7033728127598,687.547114910239,524.4958740645413,761.8755113471044,221.47841632999805
2022,1,12,14,218.68850075544825,195.81448397892296,211.40204997933284,189.35104313240137,160.67818598406527,143.64705823117237,146.9868072081608,137.41593159535884
2022,1,12,15,125.00423867678215,115.16562739129013,115.70070864461788,118.72751160184747,251.54267107953632,250.26291584216773,292.65801157512027,224.17648103834676
2022,1,12,16,43.70767273518084,40.41770887786851,34.9924741487487,43.174588376443076,50.3320869234917,47.34641881888668,41.47449236939086,47.81648636120283
2022,1,12,17,-0.0,-0.0,-0.0,-0.0,10.405822093075365,8.731737822442035,3.8978827489644923,8.971996779081806
2022,1,12,18,0.0,0.0,0.0,0.0,0.0,0.0,0.0,0.0
2022,1,12,19,0.0,0.0,0.0,0.0,0.0,0.0,0.0,0.0
2022,1,12,20,0.0,0.0,0.0,0.0,0.0,0.0,0.0,0.0
2022,1,12,21,0.0,0.0,0.0,0.0,0.0,0.0,0.0,0.0
2022,1,12,22,0.0,0.0,0.0,0.0,0.0,0.0,0.0,0.0
2022,1,12,23,0.0,0.0,0.0,0.0,0.0,0.0,0.0,0.0
2022,1,13,0,0.0,0.0,0.0,0.0,0.0,0.0,0.0,0.0
2022,1,13,1,0.0,0.0,0.0,0.0,0.0,0.0,0.0,0.0
2022,1,13,2,0.0,0.0,0.0,0.0,0.0,0.0,0.0,0.0
2022,1,13,3,0.0,0.0,0.0,0.0,0.0,0.0,0.0,0.0
2022,1,13,4,0.0,0.0,0.0,0.0,0.0,0.0,0.0,0.0
2022,1,13,5,0.0,0.0,0.0,0.0,0.0,0.0,0.0,0.0
2022,1,13,6,0.0,0.0,0.0,0.0,0.0,0.0,0.0,0.0
2022,1,13,7,10.892655467511599,11.886599673351402,89.4146047833361,12.123146377826469,-0.0,-0.0,-0.0,-0.0
2022,1,13,8,303.7203000540867,457.40796322068053,620.1309395494202,484.3484814538046,246.0479265609873,375.90182950304114,513.261816783063,397.82186089068887
2022,1,13,9,524.0149899177895,584.7697397138328,778.8850592382655,560.5870065406909,494.9424235214638,551.8304535346202,731.569080101253,521.5586152951346
2022,1,13,10,664.4488296085576,587.7448341365647,821.978983860268,462.4950576164155,650.5824581096485,574.6541751453259,798.9573495937659,438.4792573832067
2022,1,13,11,748.3199313094827,557.7987473903477,833.3333333333334,283.25659315545124,741.9718732172211,555.2318533507616,826.3830408269636,261.6661340398401
2022,1,13,12,765.892259852642,534.9711978191417,831.8324706516825,132.26521693679246,773.0259989701075,542.2616151420918,833.3333333333334,108.430698553858
2022,1,13,13,728.2634121246036,545.6067106634495,815.1029040356016,231.26554864689618,751.179575414035,564.0527020738756,833.3333333333334,214.99358666101105
2022,1,13,14,640.4794085605762,567.7881094398693,790.1459000423486,352.04563768674086,672.3983910806239,595.6649259590328,821.8120487213419,352.6956418101043
2022,1,13,15,504.87660875914565,563.4299669847701,748.8334355420048,417.5467012506814,544.9382429626378,606.6098671030794,797.0606478801473,443.36785208298
2022,1,13,16,295.60189182895994,449.56941473686453,612.5792203634147,352.88285533363694,351.1047448521021,524.508474095576,697.8223384552502,423.26425046341814
2022,1,13,17,11.328997957967147,12.611092766611653,100.85903386062974,9.454936494373202,36.20653945846729,40.08027227096565,277.8916756537788,31.039215574788958
2022,1,13,18,0.0,0.0,0.0,0.0,0.0,0.0,0.0,0.0
2022,1,13,19,0.0,0.0,0.0,0.0,0.0,0.0,0.0,0.0
2022,1,13,20,0.0,0.0,0.0,0.0,0.0,0.0,0.0,0.0
2022,1,13,21,0.0,0.0,0.0,0.0,0.0,0.0,0.0,0.0
2022,1,13,22,0.0,0.0,0.0,0.0,0.0,0.0,0.0,0.0
2022,1,13,23,0.0,0.0,0.0,0.0,0.0,0.0,0.0,0.0
2022,1,14,0,0.0,0.0,0.0,0.0,0.0,0.0,0.0,0.0
2022,1,14,1,0.0,0.0,0.0,0.0,0.0,0.0,0.0,0.0
2022,1,14,2,0.0,0.0,0.0,0.0,0.0,0.0,0.0,0.0
2022,1,14,3,0.0,0.0,0.0,0.0,0.0,0.0,0.0,0.0
2022,1,14,4,0.0,0.0,0.0,0.0,0.0,0.0,0.0,0.0
2022,1,14,5,0.0,0.0,0.0,0.0,0.0,0.0,0.0,0.0
2022,1,14,6,0.0,0.0,0.0,0.0,0.0,0.0,0.0,0.0
2022,1,14,7,12.341828219316538,13.791274259106316,107.68132712956542,14.019929825177377,-0.0,-0.0,-0.0,-0.0
2022,1,14,8,314.8644517746359,474.8555469880248,638.3763107050041,501.65798972328537,248.48936806800765,380.4155862493126,516.4549037724014,402.3048189225373
2022,1,14,9,499.7373421898589,555.7707391015628,732.6664128315444,537.4700321798846,486.2424868277359,542.6630353524507,712.8594699201565,513.6826308227638
2022,1,14,10,611.5458250301582,545.2516386554496,745.4837426439597,448.2429084206269,637.0288018749229,565.7807079822351,777.6467231223273,434.8902512893819
2022,1,14,11,676.6167382142355,515.3320924427853,756.1542209463768,290.52442245392797,491.5126640093793,394.1274220078116,533.263483069761,239.45447158604327
2022,1,14,12,740.5536941912488,520.8605397230014,804.5479557114056,149.1745115547423,579.0646638343619,448.6091458016466,611.9212058045989,184.6232339992712
2022,1,14,13,736.3836965442255,550.2413858822263,824.9732183642532,231.85279480573493,752.2292740409063,564.6401964020724,833.3333333333334,212.06507825259047
2022,1,14,14,657.1264270235172,581.4551505234236,812.6596709445496,353.610097678685,679.1569441544641,600.9686159804945,830.9514503712404,351.2882109901621
2022,1,14,15,516.2606812752374,577.2816736372051,768.6122817499324,422.04860708998575,551.8948620410133,615.1668773367696,810.1237541956965,443.90824975803554
2022,1,14,16,298.022965338058,453.4946114624782,617.8523432262846,356.9707047479839,355.8980364528975,534.7031438357556,715.0827908839287,427.55223579352054
2022,1,14,17,14.390090297525585,15.90702308212593,113.19111837245268,12.104721451770954,38.66446957244613,42.841623599529434,278.4783828505814,33.076805228438076
2022,1,14,18,0.0,0.0,0.0,0.0,0.0,0.0,0.0,0.0
2022,1,14,19,0.0,0.0,0.0,0.0,0.0,0.0,0.0,0.0
2022,1,14,20,0.0,0.0,0.0,0.0,0.0,0.0,0.0,0.0
2022,1,14,21,0.0,0.0,0.0,0.0,0.0,0.0,0.0,0.0
2022,1,14,22,0.0,0.0,0.0,0.0,0.0,0.0,0.0,0.0
2022,1,14,23,0.0,0.0,0.0,0.0,0.0,0.0,0.0,0.0
2022,1,15,0,0.0,0.0,0.0,0.0,0.0,0.0,0.0,0.0
2022,1,15,1,0.0,0.0,0.0,0.0,0.0,0.0,0.0,0.0
2022,1,15,2,0.0,0.0,0.0,0.0,0.0,0.0,0.0,0.0
2022,1,15,3,0.0,0.0,0.0,0.0,0.0,0.0,0.0,0.0
2022,1,15,4,0.0,0.0,0.0,0.0,0.0,0.0,0.0,0.0
2022,1,15,5,0.0,0.0,0.0,0.0,0.0,0.0,0.0,0.0
2022,1,15,6,0.0,0.0,0.0,0.0,0.0,0.0,0.0,0.0
2022,1,15,7,-0.0,-0.0,-0.0,-0.0,-0.0,-0.0,-0.0,-0.0
2022,1,15,8,31.842369124075173,27.75731759232537,21.561090262624138,30.842712706316544,28.779832980549163,25.255768714220807,19.190121741036915,26.429385204216267
2022,1,15,9,85.14534098829988,76.64420935678497,72.63210773379295,83.61884389541017,50.22780995892449,43.829204585213446,38.19478247304498,45.697485758415986
2022,1,15,10,119.46817645861448,107.97254808750859,107.13243085138468,112.40768773762964,65.24593085429827,58.70223923274704,54.255515601748826,59.06406676488402
2022,1,15,11,296.15005054962666,265.45476141239135,302.15265475770104,208.31478130281147,355.06795107092114,316.2839180655878,361.47391976633605,230.813502380218
2022,1,15,12,478.20933946302165,392.5958716349204,499.485972170736,214.79459096423835,315.51142491709953,283.36248045119885,316.0157158064369,168.63963002095508
2022,1,15,13,772.0703012549701,577.8476149461557,833.3333333333334,254.12428776972968,796.107781602591,594.563827613431,833.3333333333334,225.12335782533444
2022,1,15,14,718.6605406147461,634.7218296635932,833.3333333333334,381.61743007864766,755.3922952014557,665.9853189246734,833.3333333333334,375.66835903072666
2022,1,15,15,557.7507300012467,623.5648878765151,831.6264192512923,450.77111826977807,611.6423662293704,683.3269299701785,833.3333333333334,478.30183881074925
2022,1,15,16,316.0589307240723,477.7850947394362,650.3828260053924,377.60892239063367,393.69566221087655,594.5561407980367,798.8664962953732,467.5062926085635
2022,1,15,17,13.57915576800517,14.609541639339533,88.73478653129595,11.45163120215671,45.11951992231053,49.77887745163613,298.59512568433166,38.49894721030362
2022,1,15,18,0.0,0.0,0.0,0.0,0.0,0.0,0.0,0.0
2022,1,15,19,0.0,0.0,0.0,0.0,0.0,0.0,0.0,0.0
2022,1,15,20,0.0,0.0,0.0,0.0,0.0,0.0,0.0,0.0
2022,1,15,21,0.0,0.0,0.0,0.0,0.0,0.0,0.0,0.0
2022,1,15,22,0.0,0.0,0.0,0.0,0.0,0.0,0.0,0.0
2022,1,15,23,0.0,0.0,0.0,0.0,0.0,0.0,0.0,0.0
2022,1,16,0,0.0,0.0,0.0,0.0,0.0,0.0,0.0,0.0
2022,1,16,1,0.0,0.0,0.0,0.0,0.0,0.0,0.0,0.0
2022,1,16,2,0.0,0.0,0.0,0.0,0.0,0.0,0.0,0.0
2022,1,16,3,0.0,0.0,0.0,0.0,0.0,0.0,0.0,0.0
2022,1,16,4,0.0,0.0,0.0,0.0,0.0,0.0,0.0,0.0
2022,1,16,5,0.0,0.0,0.0,0.0,0.0,0.0,0.0,0.0
2022,1,16,6,0.0,0.0,0.0,0.0,0.0,0.0,0.0,0.0
2022,1,16,7,13.246454981228142,14.835722615769411,111.43266760546304,15.070979642138724,-0.0,-0.0,-0.0,-0.0
2022,1,16,8,330.0969881587796,507.48511998022735,689.394035988663,538.6375899014884,264.42181139591435,409.7511235775282,557.2048383194199,434.87045882927055
2022,1,16,9,563.8324043867207,635.793486416645,833.3333333333334,608.1352470759778,529.1707344200781,596.5047395498073,789.3199927336954,562.3795670856841
2022,1,16,10,714.8754347287502,637.2257340688869,833.3333333333334,500.24879152571873,697.8606425848184,620.8198069829522,833.3333333333334,473.0165998438498
2022,1,16,11,803.5902453477877,602.3590699712383,833.3333333333334,305.7750589555908,802.08491344284,602.657886742084,833.3333333333334,284.50700221464
2022,1,16,12,828.7273098412264,579.5942037456015,833.3333333333334,139.7946258659257,833.3333333333334,588.1167171278455,833.3333333333334,115.96345415056365
2022,1,16,13,799.792128828011,596.4373602605488,833.3333333333334,242.13242688276674,810.8056618066149,607.745022401009,833.3333333333334,224.61913311712576
2022,1,16,14,703.2295495788177,622.2603748583396,833.3333333333334,374.59479456515015,721.8886375337004,638.4874592828396,833.3333333333334,369.20602711176633
2022,1,16,15,551.9528017695219,617.2965533053082,817.0145878729098,447.712656679623,583.1239401029883,650.043698743223,833.3333333333334,464.9951901943787
2022,1,16,16,335.9933802325759,511.82814511226786,693.6399223272446,408.6032305569983,377.10424636750855,564.6606514885576,751.6478809641428,457.36112773946707
2022,1,16,17,18.997058523579806,21.685520673216462,144.16334130003776,15.902280363648606,46.929451545570544,52.07848627476715,296.3922956168165,40.07368465244638
2022,1,16,18,0.0,0.0,0.0,0.0,0.0,0.0,0.0,0.0
2022,1,16,19,0.0,0.0,0.0,0.0,0.0,0.0,0.0,0.0
2022,1,16,20,0.0,0.0,0.0,0.0,0.0,0.0,0.0,0.0
2022,1,16,21,0.0,0.0,0.0,0.0,0.0,0.0,0.0,0.0
2022,1,16,22,0.0,0.0,0.0,0.0,0.0,0.0,0.0,0.0
2022,1,16,23,0.0,0.0,0.0,0.0,0.0,0.0,0.0,0.0
2022,1,17,0,0.0,0.0,0.0,0.0,0.0,0.0,0.0,0.0
2022,1,17,1,0.0,0.0,0.0,0.0,0.0,0.0,0.0,0.0
2022,1,17,2,0.0,0.0,0.0,0.0,0.0,0.0,0.0,0.0
2022,1,17,3,0.0,0.0,0.0,0.0,0.0,0.0,0.0,0.0
2022,1,17,4,0.0,0.0,0.0,0.0,0.0,0.0,0.0,0.0
2022,1,17,5,0.0,0.0,0.0,0.0,0.0,0.0,0.0,0.0
2022,1,17,6,0.0,0.0,0.0,0.0,0.0,0.0,0.0,0.0
2022,1,17,7,14.701199552130538,16.662042878382664,123.7982481103157,16.90411258338474,-0.0,-0.0,-0.0,-0.0
2022,1,17,8,328.93919725628456,499.6313398676227,662.6957762514007,528.5098071715078,267.1611527558172,414.492492838687,558.2514597847305,439.0222136256767
2022,1,17,9,533.8847046643749,600.0301628095605,777.9305400966049,575.5436871240074,507.1017803302546,570.4891615925909,741.1513049426588,537.983475789953
2022,1,17,10,665.071527291569,597.7102985424099,812.6582111439762,473.6082984539862,648.2991249560982,581.4742711900003,786.7509565154245,445.5813099776019
2022,1,17,11,741.1478879550039,564.259052270331,824.0166809273088,292.4371259413852,732.5061009243301,560.1639064694905,808.086419727579,266.1552116564792
2022,1,17,12,770.8748714154386,549.323212624774,830.4978697662468,134.34552745650944,762.0922561365979,547.6522130296468,815.2219523216451,106.74309508453746
2022,1,17,13,749.8824421179079,565.8059299932571,833.3333333333334,235.26756670182996,742.9573048084304,567.039930502503,816.667893724488,212.44055831944223
2022,1,17,14,662.8997411674226,588.9236512927487,810.3482579877915,363.75627996611956,667.1202575955831,594.606366036227,800.6671338990736,355.62832187782436
2022,1,17,15,521.2401948261128,581.9194416721065,765.1384124816725,429.48460990943994,544.2635637304394,603.1016635142375,773.288919116164,451.86947034539037
2022,1,17,16,310.84749861005724,468.9641923943437,630.8664225028962,383.1603283695897,363.98532534138167,538.0183697952442,703.5222073090451,456.09776992010643
2022,1,17,17,22.29514135574521,34.76767829842226,142.58977040095348,18.28158870502316,48.62637393744674,54.329906393754094,294.861086776188,42.650486975106794
2022,1,17,18,0.0,0.0,0.0,0.0,0.0,0.0,0.0,0.0
2022,1,17,19,0.0,0.0,0.0,0.0,0.0,0.0,0.0,0.0
2022,1,17,20,0.0,0.0,0.0,0.0,0.0,0.0,0.0,0.0
2022,1,17,21,0.0,0.0,0.0,0.0,0.0,0.0,0.0,0.0
2022,1,17,22,0.0,0.0,0.0,0.0,0.0,0.0,0.0,0.0
2022,1,17,23,0.0,0.0,0.0,0.0,0.0,0.0,0.0,0.0
2022,1,18,0,0.0,0.0,0.0,0.0,0.0,0.0,0.0,0.0
2022,1,18,1,0.0,0.0,0.0,0.0,0.0,0.0,0.0,0.0
2022,1,18,2,0.0,0.0,0.0,0.0,0.0,0.0,0.0,0.0
2022,1,18,3,0.0,0.0,0.0,0.0,0.0,0.0,0.0,0.0
2022,1,18,4,0.0,0.0,0.0,0.0,0.0,0.0,0.0,0.0
2022,1,18,5,0.0,0.0,0.0,0.0,0.0,0.0,0.0,0.0
2022,1,18,6,0.0,0.0,0.0,0.0,0.0,0.0,0.0,0.0
2022,1,18,7,8.14949379061207,7.7603423983599535,31.22428561665059,8.069488238776266,-0.0,-0.0,-0.0,-0.0
2022,1,18,8,121.14289026314277,147.43863652648525,174.19196975277222,164.8550336212345,237.26695830956535,369.1413017410182,497.88526513037124,393.58138308168685
2022,1,18,9,413.8625159816185,455.3528226953517,584.8639516933193,449.4838040055019,478.95908522144737,541.977162639417,710.325820708728,511.403195065726
2022,1,18,10,589.7998164875875,529.8942070127497,715.7927908021404,438.24997462259364,636.6360221885875,569.814509486242,783.1865794104915,434.82476488338773
2022,1,18,11,681.6279093374296,526.8950776984614,758.817706550689,308.3826269819094,726.6479096295529,551.4321984447497,806.3014523995658,264.8460837520095
2022,1,18,12,551.2366818790338,426.20468284681124,585.4953228575749,195.00932485005242,761.1419062160429,539.5381814592557,817.6248947274119,110.88838292106252
2022,1,18,13,509.33060890091406,415.87013279230723,550.8801652861471,248.14197867567879,564.3275865885896,445.6616424360932,616.2145838917761,218.216665025962
2022,1,18,14,384.15501077047986,343.05486513940485,434.6708548403738,263.3489870713557,490.2326342644542,436.5609094642836,563.2977021673869,304.8999077146439
2022,1,18,15,252.7087929421486,262.367454577757,320.9740119491478,221.61719826323073,533.5904856421652,593.9854619496282,774.9374927419356,424.90196615195447
2022,1,18,16,213.658717133052,305.5383985586548,403.52017169489307,259.2112883821751,346.9485972835526,518.1371561423925,686.8687901022196,427.2409408897899
2022,1,18,17,8.790890391920541,13.537069199284783,28.684060626007504,7.116978890275375,45.693038430711475,50.32516783674923,251.2619288894991,39.940344746074636
2022,1,18,18,0.0,0.0,0.0,0.0,0.0,0.0,0.0,0.0
2022,1,18,19,0.0,0.0,0.0,0.0,0.0,0.0,0.0,0.0
2022,1,18,20,0.0,0.0,0.0,0.0,0.0,0.0,0.0,0.0
2022,1,18,21,0.0,0.0,0.0,0.0,0.0,0.0,0.0,0.0
2022,1,18,22,0.0,0.0,0.0,0.0,0.0,0.0,0.0,0.0
2022,1,18,23,0.0,0.0,0.0,0.0,0.0,0.0,0.0,0.0
2022,1,19,0,0.0,0.0,0.0,0.0,0.0,0.0,0.0,0.0
2022,1,19,1,0.0,0.0,0.0,0.0,0.0,0.0,0.0,0.0
2022,1,19,2,0.0,0.0,0.0,0.0,0.0,0.0,0.0,0.0
2022,1,19,3,0.0,0.0,0.0,0.0,0.0,0.0,0.0,0.0
2022,1,19,4,0.0,0.0,0.0,0.0,0.0,0.0,0.0,0.0
2022,1,19,5,0.0,0.0,0.0,0.0,0.0,0.0,0.0,0.0
2022,1,19,6,0.0,0.0,0.0,0.0,0.0,0.0,0.0,0.0
2022,1,19,7,1.1744978969922286,0.6605808038750572,1.1959519287001381,0.8225411895645871,-0.0,-0.0,-0.0,-0.0
2022,1,19,8,154.9565189734715,193.4583669821426,233.95544939422103,218.30129725587292,28.860998473446887,25.318661682418607,19.2678943753055,26.529657906077077
2022,1,19,9,187.46233246640625,188.72900927358586,217.7408407033816,195.469830868253,174.2086819263045,174.01733836405742,197.29877947031918,174.2285252497104
2022,1,19,10,243.39144420800753,219.53146498491125,256.81591775515926,209.41137935896668,83.33562773317534,75.02627966904113,71.05306705801749,75.13081208378948
2022,1,19,11,294.0962911783307,255.33969263939008,308.4799552649033,195.3189616308379,697.2396854136971,528.9776833152682,775.6763257715252,257.0922935754262
2022,1,19,12,165.80995714779496,158.81925468996369,163.23683505722116,116.17264769408426,8.680093745903502,10.297867200411682,7.368096616599991,7.554838192517676
2022,1,19,13,277.363753435297,239.61757032894928,290.85455321451036,165.14157514345047,116.45586384475183,118.97887801393584,106.08152278073699,97.9133999943016
2022,1,19,14,550.636216721416,491.07717837629315,643.0844949535195,350.9438096047168,350.34856641626857,312.9376365364939,386.13531899531415,236.32927236249662
2022,1,19,15,269.530463670433,282.3888890029185,348.2475352466965,233.1223418707156,493.73672729978557,545.8558393652121,706.5821445958823,398.6512937821779
2022,1,19,16,174.67770287252316,230.20334655911287,288.7870586865895,203.65324872012928,305.7788920126278,441.4985572754012,575.4627407645894,370.9795708491032
2022,1,19,17,5.69271090816064,6.7413575796916945,6.392788975089945,4.801379118413578,52.92221546943974,87.16310126859501,217.7613965317225,39.576909173334506
2022,1,19,18,0.0,0.0,0.0,0.0,0.0,0.0,0.0,0.0
2022,1,19,19,0.0,0.0,0.0,0.0,0.0,0.0,0.0,0.0
2022,1,19,20,0.0,0.0,0.0,0.0,0.0,0.0,0.0,0.0
2022,1,19,21,0.0,0.0,0.0,0.0,0.0,0.0,0.0,0.0
2022,1,19,22,0.0,0.0,0.0,0.0,0.0,0.0,0.0,0.0
2022,1,19,23,0.0,0.0,0.0,0.0,0.0,0.0,0.0,0.0
2022,1,20,0,0.0,0.0,0.0,0.0,0.0,0.0,0.0,0.0
2022,1,20,1,0.0,0.0,0.0,0.0,0.0,0.0,0.0,0.0
2022,1,20,2,0.0,0.0,0.0,0.0,0.0,0.0,0.0,0.0
2022,1,20,3,0.0,0.0,0.0,0.0,0.0,0.0,0.0,0.0
2022,1,20,4,0.0,0.0,0.0,0.0,0.0,0.0,0.0,0.0
2022,1,20,5,0.0,0.0,0.0,0.0,0.0,0.0,0.0,0.0
2022,1,20,6,0.0,0.0,0.0,0.0,0.0,0.0,0.0,0.0
2022,1,20,7,-0.0,-0.0,-0.0,-0.0,-0.0,-0.0,-0.0,-0.0
2022,1,20,8,20.548536180886497,17.78668880566001,13.618968700367667,19.840947548135592,1.3201278154214726,0.6439010636786131,-0.0,0.8060384368702426
2022,1,20,9,64.84937509265735,57.49132768230429,52.535781659838676,63.196687474193574,24.501322963219412,20.939375275561677,17.73979150365099,21.93229144447646
2022,1,20,10,41.20398612416611,37.149314440925494,34.73325274265696,39.72844325366535,12.587288673266348,11.001522708977099,9.836377978788276,11.092061240565819
2022,1,20,11,77.69670426405777,80.57066501962362,70.01227473588337,74.0041495515457,6.808079636676292,7.330734854516544,5.525293517905644,5.843133753978313
2022,1,20,12,102.41272515042655,112.04833047317189,94.53380035270187,94.33869913519216,88.58891777725808,98.15010112898884,80.30711762149788,77.9657955193743
2022,1,20,13,58.8335126122866,62.09062932849063,52.664639064588634,56.69922655864679,39.551909909027124,42.068251096862774,34.57814132461158,35.84351737529832
2022,1,20,14,40.09809298212894,36.509432855948795,34.014281718575425,38.5285667638782,41.38136363423266,37.52055485258492,34.180462774226655,37.475427637125904
2022,1,20,15,41.19254431185869,35.96181708763017,32.13277158523873,39.699758455422675,109.28602515806062,99.18569103856183,96.05571116123714,97.6044038213659
2022,1,20,16,17.228965608504854,14.868798655411831,11.43927580716951,16.51773005463583,37.462255517844795,32.929978858066164,25.65610087962218,34.12424926727978
2022,1,20,17,-0.0,-0.0,-0.0,-0.0,-0.0,-0.0,-0.0,-0.0
2022,1,20,18,0.0,0.0,0.0,0.0,0.0,0.0,0.0,0.0
2022,1,20,19,0.0,0.0,0.0,0.0,0.0,0.0,0.0,0.0
2022,1,20,20,0.0,0.0,0.0,0.0,0.0,0.0,0.0,0.0
2022,1,20,21,0.0,0.0,0.0,0.0,0.0,0.0,0.0,0.0
2022,1,20,22,0.0,0.0,0.0,0.0,0.0,0.0,0.0,0.0
2022,1,20,23,0.0,0.0,0.0,0.0,0.0,0.0,0.0,0.0
2022,1,21,0,0.0,0.0,0.0,0.0,0.0,0.0,0.0,0.0
2022,1,21,1,0.0,0.0,0.0,0.0,0.0,0.0,0.0,0.0
2022,1,21,2,0.0,0.0,0.0,0.0,0.0,0.0,0.0,0.0
2022,1,21,3,0.0,0.0,0.0,0.0,0.0,0.0,0.0,0.0
2022,1,21,4,0.0,0.0,0.0,0.0,0.0,0.0,0.0,0.0
2022,1,21,5,0.0,0.0,0.0,0.0,0.0,0.0,0.0,0.0
2022,1,21,6,0.0,0.0,0.0,0.0,0.0,0.0,0.0,0.0
2022,1,21,7,-0.0,-0.0,-0.0,-0.0,-0.0,-0.0,-0.0,-0.0
2022,1,21,8,25.166388114105896,22.08508687877223,17.361215561775964,24.546370449432228,23.16272165456014,20.066192919979034,14.914523638172632,21.019861856182903
2022,1,21,9,62.23677830806351,55.09600538331411,50.1644959648385,60.60909402215853,40.762776627358804,35.38507516273639,30.743725422161884,36.94199694982956
2022,1,21,10,130.61712318153963,118.38429926985154,118.47894941928686,122.95020799590809,58.54260212018566,52.689382260013325,48.80070256052347,53.11329337744536
2022,1,21,11,214.2493562732847,210.20207771905984,204.291074775681,183.5141062711317,234.05558879967572,217.61499336569796,231.7385469518127,169.1451452533624
2022,1,21,12,637.448534125707,467.63070056784755,685.1863643871728,170.30953976156385,432.7220858461133,366.04283902733624,445.04384830732107,192.89314510814822
2022,1,21,13,832.1530746511139,630.8060500354494,833.3333333333334,261.09468075308223,819.408580607854,619.5712616323276,833.3333333333334,218.92565057551346
2022,1,21,14,642.7532033438797,571.6412688578579,785.6140049361558,351.44093348599046,733.4603444939597,651.1306204505917,833.3333333333334,368.705131176625
2022,1,21,15,264.1040072362372,273.61970097386825,331.158493549224,233.1840002384603,497.0509052452019,543.8756726898777,693.036623346272,403.528330585747
2022,1,21,16,357.47045452913574,534.9896621344469,709.2107777955691,441.4954575020893,236.2480797072566,307.7182599771227,379.66827841518113,271.0438766023331
2022,1,21,17,34.8901350172363,51.733315506163095,192.8732345565717,29.244143465861246,64.81811124847644,74.86734796456906,330.3629614963555,56.54130442244036
2022,1,21,18,0.0,0.0,0.0,0.0,0.0,0.0,0.0,0.0
2022,1,21,19,0.0,0.0,0.0,0.0,0.0,0.0,0.0,0.0
2022,1,21,20,0.0,0.0,0.0,0.0,0.0,0.0,0.0,0.0
2022,1,21,21,0.0,0.0,0.0,0.0,0.0,0.0,0.0,0.0
2022,1,21,22,0.0,0.0,0.0,0.0,0.0,0.0,0.0,0.0
2022,1,21,23,0.0,0.0,0.0,0.0,0.0,0.0,0.0,0.0
2022,1,22,0,0.0,0.0,0.0,0.0,0.0,0.0,0.0,0.0
2022,1,22,1,0.0,0.0,0.0,0.0,0.0,0.0,0.0,0.0
2022,1,22,2,0.0,0.0,0.0,0.0,0.0,0.0,0.0,0.0
2022,1,22,3,0.0,0.0,0.0,0.0,0.0,0.0,0.0,0.0
2022,1,22,4,0.0,0.0,0.0,0.0,0.0,0.0,0.0,0.0
2022,1,22,5,0.0,0.0,0.0,0.0,0.0,0.0,0.0,0.0
2022,1,22,6,0.0,0.0,0.0,0.0,0.0,0.0,0.0,0.0
2022,1,22,7,19.247030372338585,22.332408440114342,151.51580915585234,22.580959021816625,-0.0,-0.0,-0.0,-0.0
2022,1,22,8,361.25837921303537,568.94318924825,759.035153390755,609.6468108251665,57.91056753129276,56.258800324107284,50.87642353601977,59.963416102291326
2022,1,22,9,591.868458317595,678.0258344492057,833.3333333333334,646.4962609866113,557.8326801577264,639.5481009164329,827.4847511842484,599.1052571343173
2022,1,22,10,738.7104048808177,670.8800789071275,833.3333333333334,527.3703148179571,727.7996965062555,658.6142696458705,833.3333333333334,497.5795558256043
2022,1,22,11,828.8567463871108,634.7170970992628,833.3333333333334,325.4714194994575,825.559918446244,631.6117413457597,833.3333333333334,293.9250063787646
2022,1,22,12,833.3333333333334,609.8801877978749,833.3333333333334,144.1696915587176,833.3333333333334,615.1173834895926,833.3333333333334,112.78372650930177
2022,1,22,13,830.2980962000827,628.3657527166589,833.3333333333334,248.17221102320636,833.3333333333334,634.0040075027451,833.3333333333334,221.46054303666307
2022,1,22,14,740.5171932552043,658.8376337677659,833.3333333333334,391.74680611665656,752.2260582169026,668.8429829494102,833.3333333333334,377.2162517551526
2022,1,22,15,586.3075291156582,657.2596218451533,833.3333333333334,474.81608360975486,613.5368302167677,684.9984093828144,833.3333333333334,485.40987761472877
2022,1,22,16,367.57755301707647,556.6709056360315,738.1234404271961,453.7995739426063,413.4056269058461,619.1167604936692,808.1370863643884,510.3732116827745
2022,1,22,17,36.791162617407565,51.89739569165272,196.18452738226085,31.658034163567514,71.68486807085138,81.38735672289447,355.43861875543894,62.370065538690824
2022,1,22,18,0.0,0.0,0.0,0.0,0.0,0.0,0.0,0.0
2022,1,22,19,0.0,0.0,0.0,0.0,0.0,0.0,0.0,0.0
2022,1,22,20,0.0,0.0,0.0,0.0,0.0,0.0,0.0,0.0
2022,1,22,21,0.0,0.0,0.0,0.0,0.0,0.0,0.0,0.0
2022,1,22,22,0.0,0.0,0.0,0.0,0.0,0.0,0.0,0.0
2022,1,22,23,0.0,0.0,0.0,0.0,0.0,0.0,0.0,0.0
2022,1,23,0,0.0,0.0,0.0,0.0,0.0,0.0,0.0,0.0
2022,1,23,1,0.0,0.0,0.0,0.0,0.0,0.0,0.0,0.0
2022,1,23,2,0.0,0.0,0.0,0.0,0.0,0.0,0.0,0.0
2022,1,23,3,0.0,0.0,0.0,0.0,0.0,0.0,0.0,0.0
2022,1,23,4,0.0,0.0,0.0,0.0,0.0,0.0,0.0,0.0
2022,1,23,5,0.0,0.0,0.0,0.0,0.0,0.0,0.0,0.0
2022,1,23,6,0.0,0.0,0.0,0.0,0.0,0.0,0.0,0.0
2022,1,23,7,1.1994686888339796,0.6268815851877879,-0.0,0.7942035086222601,-0.0,-0.0,-0.0,-0.0
2022,1,23,8,57.20061181540948,54.858608270279525,49.98428311641041,61.396791344937576,20.272558959444332,17.250760208240088,12.481927761734827,18.233377497863152
2022,1,23,9,470.2062112887975,532.986433396889,684.0503771102569,518.9737891322532,136.11582373084775,126.90591778294788,127.58507824907258,130.87930086096605
2022,1,23,10,665.941631327658,609.066167396033,810.4913162074414,490.66125592915995,647.8778634221393,589.8028004492143,790.5124431526557,456.4020953915661
2022,1,23,11,732.6078254456468,569.4783470389068,811.5911723942403,312.62134127955903,741.345874114188,573.9796217335454,818.117794714876,284.749604933562
2022,1,23,12,753.3803370750372,545.7077249702263,809.3102956024,164.27462902026457,589.9119563320579,469.125553359355,617.8765576492715,199.71269955932888
2022,1,23,13,750.3004851865046,578.044874236539,827.0559432852449,259.7866598942295,629.4345812542506,499.09008169608796,683.1836691203288,231.13849480598654
2022,1,23,14,588.8487297379464,527.2911789164013,708.4726670948751,344.8764591782055,563.077447902372,506.38421919726153,658.8054289997896,333.45670221958164
2022,1,23,15,486.51494594737005,538.344894436503,690.1977660345452,409.7179617551332,451.79422370441114,491.85706972835203,616.6688938753749,379.0755881845424
2022,1,23,16,132.57655088801602,184.71983985915335,236.75447646276163,157.50520524519808,368.82460892811224,542.4722547821185,699.8512290238167,459.19387094804733
2022,1,23,17,3.2502062161441936,2.3875967400799096,0.5446295702316343,2.9969862076247646,76.22152755557025,151.95156469981674,255.43884449147643,55.09252381764214
2022,1,23,18,0.0,0.0,0.0,0.0,0.0,0.0,0.0,0.0
2022,1,23,19,0.0,0.0,0.0,0.0,0.0,0.0,0.0,0.0
2022,1,23,20,0.0,0.0,0.0,0.0,0.0,0.0,0.0,0.0
2022,1,23,21,0.0,0.0,0.0,0.0,0.0,0.0,0.0,0.0
2022,1,23,22,0.0,0.0,0.0,0.0,0.0,0.0,0.0,0.0
2022,1,23,23,0.0,0.0,0.0,0.0,0.0,0.0,0.0,0.0
2022,1,24,0,0.0,0.0,0.0,0.0,0.0,0.0,0.0,0.0
2022,1,24,1,0.0,0.0,0.0,0.0,0.0,0.0,0.0,0.0
2022,1,24,2,0.0,0.0,0.0,0.0,0.0,0.0,0.0,0.0
2022,1,24,3,0.0,0.0,0.0,0.0,0.0,0.0,0.0,0.0
2022,1,24,4,0.0,0.0,0.0,0.0,0.0,0.0,0.0,0.0
2022,1,24,5,0.0,0.0,0.0,0.0,0.0,0.0,0.0,0.0
2022,1,24,6,0.0,0.0,0.0,0.0,0.0,0.0,0.0,0.0
2022,1,24,7,-0.0,-0.0,-0.0,-0.0,-0.0,-0.0,-0.0,-0.0
2022,1,24,8,11.140272562339694,9.60095939639849,7.223735899263481,10.862526862187046,28.552067105467273,25.123442288540016,19.378366336307145,26.553346828277316
2022,1,24,9,25.415696406033813,21.981442586133475,19.388632194356962,24.461841459275924,17.559501682307022,14.874626613996853,12.585307423964137,15.756476923649332
2022,1,24,10,49.14238275604042,44.45024698055083,41.89209755839661,47.50723057772694,56.177040193171834,50.62529038779106,47.16604942188502,51.40568691802936
2022,1,24,11,30.009231930623397,31.398578283048895,26.776730978002963,28.685471650665,86.71106293920624,89.76707351866067,77.96712506673157,77.94834285819522
2022,1,24,12,48.13075020454851,53.54752598206403,44.18254168768918,45.19069988511122,52.8068863675631,59.72131177542275,47.66262800501158,48.517581026860356
2022,1,24,13,34.65803393014864,36.61625036595169,31.17189641510758,32.8991621979343,8.043380822863465,8.777969886997186,6.752838969063581,7.059344363963365
2022,1,24,14,26.117427818626478,23.842351695732695,22.224461239981483,24.88121219105729,58.405210987581945,53.60558496041422,49.18520361132542,53.64751260278317
2022,1,24,15,8.814199723682385,7.33424178848884,6.354859862181982,8.310088270903519,2.6081251366367213,1.7796234594314762,1.1331348686710327,2.037141871395088
2022,1,24,16,7.778413349112435,6.603005974680028,4.900598480424312,7.403553295927238,31.49511677125366,27.104209450239843,20.58628305588101,28.600229290875458
2022,1,24,17,-0.0,-0.0,-0.0,-0.0,-0.0,-0.0,-0.0,-0.0
2022,1,24,18,0.0,0.0,0.0,0.0,0.0,0.0,0.0,0.0
2022,1,24,19,0.0,0.0,0.0,0.0,0.0,0.0,0.0,0.0
2022,1,24,20,0.0,0.0,0.0,0.0,0.0,0.0,0.0,0.0
2022,1,24,21,0.0,0.0,0.0,0.0,0.0,0.0,0.0,0.0
2022,1,24,22,0.0,0.0,0.0,0.0,0.0,0.0,0.0,0.0
2022,1,24,23,0.0,0.0,0.0,0.0,0.0,0.0,0.0,0.0
2022,1,25,0,0.0,0.0,0.0,0.0,0.0,0.0,0.0,0.0
2022,1,25,1,0.0,0.0,0.0,0.0,0.0,0.0,0.0,0.0
2022,1,25,2,0.0,0.0,0.0,0.0,0.0,0.0,0.0,0.0
2022,1,25,3,0.0,0.0,0.0,0.0,0.0,0.0,0.0,0.0
2022,1,25,4,0.0,0.0,0.0,0.0,0.0,0.0,0.0,0.0
2022,1,25,5,0.0,0.0,0.0,0.0,0.0,0.0,0.0,0.0
2022,1,25,6,0.0,0.0,0.0,0.0,0.0,0.0,0.0,0.0
2022,1,25,7,-0.0,-0.0,-0.0,-0.0,-0.0,-0.0,-0.0,-0.0
2022,1,25,8,28.876478647678834,25.52436048956874,20.40007930288388,28.354611852021566,186.085280026614,287.2646972063164,376.80523606495393,314.75420945965055
2022,1,25,9,87.99953381063082,79.4638542391347,75.50242015841935,86.76959167423645,27.78151860959415,23.841938756985392,20.525614767126587,25.167602619145928
2022,1,25,10,152.76205260773898,138.98212499385085,141.22346152891504,143.8086513547581,103.53010708742315,93.58697286737346,90.59156650637416,93.73275388648672
2022,1,25,11,97.73198678566592,100.4280542396084,89.62955230254256,91.74335115371245,180.9674126438841,180.77128168795858,169.2298554234543,151.99147133514649
2022,1,25,12,111.56454195336597,121.16960287197098,104.18235973993653,101.3951715766822,70.30983023678553,78.91006916825611,63.92385985122006,64.11677257379489
2022,1,25,13,156.21999296487246,158.75916569394192,146.74340332472812,137.84029099694715,111.60819227203703,116.00396900621455,101.86132619620102,97.76563729201932
2022,1,25,14,247.51386263477016,225.28290718437185,255.77623329182885,199.59574016174517,149.58012528759335,136.95017448017063,136.19097012225114,129.33172948148592
2022,1,25,15,238.93640679684174,244.99432982196288,290.4245206878431,214.3629050754163,81.24329626536819,72.14921778640567,67.12140148407673,74.01494260575477
2022,1,25,16,88.48480929676892,103.40597457376559,116.347487187529,96.2167402581027,356.1675064173205,519.5447335362816,666.9200792373275,431.59084348510913
2022,1,25,17,0.361867987513587,-0.0,-0.0,0.1918867727200496,70.75158878059435,93.82108160435861,269.5938973475964,59.70486266978073
2022,1,25,18,0.0,0.0,0.0,0.0,0.0,0.0,0.0,0.0
2022,1,25,19,0.0,0.0,0.0,0.0,0.0,0.0,0.0,0.0
2022,1,25,20,0.0,0.0,0.0,0.0,0.0,0.0,0.0,0.0
2022,1,25,21,0.0,0.0,0.0,0.0,0.0,0.0,0.0,0.0
2022,1,25,22,0.0,0.0,0.0,0.0,0.0,0.0,0.0,0.0
2022,1,25,23,0.0,0.0,0.0,0.0,0.0,0.0,0.0,0.0
2022,1,26,0,0.0,0.0,0.0,0.0,0.0,0.0,0.0,0.0
2022,1,26,1,0.0,0.0,0.0,0.0,0.0,0.0,0.0,0.0
2022,1,26,2,0.0,0.0,0.0,0.0,0.0,0.0,0.0,0.0
2022,1,26,3,0.0,0.0,0.0,0.0,0.0,0.0,0.0,0.0
2022,1,26,4,0.0,0.0,0.0,0.0,0.0,0.0,0.0,0.0
2022,1,26,5,0.0,0.0,0.0,0.0,0.0,0.0,0.0,0.0
2022,1,26,6,0.0,0.0,0.0,0.0,0.0,0.0,0.0,0.0
2022,1,26,7,-0.0,-0.0,-0.0,-0.0,-0.0,-0.0,-0.0,-0.0
2022,1,26,8,82.97459220463037,85.15391055266296,84.25686606052741,95.6802682070956,37.59235941316159,33.21782980843387,26.04031175500517,35.15251856519702
2022,1,26,9,323.3253322400936,341.170532083938,407.72887435584187,348.2021532761964,146.3275457459779,137.51038409607594,139.53437068532347,141.1495242389194
2022,1,26,10,436.53377584838097,398.40797567651765,481.7577608234789,366.85905019510705,362.66492099596536,330.47434577053707,400.66503828552766,291.49801886514825
2022,1,26,11,474.4347855331471,419.4370147986403,494.7741624162172,320.27376859688303,447.12500801877655,387.9647638524644,468.44957891838936,270.01623150936035
2022,1,26,12,747.1460156465488,561.8923158375841,795.0108871440615,204.0624092707882,814.3153567268982,592.0934293511033,833.3333333333334,122.68659244896666
2022,1,26,13,767.4971430086985,593.7471729030935,833.3333333333334,255.26909200757513,788.8909918225601,606.8020314084694,833.3333333333334,221.23761574412322
2022,1,26,14,687.0219039068227,616.8720763892395,825.2826854165323,379.578474309886,708.6643820474768,634.6041238532555,833.3333333333334,366.03187410626646
2022,1,26,15,548.3247593602791,614.5472938429489,783.5063726283197,454.2160012970416,574.4651638220283,642.0976033132946,814.3586677608176,461.4678976821358
2022,1,26,16,314.0385450107427,467.6341272500144,608.5776714823012,386.4354804150743,385.68887756898664,573.3220999146599,738.2753358631111,471.64704217348816
2022,1,26,17,45.21360389540839,66.62395954682032,193.4531018091106,39.32489465207228,83.11723841149697,94.74801372333401,328.291360259952,72.67095123980917
2022,1,26,18,0.0,0.0,0.0,0.0,0.0,0.0,0.0,0.0
2022,1,26,19,0.0,0.0,0.0,0.0,0.0,0.0,0.0,0.0
2022,1,26,20,0.0,0.0,0.0,0.0,0.0,0.0,0.0,0.0
2022,1,26,21,0.0,0.0,0.0,0.0,0.0,0.0,0.0,0.0
2022,1,26,22,0.0,0.0,0.0,0.0,0.0,0.0,0.0,0.0
2022,1,26,23,0.0,0.0,0.0,0.0,0.0,0.0,0.0,0.0
2022,1,27,0,0.0,0.0,0.0,0.0,0.0,0.0,0.0,0.0
2022,1,27,1,0.0,0.0,0.0,0.0,0.0,0.0,0.0,0.0
2022,1,27,2,0.0,0.0,0.0,0.0,0.0,0.0,0.0,0.0
2022,1,27,3,0.0,0.0,0.0,0.0,0.0,0.0,0.0,0.0
2022,1,27,4,0.0,0.0,0.0,0.0,0.0,0.0,0.0,0.0
2022,1,27,5,0.0,0.0,0.0,0.0,0.0,0.0,0.0,0.0
2022,1,27,6,0.0,0.0,0.0,0.0,0.0,0.0,0.0,0.0
2022,1,27,7,10.791385507809647,18.104321311852054,53.86535790343674,23.48090395789192,-0.0,-0.0,-0.0,-0.0
2022,1,27,8,272.1554484349053,422.9544884191138,551.6372914668539,466.25123486619106,238.43054901431572,380.40768832595194,499.79548354125745,417.5464679920884
2022,1,27,9,518.7299603521767,599.2717366118709,760.4781829671866,574.9060662033062,486.8528788540483,563.3908024989939,715.0901720566507,531.8674144814769
2022,1,27,10,650.8511777430672,601.4104832934358,790.8043957550905,484.6184675475141,652.0040004695629,600.0292532968747,793.6639992335988,463.2569684702865
2022,1,27,11,727.5950048031109,574.764957527509,801.3835211816692,322.10768724331894,750.3143737097741,587.1075180453415,825.2463136456771,292.1199423257436
2022,1,27,12,776.8092176330209,571.185132466349,826.8521958304037,155.8580723595988,789.438149108243,579.7928246325476,833.3333333333334,125.35857343879613
2022,1,27,13,766.2947055934958,590.8278780172009,833.3333333333334,245.93031279536507,762.8943063441616,592.1366415719092,829.1667673276278,221.50606026086334
2022,1,27,14,623.1689720683904,562.2704302164655,726.9632641859307,388.8351440296984,690.777638158861,620.4311001811992,822.6692872236173,361.92680074710233
2022,1,27,15,510.8268283878584,571.0466434862095,727.6064611953257,424.08606073269056,559.7904537889784,624.5226133883026,785.0557325173928,456.21507031291634
2022,1,27,16,326.02157391345054,486.5611601117917,631.1566201243027,399.9436737209912,375.28455399708673,551.995859826836,702.699652435772,462.95378620088655
2022,1,27,17,42.97349363383033,66.39352419548841,155.74028503349479,37.78177228518206,88.14542711341599,97.61293788492279,321.87221059613495,77.47793231048134
2022,1,27,18,0.0,0.0,0.0,0.0,0.0,0.0,0.0,0.0
2022,1,27,19,0.0,0.0,0.0,0.0,0.0,0.0,0.0,0.0
2022,1,27,20,0.0,0.0,0.0,0.0,0.0,0.0,0.0,0.0
2022,1,27,21,0.0,0.0,0.0,0.0,0.0,0.0,0.0,0.0
2022,1,27,22,0.0,0.0,0.0,0.0,0.0,0.0,0.0,0.0
2022,1,27,23,0.0,0.0,0.0,0.0,0.0,0.0,0.0,0.0
2022,1,28,0,0.0,0.0,0.0,0.0,0.0,0.0,0.0,0.0
2022,1,28,1,0.0,0.0,0.0,0.0,0.0,0.0,0.0,0.0
2022,1,28,2,0.0,0.0,0.0,0.0,0.0,0.0,0.0,0.0
2022,1,28,3,0.0,0.0,0.0,0.0,0.0,0.0,0.0,0.0
2022,1,28,4,0.0,0.0,0.0,0.0,0.0,0.0,0.0,0.0
2022,1,28,5,0.0,0.0,0.0,0.0,0.0,0.0,0.0,0.0
2022,1,28,6,0.0,0.0,0.0,0.0,0.0,0.0,0.0,0.0
2022,1,28,7,-0.0,-0.0,-0.0,-0.0,-0.0,-0.0,-0.0,-0.0
2022,1,28,8,35.08007116563099,30.81005108544695,24.568597005272974,34.20836228441168,18.238466592376685,15.769962267327331,11.782864682255344,16.69598111050404
2022,1,28,9,105.7684050116817,96.62714816907905,93.95828933000665,104.92775990137228,59.14880349973286,52.15968375419492,47.07736029364398,54.63859690268319
2022,1,28,10,398.5307864327183,366.6907933033242,466.14285658229596,318.5917143434169,420.7965013312789,386.1743688412121,488.7121428490923,322.9280288302224
2022,1,28,11,807.3550748199286,629.0675194208115,833.3333333333334,334.42213448911036,791.242106068009,617.5533318224951,833.3333333333334,299.9966550842133
2022,1,28,12,833.3333333333334,611.6877931668128,833.3333333333334,153.32444814451748,833.3333333333334,613.7506356766179,833.3333333333334,121.69264753162192
2022,1,28,13,816.7405770293127,626.2400305429094,833.3333333333334,248.6585178547968,829.3819494188317,637.2097845221649,833.3333333333334,222.91763598260064
2022,1,28,14,725.9154846817585,651.1804998083843,833.3333333333334,385.5708620835274,754.829306708005,676.272732360226,833.3333333333334,377.3832475563289
2022,1,28,15,577.6400253390326,651.3982852188681,831.1168963657007,465.79935143676846,618.4654178160632,696.1988618396658,833.3333333333334,485.41097016868434
2022,1,28,16,365.1410406059564,553.2017969401362,719.3696263697508,442.8445993768614,419.8777866683907,631.2678411163097,810.8751201143069,507.88349879119716
2022,1,28,17,66.44548509109381,94.93200689160516,271.6644509214245,57.866750421097436,117.60785857790293,133.51047047698282,453.5538569185371,102.40122740389977
2022,1,28,18,0.0,0.0,0.0,0.0,0.0,0.0,0.0,0.0
2022,1,28,19,0.0,0.0,0.0,0.0,0.0,0.0,0.0,0.0
2022,1,28,20,0.0,0.0,0.0,0.0,0.0,0.0,0.0,0.0
2022,1,28,21,0.0,0.0,0.0,0.0,0.0,0.0,0.0,0.0
2022,1,28,22,0.0,0.0,0.0,0.0,0.0,0.0,0.0,0.0
2022,1,28,23,0.0,0.0,0.0,0.0,0.0,0.0,0.0,0.0
2022,1,29,0,0.0,0.0,0.0,0.0,0.0,0.0,0.0,0.0
2022,1,29,1,0.0,0.0,0.0,0.0,0.0,0.0,0.0,0.0
2022,1,29,2,0.0,0.0,0.0,0.0,0.0,0.0,0.0,0.0
2022,1,29,3,0.0,0.0,0.0,0.0,0.0,0.0,0.0,0.0
2022,1,29,4,0.0,0.0,0.0,0.0,0.0,0.0,0.0,0.0
2022,1,29,5,0.0,0.0,0.0,0.0,0.0,0.0,0.0,0.0
2022,1,29,6,0.0,0.0,0.0,0.0,0.0,0.0,0.0,0.0
2022,1,29,7,30.361485351523147,47.7617938517544,187.3836594729598,57.21736672747099,-0.0,-0.0,-0.0,-0.0
2022,1,29,8,344.97517214744204,544.3855433235229,698.1213249771059,596.1195304123382,66.24796373074157,66.58854651278848,62.520235426076525,71.76160382884157
2022,1,29,9,551.8472319598246,641.7129730863605,804.7554608470242,611.0786972965451,511.20216343391417,591.557721408626,733.2759122131082,556.6487238795999
2022,1,29,10,705.5283860274814,653.9085074118651,833.3333333333334,515.2631818180132,671.4987884307546,622.8186170931903,807.8949292358549,479.9897151632805
2022,1,29,11,789.1040085583788,620.6831003722353,833.3333333333334,324.38482482291704,771.9889747547154,610.8177463238305,833.3333333333334,299.01962614331717
2022,1,29,12,820.9767127597104,602.1695334430132,833.3333333333334,145.88745917137183,813.1997277542471,602.0250309158172,833.3333333333334,120.45620790255315
2022,1,29,13,799.9661442231343,617.38136220699,833.3333333333334,243.39078854666286,797.1563597734562,620.5757602130478,833.3333333333334,222.39239964343562
2022,1,29,14,715.3696514492849,643.352129757823,833.3333333333334,381.8956703946289,720.8322255738484,649.5049321028935,833.3333333333334,373.2182485606797
2022,1,29,15,571.4498175311309,644.4174894440924,816.5569950696299,464.94484539228677,596.3613709185179,669.6208271068631,833.3333333333334,479.4352451214277
2022,1,29,16,362.81904753897396,547.760403707892,705.9607710934177,444.29854250639727,406.76477064890554,605.8068246713553,768.8170052836965,498.9253915028756
2022,1,29,17,72.04765751918956,104.15043497598951,293.768857924004,63.611367270765754,126.01250238854003,157.289150320431,472.63973496184724,111.1394935569478
2022,1,29,18,0.0,0.0,0.0,0.0,0.0,0.0,0.0,0.0
2022,1,29,19,0.0,0.0,0.0,0.0,0.0,0.0,0.0,0.0
2022,1,29,20,0.0,0.0,0.0,0.0,0.0,0.0,0.0,0.0
2022,1,29,21,0.0,0.0,0.0,0.0,0.0,0.0,0.0,0.0
2022,1,29,22,0.0,0.0,0.0,0.0,0.0,0.0,0.0,0.0
2022,1,29,23,0.0,0.0,0.0,0.0,0.0,0.0,0.0,0.0
2022,1,30,0,0.0,0.0,0.0,0.0,0.0,0.0,0.0,0.0
2022,1,30,1,0.0,0.0,0.0,0.0,0.0,0.0,0.0,0.0
2022,1,30,2,0.0,0.0,0.0,0.0,0.0,0.0,0.0,0.0
2022,1,30,3,0.0,0.0,0.0,0.0,0.0,0.0,0.0,0.0
2022,1,30,4,0.0,0.0,0.0,0.0,0.0,0.0,0.0,0.0
2022,1,30,5,0.0,0.0,0.0,0.0,0.0,0.0,0.0,0.0
2022,1,30,6,0.0,0.0,0.0,0.0,0.0,0.0,0.0,0.0
2022,1,30,7,31.185262513481586,49.173493336317904,188.96687660310528,58.785105738335844,-0.0,-0.0,-0.0,-0.0
2022,1,30,8,344.6779365213086,552.1831494643209,713.6359127593043,605.6838363786303,271.19144198740304,438.9899653681041,569.7836878792011,482.8372774034288
2022,1,30,9,556.6541994163979,651.637106936881,820.404376375324,618.1871183688163,516.046173229638,602.1230577463222,752.7671904775209,564.1637126912607
2022,1,30,10,704.447519649192,653.9517234702208,833.3333333333334,512.2981951277848,677.5439811697721,628.7795522786139,819.7308279305488,481.41651572628024
2022,1,30,11,793.403750755129,621.8556326626291,833.3333333333334,319.588387469108,770.7385290181433,609.4061295728219,833.3333333333334,296.67762292762444
2022,1,30,12,817.432718342454,598.7696168609344,833.3333333333334,140.74337416332136,807.2220430771204,596.8678682137387,833.3333333333334,116.71394405454421
2022,1,30,13,792.0222210372398,611.1476351690882,833.3333333333334,236.1035636702819,789.5605720471625,614.2273385909531,833.3333333333334,216.1005903661049
2022,1,30,14,706.429327446969,636.3070152894409,833.3333333333334,374.77930827868744,714.9871266355332,644.6078824300639,833.3333333333334,365.7905336008307
2022,1,30,15,556.4972916670146,628.1424480032393,791.1882346731852,455.29811328735553,584.3896259126146,656.925856361117,821.1222816514234,467.1254945926805
2022,1,30,16,348.22301005776734,525.232402759302,674.490331203761,425.73673935831323,399.12452157813453,596.2483626124974,755.0751174279397,488.8427344443162
2022,1,30,17,74.43060680048532,110.15419658875878,300.1377285591729,67.67985011961869,129.84786898267078,168.87499494214387,485.4019890869212,117.78008247316437
2022,1,30,18,0.0,0.0,0.0,0.0,0.0,0.0,0.0,0.0
2022,1,30,19,0.0,0.0,0.0,0.0,0.0,0.0,0.0,0.0
2022,1,30,20,0.0,0.0,0.0,0.0,0.0,0.0,0.0,0.0
2022,1,30,21,0.0,0.0,0.0,0.0,0.0,0.0,0.0,0.0
2022,1,30,22,0.0,0.0,0.0,0.0,0.0,0.0,0.0,0.0
2022,1,30,23,0.0,0.0,0.0,0.0,0.0,0.0,0.0,0.0
2022,1,31,0,0.0,0.0,0.0,0.0,0.0,0.0,0.0,0.0
2022,1,31,1,0.0,0.0,0.0,0.0,0.0,0.0,0.0,0.0
2022,1,31,2,0.0,0.0,0.0,0.0,0.0,0.0,0.0,0.0
2022,1,31,3,0.0,0.0,0.0,0.0,0.0,0.0,0.0,0.0
2022,1,31,4,0.0,0.0,0.0,0.0,0.0,0.0,0.0,0.0
2022,1,31,5,0.0,0.0,0.0,0.0,0.0,0.0,0.0,0.0
2022,1,31,6,0.0,0.0,0.0,0.0,0.0,0.0,0.0,0.0
2022,1,31,7,-0.0,-0.0,-0.0,-0.0,-0.0,-0.0,-0.0,-0.0
2022,1,31,8,30.449947235522657,26.589652524236946,21.08062067034411,29.563386129830867,3.8701025912099154,2.8817738049255794,1.407363920202181,3.2270561070173143
2022,1,31,9,123.95856802279512,115.331812274767,115.32124543733948,124.20111887598793,5.861370288409901,4.631992843978051,3.689525338721176,5.083132987656683
2022,1,31,10,68.15622894880212,62.014101815169106,59.23184737314261,65.9937424359293,80.38459315646934,72.92617416229714,70.14667654807812,73.64365539745583
2022,1,31,11,124.20709488970347,126.72014058374029,116.02598906901808,114.77927675346065,43.293158824438905,45.50937555120651,38.80811956203584,39.98156872855981
2022,1,31,12,15.460774508820808,17.80725009400301,14.093253715678088,14.867052353509402,37.429112630165534,42.48723778175586,34.2468337492674,34.5206937246344
2022,1,31,13,32.42383215270515,34.50187571774268,29.542817092487134,30.933924721602008,33.30609523345684,35.70485837704769,29.93255885948214,30.65139703972945
2022,1,31,14,18.78285883518736,17.243060925241192,16.265704272018812,17.59664248642692,70.12128306787453,65.06389453456858,61.018874495038915,64.18098666764921
2022,1,31,15,15.572631944310967,13.242682094049668,11.858488918463836,14.897545453183916,20.4903524918266,17.461127224662587,15.459146420039525,18.625293188960345
2022,1,31,16,8.625109657225098,7.107210519532483,5.1627796940823085,8.148522619502007,4.533403031522364,3.462663611872888,1.9948911324673155,3.8396791916158284
2022,1,31,17,-0.0,-0.0,-0.0,-0.0,-0.0,-0.0,-0.0,-0.0
2022,1,31,18,0.0,0.0,0.0,0.0,0.0,0.0,0.0,0.0
2022,1,31,19,0.0,0.0,0.0,0.0,0.0,0.0,0.0,0.0
2022,1,31,20,0.0,0.0,0.0,0.0,0.0,0.0,0.0,0.0
2022,1,31,21,0.0,0.0,0.0,0.0,0.0,0.0,0.0,0.0
2022,1,31,22,0.0,0.0,0.0,0.0,0.0,0.0,0.0,0.0
2022,1,31,23,0.0,0.0,0.0,0.0,0.0,0.0,0.0,0.0
2022,2,1,0,0.0,0.0,0.0,0.0,0.0,0.0,0.0,0.0
2022,2,1,1,0.0,0.0,0.0,0.0,0.0,0.0,0.0,0.0
2022,2,1,2,0.0,0.0,0.0,0.0,0.0,0.0,0.0,0.0
2022,2,1,3,0.0,0.0,0.0,0.0,0.0,0.0,0.0,0.0
2022,2,1,4,0.0,0.0,0.0,0.0,0.0,0.0,0.0,0.0
2022,2,1,5,0.0,0.0,0.0,0.0,0.0,0.0,0.0,0.0
2022,2,1,6,0.0,0.0,0.0,0.0,0.0,0.0,0.0,0.0
2022,2,1,7,-0.0,-0.0,-0.0,-0.0,-0.0,-0.0,-0.0,-0.0
2022,2,1,8,164.36815775122696,233.2596366703119,288.34443290409837,262.100178684319,232.09408390698667,378.2323974086415,489.95040983237783,416.32197498576255
2022,2,1,9,123.89169917946076,114.85834221364956,114.31329983035594,124.02885447227047,6.610938093846275,5.289971062669629,4.293346203526964,5.778511283759715
2022,2,1,10,166.23874762220214,152.03428491670357,156.4483950456943,155.2200242892399,14.738012252187897,13.05491885248047,12.05420568676488,13.340565119014286
2022,2,1,11,124.91553342537654,127.34653793558458,116.9853878938737,115.27382493904868,90.46779294368784,93.75255600984,82.78633668045762,82.4739604584554
2022,2,1,12,63.24329234562249,70.4855343796909,58.98047700335247,60.405884798135595,27.60644639389739,31.479268834825326,25.23377987801731,25.38368260658294
2022,2,1,13,78.8227857746549,82.7411073609144,73.0717979456915,74.28967785004288,156.82006492703078,159.71193399846376,147.9547146398893,130.81808311234857
2022,2,1,14,237.8754187469578,218.88047543394745,246.41546320270973,190.63523942233448,117.97834681241135,109.4722956630224,106.39420223929051,105.39896069805954
2022,2,1,15,225.26951376917137,226.80609412673118,257.6222807060064,204.10633537596,165.20374009856485,153.67591478390136,157.10294132922002,149.56483898933763
2022,2,1,16,273.77974166918995,399.83682828694464,503.94094836635514,333.7030167452698,361.1938556852909,530.5866709184968,665.7002188551257,436.62830893879385
2022,2,1,17,41.36402760961735,62.604506750276116,110.5253094542875,39.47850489456855,122.89897425274569,176.9691121886434,417.7313709942661,115.8203871942542
2022,2,1,18,0.0,0.0,0.0,0.0,0.0,0.0,0.0,0.0
2022,2,1,19,0.0,0.0,0.0,0.0,0.0,0.0,0.0,0.0
2022,2,1,20,0.0,0.0,0.0,0.0,0.0,0.0,0.0,0.0
2022,2,1,21,0.0,0.0,0.0,0.0,0.0,0.0,0.0,0.0
2022,2,1,22,0.0,0.0,0.0,0.0,0.0,0.0,0.0,0.0
2022,2,1,23,0.0,0.0,0.0,0.0,0.0,0.0,0.0,0.0
2022,2,2,0,0.0,0.0,0.0,0.0,0.0,0.0,0.0,0.0
2022,2,2,1,0.0,0.0,0.0,0.0,0.0,0.0,0.0,0.0
2022,2,2,2,0.0,0.0,0.0,0.0,0.0,0.0,0.0,0.0
2022,2,2,3,0.0,0.0,0.0,0.0,0.0,0.0,0.0,0.0
2022,2,2,4,0.0,0.0,0.0,0.0,0.0,0.0,0.0,0.0
2022,2,2,5,0.0,0.0,0.0,0.0,0.0,0.0,0.0,0.0
2022,2,2,6,0.0,0.0,0.0,0.0,0.0,0.0,0.0,0.0
2022,2,2,7,3.4765537720135264,2.811956767258682,1.2297357279135046,3.555820734038182,-0.0,-0.0,-0.0,-0.0
2022,2,2,8,60.82125184675321,58.30155212552531,52.951997326866,65.15741369868601,31.642995913475243,27.264017684986097,20.813292066882003,29.006596121475926
2022,2,2,9,127.19865524706796,117.94472081524752,117.43662437832288,127.50885274457183,69.31500659761731,62.020114979138626,57.76822035531031,65.15502139539214
2022,2,2,10,188.8838331025096,173.0352935569129,179.6644762408393,176.00858924777125,132.28659983982556,120.64890999873245,122.31491980846457,118.24873069980613
2022,2,2,11,232.971297095663,230.03043633272367,225.24294539261655,201.48969776550055,243.80881069223574,227.98922963095896,244.4094872563375,177.56674215519521
2022,2,2,12,205.31428379867333,214.59814039842084,197.94689354294877,172.27056014790045,286.4105512710903,269.07471887037,286.06420266061406,175.28271540989752
2022,2,2,13,152.4944436147673,156.38864680927063,144.63575235215194,135.7822682230639,360.6084811508597,320.0395857080159,373.2318238419936,205.15483782316315
2022,2,2,14,149.22725959147076,138.7152487638029,139.32377409623,136.18676881198013,79.5182295607708,73.9708174925083,69.88377218806795,72.72975013352617
2022,2,2,15,87.16803403792808,78.38405094123435,75.69966650790383,83.59571129008219,210.179239561461,200.93449884641248,213.54091734749198,186.91315099140036
2022,2,2,16,51.71277130009067,47.29072449615415,41.286256814747915,51.00360219006673,95.95868991433669,97.50022785718228,95.34603528777184,95.57745965385946
2022,2,2,17,6.486173255520247,5.228156643929912,2.6889013570890814,6.102663055295203,11.746552441314723,10.543710698935849,7.000675340102762,10.526805644436196
2022,2,2,18,0.0,0.0,0.0,0.0,0.0,0.0,0.0,0.0
2022,2,2,19,0.0,0.0,0.0,0.0,0.0,0.0,0.0,0.0
2022,2,2,20,0.0,0.0,0.0,0.0,0.0,0.0,0.0,0.0
2022,2,2,21,0.0,0.0,0.0,0.0,0.0,0.0,0.0,0.0
2022,2,2,22,0.0,0.0,0.0,0.0,0.0,0.0,0.0,0.0
2022,2,2,23,0.0,0.0,0.0,0.0,0.0,0.0,0.0,0.0
2022,2,3,0,0.0,0.0,0.0,0.0,0.0,0.0,0.0,0.0
2022,2,3,1,0.0,0.0,0.0,0.0,0.0,0.0,0.0,0.0
2022,2,3,2,0.0,0.0,0.0,0.0,0.0,0.0,0.0,0.0
2022,2,3,3,0.0,0.0,0.0,0.0,0.0,0.0,0.0,0.0
2022,2,3,4,0.0,0.0,0.0,0.0,0.0,0.0,0.0,0.0
2022,2,3,5,0.0,0.0,0.0,0.0,0.0,0.0,0.0,0.0
2022,2,3,6,0.0,0.0,0.0,0.0,0.0,0.0,0.0,0.0
2022,2,3,7,-0.0,-0.0,-0.0,-0.0,-0.0,-0.0,-0.0,-0.0
2022,2,3,8,4.993177676595573,4.049215197242521,2.6829313673240907,4.790327497163453,-0.0,-0.0,-0.0,-0.0
2022,2,3,9,14.632514028795368,12.565740673167182,11.293091791234348,14.042315380143156,-0.0,-0.0,-0.0,-0.0
2022,2,3,10,39.36502806849327,35.74237551399081,34.459498495556055,37.62045546652314,25.891665981905273,23.266811460501458,21.749161507902322,23.689674993546046
2022,2,3,11,58.29474006454692,60.73132093148385,53.577610714898086,55.74034385860216,89.8348731621621,93.18499652464389,82.44608438107734,81.48842790321754
2022,2,3,12,80.99427194649628,89.65284618965146,76.12606627382631,76.36500753362053,134.1149725401021,145.3698052619863,126.60249563384023,115.01992481523455
2022,2,3,13,103.78169682292072,108.78049267298252,96.9717519116766,96.88271332002033,129.4777417778524,134.5543504001808,120.97108499037694,112.51815969379717
2022,2,3,14,45.61024604076629,42.61756883233682,39.91960681831485,44.05568916644755,48.303724167228374,45.03949083713673,41.673874814849235,44.60889245917264
2022,2,3,15,49.1337312402864,43.01215270298404,39.75962736082324,47.46106030099369,80.35342361094827,71.22929661336461,66.90903759149805,73.82246075425878
2022,2,3,16,19.899621744496553,17.055502380434913,13.528856394161597,19.049799764080067,124.71303545307075,130.99676362362214,132.55775700597445,126.11559301586661
2022,2,3,17,0.5071921480073268,-0.0,-0.0,0.32210930278123134,4.824105742748541,3.7226944922760423,1.384716241241197,4.112324492033449
2022,2,3,18,0.0,0.0,0.0,0.0,0.0,0.0,0.0,0.0
2022,2,3,19,0.0,0.0,0.0,0.0,0.0,0.0,0.0,0.0
2022,2,3,20,0.0,0.0,0.0,0.0,0.0,0.0,0.0,0.0
2022,2,3,21,0.0,0.0,0.0,0.0,0.0,0.0,0.0,0.0
2022,2,3,22,0.0,0.0,0.0,0.0,0.0,0.0,0.0,0.0
2022,2,3,23,0.0,0.0,0.0,0.0,0.0,0.0,0.0,0.0
2022,2,4,0,0.0,0.0,0.0,0.0,0.0,0.0,0.0,0.0
2022,2,4,1,0.0,0.0,0.0,0.0,0.0,0.0,0.0,0.0
2022,2,4,2,0.0,0.0,0.0,0.0,0.0,0.0,0.0,0.0
2022,2,4,3,0.0,0.0,0.0,0.0,0.0,0.0,0.0,0.0
2022,2,4,4,0.0,0.0,0.0,0.0,0.0,0.0,0.0,0.0
2022,2,4,5,0.0,0.0,0.0,0.0,0.0,0.0,0.0,0.0
2022,2,4,6,0.0,0.0,0.0,0.0,0.0,0.0,0.0,0.0
2022,2,4,7,-0.0,-0.0,-0.0,-0.0,-0.0,-0.0,-0.0,-0.0
2022,2,4,8,23.006165416983592,20.206734426105253,16.186340674291447,22.49185725862913,7.458895057312216,6.029718275515209,3.957149388808224,6.535284749348558
2022,2,4,9,42.47267344027972,37.35715438424096,34.26399840254483,41.16096655314306,29.270322268949897,25.18714538632775,22.274310288363125,26.775350839065936
2022,2,4,10,89.49761488867436,81.87072038669608,80.10252655896291,85.69300515938576,46.348166129353096,42.00437788069773,39.5464697827191,42.770525359125436
2022,2,4,11,84.92386565861315,88.05984352497131,78.70841962770346,80.77875418179333,17.325513299161017,18.348936462487494,15.4490876751566,15.77069956720913
2022,2,4,12,151.95136196443204,163.2238569075015,145.14688335804038,134.9366888084168,101.37364745163097,112.06227988081557,95.0408940813299,90.88224727681508
2022,2,4,13,201.75736543637134,205.037835401235,193.46679909628853,174.72055020574183,221.97762815930108,224.68502120438131,212.2419459372678,180.7114132852969
2022,2,4,14,179.19531233992979,167.21543593983998,168.85015319453413,162.12238364594998,282.9636993067946,261.9757525495761,278.1830753075141,227.51915429795136
2022,2,4,15,95.35609187303533,85.60475845611417,82.62447302397275,91.49156016135932,110.66238663096223,99.59926597395615,96.31496839695912,101.28067369569031
2022,2,4,16,39.46134005866362,34.55380438680213,28.467162556450706,38.13911500099641,38.86453115384377,33.62270344648452,26.729978800042424,35.710679004394514
2022,2,4,17,4.118745462356484,3.1913529705311885,1.5137567143657096,3.805683932627158,1.6288277348427125,0.9229178803973991,-0.0,1.163418433502616
2022,2,4,18,0.0,0.0,0.0,0.0,0.0,0.0,0.0,0.0
2022,2,4,19,0.0,0.0,0.0,0.0,0.0,0.0,0.0,0.0
2022,2,4,20,0.0,0.0,0.0,0.0,0.0,0.0,0.0,0.0
2022,2,4,21,0.0,0.0,0.0,0.0,0.0,0.0,0.0,0.0
2022,2,4,22,0.0,0.0,0.0,0.0,0.0,0.0,0.0,0.0
2022,2,4,23,0.0,0.0,0.0,0.0,0.0,0.0,0.0,0.0
2022,2,5,0,0.0,0.0,0.0,0.0,0.0,0.0,0.0,0.0
2022,2,5,1,0.0,0.0,0.0,0.0,0.0,0.0,0.0,0.0
2022,2,5,2,0.0,0.0,0.0,0.0,0.0,0.0,0.0,0.0
2022,2,5,3,0.0,0.0,0.0,0.0,0.0,0.0,0.0,0.0
2022,2,5,4,0.0,0.0,0.0,0.0,0.0,0.0,0.0,0.0
2022,2,5,5,0.0,0.0,0.0,0.0,0.0,0.0,0.0,0.0
2022,2,5,6,0.0,0.0,0.0,0.0,0.0,0.0,0.0,0.0
2022,2,5,7,43.48247933228025,64.19454756672194,221.29707444218047,73.82033711430024,-0.0,-0.0,-0.0,-0.0
2022,2,5,8,375.188019585456,615.2932115689639,783.3331077724552,669.4153729528367,317.210955523605,522.4630057227819,663.3857189514443,567.6536844964724
2022,2,5,9,604.6807566978728,719.5950287607033,833.3333333333334,676.811305174081,320.5785218913395,349.57724674366364,409.1719677264859,341.44973028621564
2022,2,5,10,758.6952033469396,716.1307884494078,833.3333333333334,559.061238692596,737.7817280820343,695.3920557193171,833.3333333333334,528.3020799138795
2022,2,5,11,833.3333333333334,676.8962947873897,833.3333333333334,351.5078123975637,831.786798235623,669.3816085133435,833.3333333333334,325.1120632431502
2022,2,5,12,833.3333333333334,651.8661464396988,833.3333333333334,155.45577663686146,833.3333333333334,651.827952468608,833.3333333333334,133.15943846464475
2022,2,5,13,832.558488102924,659.4339738498762,833.3333333333334,256.38201575364866,833.3333333333334,663.9875848176181,833.3333333333334,237.3444321930078
2022,2,5,14,736.1060397682736,674.1251925715103,833.3333333333334,406.5133167117018,758.116145052581,693.3977140757199,833.3333333333334,398.43924166211457
2022,2,5,15,599.434936211234,680.872928409481,833.3333333333334,500.8315239934842,623.8907673152333,705.7579840971327,833.3333333333334,511.1937096987405
2022,2,5,16,396.1465754161708,598.5357747922525,745.8326737901933,491.9995196753353,436.54660946083067,650.9137388111295,801.0603102235295,542.3278596803768
2022,2,5,17,106.65059861687186,167.99887396043312,413.62736457133656,114.3935784766173,162.44832900479756,229.34528211699927,570.4244875227337,173.4378052377362
2022,2,5,18,0.0,0.0,0.0,0.0,0.0,0.0,0.0,0.0
2022,2,5,19,0.0,0.0,0.0,0.0,0.0,0.0,0.0,0.0
2022,2,5,20,0.0,0.0,0.0,0.0,0.0,0.0,0.0,0.0
2022,2,5,21,0.0,0.0,0.0,0.0,0.0,0.0,0.0,0.0
2022,2,5,22,0.0,0.0,0.0,0.0,0.0,0.0,0.0,0.0
2022,2,5,23,0.0,0.0,0.0,0.0,0.0,0.0,0.0,0.0
2022,2,6,0,0.0,0.0,0.0,0.0,0.0,0.0,0.0,0.0
2022,2,6,1,0.0,0.0,0.0,0.0,0.0,0.0,0.0,0.0
2022,2,6,2,0.0,0.0,0.0,0.0,0.0,0.0,0.0,0.0
2022,2,6,3,0.0,0.0,0.0,0.0,0.0,0.0,0.0,0.0
2022,2,6,4,0.0,0.0,0.0,0.0,0.0,0.0,0.0,0.0
2022,2,6,5,0.0,0.0,0.0,0.0,0.0,0.0,0.0,0.0
2022,2,6,6,0.0,0.0,0.0,0.0,0.0,0.0,0.0,0.0
2022,2,6,7,42.624014395444334,66.75848174192619,208.9415633971375,78.48774823239508,-0.0,-0.0,-0.0,-0.0
2022,2,6,8,338.408309778542,549.8234081589789,693.7076680433197,598.0214738692512,291.2362445511144,479.70540479483583,607.4044153196744,521.5967798290174
2022,2,6,9,560.9772860464179,668.8257505797541,823.6598822317012,630.0131162363027,531.4991255042694,633.1752975927408,777.2703656193119,588.6127768273503
2022,2,6,10,707.2196936229717,669.2270352925409,833.3333333333334,524.9406655628684,683.8534062551141,646.4850225770425,821.8800967575514,495.0685853977635
2022,2,6,11,800.0779450399065,643.9996359923514,833.3333333333334,338.182716266882,772.5888922522363,625.8065622466435,833.3333333333334,311.287524885068
2022,2,6,12,830.5833763279758,624.2787519419144,833.3333333333334,156.27693709816572,805.7428485441625,612.1773875800844,833.3333333333334,129.92739995214853
2022,2,6,13,798.7329397185396,631.4063739910824,833.3333333333334,250.36670254807865,784.7674307254871,625.4556116717354,833.3333333333334,227.2987712278387
2022,2,6,14,588.3519723397029,538.5779403647773,697.8133153238309,332.9324822301488,710.8930558636238,651.1312861674359,831.6749653306712,375.34369206068493
2022,2,6,15,453.3477072723816,496.1085815953666,597.4485706592309,389.11440510140835,251.60692019493993,244.07159098540313,262.74346792805835,223.6966962621299
2022,2,6,16,342.449629421443,513.5473732134019,642.4171469382629,415.9033343780912,400.0513152018646,596.2976666412013,736.2329709686298,487.832882804367
2022,2,6,17,30.118471307016495,43.16771624752779,69.01764088302319,31.225320992299395,142.58883794654434,203.01665935772922,474.8896406113998,152.2899401152437
2022,2,6,18,0.0,0.0,0.0,0.0,0.0,0.0,0.0,0.0
2022,2,6,19,0.0,0.0,0.0,0.0,0.0,0.0,0.0,0.0
2022,2,6,20,0.0,0.0,0.0,0.0,0.0,0.0,0.0,0.0
2022,2,6,21,0.0,0.0,0.0,0.0,0.0,0.0,0.0,0.0
2022,2,6,22,0.0,0.0,0.0,0.0,0.0,0.0,0.0,0.0
2022,2,6,23,0.0,0.0,0.0,0.0,0.0,0.0,0.0,0.0
2022,2,7,0,0.0,0.0,0.0,0.0,0.0,0.0,0.0,0.0
2022,2,7,1,0.0,0.0,0.0,0.0,0.0,0.0,0.0,0.0
2022,2,7,2,0.0,0.0,0.0,0.0,0.0,0.0,0.0,0.0
2022,2,7,3,0.0,0.0,0.0,0.0,0.0,0.0,0.0,0.0
2022,2,7,4,0.0,0.0,0.0,0.0,0.0,0.0,0.0,0.0
2022,2,7,5,0.0,0.0,0.0,0.0,0.0,0.0,0.0,0.0
2022,2,7,6,0.0,0.0,0.0,0.0,0.0,0.0,0.0,0.0
2022,2,7,7,3.3944931697322085,2.588612914220125,1.5420523682906349,3.187848361873475,-0.0,-0.0,-0.0,-0.0
2022,2,7,8,146.24139570145394,192.0905314928699,223.45817067094518,215.21186684263387,81.33973840606743,90.4965723405886,93.09501775903253,99.03826707132067
2022,2,7,9,423.28956180839367,495.40487454963306,604.941193322162,476.32096560111245,527.7688167918542,630.5946226222836,772.4227442070128,585.3774140256328
2022,2,7,10,712.9025353031382,676.1408667349614,833.3333333333334,529.1554194527107,693.2815297052301,656.4601005462177,833.3333333333334,500.0401554495616
2022,2,7,11,805.3286647516559,649.4421530579768,833.3333333333334,338.07909881030963,797.9885682381874,644.6646044349415,833.3333333333334,315.8371065884282
2022,2,7,12,833.3333333333334,630.2275463463777,833.3333333333334,155.4530443312082,833.3333333333334,632.5575803218373,833.3333333333334,134.20458258268036
2022,2,7,13,799.4123923629528,633.69013789231,833.3333333333334,247.75672568645982,808.4291961343471,643.8513810775715,833.3333333333334,232.72520260189427
2022,2,7,14,715.5542665637494,655.6650097878985,833.3333333333334,385.28643451042063,731.8202720250895,670.9138462890936,833.3333333333334,382.07414355315206
2022,2,7,15,571.8631180515303,654.7024412828313,805.2108546713846,466.36955270548833,597.2650134578452,679.5469730018059,828.603706905991,482.88835996871563
2022,2,7,16,366.61405996328375,561.4594915039054,702.7842282224295,446.2201176510088,406.5704754358126,609.1879053696681,750.6709622301976,495.4572360909679
2022,2,7,17,98.90869332185557,166.3497622106623,381.1301035891765,110.44110960271053,148.0550773197973,218.30467442337311,497.5306323342462,161.9841840284757
2022,2,7,18,0.0,0.0,0.0,0.0,0.0,0.0,0.0,0.0
2022,2,7,19,0.0,0.0,0.0,0.0,0.0,0.0,0.0,0.0
2022,2,7,20,0.0,0.0,0.0,0.0,0.0,0.0,0.0,0.0
2022,2,7,21,0.0,0.0,0.0,0.0,0.0,0.0,0.0,0.0
2022,2,7,22,0.0,0.0,0.0,0.0,0.0,0.0,0.0,0.0
2022,2,7,23,0.0,0.0,0.0,0.0,0.0,0.0,0.0,0.0
2022,2,8,0,0.0,0.0,0.0,0.0,0.0,0.0,0.0,0.0
2022,2,8,1,0.0,0.0,0.0,0.0,0.0,0.0,0.0,0.0
2022,2,8,2,0.0,0.0,0.0,0.0,0.0,0.0,0.0,0.0
2022,2,8,3,0.0,0.0,0.0,0.0,0.0,0.0,0.0,0.0
2022,2,8,4,0.0,0.0,0.0,0.0,0.0,0.0,0.0,0.0
2022,2,8,5,0.0,0.0,0.0,0.0,0.0,0.0,0.0,0.0
2022,2,8,6,0.0,0.0,0.0,0.0,0.0,0.0,0.0,0.0
2022,2,8,7,53.772724294183575,83.5894850914708,258.7397979374253,95.48525084436143,-0.0,-0.0,-0.0,-0.0
2022,2,8,8,359.55335595468415,588.1243484948429,735.2125073987153,635.3287436155991,308.81386577495823,513.0460336507755,646.0302051204841,555.0086334557333
2022,2,8,9,564.9418368299081,672.9588037265712,815.2682732676323,633.0104362017103,547.6958224844483,654.0810574963333,794.4065311615268,608.7857197675844
2022,2,8,10,695.2323580958355,662.8306976346796,830.5061036990783,522.9005542270517,703.0402269254924,668.6863476411336,833.3333333333334,514.8150125229313
2022,2,8,11,777.7223848403712,634.689908553636,833.3333333333334,334.2216090335648,793.3389732976898,646.0867988251049,833.3333333333334,324.2127894763546
2022,2,8,12,819.4714448008917,624.6233783487451,833.3333333333334,153.825470502156,822.9130567627734,630.5394371752235,833.3333333333334,140.83435881773508
2022,2,8,13,796.3823778738223,636.0445935725553,833.3333333333334,248.65368210752806,796.8830766033997,641.3055055566317,833.3333333333334,241.3122154380952
2022,2,8,14,710.471175246943,654.249707792124,833.146472498168,391.2086610442528,714.0841775772561,658.9909607270295,829.2920464262605,392.21305648847255
2022,2,8,15,572.4456671591574,655.1291113069559,798.9381801516118,473.84956314003506,593.9079753267264,675.2275697048219,813.3774177402033,497.9625548638302
2022,2,8,16,374.88436846227745,572.0908034097945,710.5153589047253,460.12087915559187,416.67408268989294,621.8050184379771,758.4547765427998,518.4653907346144
2022,2,8,17,104.90362983591665,178.1675912255052,398.5488266602662,120.01942693959792,164.06156203706047,257.132634228425,576.5098587086009,186.02931432958158
2022,2,8,18,0.0,0.0,0.0,0.0,0.0,0.0,0.0,0.0
2022,2,8,19,0.0,0.0,0.0,0.0,0.0,0.0,0.0,0.0
2022,2,8,20,0.0,0.0,0.0,0.0,0.0,0.0,0.0,0.0
2022,2,8,21,0.0,0.0,0.0,0.0,0.0,0.0,0.0,0.0
2022,2,8,22,0.0,0.0,0.0,0.0,0.0,0.0,0.0,0.0
2022,2,8,23,0.0,0.0,0.0,0.0,0.0,0.0,0.0,0.0
2022,2,9,0,0.0,0.0,0.0,0.0,0.0,0.0,0.0,0.0
2022,2,9,1,0.0,0.0,0.0,0.0,0.0,0.0,0.0,0.0
2022,2,9,2,0.0,0.0,0.0,0.0,0.0,0.0,0.0,0.0
2022,2,9,3,0.0,0.0,0.0,0.0,0.0,0.0,0.0,0.0
2022,2,9,4,0.0,0.0,0.0,0.0,0.0,0.0,0.0,0.0
2022,2,9,5,0.0,0.0,0.0,0.0,0.0,0.0,0.0,0.0
2022,2,9,6,0.0,0.0,0.0,0.0,0.0,0.0,0.0,0.0
2022,2,9,7,59.263706682167715,98.15759011697904,284.0513754826926,113.34114649142678,-0.0,-0.0,-0.0,-0.0
2022,2,9,8,349.74214346613564,574.6042093050622,717.2486795644602,620.2271114109604,292.9295933469528,484.98090445793287,606.5118650021205,524.0297095503207
2022,2,9,9,568.0916058785081,682.1468761385933,829.9800883480432,638.3762405237787,534.616710863749,640.9944493714481,777.6306343152811,593.2059077668807
2022,2,9,10,711.141687397196,678.0203775136933,833.3333333333334,527.0501330110852,692.7720810054099,659.8701985142037,829.4713239276135,502.6193812729862
2022,2,9,11,807.4047800945667,655.0367200726726,833.3333333333334,336.5054167205354,783.9298089764353,640.79817477838,833.3333333333334,315.57188656235047
2022,2,9,12,828.978835612909,629.4576662542255,833.3333333333334,151.0968845048542,811.7226606201011,623.7825302058693,833.3333333333334,131.5465516250786
2022,2,9,13,792.48159951334,633.0874354998276,833.3333333333334,245.39322310377503,791.5696052422979,637.5656415352066,833.3333333333334,230.35849775593135
2022,2,9,14,701.5688891897322,647.3240240642589,822.407292289001,385.7542520301019,717.6634865896635,662.4447730176822,833.3333333333334,381.46503462928206
2022,2,9,15,569.7977211260834,653.8174697959205,795.3286951505042,470.71492752756734,595.2385319527754,679.4455571670178,818.8866100723266,487.9830986379367
2022,2,9,16,371.1294332824009,567.6977376671948,702.8294503574839,455.8077578023198,412.69614219717414,618.6568641812158,752.7705899461201,510.32729015389907
2022,2,9,17,106.84746179764983,184.3388184987702,405.67970679290187,124.92944712217992,162.96905483206496,258.9621715894552,566.2457058824783,188.00786795027966
2022,2,9,18,0.0,0.0,0.0,0.0,0.0,0.0,0.0,0.0
2022,2,9,19,0.0,0.0,0.0,0.0,0.0,0.0,0.0,0.0
2022,2,9,20,0.0,0.0,0.0,0.0,0.0,0.0,0.0,0.0
2022,2,9,21,0.0,0.0,0.0,0.0,0.0,0.0,0.0,0.0
2022,2,9,22,0.0,0.0,0.0,0.0,0.0,0.0,0.0,0.0
2022,2,9,23,0.0,0.0,0.0,0.0,0.0,0.0,0.0,0.0
2022,2,10,0,0.0,0.0,0.0,0.0,0.0,0.0,0.0,0.0
2022,2,10,1,0.0,0.0,0.0,0.0,0.0,0.0,0.0,0.0
2022,2,10,2,0.0,0.0,0.0,0.0,0.0,0.0,0.0,0.0
2022,2,10,3,0.0,0.0,0.0,0.0,0.0,0.0,0.0,0.0
2022,2,10,4,0.0,0.0,0.0,0.0,0.0,0.0,0.0,0.0
2022,2,10,5,0.0,0.0,0.0,0.0,0.0,0.0,0.0,0.0
2022,2,10,6,0.0,0.0,0.0,0.0,0.0,0.0,0.0,0.0
2022,2,10,7,55.64830731156769,95.6994126385735,223.0687085675941,114.99814408073402,-0.0,-0.0,-0.0,-0.0
2022,2,10,8,348.75163750980875,556.6417643617282,682.7826278799367,600.5626438041073,272.3724180345061,447.9826012998726,556.6930516294524,483.68512233384473
2022,2,10,9,522.1587605561828,614.8007617354747,733.5533114595246,587.3903886663845,320.3281123876206,362.90168663760045,426.99749543060295,349.5208132827735
2022,2,10,10,622.460682466991,595.823917551462,742.6737415557322,480.9797325847233,570.4383972438872,545.0136656126712,673.4568435225541,436.08637541522114
2022,2,10,11,671.6806971459457,554.7709389333063,728.4145813108081,319.1829760778554,731.7970740831844,606.4808961940416,785.107089260793,307.8982541691638
2022,2,10,12,763.302417601925,591.8782151078333,795.3822677637382,161.7675018506169,600.4586162375228,480.39008006419004,624.1719228319438,174.10156349220364
2022,2,10,13,776.9546852390466,623.0844094792251,832.2555247331208,244.73527607864546,770.2968822276606,624.9993602380434,818.985141584251,228.6045054731568
2022,2,10,14,711.8147871290237,657.5229039635816,833.3333333333334,388.1694980170742,710.7842170845903,658.0695537567699,824.7581191146693,379.74984475465686
2022,2,10,15,573.8525289381195,661.5247553830648,806.0644149826912,471.12780900415174,594.923861644864,680.8788244848097,818.4010657130909,487.1395558698784
2022,2,10,16,317.0938455167246,476.43545079862236,587.2243389705483,386.94541664428743,414.7440530589627,625.6355411968705,760.5972040622017,511.51227263107137
2022,2,10,17,76.42477128806945,132.0002291855225,245.75504381668014,88.55226016419059,166.10183632474426,270.8870573978145,581.4102145054978,195.9141570169812
2022,2,10,18,0.0,0.0,0.0,0.0,0.0,0.0,0.0,0.0
2022,2,10,19,0.0,0.0,0.0,0.0,0.0,0.0,0.0,0.0
2022,2,10,20,0.0,0.0,0.0,0.0,0.0,0.0,0.0,0.0
2022,2,10,21,0.0,0.0,0.0,0.0,0.0,0.0,0.0,0.0
2022,2,10,22,0.0,0.0,0.0,0.0,0.0,0.0,0.0,0.0
2022,2,10,23,0.0,0.0,0.0,0.0,0.0,0.0,0.0,0.0
2022,2,11,0,0.0,0.0,0.0,0.0,0.0,0.0,0.0,0.0
2022,2,11,1,0.0,0.0,0.0,0.0,0.0,0.0,0.0,0.0
2022,2,11,2,0.0,0.0,0.0,0.0,0.0,0.0,0.0,0.0
2022,2,11,3,0.0,0.0,0.0,0.0,0.0,0.0,0.0,0.0
2022,2,11,4,0.0,0.0,0.0,0.0,0.0,0.0,0.0,0.0
2022,2,11,5,0.0,0.0,0.0,0.0,0.0,0.0,0.0,0.0
2022,2,11,6,0.0,0.0,0.0,0.0,0.0,0.0,0.0,0.0
2022,2,11,7,58.98243635648899,102.60426044855812,261.40229387431367,120.32807028077102,-0.0,-0.0,-0.0,-0.0
2022,2,11,8,349.3964680566999,573.7704849372868,709.6229018115503,617.3170544017779,292.7209364151302,485.85725334125374,601.0450926504614,521.7552383345607
2022,2,11,9,555.4618355540338,668.8411619733014,806.8019768936829,625.152257015693,519.7291997009185,623.9769202316286,747.8956423583534,575.7934867448761
2022,2,11,10,698.9661501273453,669.8331370072262,833.3333333333334,520.2733301267862,670.1804426074657,642.1645843956343,797.6520861760048,488.10598779820896
2022,2,11,11,782.4619069617235,640.2754024235239,833.3333333333334,332.71141119412624,761.9614580750126,627.3702461011596,819.3510006484927,306.76780771845165
2022,2,11,12,809.9821169001742,621.4501029676893,833.3333333333334,151.27073902450022,800.6824284317472,619.5698473165307,831.0555591142341,128.5602548097275
2022,2,11,13,793.3414145451869,635.3198880430127,833.3333333333334,243.49231869474772,786.9353000969364,636.0172719625023,833.3333333333334,225.51350509877776
2022,2,11,14,636.200273125592,588.3246134572123,752.3243638182821,344.3865365193611,720.2030084505964,667.1652511929565,833.3333333333334,376.1758373710765
2022,2,11,15,549.4403289288342,634.708100133978,772.6017091586253,450.33308851599713,596.1914272739307,686.1130226060345,826.1293844940461,481.22513549175915
2022,2,11,16,375.60502886450803,581.3825990311393,717.8845219622195,458.41419665589166,414.1755235310519,630.1196441686598,766.8178405665377,507.0171853429709
2022,2,11,17,110.76669629628715,198.31408906987005,425.8421388506613,135.35557296323844,164.51701998229956,275.26235380070756,581.1673732237904,197.94907145487852
2022,2,11,18,0.0,0.0,0.0,0.0,0.0,0.0,0.0,0.0
2022,2,11,19,0.0,0.0,0.0,0.0,0.0,0.0,0.0,0.0
2022,2,11,20,0.0,0.0,0.0,0.0,0.0,0.0,0.0,0.0
2022,2,11,21,0.0,0.0,0.0,0.0,0.0,0.0,0.0,0.0
2022,2,11,22,0.0,0.0,0.0,0.0,0.0,0.0,0.0,0.0
2022,2,11,23,0.0,0.0,0.0,0.0,0.0,0.0,0.0,0.0
2022,2,12,0,0.0,0.0,0.0,0.0,0.0,0.0,0.0,0.0
2022,2,12,1,0.0,0.0,0.0,0.0,0.0,0.0,0.0,0.0
2022,2,12,2,0.0,0.0,0.0,0.0,0.0,0.0,0.0,0.0
2022,2,12,3,0.0,0.0,0.0,0.0,0.0,0.0,0.0,0.0
2022,2,12,4,0.0,0.0,0.0,0.0,0.0,0.0,0.0,0.0
2022,2,12,5,0.0,0.0,0.0,0.0,0.0,0.0,0.0,0.0
2022,2,12,6,0.0,0.0,0.0,0.0,0.0,0.0,0.0,0.0
2022,2,12,7,2.9262094796384623,2.267157528206703,1.6415105932579706,2.812670576581455,-0.0,-0.0,-0.0,-0.0
2022,2,12,8,91.00141842630838,93.37599678893483,90.64093717899344,104.06285924049989,228.4298651042804,372.3747732366492,460.39809639186683,404.34290934359285
2022,2,12,9,179.2602302771737,172.03769605711668,177.80672066072117,182.91341070650088,452.1830679878818,540.8078419829785,649.609771444689,504.9793424962326
2022,2,12,10,148.0393300959871,137.42861347974502,140.42407957360172,138.73718688538898,59.603292488426845,54.68673485639392,52.08044682925661,55.294184961944126
2022,2,12,11,191.8880648479091,194.2607134779628,185.465477412416,171.4713126489518,17.265510465300355,18.39756041036806,15.7562463129033,15.731620597383431
2022,2,12,12,285.38066540467815,289.52474314358363,281.57684792793765,217.2169067098092,261.53064648949777,270.1900135479253,255.78695976229687,199.04850178123917
2022,2,12,13,238.23126532160538,239.64136745892355,233.04673041737533,197.2850386262432,436.8144041982054,402.49541014276434,446.7001147775551,262.44379108668767
2022,2,12,14,61.98721439630609,58.64817368474493,55.53649824619492,60.20651194671821,109.03027361432758,102.87161526814639,99.37273766845331,98.36870049511376
2022,2,12,15,55.68876083967137,48.75723439216555,45.97029120221348,53.93117611306202,41.656627773787775,36.080261183567934,33.463199146455715,38.33782788549399
2022,2,12,16,103.6856132438692,105.84622226892816,104.11871095180801,106.38657744672928,75.7627136668698,70.94448777918788,63.67230931937768,72.44718418351074
2022,2,12,17,54.782588921449175,85.05832881221053,140.54957653504044,61.90345416868026,152.53337411302329,262.60903052234676,454.20475598744827,174.2497845908288
2022,2,12,18,0.0,0.0,0.0,0.0,0.0,0.0,0.0,0.0
2022,2,12,19,0.0,0.0,0.0,0.0,0.0,0.0,0.0,0.0
2022,2,12,20,0.0,0.0,0.0,0.0,0.0,0.0,0.0,0.0
2022,2,12,21,0.0,0.0,0.0,0.0,0.0,0.0,0.0,0.0
2022,2,12,22,0.0,0.0,0.0,0.0,0.0,0.0,0.0,0.0
2022,2,12,23,0.0,0.0,0.0,0.0,0.0,0.0,0.0,0.0
2022,2,13,0,0.0,0.0,0.0,0.0,0.0,0.0,0.0,0.0
2022,2,13,1,0.0,0.0,0.0,0.0,0.0,0.0,0.0,0.0
2022,2,13,2,0.0,0.0,0.0,0.0,0.0,0.0,0.0,0.0
2022,2,13,3,0.0,0.0,0.0,0.0,0.0,0.0,0.0,0.0
2022,2,13,4,0.0,0.0,0.0,0.0,0.0,0.0,0.0,0.0
2022,2,13,5,0.0,0.0,0.0,0.0,0.0,0.0,0.0,0.0
2022,2,13,6,0.0,0.0,0.0,0.0,0.0,0.0,0.0,0.0
2022,2,13,7,82.29211361631758,143.24158306624966,392.04609547177625,159.57410462736024,-0.0,-0.0,-0.0,-0.0
2022,2,13,8,386.9423723728852,645.149065494923,795.741695254905,691.7466157799635,338.98835800461194,570.8490227394481,704.038872762878,610.4966109348314
2022,2,13,9,610.2901930252456,740.875824468913,833.3333333333334,687.4667375481154,576.1867756225715,699.3882253675692,833.3333333333334,639.6693096066532
2022,2,13,10,762.7193576235773,734.3260829240583,833.3333333333334,565.5642418209757,742.8691369496228,714.0868508768776,833.3333333333334,534.4873682302704
2022,2,13,11,833.3333333333334,689.5561184684724,833.3333333333334,353.389533903969,833.3333333333334,691.7809853968124,833.3333333333334,329.49784468986155
2022,2,13,12,833.3333333333334,672.6108815298709,833.3333333333334,158.6499751044503,833.3333333333334,677.1556966411425,833.3333333333334,132.67406412502123
2022,2,13,13,833.3333333333334,676.238763479994,833.3333333333334,257.5475625634669,833.3333333333334,690.3749851754261,833.3333333333334,236.61039875512995
2022,2,13,14,749.8972466123987,698.260152783013,833.3333333333334,406.537512344772,770.6773443549265,717.110332251191,833.3333333333334,397.49093015703454
2022,2,13,15,605.9886641163996,702.7950206572729,833.3333333333334,499.3176340406332,631.6204780099451,728.9847094179038,833.3333333333334,510.577759470473
2022,2,13,16,403.7832282372641,625.5329755747555,763.7496665334853,497.9129093730273,440.136534350812,672.1756955236759,810.6877037187654,542.8824490018087
2022,2,13,17,123.68678201339488,222.5410091127501,462.9805453751751,158.42063365193087,180.6965158265062,315.4175977461946,638.8920974555415,228.69744919515188
2022,2,13,18,0.0,0.0,0.0,0.0,0.0,0.0,0.0,0.0
2022,2,13,19,0.0,0.0,0.0,0.0,0.0,0.0,0.0,0.0
2022,2,13,20,0.0,0.0,0.0,0.0,0.0,0.0,0.0,0.0
2022,2,13,21,0.0,0.0,0.0,0.0,0.0,0.0,0.0,0.0
2022,2,13,22,0.0,0.0,0.0,0.0,0.0,0.0,0.0,0.0
2022,2,13,23,0.0,0.0,0.0,0.0,0.0,0.0,0.0,0.0
2022,2,14,0,0.0,0.0,0.0,0.0,0.0,0.0,0.0,0.0
2022,2,14,1,0.0,0.0,0.0,0.0,0.0,0.0,0.0,0.0
2022,2,14,2,0.0,0.0,0.0,0.0,0.0,0.0,0.0,0.0
2022,2,14,3,0.0,0.0,0.0,0.0,0.0,0.0,0.0,0.0
2022,2,14,4,0.0,0.0,0.0,0.0,0.0,0.0,0.0,0.0
2022,2,14,5,0.0,0.0,0.0,0.0,0.0,0.0,0.0,0.0
2022,2,14,6,0.0,0.0,0.0,0.0,0.0,0.0,0.0,0.0
2022,2,14,7,76.60434584434672,134.87756541799214,320.3307482328724,154.5573090506713,-0.0,-0.0,-0.0,-0.0
2022,2,14,8,331.7961422673848,535.4990837542802,651.3234296248505,577.3367372919662,182.68648262129204,269.25771058069876,318.781567672515,292.9451184041355
2022,2,14,9,473.8072622632642,566.4630542161542,675.2212063603525,537.539667911198,540.4233092490697,651.2897526995382,771.3663112615274,599.221329762857
2022,2,14,10,678.1059688449491,655.0611798675561,810.5572440484513,514.4547505420217,693.1242448046427,668.936364219768,820.3420936902563,508.15096917921625
2022,2,14,11,783.6404413781747,651.2024412357576,833.3333333333334,343.43400629731644,793.353669428159,659.2465252147441,833.3333333333334,322.04553513189865
2022,2,14,12,797.4147554003363,619.4073125369147,830.5611136982398,178.96547239601836,831.8370704530644,649.325706027188,833.3333333333334,135.13564737687938
2022,2,14,13,798.6610558049946,649.3198311070907,833.3333333333334,265.5721776707212,685.7300447565094,583.4796250103026,722.5729806026544,284.4300973396607
2022,2,14,14,753.1653085252224,702.3837788809262,833.3333333333334,402.9996031773761,744.9272390363516,695.6796923417606,833.3333333333334,391.4832438010595
2022,2,14,15,612.1017428879246,713.5156483251465,833.3333333333334,499.24167838553916,619.392265703893,717.2918248439531,833.3333333333334,503.03507065507705
2022,2,14,16,408.9756756799906,639.1364762540395,780.1332260821329,501.7132146502959,434.88595296227436,666.2033815986777,801.7967401671433,534.9795014223386
2022,2,14,17,128.93862246016934,238.03040784836406,493.58881726690777,168.16311563545807,179.6820687789065,318.71102336584977,636.772055571171,230.73651239103486
2022,2,14,18,0.0,0.0,0.0,0.0,0.0,0.0,0.0,0.0
2022,2,14,19,0.0,0.0,0.0,0.0,0.0,0.0,0.0,0.0
2022,2,14,20,0.0,0.0,0.0,0.0,0.0,0.0,0.0,0.0
2022,2,14,21,0.0,0.0,0.0,0.0,0.0,0.0,0.0,0.0
2022,2,14,22,0.0,0.0,0.0,0.0,0.0,0.0,0.0,0.0
2022,2,14,23,0.0,0.0,0.0,0.0,0.0,0.0,0.0,0.0
2022,2,15,0,0.0,0.0,0.0,0.0,0.0,0.0,0.0,0.0
2022,2,15,1,0.0,0.0,0.0,0.0,0.0,0.0,0.0,0.0
2022,2,15,2,0.0,0.0,0.0,0.0,0.0,0.0,0.0,0.0
2022,2,15,3,0.0,0.0,0.0,0.0,0.0,0.0,0.0,0.0
2022,2,15,4,0.0,0.0,0.0,0.0,0.0,0.0,0.0,0.0
2022,2,15,5,0.0,0.0,0.0,0.0,0.0,0.0,0.0,0.0
2022,2,15,6,0.0,0.0,0.0,0.0,0.0,0.0,0.0,0.0
2022,2,15,7,53.46225622284674,101.82792130514653,229.25829932635395,119.63345726068636,-0.0,-0.0,-0.0,-0.0
2022,2,15,8,343.4198596151256,569.4768269020439,696.8836350018018,612.1149954332258,280.84187479228814,470.70761871947053,576.752910363283,504.9398841059821
2022,2,15,9,560.0110134704347,680.6807045483307,813.6554445116967,633.4984841607886,516.3330254989451,628.8012343952514,749.8655614636355,573.775377970235
2022,2,15,10,675.6287732437664,653.0237296855533,808.4568302646469,517.7689040632401,676.7976267544789,653.416917327663,806.6885770956438,488.6880442530641
2022,2,15,11,564.7881726944256,493.99104339671817,599.5819051429945,330.67529313157297,776.575619165977,643.3822484095133,833.2069419221406,307.95074024412526
2022,2,15,12,755.5836837829903,608.8123909243172,784.1516805278211,234.08452406613102,818.767211899638,636.7411126937188,833.3333333333334,128.69734993608083
2022,2,15,13,559.8001469916279,493.7000624002385,584.5421602550825,292.5493034296478,575.89480549741,503.01353276150337,602.5657698844868,270.6853058830619
2022,2,15,14,246.50510682294507,232.58755006208207,253.44221069485377,203.66278362436574,424.3695063575233,398.23540575851996,453.57488299832175,298.13021634098106
2022,2,15,15,242.31239072836826,244.8401646554612,270.6887595189486,222.4665754147287,204.474357852792,193.5368928127147,200.83500439815285,183.09317467639602
2022,2,15,16,137.06029680998805,159.6054407744124,172.11524043949126,149.57058955076906,210.57314173482285,242.80536960129947,259.58119088705536,222.31900317849554
2022,2,15,17,30.288474917132156,33.07359236886629,31.212780131192417,30.330556221384455,162.1600638974101,285.79845379475955,558.4416542071208,207.4911706185266
2022,2,15,18,0.0,0.0,0.0,0.0,0.0,0.0,0.0,0.0
2022,2,15,19,0.0,0.0,0.0,0.0,0.0,0.0,0.0,0.0
2022,2,15,20,0.0,0.0,0.0,0.0,0.0,0.0,0.0,0.0
2022,2,15,21,0.0,0.0,0.0,0.0,0.0,0.0,0.0,0.0
2022,2,15,22,0.0,0.0,0.0,0.0,0.0,0.0,0.0,0.0
2022,2,15,23,0.0,0.0,0.0,0.0,0.0,0.0,0.0,0.0
2022,2,16,0,0.0,0.0,0.0,0.0,0.0,0.0,0.0,0.0
2022,2,16,1,0.0,0.0,0.0,0.0,0.0,0.0,0.0,0.0
2022,2,16,2,0.0,0.0,0.0,0.0,0.0,0.0,0.0,0.0
2022,2,16,3,0.0,0.0,0.0,0.0,0.0,0.0,0.0,0.0
2022,2,16,4,0.0,0.0,0.0,0.0,0.0,0.0,0.0,0.0
2022,2,16,5,0.0,0.0,0.0,0.0,0.0,0.0,0.0,0.0
2022,2,16,6,0.0,0.0,0.0,0.0,0.0,0.0,0.0,0.0
2022,2,16,7,53.29271543395199,96.8543530575139,171.72927685625646,118.21589948706601,-0.0,-0.0,-0.0,-0.0
2022,2,16,8,199.11863672515204,278.21032885241095,322.47507124412056,305.9928753523555,271.3783082547358,457.28978895912644,559.6142941168183,490.2940835358576
2022,2,16,9,228.12636859803408,239.83753536431925,265.3113207702825,242.79303589292044,230.77404146437047,239.86538961436835,262.421391470868,236.91052274505094
2022,2,16,10,302.1279049580472,285.84993564661926,320.9545264454478,264.91894140644825,34.39658231517472,31.51652801132636,30.049483185426496,31.37526364192959
2022,2,16,11,719.5814392981075,602.7970374563461,776.0109617974557,343.3256010051626,340.60577076581177,320.64384068189725,346.69467230577965,236.31533498980133
2022,2,16,12,567.6585125009603,474.4162894966343,586.4140863055235,220.4226665180639,798.8431197701268,623.4572178555674,825.1391130348151,130.85036726783102
2022,2,16,13,398.6002300118451,361.71574288134553,413.42169813041403,238.96059480298516,123.57348104296044,129.95188018642014,118.059200672435,108.03362205646464
2022,2,16,14,220.45754672044237,208.61891523183183,215.2220887998767,194.5511573411275,253.3837884316242,239.11205556363976,248.44526158630788,207.20767767482997
2022,2,16,15,73.80983389720333,65.43711544942498,63.200721803445326,71.33774205125506,96.08357472883368,85.87573127226439,83.36702587466164,87.66806187754297
2022,2,16,16,45.65265842939529,40.10173560937754,34.14666041395761,44.27832787844094,392.3921603312003,603.3515508263363,724.2604344864129,476.75711443454287
2022,2,16,17,5.738727536799954,4.572260881924089,2.41535478355072,5.363456250151664,154.1411766489458,272.8644283801057,519.9562286235043,199.52567469023424
2022,2,16,18,0.0,0.0,0.0,0.0,0.0,0.0,0.0,0.0
2022,2,16,19,0.0,0.0,0.0,0.0,0.0,0.0,0.0,0.0
2022,2,16,20,0.0,0.0,0.0,0.0,0.0,0.0,0.0,0.0
2022,2,16,21,0.0,0.0,0.0,0.0,0.0,0.0,0.0,0.0
2022,2,16,22,0.0,0.0,0.0,0.0,0.0,0.0,0.0,0.0
2022,2,16,23,0.0,0.0,0.0,0.0,0.0,0.0,0.0,0.0
2022,2,17,0,0.0,0.0,0.0,0.0,0.0,0.0,0.0,0.0
2022,2,17,1,0.0,0.0,0.0,0.0,0.0,0.0,0.0,0.0
2022,2,17,2,0.0,0.0,0.0,0.0,0.0,0.0,0.0,0.0
2022,2,17,3,0.0,0.0,0.0,0.0,0.0,0.0,0.0,0.0
2022,2,17,4,0.0,0.0,0.0,0.0,0.0,0.0,0.0,0.0
2022,2,17,5,0.0,0.0,0.0,0.0,0.0,0.0,0.0,0.0
2022,2,17,6,0.0,0.0,0.0,0.0,0.0,0.0,0.0,0.0
2022,2,17,7,2.0473531852806146,1.3242657842797447,-0.0,1.8135093549485422,-0.0,-0.0,-0.0,-0.0
2022,2,17,8,18.353190202295146,15.680250628512745,12.51182246406408,17.561883110244583,-0.0,-0.0,-0.0,-0.0
2022,2,17,9,71.80907412469722,64.4095333957479,61.87887309236718,70.41716000145523,102.46240977199093,92.94184794270768,89.95805555427508,96.52334262339367
2022,2,17,10,231.6017407819859,222.605006170757,265.17477784080427,193.57565076900346,84.90950901398976,78.5162231825795,76.36555857397082,77.6350686181095
2022,2,17,11,463.6857808316386,416.37113590500405,486.0482151632448,290.9067728341103,96.40901264091183,100.86580536586602,91.3055931218504,86.84093748975272
2022,2,17,12,534.8997236167303,450.0618092911848,552.0243580430007,214.55697015314942,772.3479903537567,608.6258168400096,796.2052870935398,133.3460399008877
2022,2,17,13,610.255165522804,518.9498811649921,646.3606470671325,269.98087737924163,770.8376377695301,634.11240261302,815.1561947883731,222.28407054845934
2022,2,17,14,650.2629302360701,612.7665398580077,755.7516741303554,382.09817027238347,714.5106520725623,671.8777957496881,828.3643675664106,369.0426105729879
2022,2,17,15,521.505325929962,605.087087407631,718.6338004672289,440.4649289501176,602.8612784880091,705.6545115867914,833.3333333333334,480.7559800058056
2022,2,17,16,345.41782701640915,529.9266468987884,638.6302255178963,422.6167111634193,424.9563768867818,659.7192825225027,789.6318101467019,515.7597060042541
2022,2,17,17,109.42295585901749,206.4316357206154,381.95864677188763,146.6631328404252,175.45542268512935,325.3270930777125,621.8280263220821,234.46881781593092
2022,2,17,18,0.0,0.0,0.0,0.0,0.0,0.0,0.0,0.0
2022,2,17,19,0.0,0.0,0.0,0.0,0.0,0.0,0.0,0.0
2022,2,17,20,0.0,0.0,0.0,0.0,0.0,0.0,0.0,0.0
2022,2,17,21,0.0,0.0,0.0,0.0,0.0,0.0,0.0,0.0
2022,2,17,22,0.0,0.0,0.0,0.0,0.0,0.0,0.0,0.0
2022,2,17,23,0.0,0.0,0.0,0.0,0.0,0.0,0.0,0.0
2022,2,18,0,0.0,0.0,0.0,0.0,0.0,0.0,0.0,0.0
2022,2,18,1,0.0,0.0,0.0,0.0,0.0,0.0,0.0,0.0
2022,2,18,2,0.0,0.0,0.0,0.0,0.0,0.0,0.0,0.0
2022,2,18,3,0.0,0.0,0.0,0.0,0.0,0.0,0.0,0.0
2022,2,18,4,0.0,0.0,0.0,0.0,0.0,0.0,0.0,0.0
2022,2,18,5,0.0,0.0,0.0,0.0,0.0,0.0,0.0,0.0
2022,2,18,6,0.0,0.0,0.0,0.0,0.0,0.0,0.0,0.0
2022,2,18,7,31.571844956069313,50.1445911383577,75.34104308720579,61.062065811984425,-0.0,-0.0,-0.0,-0.0
2022,2,18,8,109.06475671530735,112.2767872948828,109.30113336131915,124.70476392378787,93.6759570363099,106.50612279715467,108.90532975252897,114.71652055467398
2022,2,18,9,252.11764007259353,259.62504933401243,284.0996011838999,267.6113545125937,378.19860828439244,439.08918823358505,508.39308677269423,411.5839187435279
2022,2,18,10,591.6836639373382,573.3166150081528,691.7577776128613,472.3334126489197,494.0192622844738,476.42718200659857,566.5611605601168,382.66301925083616
2022,2,18,11,715.6359296295909,615.7356414358454,764.2701768815834,376.8084508418909,814.3773339815792,681.7216595546341,833.3333333333334,322.39126623193556
2022,2,18,12,828.6275491253119,661.1429105794189,833.3333333333334,221.91958140663777,641.1477730746609,525.2855946670649,661.4161216914097,191.75906323712698
2022,2,18,13,719.8741567521522,626.5658913725852,755.9826947140937,344.92877989754584,654.8010519598112,556.5442199452235,690.3365477550614,255.31571425583076
2022,2,18,14,715.664407320608,677.0686688845069,825.6387704473499,430.9941219943232,743.4891866377565,702.0108345790428,833.3333333333334,390.48953007769563
2022,2,18,15,601.0659579390228,706.2409204394929,833.3333333333334,499.86009537831,612.0430825603866,715.1548773693448,833.3333333333334,497.28568262637333
2022,2,18,16,359.48685758602915,550.8464909734882,659.9808411005629,443.45454914334823,429.0324654263657,662.8877083669611,787.7509502616831,528.6497833005351
2022,2,18,17,104.14708517875675,199.51743989512326,358.5545150259959,141.19014830388417,175.1889694744908,324.6003503497913,598.1367967468694,239.16825365944595
2022,2,18,18,0.0,0.0,0.0,0.0,0.0,0.0,0.0,0.0
2022,2,18,19,0.0,0.0,0.0,0.0,0.0,0.0,0.0,0.0
2022,2,18,20,0.0,0.0,0.0,0.0,0.0,0.0,0.0,0.0
2022,2,18,21,0.0,0.0,0.0,0.0,0.0,0.0,0.0,0.0
2022,2,18,22,0.0,0.0,0.0,0.0,0.0,0.0,0.0,0.0
2022,2,18,23,0.0,0.0,0.0,0.0,0.0,0.0,0.0,0.0
2022,2,19,0,0.0,0.0,0.0,0.0,0.0,0.0,0.0,0.0
2022,2,19,1,0.0,0.0,0.0,0.0,0.0,0.0,0.0,0.0
2022,2,19,2,0.0,0.0,0.0,0.0,0.0,0.0,0.0,0.0
2022,2,19,3,0.0,0.0,0.0,0.0,0.0,0.0,0.0,0.0
2022,2,19,4,0.0,0.0,0.0,0.0,0.0,0.0,0.0,0.0
2022,2,19,5,0.0,0.0,0.0,0.0,0.0,0.0,0.0,0.0
2022,2,19,6,0.0,0.0,0.0,0.0,0.0,0.0,0.0,0.0
2022,2,19,7,11.875363593930876,10.278706094999867,7.581035112238727,11.590972553919629,-0.0,-0.0,-0.0,-0.0
2022,2,19,8,221.4680746055408,324.80604555469864,379.8490201222262,355.5531259513524,328.4690232276881,557.9543646138077,673.2144712702044,592.4968172126029
2022,2,19,9,526.9997714574625,640.249289180215,753.3687587195288,597.6294200369778,463.1810944018017,560.1346361244672,657.7120081884709,516.2723915988549
2022,2,19,10,639.8841375035261,622.7051776670419,750.000512155189,503.9317237027092,725.061911651794,706.8647259838175,833.3333333333334,520.5821362671612
2022,2,19,11,625.3531598263413,541.1394777006863,666.860778083122,337.39567135999863,516.6881778698556,456.4060691245504,544.5509598421121,283.64505049518647
2022,2,19,12,833.3333333333334,668.7091784538151,833.3333333333334,175.0386447248544,833.3333333333334,672.9386790146006,833.3333333333334,130.29487436307963
2022,2,19,13,821.2502307429901,679.6845296036169,833.3333333333334,260.632587087158,823.2165185835214,681.4868180155373,833.3333333333334,233.05536539991166
2022,2,19,14,742.6388261621773,703.6923029798699,833.3333333333334,409.75700742599383,739.347559746369,700.1060367196709,833.3333333333334,386.6542175208301
2022,2,19,15,604.0001484430013,708.7495041055219,831.0870062525387,508.5857638644508,608.2081955213149,713.5812041989469,833.3333333333334,494.1566814466749
2022,2,19,16,230.9082765832211,311.4122629251282,356.03189677030986,269.03003769384554,423.87511722754385,656.5459158631879,776.6338587492767,524.3895825760151
2022,2,19,17,41.271451182844096,48.84174004757931,49.59448312914053,42.85942101580578,131.81335380291492,244.87729882481906,323.52572011698123,157.7426785656337
2022,2,19,18,0.0,0.0,0.0,0.0,0.0,0.0,0.0,0.0
2022,2,19,19,0.0,0.0,0.0,0.0,0.0,0.0,0.0,0.0
2022,2,19,20,0.0,0.0,0.0,0.0,0.0,0.0,0.0,0.0
2022,2,19,21,0.0,0.0,0.0,0.0,0.0,0.0,0.0,0.0
2022,2,19,22,0.0,0.0,0.0,0.0,0.0,0.0,0.0,0.0
2022,2,19,23,0.0,0.0,0.0,0.0,0.0,0.0,0.0,0.0
2022,2,20,0,0.0,0.0,0.0,0.0,0.0,0.0,0.0,0.0
2022,2,20,1,0.0,0.0,0.0,0.0,0.0,0.0,0.0,0.0
2022,2,20,2,0.0,0.0,0.0,0.0,0.0,0.0,0.0,0.0
2022,2,20,3,0.0,0.0,0.0,0.0,0.0,0.0,0.0,0.0
2022,2,20,4,0.0,0.0,0.0,0.0,0.0,0.0,0.0,0.0
2022,2,20,5,0.0,0.0,0.0,0.0,0.0,0.0,0.0,0.0
2022,2,20,6,0.0,0.0,0.0,0.0,0.0,0.0,0.0,0.0
2022,2,20,7,8.43505174174611,7.095104310719056,4.675705066464875,8.118429176475198,-0.0,-0.0,-0.0,-0.0
2022,2,20,8,55.914144215540716,52.16396569354107,46.35097466401138,57.71539902056169,14.530159667597808,12.209991184082197,9.333681623684416,12.948469961008467
2022,2,20,9,274.16416967640276,289.1041666116657,318.9038883235361,293.18415398219923,219.91717222996084,236.13211588791913,261.74863806360725,231.71915570573097
2022,2,20,10,214.50171548646998,201.8239783873283,208.59764458816056,200.71672895748407,131.05494621049067,122.53566556091765,122.8732572879173,117.7168461322454
2022,2,20,11,202.00456693786302,205.85974602779658,197.78869887650336,181.2445784438127,192.80857890756502,195.69636074628465,188.00083244028963,160.57949429243817
2022,2,20,12,346.243804832146,351.831314836734,345.6555914164596,264.1967813130655,87.30446075943182,96.90257422557988,84.66953449217402,77.99465320747404
2022,2,20,13,306.041199297758,306.94593491922427,304.4672654453748,248.24545463284096,175.94211454801834,181.40358155763226,171.3806393123546,145.08668319348982
2022,2,20,14,144.51990565789276,137.82907735677574,137.14883762711887,134.44742645600192,187.70032950627575,178.60857300250643,179.47715944243333,162.11629781797507
2022,2,20,15,136.65653424169733,125.75826009403193,127.0550926399514,130.7121684329841,29.364806043583865,25.243133880943162,23.778367265140446,26.6840501772977
2022,2,20,16,43.21870546214672,37.67573093362089,32.08902025899443,41.78827364257822,162.10437724719233,175.12046186142584,177.6102893192458,165.98279186851383
2022,2,20,17,2.3286351041249578,1.5755541992093238,0.2159712064219022,2.078424856037074,155.9608580408987,291.6785111368067,495.55786946465327,211.1779535503949
2022,2,20,18,0.0,0.0,0.0,0.0,0.0,0.0,0.0,0.0
2022,2,20,19,0.0,0.0,0.0,0.0,0.0,0.0,0.0,0.0
2022,2,20,20,0.0,0.0,0.0,0.0,0.0,0.0,0.0,0.0
2022,2,20,21,0.0,0.0,0.0,0.0,0.0,0.0,0.0,0.0
2022,2,20,22,0.0,0.0,0.0,0.0,0.0,0.0,0.0,0.0
2022,2,20,23,0.0,0.0,0.0,0.0,0.0,0.0,0.0,0.0
2022,2,21,0,0.0,0.0,0.0,0.0,0.0,0.0,0.0,0.0
2022,2,21,1,0.0,0.0,0.0,0.0,0.0,0.0,0.0,0.0
2022,2,21,2,0.0,0.0,0.0,0.0,0.0,0.0,0.0,0.0
2022,2,21,3,0.0,0.0,0.0,0.0,0.0,0.0,0.0,0.0
2022,2,21,4,0.0,0.0,0.0,0.0,0.0,0.0,0.0,0.0
2022,2,21,5,0.0,0.0,0.0,0.0,0.0,0.0,0.0,0.0
2022,2,21,6,0.0,0.0,0.0,0.0,0.0,0.0,0.0,0.0
2022,2,21,7,9.20816986394797,7.713565596749694,4.922302885856394,8.80921963390731,-0.0,-0.0,-0.0,-0.0
2022,2,21,8,59.242570944870764,55.67710510147105,49.929710237369925,61.57879413097064,1.7032383180597455,0.9826364598785542,0.10148233407824424,1.1986910936003103
2022,2,21,9,76.87101415519173,68.7878005495913,66.49357265991601,75.31552148203947,61.08841232120917,53.76015251091697,50.70077499897887,56.405405962686196
2022,2,21,10,126.91867193218641,118.98086882967401,119.45091126216735,120.74153334607195,109.30618419878276,102.13930491533061,101.55848039910245,98.55961531437173
2022,2,21,11,351.01521055661857,334.6697829387954,359.4618288990141,264.7179702536368,44.83204007328289,47.64368980236355,42.39079323319209,41.15127416920443
2022,2,21,12,403.0385734874429,362.4713655643653,412.07663646367615,211.61845972193186,777.5407383915164,619.1088200559811,798.0766127440342,132.83130893345046
2022,2,21,13,654.0390978706794,562.0878917347217,690.2088157505277,287.46635903544365,350.3430849505009,333.8050942815426,356.0940211411238,225.0567744215889
2022,2,21,14,585.645241294543,558.0779084324629,673.6790777294373,359.54137648776816,702.9111403751922,668.8751018185574,815.7552806021085,363.9958423888587
2022,2,21,15,336.3319987642827,365.20765865192516,414.87218355445634,298.9527159177778,573.3169040405174,677.3248537294671,790.843536626312,462.5501535778738
2022,2,21,16,341.96061513107907,518.8379994969861,612.9527566062734,416.976153448808,395.31574033456644,619.107755209477,731.586890969183,485.4345280978364
2022,2,21,17,88.15213631235231,171.38569157654948,283.5759041853135,122.55040949094523,157.8733406520302,300.5449624865052,526.5893628006627,222.14390405077464
2022,2,21,18,0.0,0.0,0.0,0.0,0.0,0.0,0.0,0.0
2022,2,21,19,0.0,0.0,0.0,0.0,0.0,0.0,0.0,0.0
2022,2,21,20,0.0,0.0,0.0,0.0,0.0,0.0,0.0,0.0
2022,2,21,21,0.0,0.0,0.0,0.0,0.0,0.0,0.0,0.0
2022,2,21,22,0.0,0.0,0.0,0.0,0.0,0.0,0.0,0.0
2022,2,21,23,0.0,0.0,0.0,0.0,0.0,0.0,0.0,0.0
2022,2,22,0,0.0,0.0,0.0,0.0,0.0,0.0,0.0,0.0
2022,2,22,1,0.0,0.0,0.0,0.0,0.0,0.0,0.0,0.0
2022,2,22,2,0.0,0.0,0.0,0.0,0.0,0.0,0.0,0.0
2022,2,22,3,0.0,0.0,0.0,0.0,0.0,0.0,0.0,0.0
2022,2,22,4,0.0,0.0,0.0,0.0,0.0,0.0,0.0,0.0
2022,2,22,5,0.0,0.0,0.0,0.0,0.0,0.0,0.0,0.0
2022,2,22,6,0.0,0.0,0.0,0.0,0.0,0.0,0.0,0.0
2022,2,22,7,26.13384127664398,29.965864909460397,29.466222300339833,35.33508201118121,7.960096256941758,16.7949512242474,32.28677666072935,19.758774827009372
2022,2,22,8,73.90935034142642,70.78357219068796,64.92625507919921,78.53832722993211,103.35894849779602,120.92004522685949,125.09710338552932,129.82213772541547
2022,2,22,9,124.87984350820943,115.57409552619912,115.48685318317855,124.77107121002831,459.4606254497835,562.2624521162369,654.6133618926496,511.79570795680274
2022,2,22,10,225.63423557537942,213.2107278863651,222.11741112957597,209.65844149999708,129.0524878594469,120.76219667258184,120.22123047294961,116.99382889331994
2022,2,22,11,332.71596055235614,316.5267847448436,340.6728694884417,246.898819884982,306.17272608120163,291.33667581584007,311.6327474907386,211.81484980917762
2022,2,22,12,295.9277004977079,284.4767998359277,299.03438418214023,192.53961746178842,105.74633799798605,116.75020297272142,103.22890913086158,93.43018322407293
2022,2,22,13,115.78222705184258,121.538467431869,112.70615590969953,106.42371154868428,225.56567634637216,231.17563200492123,221.63540013617165,182.55804009242638
2022,2,22,14,163.68579558314457,156.3302199100776,158.18758661798017,148.33694369109122,30.2335983895345,28.68439023937313,27.168895282451434,27.555437660086852
2022,2,22,15,104.7366860203252,94.86072149328143,94.46699475365116,100.74468537558066,116.04308268436445,105.00253460947012,104.0710335991336,105.90236795159818
2022,2,22,16,45.90180963109441,40.39925123001545,34.872513178342906,44.551732737387525,19.219047689243553,16.314612182484044,13.184718363888873,17.263579421905046
2022,2,22,17,7.645238572476356,6.2414402385379395,3.7324704839979135,7.2019376131476704,154.65096519077355,298.0941901396691,495.0683942803827,217.30836862175963
2022,2,22,18,0.0,0.0,0.0,0.0,0.0,0.0,0.0,0.0
2022,2,22,19,0.0,0.0,0.0,0.0,0.0,0.0,0.0,0.0
2022,2,22,20,0.0,0.0,0.0,0.0,0.0,0.0,0.0,0.0
2022,2,22,21,0.0,0.0,0.0,0.0,0.0,0.0,0.0,0.0
2022,2,22,22,0.0,0.0,0.0,0.0,0.0,0.0,0.0,0.0
2022,2,22,23,0.0,0.0,0.0,0.0,0.0,0.0,0.0,0.0
2022,2,23,0,0.0,0.0,0.0,0.0,0.0,0.0,0.0,0.0
2022,2,23,1,0.0,0.0,0.0,0.0,0.0,0.0,0.0,0.0
2022,2,23,2,0.0,0.0,0.0,0.0,0.0,0.0,0.0,0.0
2022,2,23,3,0.0,0.0,0.0,0.0,0.0,0.0,0.0,0.0
2022,2,23,4,0.0,0.0,0.0,0.0,0.0,0.0,0.0,0.0
2022,2,23,5,0.0,0.0,0.0,0.0,0.0,0.0,0.0,0.0
2022,2,23,6,0.0,0.0,0.0,0.0,0.0,0.0,0.0,0.0
2022,2,23,7,7.680513203052411,6.334207914566322,3.8118347356872913,7.293477852596371,14.974476954644018,35.7444886758526,68.41002657090011,42.267699658312765
2022,2,23,8,34.099433801032575,29.832033110651412,25.05200393560639,33.09849738587512,278.9311561806863,471.00758738636557,560.1974229899319,498.91295930423485
2022,2,23,9,84.8497930950876,76.2640206018553,74.26397156741552,83.32290343696661,18.46439562734781,15.674710527339391,14.508606140126417,16.61375345131846
2022,2,23,10,50.083397646154665,46.709606636204754,45.4466576014439,48.60802249637901,44.67287273629125,41.49466180017454,39.99559783339757,40.95246366312897
2022,2,23,11,57.42452540908012,60.68029300651747,55.143086041836135,55.43410414136818,31.509072403915653,33.59578583566955,29.893261071383158,28.796722053460794
2022,2,23,12,67.5805805296635,75.45795965140016,66.18026350234715,64.93395111667823,100.66354427328616,111.50270404183777,98.40579027742329,89.73515759766575
2022,2,23,13,87.66728608282007,92.9830192934562,85.03341622440034,82.82165760212786,20.211933962778332,21.979868348561055,19.226330144342686,18.332781589716575
2022,2,23,14,101.12624409785889,96.67051220034146,94.80619411126257,95.95587748855858,57.76150281495143,55.041378737519,52.46349600642653,53.14557755318258
2022,2,23,15,79.33308771659308,70.59606773249772,69.18069977273328,76.66467826839978,14.249423593458632,11.980978218453927,11.274140251581104,12.738569535902734
2022,2,23,16,35.53220687251575,30.872596623975546,26.35275259917859,34.258637436662895,13.803554559571149,11.574756064534249,9.201114595925558,12.283827696232052
2022,2,23,17,6.572060407490338,5.299766093814355,3.0392294574478247,6.161250867390443,157.89946875298642,297.2320051701838,457.93760907571965,214.11122975239098
2022,2,23,18,0.0,0.0,0.0,0.0,0.0,0.0,0.0,0.0
2022,2,23,19,0.0,0.0,0.0,0.0,0.0,0.0,0.0,0.0
2022,2,23,20,0.0,0.0,0.0,0.0,0.0,0.0,0.0,0.0
2022,2,23,21,0.0,0.0,0.0,0.0,0.0,0.0,0.0,0.0
2022,2,23,22,0.0,0.0,0.0,0.0,0.0,0.0,0.0,0.0
2022,2,23,23,0.0,0.0,0.0,0.0,0.0,0.0,0.0,0.0
2022,2,24,0,0.0,0.0,0.0,0.0,0.0,0.0,0.0,0.0
2022,2,24,1,0.0,0.0,0.0,0.0,0.0,0.0,0.0,0.0
2022,2,24,2,0.0,0.0,0.0,0.0,0.0,0.0,0.0,0.0
2022,2,24,3,0.0,0.0,0.0,0.0,0.0,0.0,0.0,0.0
2022,2,24,4,0.0,0.0,0.0,0.0,0.0,0.0,0.0,0.0
2022,2,24,5,0.0,0.0,0.0,0.0,0.0,0.0,0.0,0.0
2022,2,24,6,0.0,0.0,0.0,0.0,0.0,0.0,0.0,0.0
2022,2,24,7,6.5380442689524125,5.371929903024549,3.2237038902134283,6.228455903631782,-0.0,-0.0,-0.0,-0.0
2022,2,24,8,36.18168727717795,32.05771543859824,27.29851574484378,35.51351506391132,265.30591300179583,439.15973514353425,519.1534623220097,466.8753142072677
2022,2,24,9,113.5555707213509,104.11872853303508,103.31622322798457,112.7175942305401,488.0786020016408,597.8061686176413,689.2501035704092,542.3263233170575
2022,2,24,10,156.3231814337175,147.7218450578883,149.4666286520262,148.3288361283163,80.76581898636097,75.63334324562587,73.60818957540629,74.24659999570504
2022,2,24,11,230.78093554294298,234.38669066356175,228.27981783669767,204.25191833292433,167.40845161076678,172.85771486231576,163.12797040845882,145.86202371094424
2022,2,24,12,204.66181251730225,217.74240199366443,203.20107727256197,176.48836170962542,200.10189234812694,213.96384931573462,197.7757818459209,164.34443978623617
2022,2,24,13,208.67819825844765,215.16132161070064,206.04072241869733,182.91901794061062,197.34504308613768,204.36328370180445,193.61875444798707,165.00723796996982
2022,2,24,14,124.45494360817312,119.0917072645287,117.71123710691991,117.42107722985999,92.37047789860951,88.18420442293336,85.46054649841702,83.87184467623811
2022,2,24,15,105.17051325854173,94.9160176871435,94.40621903238224,101.39742839690781,185.73013193926803,174.0942555077705,178.37942227665368,168.50954090391207
2022,2,24,16,37.83419305632512,32.91129767993425,28.200194918172954,36.511827885465685,389.3077640560179,596.9687372638264,693.3029544972364,479.01295718467827
2022,2,24,17,3.3206864768620514,2.43689345594466,0.87703336424658,3.0272377762063765,19.064956680059407,16.196173711268834,10.761327451443574,17.14738077345471
2022,2,24,18,0.0,0.0,0.0,0.0,0.0,0.0,0.0,0.0
2022,2,24,19,0.0,0.0,0.0,0.0,0.0,0.0,0.0,0.0
2022,2,24,20,0.0,0.0,0.0,0.0,0.0,0.0,0.0,0.0
2022,2,24,21,0.0,0.0,0.0,0.0,0.0,0.0,0.0,0.0
2022,2,24,22,0.0,0.0,0.0,0.0,0.0,0.0,0.0,0.0
2022,2,24,23,0.0,0.0,0.0,0.0,0.0,0.0,0.0,0.0
2022,2,25,0,0.0,0.0,0.0,0.0,0.0,0.0,0.0,0.0
2022,2,25,1,0.0,0.0,0.0,0.0,0.0,0.0,0.0,0.0
2022,2,25,2,0.0,0.0,0.0,0.0,0.0,0.0,0.0,0.0
2022,2,25,3,0.0,0.0,0.0,0.0,0.0,0.0,0.0,0.0
2022,2,25,4,0.0,0.0,0.0,0.0,0.0,0.0,0.0,0.0
2022,2,25,5,0.0,0.0,0.0,0.0,0.0,0.0,0.0,0.0
2022,2,25,6,0.0,0.0,0.0,0.0,0.0,0.0,0.0,0.0
2022,2,25,7,1.6447050889870956,1.0352247407763993,-0.0,1.4828594191368807,-0.0,-0.0,-0.0,-0.0
2022,2,25,8,35.75595883007088,31.711120623464083,27.089349284624916,35.10394932961277,24.16699306799889,20.66714228037714,16.62308665268038,21.8142853447139
2022,2,25,9,51.11327182487346,45.09501607795216,43.37665823702007,49.66183061668258,43.264256181470266,37.47184104840167,35.28319925106634,39.53408462105972
2022,2,25,10,116.22318010472202,109.6376347446902,109.34259370981592,111.2215398160472,123.8650281124139,116.51884185968085,115.35874822677204,112.69922381635362
2022,2,25,11,155.97599950149967,161.2290343340495,152.8469439991712,143.2914552638598,178.07612988532634,183.90109553702737,173.9326696057262,154.2073434164931
2022,2,25,12,174.04654398499633,187.28593248213753,172.6580529504821,153.67441755272682,105.57037586583739,116.8645552311479,103.69839108200817,93.94731969882677
2022,2,25,13,131.20250072005732,137.85435601822775,128.4845492767354,120.95799485153172,144.57974466339803,152.01991532600528,140.99364706520487,125.8600488599468
2022,2,25,14,139.82231883950823,133.92000686827956,133.3985898101258,130.4935144300782,75.89522578081836,72.4714957268438,69.77775436044624,69.49938685857029
2022,2,25,15,70.68463879679923,62.43760180388081,60.998717939108516,68.4773462092023,105.32946303412402,94.48163640670313,93.13800790908103,96.42457983772826
2022,2,25,16,26.45675701680206,22.849505672217227,19.438353145314345,25.42947347813347,11.059059329608614,9.172364636767643,7.2124330552761915,9.76771182003866
2022,2,25,17,7.281745202704749,5.938898844132046,3.578832616494008,6.8523458609510515,1.8246280300093471,1.0872182717443681,-0.0,1.300296271091005
2022,2,25,18,0.0,0.0,0.0,0.0,0.0,0.0,0.0,0.0
2022,2,25,19,0.0,0.0,0.0,0.0,0.0,0.0,0.0,0.0
2022,2,25,20,0.0,0.0,0.0,0.0,0.0,0.0,0.0,0.0
2022,2,25,21,0.0,0.0,0.0,0.0,0.0,0.0,0.0,0.0
2022,2,25,22,0.0,0.0,0.0,0.0,0.0,0.0,0.0,0.0
2022,2,25,23,0.0,0.0,0.0,0.0,0.0,0.0,0.0,0.0
2022,2,26,0,0.0,0.0,0.0,0.0,0.0,0.0,0.0,0.0
2022,2,26,1,0.0,0.0,0.0,0.0,0.0,0.0,0.0,0.0
2022,2,26,2,0.0,0.0,0.0,0.0,0.0,0.0,0.0,0.0
2022,2,26,3,0.0,0.0,0.0,0.0,0.0,0.0,0.0,0.0
2022,2,26,4,0.0,0.0,0.0,0.0,0.0,0.0,0.0,0.0
2022,2,26,5,0.0,0.0,0.0,0.0,0.0,0.0,0.0,0.0
2022,2,26,6,0.0,0.0,0.0,0.0,0.0,0.0,0.0,0.0
2022,2,26,7,0.22246862427536593,-0.0,-0.0,0.20349970071195195,-0.0,-0.0,-0.0,-0.0
2022,2,26,8,13.767970432447303,12.157684192731583,10.204627714460287,13.630059653746368,9.201109173038747,7.546032781318605,5.661335677673765,8.060248939233244
2022,2,26,9,27.261673515264544,23.889939910140257,23.00031980837645,26.377435901234076,34.615993821056215,29.86579736846223,28.154118287432528,31.53153707320091
2022,2,26,10,35.666955972240295,33.4137154553382,32.69027073591943,34.34052365840154,31.92973176429902,29.76395635314006,28.713298864260555,29.129325800199933
2022,2,26,11,57.670211879777554,60.95447011372467,55.835007321061724,55.3459759187436,48.42229693363064,51.58879100163653,46.446089687537324,44.538563448278694
2022,2,26,12,76.28583303424767,84.65189760441243,75.29542845637555,72.27089856831537,51.098868449794,57.69963720095836,50.08393501281622,47.08252463427668
2022,2,26,13,58.607612912501956,62.72930763052003,56.951091904735215,56.5122411663579,83.23316817968232,88.95963890412237,80.6294621376018,75.69645268400365
2022,2,26,14,49.03156587824012,46.87096175521741,45.49657944441606,47.15724223371069,49.77700774132928,47.48780756364527,45.483317271613835,45.741578280199114
2022,2,26,15,32.95636581095793,28.740662143364805,27.953983591553854,31.754312965900862,25.2916383569488,21.676137116342147,20.718576352524252,22.930435732132526
2022,2,26,16,17.49585221665989,15.100810798481378,12.794766133574623,16.78967519058349,68.6562263330829,62.46373754240801,55.187084150725234,64.38576555990733
2022,2,26,17,2.547346962228036,1.757044682457823,0.3792457494545853,2.2832460951828137,1.8506138713547817,1.1101712222962539,-0.0,1.3243816160988289
2022,2,26,18,0.0,0.0,0.0,0.0,0.0,0.0,0.0,0.0
2022,2,26,19,0.0,0.0,0.0,0.0,0.0,0.0,0.0,0.0
2022,2,26,20,0.0,0.0,0.0,0.0,0.0,0.0,0.0,0.0
2022,2,26,21,0.0,0.0,0.0,0.0,0.0,0.0,0.0,0.0
2022,2,26,22,0.0,0.0,0.0,0.0,0.0,0.0,0.0,0.0
2022,2,26,23,0.0,0.0,0.0,0.0,0.0,0.0,0.0,0.0
2022,2,27,0,0.0,0.0,0.0,0.0,0.0,0.0,0.0,0.0
2022,2,27,1,0.0,0.0,0.0,0.0,0.0,0.0,0.0,0.0
2022,2,27,2,0.0,0.0,0.0,0.0,0.0,0.0,0.0,0.0
2022,2,27,3,0.0,0.0,0.0,0.0,0.0,0.0,0.0,0.0
2022,2,27,4,0.0,0.0,0.0,0.0,0.0,0.0,0.0,0.0
2022,2,27,5,0.0,0.0,0.0,0.0,0.0,0.0,0.0,0.0
2022,2,27,6,0.0,0.0,0.0,0.0,0.0,0.0,0.0,0.0
2022,2,27,7,12.938364568543808,11.115799236460774,7.7821450732034325,12.51634544547616,0.5421342404951435,-0.0,-0.0,0.13102476424543666
2022,2,27,8,96.88639294876617,95.68349782857096,90.33957340774013,105.6223895448233,280.1097964651811,465.9267226311175,546.0678037817746,492.2043243407266
2022,2,27,9,203.2388807485293,196.00656317993574,202.81565131022927,206.41285164635926,178.54853921558134,170.48984459021898,173.8095172433298,172.5927103861802
2022,2,27,10,288.9939869435004,275.84964175307016,289.0721593745192,266.6229412780436,185.41106748556317,175.61504554021724,177.8885811310939,166.32440001883262
2022,2,27,11,559.837704733201,516.667893923783,584.0438950881464,361.7340345249625,256.84913072538313,261.215341498148,254.51855757101734,212.1073354612638
2022,2,27,12,569.1833012840223,529.1771246478909,581.312839082067,320.2513860247139,523.0712170891501,476.8313302933517,533.019512054253,247.52669702093783
2022,2,27,13,792.9681970670568,680.0830060219956,833.3333333333334,303.77587831624504,684.4708008528083,610.2944016418987,712.9127501512029,304.0901038442768
2022,2,27,14,758.7319068523768,736.6538185418149,833.3333333333334,424.1751969395414,745.228213672121,723.2650373942868,833.3333333333334,403.5114041646244
2022,2,27,15,612.4658449034708,741.2469127614107,833.3333333333334,513.6633393578996,621.324537586203,744.7497200127751,833.3333333333334,510.0222474367169
2022,2,27,16,411.28856359108005,665.800140478757,777.5131676299618,519.9811543113881,436.8265730154051,695.4004294389412,804.7479210574602,544.468274250892
2022,2,27,17,141.79179701765878,323.3286492295493,539.4561030089178,234.30855778368368,185.4147125080396,395.8658179920195,643.2255092509092,294.0187992985453
2022,2,27,18,0.0,0.0,0.0,0.0,0.0,0.0,0.0,0.0
2022,2,27,19,0.0,0.0,0.0,0.0,0.0,0.0,0.0,0.0
2022,2,27,20,0.0,0.0,0.0,0.0,0.0,0.0,0.0,0.0
2022,2,27,21,0.0,0.0,0.0,0.0,0.0,0.0,0.0,0.0
2022,2,27,22,0.0,0.0,0.0,0.0,0.0,0.0,0.0,0.0
2022,2,27,23,0.0,0.0,0.0,0.0,0.0,0.0,0.0,0.0
2022,2,28,0,0.0,0.0,0.0,0.0,0.0,0.0,0.0,0.0
2022,2,28,1,0.0,0.0,0.0,0.0,0.0,0.0,0.0,0.0
2022,2,28,2,0.0,0.0,0.0,0.0,0.0,0.0,0.0,0.0
2022,2,28,3,0.0,0.0,0.0,0.0,0.0,0.0,0.0,0.0
2022,2,28,4,0.0,0.0,0.0,0.0,0.0,0.0,0.0,0.0
2022,2,28,5,0.0,0.0,0.0,0.0,0.0,0.0,0.0,0.0
2022,2,28,6,0.0,0.0,0.0,0.0,0.0,0.0,0.0,0.0
2022,2,28,7,123.01538704217919,281.59902455567845,533.3795046292881,300.1751753122879,5.387926428486907,4.205000671509742,1.8931581618141327,4.557410913202391
2022,2,28,8,407.9205425472674,692.1495769693782,808.5090159196301,726.4414145328038,358.75678905854664,612.0012250027621,713.2559451949833,637.5973451390313
2022,2,28,9,618.6589151071961,768.3830117228401,833.3333333333334,693.8380204111888,585.2581374867208,727.2726582389188,826.0385596225232,643.7826841592442
2022,2,28,10,761.1366150593803,757.8624924902726,833.3333333333334,568.1264680740912,742.6916718335369,738.5948387536354,833.3333333333334,533.1729354108116
2022,2,28,11,833.3333333333334,727.3267034858062,833.3333333333334,361.04353866610813,832.3754933727513,720.0298946673796,833.3333333333334,326.5516060960172
2022,2,28,12,833.3333333333334,713.3453923761303,833.3333333333334,169.48943520885436,833.3333333333334,701.7004760619286,833.3333333333334,132.90533176482882
2022,2,28,13,833.3333333333334,714.8392886588007,833.3333333333334,275.3004711097505,819.9673279754601,705.295325868917,833.3333333333334,244.1230543006697
2022,2,28,14,730.2086725165155,712.3159943544106,833.3333333333334,425.0056227670866,740.603108250535,722.1587618648701,833.3333333333334,404.85240086226275
2022,2,28,15,599.83267757497,721.64848559704,820.549002957661,520.9529408441027,610.4151920734149,728.9088441577529,820.9172144252509,517.2172748614846
2022,2,28,16,393.01000368910456,623.4087493407328,719.9757558842853,509.2318449627188,436.98753401755937,689.1910910417515,787.0643528149492,565.4037852859441
2022,2,28,17,126.4818782588212,278.81706751199476,445.7407879527237,206.90943706271378,189.6859381256685,414.7827565068232,665.0320529479147,316.4622451346738
2022,2,28,18,0.0,0.0,0.0,0.0,0.0,0.0,0.0,0.0
2022,2,28,19,0.0,0.0,0.0,0.0,0.0,0.0,0.0,0.0
2022,2,28,20,0.0,0.0,0.0,0.0,0.0,0.0,0.0,0.0
2022,2,28,21,0.0,0.0,0.0,0.0,0.0,0.0,0.0,0.0
2022,2,28,22,0.0,0.0,0.0,0.0,0.0,0.0,0.0,0.0
2022,2,28,23,0.0,0.0,0.0,0.0,0.0,0.0,0.0,0.0
2022,3,1,0,0.0,0.0,0.0,0.0,0.0,0.0,0.0,0.0
2022,3,1,1,0.0,0.0,0.0,0.0,0.0,0.0,0.0,0.0
2022,3,1,2,0.0,0.0,0.0,0.0,0.0,0.0,0.0,0.0
2022,3,1,3,0.0,0.0,0.0,0.0,0.0,0.0,0.0,0.0
2022,3,1,4,0.0,0.0,0.0,0.0,0.0,0.0,0.0,0.0
2022,3,1,5,0.0,0.0,0.0,0.0,0.0,0.0,0.0,0.0
2022,3,1,6,0.0,0.0,0.0,0.0,0.0,0.0,0.0,0.0
2022,3,1,7,121.59226868667223,280.49411211973865,513.6086112601334,298.94586007995156,5.982781690851212,4.725095551996167,2.2872989364956475,5.103394289926727
2022,3,1,8,396.70858547811054,670.7257342952688,779.3188993372543,702.1489688438696,342.1875661736786,579.0638908658656,670.3815275996046,601.9343275625167
2022,3,1,9,587.2756762948242,727.3362585693546,822.7450501756435,657.7045433735857,547.4064346598199,674.2236283481931,758.3039315498872,600.713002233765
2022,3,1,10,713.2535887479605,711.7910349735752,828.007342958831,540.2343710440855,670.1674351818336,668.0753079625919,769.8143154548782,494.7633134761956
2022,3,1,11,787.5461402530201,686.0418952822495,829.1047762767166,346.99500772820085,768.2347464891155,672.1096401630011,805.3543307093339,314.524058496488
2022,3,1,12,833.3333333333334,687.8446450117485,833.3333333333334,166.32353484916072,812.965622892772,674.2208332250813,825.4525911857734,134.07794945830898
2022,3,1,13,819.9108451579601,702.1700119577608,833.3333333333334,271.0067712253485,794.9626088477248,686.9686844268541,828.6717787909719,242.0635259036884
2022,3,1,14,739.93305249011,723.6128866180101,833.3333333333334,419.7198016128311,727.1076989403518,711.002637192089,829.1747185177929,398.6056225531768
2022,3,1,15,595.1064073803517,718.8793236184254,815.0705262858694,512.5630236032827,606.9141743609347,729.5924967974598,822.7308979636243,511.6981899838229
2022,3,1,16,409.0364416751106,658.7703795401384,760.561228768645,527.0679236092916,430.2938412830506,683.6179268268098,781.5009275988887,549.7345131509688
2022,3,1,17,143.91104928750488,330.3029836364654,530.2904382267992,243.46761519528653,185.03987120174094,411.38362745279983,648.1398856323325,309.7865279331076
2022,3,1,18,0.0,0.0,0.0,0.0,0.0,0.0,0.0,0.0
2022,3,1,19,0.0,0.0,0.0,0.0,0.0,0.0,0.0,0.0
2022,3,1,20,0.0,0.0,0.0,0.0,0.0,0.0,0.0,0.0
2022,3,1,21,0.0,0.0,0.0,0.0,0.0,0.0,0.0,0.0
2022,3,1,22,0.0,0.0,0.0,0.0,0.0,0.0,0.0,0.0
2022,3,1,23,0.0,0.0,0.0,0.0,0.0,0.0,0.0,0.0
2022,3,2,0,0.0,0.0,0.0,0.0,0.0,0.0,0.0,0.0
2022,3,2,1,0.0,0.0,0.0,0.0,0.0,0.0,0.0,0.0
2022,3,2,2,0.0,0.0,0.0,0.0,0.0,0.0,0.0,0.0
2022,3,2,3,0.0,0.0,0.0,0.0,0.0,0.0,0.0,0.0
2022,3,2,4,0.0,0.0,0.0,0.0,0.0,0.0,0.0,0.0
2022,3,2,5,0.0,0.0,0.0,0.0,0.0,0.0,0.0,0.0
2022,3,2,6,0.0,0.0,0.0,0.0,0.0,0.0,0.0,0.0
2022,3,2,7,86.29092853406205,188.20296363292636,309.84172356743653,210.3094260860371,6.581190155636404,5.2481738947480405,2.6861677451963746,5.652027263906998
2022,3,2,8,281.47789713292775,412.5010025768992,465.1805363613458,442.8169379037053,324.42253126967256,546.9055853898939,631.2881268578152,568.5451903054967
2022,3,2,9,528.282294424009,639.4929485791089,719.1731470481728,593.8275710924656,539.940550762235,669.7395365437991,755.1004277011879,594.552826136091
2022,3,2,10,691.3511746390398,691.3588052303735,806.4936297678078,525.4517309719936,614.6323765621812,612.5998354230434,711.8972055592551,462.94717485775107
2022,3,2,11,806.7567016495284,701.8884062503489,833.3333333333334,349.2399491331584,781.8975609802387,681.9074669384274,821.364858947216,315.1808736409333
2022,3,2,12,833.3333333333334,714.4616057762901,833.3333333333334,176.83906578081132,819.7080114247765,677.7849211287657,832.3866171631179,137.46653308988556
2022,3,2,13,819.6156716812553,708.2170451935036,833.3333333333334,301.52651519371693,799.9400528099267,691.2933055855713,833.3333333333334,244.02324278453148
2022,3,2,14,668.6476212647724,655.0089213301808,760.410598149751,427.27007497397597,724.7277125143211,710.6385637317246,828.9332435187192,394.50687128708665
2022,3,2,15,611.0574341112441,740.3197467829763,833.3333333333334,526.25510559887,598.4054214178938,722.1775967100324,814.649316643053,500.9984894904482
2022,3,2,16,404.6283851649517,653.6395956286457,754.6890098201332,517.9199660837236,421.36085096287945,672.6781028714644,769.1137795484659,535.4227873994157
2022,3,2,17,131.37680369795882,275.37788518193344,412.69117866123804,206.64036216737713,179.28983862052175,393.5577588599871,609.5079474793145,297.4883537357082
2022,3,2,18,0.0,0.0,0.0,0.0,0.0,0.0,0.0,0.0
2022,3,2,19,0.0,0.0,0.0,0.0,0.0,0.0,0.0,0.0
2022,3,2,20,0.0,0.0,0.0,0.0,0.0,0.0,0.0,0.0
2022,3,2,21,0.0,0.0,0.0,0.0,0.0,0.0,0.0,0.0
2022,3,2,22,0.0,0.0,0.0,0.0,0.0,0.0,0.0,0.0
2022,3,2,23,0.0,0.0,0.0,0.0,0.0,0.0,0.0,0.0
2022,3,3,0,0.0,0.0,0.0,0.0,0.0,0.0,0.0,0.0
2022,3,3,1,0.0,0.0,0.0,0.0,0.0,0.0,0.0,0.0
2022,3,3,2,0.0,0.0,0.0,0.0,0.0,0.0,0.0,0.0
2022,3,3,3,0.0,0.0,0.0,0.0,0.0,0.0,0.0,0.0
2022,3,3,4,0.0,0.0,0.0,0.0,0.0,0.0,0.0,0.0
2022,3,3,5,0.0,0.0,0.0,0.0,0.0,0.0,0.0,0.0
2022,3,3,6,0.0,0.0,0.0,0.0,0.0,0.0,0.0,0.0
2022,3,3,7,31.2008890856052,32.61958694295635,29.174005859872356,37.38272638760513,5.737530911422778,4.523874878886733,2.254514502449205,5.015626239625046
2022,3,3,8,230.54425881857532,311.05585474092373,343.2425231554293,337.72048951671644,199.72017908270405,294.86719982564836,331.2573175889192,313.0801321419998
2022,3,3,9,255.418612853894,252.38616292959767,265.572192102737,262.98736722309934,218.72408196531305,229.19030467979206,245.59411516638409,225.77889905847914
2022,3,3,10,485.6385944731331,478.4647310763976,539.062406308054,406.21673186775513,555.7310580530702,554.318024008686,638.105528537171,428.76149452137037
2022,3,3,11,797.5470109458026,696.7237318856702,833.3333333333334,361.4137004753979,728.6655679828744,640.6535445530926,763.7013764879252,310.3774477133654
2022,3,3,12,818.2324122013479,675.6683896138322,833.3333333333334,189.08887442846486,766.7107268804134,640.3928464266681,778.0592452853878,145.91469875930767
2022,3,3,13,789.9289595273452,681.5648369085105,828.71568572936,277.92448664262616,754.7063991212077,656.994123549226,786.8446013141485,248.19125068931663
2022,3,3,14,707.3433242442306,696.3520361265944,817.1724588489733,410.72296244412763,696.1358936096638,685.3861759171599,797.8077367814551,392.32005062739705
2022,3,3,15,564.4559508569392,683.2840738350186,774.8404426587784,489.88513588989525,573.191827184689,691.9603003161691,778.3406759959681,489.988720165704
2022,3,3,16,311.96197943018643,485.6129437850977,556.4759786284171,393.02282987220127,402.7472649485403,642.2045285838675,733.2387135149303,513.9852721752824
2022,3,3,17,125.63112110457276,283.5620449185813,435.2996083795564,209.70448534547205,172.0518663063925,376.64253939165826,576.0565996966682,285.59066930982436
2022,3,3,18,0.0,0.0,0.0,0.0,0.0,0.0,0.0,0.0
2022,3,3,19,0.0,0.0,0.0,0.0,0.0,0.0,0.0,0.0
2022,3,3,20,0.0,0.0,0.0,0.0,0.0,0.0,0.0,0.0
2022,3,3,21,0.0,0.0,0.0,0.0,0.0,0.0,0.0,0.0
2022,3,3,22,0.0,0.0,0.0,0.0,0.0,0.0,0.0,0.0
2022,3,3,23,0.0,0.0,0.0,0.0,0.0,0.0,0.0,0.0
2022,3,4,0,0.0,0.0,0.0,0.0,0.0,0.0,0.0,0.0
2022,3,4,1,0.0,0.0,0.0,0.0,0.0,0.0,0.0,0.0
2022,3,4,2,0.0,0.0,0.0,0.0,0.0,0.0,0.0,0.0
2022,3,4,3,0.0,0.0,0.0,0.0,0.0,0.0,0.0,0.0
2022,3,4,4,0.0,0.0,0.0,0.0,0.0,0.0,0.0,0.0
2022,3,4,5,0.0,0.0,0.0,0.0,0.0,0.0,0.0,0.0
2022,3,4,6,0.0,0.0,0.0,0.0,0.0,0.0,0.0,0.0
2022,3,4,7,14.227503662600544,12.289805241915168,8.79244209231333,13.813047366589627,3.6667401801064075,2.70210410504745,0.8989787487137328,3.0358647816706505
2022,3,4,8,44.184936092861264,38.99585833461377,33.910945468676054,43.20484526974243,3.7884631162058025,2.813957397061754,1.8212155131832395,3.164024878642705
2022,3,4,9,102.25918860668416,93.00146760957075,92.88179172653939,101.03422541873772,62.37012968116968,54.509817735766724,52.756644736089676,57.913380182141196
2022,3,4,10,186.4285134425579,178.6556448650658,182.49021326418412,175.74866810783377,94.4959829581452,89.7293617621452,88.57464521150155,87.2186224290863
2022,3,4,11,528.8422513863954,495.050266000273,550.6460683483712,349.662052310047,259.66865662165054,264.38034760723764,259.81736444235884,214.12880062332957
2022,3,4,12,513.0103483529002,484.89701385584254,523.8095535761051,299.12420968019813,495.72941298273844,455.3732815077879,505.089908337928,235.79754726661264
2022,3,4,13,489.44979886147513,466.42727376981844,505.25189709981123,317.34570220767995,490.9321934568093,459.42277617506136,507.81993521346794,275.1330014992448
2022,3,4,14,583.8339934374222,572.2495841949836,645.5862602499458,409.85136581943124,366.13254186013324,356.6245390539353,387.8659121686208,275.9862865425872
2022,3,4,15,231.30190064285225,234.83266550502248,252.7219701085128,218.9793257269697,282.8138345724421,292.04205399499466,315.922376710605,255.86049086128503
2022,3,4,16,131.05589065218084,134.0295142969998,131.3927997416621,136.07335777310004,117.61519865755272,117.11396005464155,111.74328440283102,116.30336569831853
2022,3,4,17,38.66023949356861,39.96076289277487,34.97479497457609,39.715076757645676,91.85148690367427,134.9858114789246,145.6404538497168,106.9956432403565
2022,3,4,18,0.0,0.0,0.0,0.0,0.0,0.0,0.0,0.0
2022,3,4,19,0.0,0.0,0.0,0.0,0.0,0.0,0.0,0.0
2022,3,4,20,0.0,0.0,0.0,0.0,0.0,0.0,0.0,0.0
2022,3,4,21,0.0,0.0,0.0,0.0,0.0,0.0,0.0,0.0
2022,3,4,22,0.0,0.0,0.0,0.0,0.0,0.0,0.0,0.0
2022,3,4,23,0.0,0.0,0.0,0.0,0.0,0.0,0.0,0.0
2022,3,5,0,0.0,0.0,0.0,0.0,0.0,0.0,0.0,0.0
2022,3,5,1,0.0,0.0,0.0,0.0,0.0,0.0,0.0,0.0
2022,3,5,2,0.0,0.0,0.0,0.0,0.0,0.0,0.0,0.0
2022,3,5,3,0.0,0.0,0.0,0.0,0.0,0.0,0.0,0.0
2022,3,5,4,0.0,0.0,0.0,0.0,0.0,0.0,0.0,0.0
2022,3,5,5,0.0,0.0,0.0,0.0,0.0,0.0,0.0,0.0
2022,3,5,6,0.0,0.0,0.0,0.0,0.0,0.0,0.0,0.0
2022,3,5,7,18.537867302395593,16.379239303595938,12.398252138708,18.27426321919448,3.5653836185754555,2.6123157465167144,0.8473439811528596,2.941598418242339
2022,3,5,8,48.603563568800105,43.125206659378705,37.793824018172934,47.739955691999754,40.84031148407288,35.34492140150259,29.863970734759597,37.57031704304106
2022,3,5,9,83.52821974918541,75.15403799560467,74.65776169914406,82.0035416083377,57.75536321903675,50.27894994133415,48.68369478703592,53.477528123018246
2022,3,5,10,209.65517820879262,203.5635021733253,216.98571882611174,190.39292211250157,124.91694568632168,119.05222393593438,118.79323658138809,114.40143240332564
2022,3,5,11,392.4943719694061,368.6954675261616,408.04940698100773,261.95345394247676,116.13748376395714,122.39242628751788,114.53605141824346,104.62974458883514
2022,3,5,12,313.34766174535673,302.82170097401394,318.2604333530415,194.37381710685003,306.2288026831666,317.2678108575686,308.7286138929141,224.3900209739813
2022,3,5,13,551.0901586449456,501.03466759635023,575.3770421499482,283.4489152292681,502.81596238653935,470.85391014925716,520.4096210475277,278.70045583469727
2022,3,5,14,505.72713573810614,498.0538258656814,566.6667527123824,347.5896082207445,333.70753262618746,325.2826339636561,350.99674020436413,258.06866603509957
2022,3,5,15,393.3362658406569,455.7348101468319,509.72828056238836,351.1308604468654,572.8895943391694,699.6743666874786,784.8335290940115,480.75577895167515
2022,3,5,16,223.42006349630174,304.3667103520395,335.1801687268553,263.32882733679435,400.141833311593,650.5370030848488,740.6295086954473,509.6987749967607
2022,3,5,17,77.82035949711057,137.47330412992181,179.74214269419997,109.0680584919762,170.70869752296318,396.9188051445919,598.8645474120567,297.6392533863237
2022,3,5,18,0.0,0.0,0.0,0.0,0.0,0.0,0.0,0.0
2022,3,5,19,0.0,0.0,0.0,0.0,0.0,0.0,0.0,0.0
2022,3,5,20,0.0,0.0,0.0,0.0,0.0,0.0,0.0,0.0
2022,3,5,21,0.0,0.0,0.0,0.0,0.0,0.0,0.0,0.0
2022,3,5,22,0.0,0.0,0.0,0.0,0.0,0.0,0.0,0.0
2022,3,5,23,0.0,0.0,0.0,0.0,0.0,0.0,0.0,0.0
2022,3,6,0,0.0,0.0,0.0,0.0,0.0,0.0,0.0,0.0
2022,3,6,1,0.0,0.0,0.0,0.0,0.0,0.0,0.0,0.0
2022,3,6,2,0.0,0.0,0.0,0.0,0.0,0.0,0.0,0.0
2022,3,6,3,0.0,0.0,0.0,0.0,0.0,0.0,0.0,0.0
2022,3,6,4,0.0,0.0,0.0,0.0,0.0,0.0,0.0,0.0
2022,3,6,5,0.0,0.0,0.0,0.0,0.0,0.0,0.0,0.0
2022,3,6,6,0.0,0.0,0.0,0.0,0.0,0.0,0.0,0.0
2022,3,6,7,30.966870043214463,30.81284100079771,25.890330585380415,35.16956183782141,50.42297844566755,132.9059582606719,216.91264625428656,146.28529569686498
2022,3,6,8,93.13505545732517,90.36862325541708,84.9513929312059,99.60472693784787,305.5736004022895,524.1267281722924,601.4944700212119,540.7911141276978
2022,3,6,9,219.95080690372188,214.4665381295981,223.7453740688073,224.28077205507097,517.8655502432285,651.6760017962667,730.7453953146908,571.6138406100355
2022,3,6,10,387.35964876061496,380.32007936992443,415.8621305606028,338.74446011272687,381.9639369761212,376.57199928131956,416.4261689869362,315.9534807410588
2022,3,6,11,270.07007978692127,274.94461493914474,272.1147527226741,231.84764884512776,267.94675345585915,272.9384167445958,269.170644292853,218.18195737248723
2022,3,6,12,446.6941190698719,424.7607940687446,454.9176404722954,259.0273087756876,290.1757699726637,287.6121306997065,294.59256687374267,189.10641497620023
2022,3,6,13,298.6410840321026,302.3207975431849,301.83777468841964,240.18216042612391,444.6179293090174,415.71522852063873,460.0282839330465,242.72238061506837
2022,3,6,14,113.25062658557057,109.3001274313424,108.75927450874458,107.30431092747887,236.291654413189,228.78306437558274,233.94924352433375,202.57679283978203
2022,3,6,15,36.85396013522683,32.05819685624237,31.64324557571455,35.647835982339515,60.11703472113798,52.43110895198666,51.43698612203294,55.669132390350704
2022,3,6,16,21.626645761726664,18.652942077084123,16.134509734247807,20.779804427276677,27.553924704311065,23.653794671284114,20.101762143727598,25.173659746263407
2022,3,6,17,5.956698262474211,4.863109459884329,2.9771163526120104,5.625271939802732,68.73441702082124,90.12933506180488,92.39007313580967,76.46439153344882
2022,3,6,18,0.0,0.0,0.0,0.0,0.0,0.0,0.0,0.0
2022,3,6,19,0.0,0.0,0.0,0.0,0.0,0.0,0.0,0.0
2022,3,6,20,0.0,0.0,0.0,0.0,0.0,0.0,0.0,0.0
2022,3,6,21,0.0,0.0,0.0,0.0,0.0,0.0,0.0,0.0
2022,3,6,22,0.0,0.0,0.0,0.0,0.0,0.0,0.0,0.0
2022,3,6,23,0.0,0.0,0.0,0.0,0.0,0.0,0.0,0.0
2022,3,7,0,0.0,0.0,0.0,0.0,0.0,0.0,0.0,0.0
2022,3,7,1,0.0,0.0,0.0,0.0,0.0,0.0,0.0,0.0
2022,3,7,2,0.0,0.0,0.0,0.0,0.0,0.0,0.0,0.0
2022,3,7,3,0.0,0.0,0.0,0.0,0.0,0.0,0.0,0.0
2022,3,7,4,0.0,0.0,0.0,0.0,0.0,0.0,0.0,0.0
2022,3,7,5,0.0,0.0,0.0,0.0,0.0,0.0,0.0,0.0
2022,3,7,6,0.0,0.0,0.0,0.0,0.0,0.0,0.0,0.0
2022,3,7,7,10.90066332053943,9.604090724382372,7.125687301176342,10.815895122842209,5.902346922308643,4.6678670006492835,2.44317231101251,5.164561728303326
2022,3,7,8,52.191098997017264,46.474973527345874,41.073035526013555,51.35660431911971,13.209597205102884,11.083892799399182,9.063048485285442,11.98275188310515
2022,3,7,9,63.633890681505775,56.19858391821004,55.443997809471725,61.923670486642,147.96578283549889,137.58450607910373,139.43576035929203,142.65091835719025
2022,3,7,10,109.09771332960237,104.53293744008366,104.38145283733053,104.70695128224612,74.12382679033409,70.66495272166533,69.41769913439153,69.20700439945979
2022,3,7,11,220.4806711101669,227.4986301457846,221.2564606427297,196.5255891672016,177.65313029711447,185.22194010793396,177.08887441272805,156.47773503164507
2022,3,7,12,212.70529752712926,227.73693947921825,214.9357220965252,183.39747607332728,218.00796632645955,233.69328116596205,219.95631632371303,180.33659557390965
2022,3,7,13,219.9088709343225,228.00355526291787,220.8438153666404,192.84400249357347,244.8475097986692,253.05031913728482,245.78426191649453,203.24014359117461
2022,3,7,14,208.3891573969836,201.948818580743,205.58280696668862,190.36661423067318,170.81374719224308,165.13946379448817,166.0224311190079,152.71246049823637
2022,3,7,15,121.4587961158573,110.94763968263828,112.53792968778863,117.07338953386602,103.59248414745517,93.11283413643208,93.27531730222232,96.50862809646036
2022,3,7,16,48.574637772922344,42.60747555537628,37.63121181892221,47.06616407340162,53.330890557662016,46.86374456340141,40.98513503138987,49.87307274438636
2022,3,7,17,21.834269401812893,18.858945923762736,13.880746970462425,21.004745829817356,17.605926754076172,14.941037295453254,10.307326488440514,16.084668623220125
2022,3,7,18,0.0,0.0,0.0,0.0,0.0,0.0,0.0,0.0
2022,3,7,19,0.0,0.0,0.0,0.0,0.0,0.0,0.0,0.0
2022,3,7,20,0.0,0.0,0.0,0.0,0.0,0.0,0.0,0.0
2022,3,7,21,0.0,0.0,0.0,0.0,0.0,0.0,0.0,0.0
2022,3,7,22,0.0,0.0,0.0,0.0,0.0,0.0,0.0,0.0
2022,3,7,23,0.0,0.0,0.0,0.0,0.0,0.0,0.0,0.0
2022,3,8,0,0.0,0.0,0.0,0.0,0.0,0.0,0.0,0.0
2022,3,8,1,0.0,0.0,0.0,0.0,0.0,0.0,0.0,0.0
2022,3,8,2,0.0,0.0,0.0,0.0,0.0,0.0,0.0,0.0
2022,3,8,3,0.0,0.0,0.0,0.0,0.0,0.0,0.0,0.0
2022,3,8,4,0.0,0.0,0.0,0.0,0.0,0.0,0.0,0.0
2022,3,8,5,0.0,0.0,0.0,0.0,0.0,0.0,0.0,0.0
2022,3,8,6,0.0,0.0,0.0,0.0,0.0,0.0,0.0,0.0
2022,3,8,7,3.733198012790011,3.193757239061394,2.0521939994992433,3.8049954945454294,-0.0,-0.0,-0.0,-0.0
2022,3,8,8,18.86941951229424,16.45696402694149,14.218934994096912,18.362202779115794,1.9671655163845467,1.2275079231833037,0.5372131888487072,1.5313312499781178
2022,3,8,9,32.641929287096026,28.518488221649207,28.1294005403657,31.58360029421897,8.809004247458436,7.23830139630231,6.99449122693224,7.927968402768027
2022,3,8,10,85.68533437554979,82.11065627378655,81.70069918245179,82.5056819848116,24.226617070965293,22.971646919081877,22.44087665925318,22.426029434607372
2022,3,8,11,53.36825132152033,56.788700254767136,52.893461413419764,51.16546122167915,20.49918845221522,22.141093338293537,20.180681343363574,18.98398393170665
2022,3,8,12,57.61756798657056,64.28237348422537,58.077205807873284,54.888047240840315,94.43686207764772,104.90556589648514,95.0971058322369,86.35135875332897
2022,3,8,13,55.897513849328845,59.77474898717913,55.5132708778409,53.57982089407526,48.58067637420516,52.323967505283676,48.0383278040269,45.481751878787506
2022,3,8,14,55.47321697071257,53.42475847429757,52.514734379556465,53.58817513041718,43.7189663173413,41.992944069382574,40.93848264708109,40.78155909977119
2022,3,8,15,27.50274112656611,23.948302027238984,23.7814531165461,26.46112519959632,407.45394290021244,450.98986619228197,494.21342433669895,365.3716444001495
2022,3,8,16,21.3886397698137,18.41303167437935,15.977547345454909,20.53199042311973,80.90113132052807,75.54808743281643,69.14391315724092,77.8461395267342
2022,3,8,17,10.649694466018815,8.892582022325582,6.009020082539748,10.098410074203091,7.422471315849367,6.001213726612616,3.5470386365275957,6.578511208638218
2022,3,8,18,0.0,0.0,0.0,0.0,0.0,0.0,0.0,0.0
2022,3,8,19,0.0,0.0,0.0,0.0,0.0,0.0,0.0,0.0
2022,3,8,20,0.0,0.0,0.0,0.0,0.0,0.0,0.0,0.0
2022,3,8,21,0.0,0.0,0.0,0.0,0.0,0.0,0.0,0.0
2022,3,8,22,0.0,0.0,0.0,0.0,0.0,0.0,0.0,0.0
2022,3,8,23,0.0,0.0,0.0,0.0,0.0,0.0,0.0,0.0
2022,3,9,0,0.0,0.0,0.0,0.0,0.0,0.0,0.0,0.0
2022,3,9,1,0.0,0.0,0.0,0.0,0.0,0.0,0.0,0.0
2022,3,9,2,0.0,0.0,0.0,0.0,0.0,0.0,0.0,0.0
2022,3,9,3,0.0,0.0,0.0,0.0,0.0,0.0,0.0,0.0
2022,3,9,4,0.0,0.0,0.0,0.0,0.0,0.0,0.0,0.0
2022,3,9,5,0.0,0.0,0.0,0.0,0.0,0.0,0.0,0.0
2022,3,9,6,0.0,0.0,0.0,0.0,0.0,0.0,0.0,0.0
2022,3,9,7,83.2420022947472,154.78632208085324,206.10205817665528,174.12030643090927,3.36969782044972,2.4506661426993372,0.8263085451241488,2.8149766593064154
2022,3,9,8,263.2446437478796,387.44763982149954,430.7413390953668,411.029966374296,146.28449983156517,168.9569935098166,172.9556001366109,180.26288737944932
2022,3,9,9,502.6005621254686,609.5663882895163,677.2957348182686,560.6423773915376,564.2322872672815,708.7197349448808,787.3915079741994,622.0651896170505
2022,3,9,10,750.2623265759166,758.7391582873533,833.3333333333334,579.8837920238052,727.6118833783228,737.2629455844503,833.3333333333334,529.244136273498
2022,3,9,11,496.01525250648876,457.29134464029045,518.4948774907958,295.8829390295741,814.336916361187,724.1336798597647,833.3333333333334,334.1298364725698
2022,3,9,12,773.7715704965542,669.5047903986284,786.6229043375831,247.9085019534755,494.904990245573,456.0464356120373,503.8554450358245,229.74179429313494
2022,3,9,13,339.60562711108963,324.01554049739684,351.67894717641485,221.3046045347998,804.4978451889721,712.5694372405509,833.3333333333334,268.87319682491784
2022,3,9,14,338.8407000142039,333.17018586467725,358.6983344499564,277.1543760529548,149.39829092175552,144.54633075053536,144.77342799092895,135.39368988318046
2022,3,9,15,312.8762182655489,335.15329986519436,362.89292174664246,292.97114485725507,420.33326115467315,463.2240917027215,506.3075252634528,384.4251765459261
2022,3,9,16,185.35399520413762,229.40066945943218,242.71078436078867,211.52326133722858,288.54483925533293,376.68741256561395,406.8841155780791,337.0145958412038
2022,3,9,17,69.88323480569824,106.30037073921407,123.32107872330648,90.45781345855102,61.206380527251106,72.8887167916211,69.4604537724503,65.87161112166021
2022,3,9,18,0.0,0.0,0.0,0.0,0.0,0.0,0.0,0.0
2022,3,9,19,0.0,0.0,0.0,0.0,0.0,0.0,0.0,0.0
2022,3,9,20,0.0,0.0,0.0,0.0,0.0,0.0,0.0,0.0
2022,3,9,21,0.0,0.0,0.0,0.0,0.0,0.0,0.0,0.0
2022,3,9,22,0.0,0.0,0.0,0.0,0.0,0.0,0.0,0.0
2022,3,9,23,0.0,0.0,0.0,0.0,0.0,0.0,0.0,0.0
2022,3,10,0,0.0,0.0,0.0,0.0,0.0,0.0,0.0,0.0
2022,3,10,1,0.0,0.0,0.0,0.0,0.0,0.0,0.0,0.0
2022,3,10,2,0.0,0.0,0.0,0.0,0.0,0.0,0.0,0.0
2022,3,10,3,0.0,0.0,0.0,0.0,0.0,0.0,0.0,0.0
2022,3,10,4,0.0,0.0,0.0,0.0,0.0,0.0,0.0,0.0
2022,3,10,5,0.0,0.0,0.0,0.0,0.0,0.0,0.0,0.0
2022,3,10,6,0.0,0.0,0.0,0.0,0.0,0.0,0.0,0.0
2022,3,10,7,134.93032985358485,340.40223646280003,509.0961766835687,362.9330105075551,75.20755838063849,202.6358383601737,307.38439636740725,218.8406066872526
2022,3,10,8,403.9476632606231,680.1109361437275,768.2343637308431,700.226379364364,353.21560974023896,599.1204656689094,676.2945935789147,612.672411587478
2022,3,10,9,599.296220020648,753.168657751563,832.9811867953084,668.3810923128815,570.0468271429887,716.8593685453422,791.8245460285518,626.3023477814404
2022,3,10,10,713.6399019577744,724.0397709630996,820.6926800857342,538.1137509044712,717.8547486123605,728.2751828111919,826.3001853209033,520.8690920175308
2022,3,10,11,801.5715869128481,715.2113139515626,833.3333333333334,350.052392546254,803.4759728360086,716.9420949506303,833.3333333333334,326.56773071053374
2022,3,10,12,833.3333333333334,714.6572860462935,833.3333333333334,175.18940031928045,833.3333333333334,710.9656654062808,833.3333333333334,148.4260655827943
2022,3,10,13,817.1742746155899,724.5271154956521,833.3333333333334,285.7040299878957,812.322191927082,722.4992428676716,833.3333333333334,263.11687545691404
2022,3,10,14,733.7783461468384,739.7487767767315,833.3333333333334,428.78578337459174,734.8943054965142,740.3359512890435,833.3333333333334,415.5185354643812
2022,3,10,15,562.3264948669254,701.0947100550867,779.7438010253036,492.3162629235045,608.7771625390236,755.7405086397578,833.273541529443,524.2801344122848
2022,3,10,16,311.291147290809,490.5340045776567,551.4836690187852,397.67577305279195,425.9808494720752,702.8156469556872,787.7033244633551,554.8659398743156
2022,3,10,17,99.51352103680574,216.24549742289162,296.73259831899003,166.54118233934287,168.46804854260182,363.02746251416426,488.14479064215993,278.3715590394256
2022,3,10,18,0.0,0.0,0.0,0.0,0.0,0.0,0.0,0.0
2022,3,10,19,0.0,0.0,0.0,0.0,0.0,0.0,0.0,0.0
2022,3,10,20,0.0,0.0,0.0,0.0,0.0,0.0,0.0,0.0
2022,3,10,21,0.0,0.0,0.0,0.0,0.0,0.0,0.0,0.0
2022,3,10,22,0.0,0.0,0.0,0.0,0.0,0.0,0.0,0.0
2022,3,10,23,0.0,0.0,0.0,0.0,0.0,0.0,0.0,0.0
2022,3,11,0,0.0,0.0,0.0,0.0,0.0,0.0,0.0,0.0
2022,3,11,1,0.0,0.0,0.0,0.0,0.0,0.0,0.0,0.0
2022,3,11,2,0.0,0.0,0.0,0.0,0.0,0.0,0.0,0.0
2022,3,11,3,0.0,0.0,0.0,0.0,0.0,0.0,0.0,0.0
2022,3,11,4,0.0,0.0,0.0,0.0,0.0,0.0,0.0,0.0
2022,3,11,5,0.0,0.0,0.0,0.0,0.0,0.0,0.0,0.0
2022,3,11,6,0.0,0.0,0.0,0.0,0.0,0.0,0.0,0.0
2022,3,11,7,31.055476760228984,29.111697218107807,23.52472142965202,32.732550650979924,13.422980820520527,11.267285215647153,7.527612277769828,12.179979256461039
2022,3,11,8,52.55884029129582,47.29482821610111,42.47366648185224,52.237219507396674,48.123284644787695,41.824307448546165,36.325044514959735,44.81446408838563
2022,3,11,9,173.3390826627601,166.8819798619462,172.75643732835286,174.9965242903269,185.48959809783338,178.74602051670226,184.6126015402361,181.68704464625893
2022,3,11,10,90.95921105682292,87.67562813882734,87.35935306927085,87.65124184253771,101.98067680718866,98.18806598618721,97.48797790221364,94.8334505074769
2022,3,11,11,62.68516717104598,66.85166435392205,62.543512543993586,60.501215585211845,101.42185812977459,107.63583140814407,101.22866955963907,93.11536248116516
2022,3,11,12,239.1226969149125,251.72158818240433,243.02967958602892,193.49241754869777,53.59425443911167,60.42525231748422,54.29183396672774,50.268307172715836
2022,3,11,13,179.66893134588085,187.8137196088941,181.05857379933815,161.3032084859286,188.22432798475074,197.13637731458567,189.29686984948322,162.9581580985499
2022,3,11,14,169.48734773443232,164.6620528174904,167.07501315390962,156.10245433677105,237.28356694289403,230.85248685354355,235.96023215610387,207.02067641530232
2022,3,11,15,173.85442546757443,165.33892373532424,171.1837234245118,166.0664751438735,155.01761937172546,143.30665689556713,146.41247640213467,144.05560531243123
2022,3,11,16,77.87643936969452,75.66908384977057,71.32449103778664,78.3518390741102,195.96277910091663,218.02237900074502,220.17369357119992,205.65583991182777
2022,3,11,17,17.842161601842637,15.236937951629649,11.03778105141412,17.063986840242528,61.23955895645634,71.5543080470921,67.24578660610614,65.4327425466197
2022,3,11,18,0.0,0.0,0.0,0.0,0.0,0.0,0.0,0.0
2022,3,11,19,0.0,0.0,0.0,0.0,0.0,0.0,0.0,0.0
2022,3,11,20,0.0,0.0,0.0,0.0,0.0,0.0,0.0,0.0
2022,3,11,21,0.0,0.0,0.0,0.0,0.0,0.0,0.0,0.0
2022,3,11,22,0.0,0.0,0.0,0.0,0.0,0.0,0.0,0.0
2022,3,11,23,0.0,0.0,0.0,0.0,0.0,0.0,0.0,0.0
2022,3,12,0,0.0,0.0,0.0,0.0,0.0,0.0,0.0,0.0
2022,3,12,1,0.0,0.0,0.0,0.0,0.0,0.0,0.0,0.0
2022,3,12,2,0.0,0.0,0.0,0.0,0.0,0.0,0.0,0.0
2022,3,12,3,0.0,0.0,0.0,0.0,0.0,0.0,0.0,0.0
2022,3,12,4,0.0,0.0,0.0,0.0,0.0,0.0,0.0,0.0
2022,3,12,5,0.0,0.0,0.0,0.0,0.0,0.0,0.0,0.0
2022,3,12,6,0.0,0.0,0.0,0.0,0.0,0.0,0.0,0.0
2022,3,12,7,166.29198784036282,462.5821771832287,688.326627305152,481.23485942313675,114.02758194352123,327.50276407472666,490.74929570423063,341.8400838395286
2022,3,12,8,452.8936491622853,777.1896396740756,833.3333333333334,791.6496206384654,412.6830107403621,711.0764421128582,797.8113976777611,718.9447351148494
2022,3,12,9,660.80627780148,833.3333333333334,833.3333333333334,732.7472849651768,636.9734102621946,807.9314154198748,833.3333333333334,695.0487692279215
2022,3,12,10,809.7338027370087,826.1271983962648,833.3333333333334,593.0106173011396,794.8698838469278,810.3853364566162,833.3333333333334,566.0591399193742
2022,3,12,11,833.3333333333334,796.9383797444458,833.3333333333334,367.6485969546603,833.3333333333334,786.0477597912537,833.3333333333334,341.31913778775515
2022,3,12,12,833.3333333333334,781.3571117925343,833.3333333333334,175.0520623154763,833.3333333333334,774.6168008377521,833.3333333333334,151.64396124401665
2022,3,12,13,833.3333333333334,783.6316156710845,833.3333333333334,297.48689310378137,833.3333333333334,782.1212948682605,833.3333333333334,276.86683871371787
2022,3,12,14,782.7571908251017,794.9385137177833,833.3333333333334,452.74536069419986,788.1456721938331,799.64248542506,833.3333333333334,442.3533482650718
2022,3,12,15,628.5027029754145,789.1741018250417,833.3333333333334,552.0586988984143,641.6402843615939,800.7290162156154,833.3333333333334,553.57719979672
2022,3,12,16,426.2732708125771,717.4901162756296,803.1666911230386,567.1277387344578,452.1525404885222,753.3582703347085,833.3333333333334,600.5007078832273
2022,3,12,17,158.219638934195,433.6036424124819,621.64627696134,326.27075447052897,194.81828635295108,507.14603311232355,710.1162261370682,393.7208399306353
2022,3,12,18,0.0,0.0,0.0,0.0,0.0,0.0,0.0,0.0
2022,3,12,19,0.0,0.0,0.0,0.0,0.0,0.0,0.0,0.0
2022,3,12,20,0.0,0.0,0.0,0.0,0.0,0.0,0.0,0.0
2022,3,12,21,0.0,0.0,0.0,0.0,0.0,0.0,0.0,0.0
2022,3,12,22,0.0,0.0,0.0,0.0,0.0,0.0,0.0,0.0
2022,3,12,23,0.0,0.0,0.0,0.0,0.0,0.0,0.0,0.0
2022,3,13,0,0.0,0.0,0.0,0.0,0.0,0.0,0.0,0.0
2022,3,13,1,0.0,0.0,0.0,0.0,0.0,0.0,0.0,0.0
2022,3,13,2,0.0,0.0,0.0,0.0,0.0,0.0,0.0,0.0
2022,3,13,3,0.0,0.0,0.0,0.0,0.0,0.0,0.0,0.0
2022,3,13,4,0.0,0.0,0.0,0.0,0.0,0.0,0.0,0.0
2022,3,13,5,0.0,0.0,0.0,0.0,0.0,0.0,0.0,0.0
2022,3,13,6,0.0,0.0,0.0,0.0,0.0,0.0,0.0,0.0
2022,3,13,7,21.184242115830706,68.37769388569305,102.66344278557929,73.18139954671572,104.45743582493371,298.7080506226418,435.9851233989008,313.1310885715261
2022,3,13,8,313.31677781397696,531.7694685355141,594.0402515806086,541.1739577284579,381.89139700287177,655.5785355789428,733.7617614332,663.0832531323888
2022,3,13,9,559.9787989558318,708.3189577841995,775.7589518564272,620.0323346966202,589.3796954442785,744.8596659683174,815.3684929411405,644.7637877496308
2022,3,13,10,722.4877668500737,738.2462143558902,832.9800839470945,531.8695315987551,737.6826334148559,753.2677707155781,833.3333333333334,532.0469779746538
2022,3,13,11,829.1508075325206,741.9171318272502,833.3333333333334,343.36815240097053,826.8841710516361,741.7486927995421,833.3333333333334,330.0441340668867
2022,3,13,12,833.3333333333334,747.1032786781439,833.3333333333334,177.2513195752695,833.3333333333334,735.1895794659006,833.3333333333334,156.45934756268957
2022,3,13,13,730.0202583628849,666.0112506309429,762.5684744124719,331.07253086078856,566.8812285243384,538.45930722725,588.3467949742237,317.7652589883956
2022,3,13,14,559.7813303378482,563.1707463520717,626.5287147552625,395.7036107711351,541.119774103315,541.6273245791103,595.1918623589945,385.04723832840153
2022,3,13,15,401.89303512966313,437.03263047136977,475.1608012481824,377.79464523544686,274.1711685226671,272.83291811059485,287.07319057486694,253.74200023398672
2022,3,13,16,228.36973952512022,259.0349084352992,266.5926663221094,250.7539030033832,136.6141824855673,138.65148551710917,134.29003355713834,138.36695937858806
2022,3,13,17,151.70834764826415,261.6909241777887,295.9654575778782,209.8860474446396,51.146892867924066,55.34735632435095,49.55306783958492,53.1833767656154
2022,3,13,18,0.0,0.0,0.0,0.0,0.0,0.0,0.0,0.0
2022,3,13,19,0.0,0.0,0.0,0.0,0.0,0.0,0.0,0.0
2022,3,13,20,0.0,0.0,0.0,0.0,0.0,0.0,0.0,0.0
2022,3,13,21,0.0,0.0,0.0,0.0,0.0,0.0,0.0,0.0
2022,3,13,22,0.0,0.0,0.0,0.0,0.0,0.0,0.0,0.0
2022,3,13,23,0.0,0.0,0.0,0.0,0.0,0.0,0.0,0.0
2022,3,14,0,0.0,0.0,0.0,0.0,0.0,0.0,0.0,0.0
2022,3,14,1,0.0,0.0,0.0,0.0,0.0,0.0,0.0,0.0
2022,3,14,2,0.0,0.0,0.0,0.0,0.0,0.0,0.0,0.0
2022,3,14,3,0.0,0.0,0.0,0.0,0.0,0.0,0.0,0.0
2022,3,14,4,0.0,0.0,0.0,0.0,0.0,0.0,0.0,0.0
2022,3,14,5,0.0,0.0,0.0,0.0,0.0,0.0,0.0,0.0
2022,3,14,6,0.0,0.0,0.0,0.0,0.0,0.0,0.0,0.0
2022,3,14,7,1.1589179761879456,0.6144432422244106,-0.0,1.0272272176784925,68.98871563145687,183.86760945375894,257.54685768752597,197.3333654209305
2022,3,14,8,154.4055157574499,253.77612903051244,285.6303710082823,264.287583503345,324.6571568622502,552.6337825592631,618.4882275277362,560.7365085303963
2022,3,14,9,470.5895448855918,596.442573636778,657.519615346773,527.3925582769069,534.305848033266,675.8949534237559,740.7211816170478,585.681014222618
2022,3,14,10,657.4982487828994,673.0502158473112,761.1137077768855,491.80047010062526,686.627016252636,702.7448423433798,792.4190487904096,494.34800818413333
2022,3,14,11,628.7727934463084,573.115040064043,657.8306829390747,325.3891182363197,510.96110227143913,487.06325392582477,530.297937944283,315.970100654155
2022,3,14,12,644.6400314581739,562.6276296652239,655.5237723211596,216.249931726983,100.04387176328342,110.97938732361891,102.03393031375263,90.63115821953444
2022,3,14,13,621.3107728582386,577.8842337913337,647.8583169881323,318.61909390786445,499.90978703836885,478.5073085194429,518.8432803713756,289.00356826992095
2022,3,14,14,273.1083504613738,267.8139344811658,277.79289884751927,240.04947809288691,534.8133283882023,537.1357691665622,589.4470657570239,373.3553725424252
2022,3,14,15,286.6165386670895,305.9364306637795,328.85291004966035,269.61195264955836,225.10824745243593,217.48949446550301,226.61455270396635,208.487022133911
2022,3,14,16,157.4556407394736,168.26095796606475,167.61915302788069,166.92273509210318,110.03073525830446,107.34521302898969,101.56537165689028,108.52138759521608
2022,3,14,17,62.41814408276476,73.43506417164282,70.12073480787097,69.62732130614943,20.80583485636991,17.75135818643174,12.655245055640133,19.08220052763026
2022,3,14,18,0.0,0.0,0.0,0.0,0.0,0.0,0.0,0.0
2022,3,14,19,0.0,0.0,0.0,0.0,0.0,0.0,0.0,0.0
2022,3,14,20,0.0,0.0,0.0,0.0,0.0,0.0,0.0,0.0
2022,3,14,21,0.0,0.0,0.0,0.0,0.0,0.0,0.0,0.0
2022,3,14,22,0.0,0.0,0.0,0.0,0.0,0.0,0.0,0.0
2022,3,14,23,0.0,0.0,0.0,0.0,0.0,0.0,0.0,0.0
2022,3,15,0,0.0,0.0,0.0,0.0,0.0,0.0,0.0,0.0
2022,3,15,1,0.0,0.0,0.0,0.0,0.0,0.0,0.0,0.0
2022,3,15,2,0.0,0.0,0.0,0.0,0.0,0.0,0.0,0.0
2022,3,15,3,0.0,0.0,0.0,0.0,0.0,0.0,0.0,0.0
2022,3,15,4,0.0,0.0,0.0,0.0,0.0,0.0,0.0,0.0
2022,3,15,5,0.0,0.0,0.0,0.0,0.0,0.0,0.0,0.0
2022,3,15,6,0.0,0.0,0.0,0.0,0.0,0.0,0.0,0.0
2022,3,15,7,12.477422935620568,37.747580835001955,53.012446758549636,41.95523414810861,94.33428939719342,275.8449514483316,387.78607857213836,290.8810511472822
2022,3,15,8,262.15249415413587,455.63604320797015,512.9788600580715,464.8159251513273,365.19586167314753,628.5781555436428,700.4869974206473,632.7211162322911
2022,3,15,9,532.4587906809965,682.2681989624841,749.1793657245056,593.1963019652334,573.3641015865131,727.4446467025056,793.1236654003975,624.2857676293671
2022,3,15,10,713.103008921897,731.8357016245609,824.1119030081015,520.1875760837913,723.2373031584284,741.3803609614359,831.440136832424,515.3918262515925
2022,3,15,11,804.1690136711643,723.093963738952,833.3333333333334,331.4275935732794,814.9491263020591,735.1092028652179,833.3333333333334,319.39943655237823
2022,3,15,12,833.3333333333334,720.3172010596043,833.3333333333334,167.42546779881997,833.3333333333334,729.3760118672527,833.3333333333334,146.0834392402746
2022,3,15,13,819.4225355534641,737.9481270049491,833.3333333333334,286.67056061697787,819.3130953580111,739.7712899320935,833.3333333333334,265.1000402083295
2022,3,15,14,743.7874862933645,763.1644715108458,833.3333333333334,436.1266533974131,738.3421969136296,756.939331702452,833.3333333333334,416.75233280641993
2022,3,15,15,615.3089573576327,782.9274632102891,833.3333333333334,541.495585909912,606.6366935543592,769.1695554747528,833.3333333333334,522.873522506935
2022,3,15,16,439.91105415503944,749.4350001977782,833.3333333333334,584.0010662467151,419.84619607235965,712.7043709745462,791.4829726930691,554.3962819672886
2022,3,15,17,199.24152397849204,530.9979017276378,729.1670250989126,403.68816794637115,177.39391332094834,472.9106443538529,644.9334702311079,360.84439849709923
2022,3,15,18,0.0,0.0,0.0,0.0,0.0,0.0,0.0,0.0
2022,3,15,19,0.0,0.0,0.0,0.0,0.0,0.0,0.0,0.0
2022,3,15,20,0.0,0.0,0.0,0.0,0.0,0.0,0.0,0.0
2022,3,15,21,0.0,0.0,0.0,0.0,0.0,0.0,0.0,0.0
2022,3,15,22,0.0,0.0,0.0,0.0,0.0,0.0,0.0,0.0
2022,3,15,23,0.0,0.0,0.0,0.0,0.0,0.0,0.0,0.0
2022,3,16,0,0.0,0.0,0.0,0.0,0.0,0.0,0.0,0.0
2022,3,16,1,0.0,0.0,0.0,0.0,0.0,0.0,0.0,0.0
2022,3,16,2,0.0,0.0,0.0,0.0,0.0,0.0,0.0,0.0
2022,3,16,3,0.0,0.0,0.0,0.0,0.0,0.0,0.0,0.0
2022,3,16,4,0.0,0.0,0.0,0.0,0.0,0.0,0.0,0.0
2022,3,16,5,0.0,0.0,0.0,0.0,0.0,0.0,0.0,0.0
2022,3,16,6,-0.0,-0.0,-0.0,-0.0,-0.0,-0.0,-0.0,-0.0
2022,3,16,7,23.499333225024014,77.5231842236986,109.78670212972843,82.76081416335713,93.815260308546,271.41962497981564,372.3651927583644,286.9986466456072
2022,3,16,8,304.0175919438116,524.0037151262377,583.4637216769269,529.8655838764178,354.88905060908877,599.5714637003967,663.2735367179235,603.366897343415
2022,3,16,9,528.3026629553331,670.5366384400048,729.5059165014173,583.9686286503886,544.9082655554507,681.7069093730462,736.8785990305117,591.4355619319175
2022,3,16,10,667.5210290850897,685.0605767347607,761.8842130644994,497.86333269916815,656.6273888901277,672.4527993713382,741.7934921248542,484.47829447938244
2022,3,16,11,755.8850279917257,686.405423325117,784.1565678564341,324.581682325411,750.8265863822938,685.0079688627497,777.1827686349958,310.6478922750982
2022,3,16,12,801.3691303478165,694.650762337227,806.8110827383757,166.44991696100368,793.1011421802616,692.4446933225589,797.6958120963279,144.80056962914037
2022,3,16,13,781.0200769931575,709.1038687433867,811.5474543609192,283.7155894205993,783.1094828795843,713.0650237085844,812.1080866817002,264.43189352694105
2022,3,16,14,730.9053271631976,752.462943702661,833.3333333333334,432.92497942386535,717.4018225817565,737.3622599824772,819.3867604226194,416.4391139696054
2022,3,16,15,612.2468141334009,780.2276451242013,833.3333333333334,541.2087523506234,593.2315049021727,748.3440140995656,810.2390620239235,520.4509049793284
2022,3,16,16,440.15077902583806,757.4956765954588,833.3333333333334,590.5802710903188,419.958117253829,711.1705883133736,785.4222694335001,561.6789575995449
2022,3,16,17,197.4658701869971,553.104047000594,758.3241833792493,420.1922565001697,182.41145090458937,506.397497814573,686.656380949307,386.38312450614814
2022,3,16,18,14.584323595698764,12.417476945589764,5.789493031144369,13.035008942108695,9.798477252217587,8.191372864390479,3.2766206597943746,8.48145065460433
2022,3,16,19,0.0,0.0,0.0,0.0,0.0,0.0,0.0,0.0
2022,3,16,20,0.0,0.0,0.0,0.0,0.0,0.0,0.0,0.0
2022,3,16,21,0.0,0.0,0.0,0.0,0.0,0.0,0.0,0.0
2022,3,16,22,0.0,0.0,0.0,0.0,0.0,0.0,0.0,0.0
2022,3,16,23,0.0,0.0,0.0,0.0,0.0,0.0,0.0,0.0
2022,3,17,0,0.0,0.0,0.0,0.0,0.0,0.0,0.0,0.0
2022,3,17,1,0.0,0.0,0.0,0.0,0.0,0.0,0.0,0.0
2022,3,17,2,0.0,0.0,0.0,0.0,0.0,0.0,0.0,0.0
2022,3,17,3,0.0,0.0,0.0,0.0,0.0,0.0,0.0,0.0
2022,3,17,4,0.0,0.0,0.0,0.0,0.0,0.0,0.0,0.0
2022,3,17,5,0.0,0.0,0.0,0.0,0.0,0.0,0.0,0.0
2022,3,17,6,-0.0,-0.0,-0.0,-0.0,-0.0,-0.0,-0.0,-0.0
2022,3,17,7,6.263671084789018,12.872838688463743,15.954748968592492,14.196814026725955,87.77542628613521,253.0655150887831,341.4477035903499,269.4207339742704
2022,3,17,8,106.12039952407484,141.93606500969736,151.0936545752239,150.35714266642887,341.2065339722935,585.0697392723443,649.7349648497483,588.1056639603038
2022,3,17,9,313.01370811012424,372.97746077273166,406.45111637533927,344.21472596812094,540.681638752492,687.1990850968785,748.0086275909499,590.4006528427449
2022,3,17,10,510.48377377182646,522.8933975266123,584.2620212232763,401.71693881474425,459.25158811370477,466.3660711907838,513.2372222681058,364.72171173843844
2022,3,17,11,721.737714368475,653.0695517316341,753.42202882737,325.30579922415694,755.6897655730744,685.2419555469778,786.4233232917667,311.6685199190849
2022,3,17,12,800.3611635075117,694.8676053635256,809.5520436408045,212.56201799039596,784.1650028552083,678.7890379456242,790.8058659782616,159.97275601033186
2022,3,17,13,810.0199010165023,745.3310676967354,833.3333333333334,352.16370219494803,461.2596223255273,451.3936605981146,477.3109835160199,289.57049062621473
2022,3,17,14,550.7558499859158,556.5060149912006,608.2998465944395,409.6650551280416,131.96474582211317,128.13556267968175,128.86040479215347,120.26821726595065
2022,3,17,15,103.64249080467478,93.73185383160659,95.60010857320579,100.431364308932,108.84503704677913,98.29573322030691,99.88865235692131,101.6167622766798
2022,3,17,16,69.93998480052721,63.72171967930707,58.65305103930463,69.01075321006039,35.58815214134992,30.754398488638483,27.02006452932007,32.945791403558296
2022,3,17,17,16.27575737830039,13.849864253021828,10.078694378419966,15.549586163354272,5.621836581087183,4.419378867734341,2.4511736345152375,4.904512852564725
2022,3,17,18,1.7894664470395756,1.1150894636544613,-0.0,1.304916322198666,1.3314556037711278,0.7104481282873166,-0.0,0.820573709918475
2022,3,17,19,0.0,0.0,0.0,0.0,0.0,0.0,0.0,0.0
2022,3,17,20,0.0,0.0,0.0,0.0,0.0,0.0,0.0,0.0
2022,3,17,21,0.0,0.0,0.0,0.0,0.0,0.0,0.0,0.0
2022,3,17,22,0.0,0.0,0.0,0.0,0.0,0.0,0.0,0.0
2022,3,17,23,0.0,0.0,0.0,0.0,0.0,0.0,0.0,0.0
2022,3,18,0,0.0,0.0,0.0,0.0,0.0,0.0,0.0,0.0
2022,3,18,1,0.0,0.0,0.0,0.0,0.0,0.0,0.0,0.0
2022,3,18,2,0.0,0.0,0.0,0.0,0.0,0.0,0.0,0.0
2022,3,18,3,0.0,0.0,0.0,0.0,0.0,0.0,0.0,0.0
2022,3,18,4,0.0,0.0,0.0,0.0,0.0,0.0,0.0,0.0
2022,3,18,5,0.0,0.0,0.0,0.0,0.0,0.0,0.0,0.0
2022,3,18,6,-0.0,-0.0,-0.0,-0.0,-0.0,-0.0,-0.0,-0.0
2022,3,18,7,6.154673158700718,7.514177694903208,7.227848439830468,8.415285667160116,99.75310856438604,295.2300409401304,393.3803891641066,311.492613662534
2022,3,18,8,182.3400104195243,297.52956076411414,331.05720919176525,307.1778977022726,373.60110389394697,644.6564712474462,713.2692320186262,643.9394768953871
2022,3,18,9,463.21037056178164,587.0400940879383,641.7237242305541,518.2980675857893,587.8699926066407,749.4726438146473,811.9920284297705,637.5863766334942
2022,3,18,10,671.8371435837336,693.090993371613,775.4407667556495,499.71131665749505,743.2331779888553,766.503593903562,833.3333333333334,526.1559596096885
2022,3,18,11,816.8534171544794,741.1831137107398,833.3333333333334,340.4761830920636,833.3333333333334,762.1691801832229,833.3333333333334,324.12504029307127
2022,3,18,12,833.3333333333334,756.065203747702,833.3333333333334,173.84419910652468,833.3333333333334,754.4609818288291,833.3333333333334,150.39026212279316
2022,3,18,13,833.3333333333334,774.1931910688123,833.3333333333334,296.63764199235607,833.3333333333334,765.3059934230861,833.3333333333334,273.11337513016014
2022,3,18,14,765.0939204907172,793.6853773181676,833.3333333333334,449.2071541619859,754.9751275466368,782.3429407475693,833.3333333333334,427.23803605246314
2022,3,18,15,631.5514268432416,813.9959884376088,833.3333333333334,557.7587113986009,616.081535729257,790.9058335896995,833.3333333333334,532.5922078269696
2022,3,18,16,446.11390137919096,769.0878053745167,833.3333333333334,598.6972219251054,426.8538039206497,733.453448816022,808.5299235567919,567.3739100394776
2022,3,18,17,201.38934353967454,567.4867685892499,760.4362438287932,431.2801804200257,182.32914005902649,515.4730037907691,687.6594897779967,391.7139310629915
2022,3,18,18,19.46550629637536,17.036816591617,299.4832829833005,17.715464656590598,10.803696367738153,9.355730256249098,192.12806586996047,9.57506427542759
2022,3,18,19,0.0,0.0,0.0,0.0,0.0,0.0,0.0,0.0
2022,3,18,20,0.0,0.0,0.0,0.0,0.0,0.0,0.0,0.0
2022,3,18,21,0.0,0.0,0.0,0.0,0.0,0.0,0.0,0.0
2022,3,18,22,0.0,0.0,0.0,0.0,0.0,0.0,0.0,0.0
2022,3,18,23,0.0,0.0,0.0,0.0,0.0,0.0,0.0,0.0
2022,3,19,0,0.0,0.0,0.0,0.0,0.0,0.0,0.0,0.0
2022,3,19,1,0.0,0.0,0.0,0.0,0.0,0.0,0.0,0.0
2022,3,19,2,0.0,0.0,0.0,0.0,0.0,0.0,0.0,0.0
2022,3,19,3,0.0,0.0,0.0,0.0,0.0,0.0,0.0,0.0
2022,3,19,4,0.0,0.0,0.0,0.0,0.0,0.0,0.0,0.0
2022,3,19,5,0.0,0.0,0.0,0.0,0.0,0.0,0.0,0.0
2022,3,19,6,-0.0,-0.0,-0.0,-0.0,-0.0,-0.0,-0.0,-0.0
2022,3,19,7,28.51721611411608,90.66080396773492,120.59658887466914,97.96371496089708,107.52405199952784,321.85557075533166,421.13079580164526,337.72978683810754
2022,3,19,8,245.85703470969284,417.1086299185688,462.2939634995805,423.22522606550234,374.4846317732376,638.7804742568493,702.6621927683877,636.9952729270528
2022,3,19,9,537.8121392537618,683.8929326995734,738.7353916785397,591.9382019514779,578.5570485921053,734.6484333813527,792.3592737133231,625.5171271133864
2022,3,19,10,701.5746272515929,724.8674326498169,804.5754634128779,514.5904802659649,726.2393135821272,749.8471984780301,830.272096113767,516.8192090957941
2022,3,19,11,811.798397811025,739.1707975656103,833.3333333333334,334.1842948760342,809.9776264807695,739.9106107383772,833.3333333333334,317.4888830261855
2022,3,19,12,833.3333333333334,740.8235583642589,833.3333333333334,170.22450498500058,833.3333333333334,732.9215648082388,833.3333333333334,148.73740763953262
2022,3,19,13,820.9840593861971,751.4583251778345,833.3333333333334,294.1876462057453,802.4593765791074,737.1119847122472,832.8613808137883,270.77432213844776
2022,3,19,14,748.2024014173168,778.4133236771636,833.3333333333334,446.4750241751466,719.2554625971472,746.6410297983056,822.0668227442442,422.74663571510877
2022,3,19,15,618.8376906552651,795.2230220576691,833.3333333333334,553.7153971400079,594.2372235200287,756.4547808371852,813.1951718349251,531.8791082854266
2022,3,19,16,445.02383301722693,770.6161099594032,833.3333333333334,606.8869428869953,415.21778019014573,702.001077732793,767.9306257892143,567.1032849441646
2022,3,19,17,200.38229130478172,583.6433893807645,774.152230500263,447.9510769828208,180.6953312078036,507.77669240439064,663.4882331488418,399.0820292007305
2022,3,19,18,16.784599400647593,16.639969049884478,330.51665921208314,16.63302383585183,11.207055420068064,10.856320442031116,193.95019898568165,10.74306794699732
2022,3,19,19,0.0,0.0,0.0,0.0,0.0,0.0,0.0,0.0
2022,3,19,20,0.0,0.0,0.0,0.0,0.0,0.0,0.0,0.0
2022,3,19,21,0.0,0.0,0.0,0.0,0.0,0.0,0.0,0.0
2022,3,19,22,0.0,0.0,0.0,0.0,0.0,0.0,0.0,0.0
2022,3,19,23,0.0,0.0,0.0,0.0,0.0,0.0,0.0,0.0
2022,3,20,0,0.0,0.0,0.0,0.0,0.0,0.0,0.0,0.0
2022,3,20,1,0.0,0.0,0.0,0.0,0.0,0.0,0.0,0.0
2022,3,20,2,0.0,0.0,0.0,0.0,0.0,0.0,0.0,0.0
2022,3,20,3,0.0,0.0,0.0,0.0,0.0,0.0,0.0,0.0
2022,3,20,4,0.0,0.0,0.0,0.0,0.0,0.0,0.0,0.0
2022,3,20,5,0.0,0.0,0.0,0.0,0.0,0.0,0.0,0.0
2022,3,20,6,-0.0,-0.0,-0.0,-0.0,-0.0,-0.0,-0.0,-0.0
2022,3,20,7,24.735532617171742,80.44067692287628,105.65235680774767,86.99132807522244,112.82101294004411,342.0715767926586,440.7072545872346,357.8981166986324
2022,3,20,8,320.2096692899518,551.8702407002907,608.2843325129651,552.8624827146236,383.54573870315545,659.3345370466074,724.3062326828727,654.878697618235
2022,3,20,9,555.0045439694835,706.8569006429483,761.311952802012,609.5559947514049,590.4572659611509,752.9394013167359,810.7895417302551,637.4996367637176
2022,3,20,10,724.851947076113,750.5747363050523,830.9612941620994,527.5805702032828,738.8356068807929,764.6768080907751,833.3333333333334,521.834273784993
2022,3,20,11,832.6173789422169,759.4717206898608,833.3333333333334,337.4449103643505,830.6971726306278,759.5589143368138,833.3333333333334,319.3790638391628
2022,3,20,12,833.3333333333334,762.951917666396,833.3333333333334,170.65102900957217,833.3333333333334,754.6487202881681,833.3333333333334,149.8446540244168
2022,3,20,13,833.3333333333334,784.6515294831859,833.3333333333334,298.69126207952587,833.3333333333334,767.3468295692273,833.3333333333334,274.1821913613974
2022,3,20,14,778.421286682717,813.5597199206543,833.3333333333334,458.1868239572029,750.6701321385224,783.5291056908081,833.3333333333334,427.47253706830526
2022,3,20,15,640.0090129555648,829.6100814510385,833.3333333333334,570.0703288289529,614.6764855400587,794.4112102236556,833.3333333333334,534.3430273125067
2022,3,20,16,450.56818995465613,777.8038324841864,833.3333333333334,607.7940294100971,424.4207270555947,735.2854683464615,807.3987618987686,566.728731915529
2022,3,20,17,206.03244555813012,552.3239549245578,716.7042232354825,424.4230280063787,179.61484807652178,516.0596009117529,676.7345655145874,392.1148849055546
2022,3,20,18,31.116220668685095,29.51838970759629,194.28113447628198,29.948251226857547,12.58365989882275,12.928717550534675,169.63721246827606,12.593312523572097
2022,3,20,19,0.0,0.0,0.0,0.0,0.0,0.0,0.0,0.0
2022,3,20,20,0.0,0.0,0.0,0.0,0.0,0.0,0.0,0.0
2022,3,20,21,0.0,0.0,0.0,0.0,0.0,0.0,0.0,0.0
2022,3,20,22,0.0,0.0,0.0,0.0,0.0,0.0,0.0,0.0
2022,3,20,23,0.0,0.0,0.0,0.0,0.0,0.0,0.0,0.0
2022,3,21,0,0.0,0.0,0.0,0.0,0.0,0.0,0.0,0.0
2022,3,21,1,0.0,0.0,0.0,0.0,0.0,0.0,0.0,0.0
2022,3,21,2,0.0,0.0,0.0,0.0,0.0,0.0,0.0,0.0
2022,3,21,3,0.0,0.0,0.0,0.0,0.0,0.0,0.0,0.0
2022,3,21,4,0.0,0.0,0.0,0.0,0.0,0.0,0.0,0.0
2022,3,21,5,0.0,0.0,0.0,0.0,0.0,0.0,0.0,0.0
2022,3,21,6,-0.0,-0.0,-0.0,-0.0,-0.0,-0.0,-0.0,-0.0
2022,3,21,7,-0.0,-0.0,-0.0,-0.0,8.428139013526533,6.8791784953829165,4.472759077557725,7.512547195174787
2022,3,21,8,13.522011772433281,11.429748522977722,10.1091750254583,12.905651119592571,22.980429426166673,19.66513149352602,17.38596563134167,21.1224929937699
2022,3,21,9,25.280869960724367,21.903870616666044,22.384199832181316,24.396848088600205,45.793108475744845,39.77947726042354,40.38190145340113,42.639759229942094
2022,3,21,10,50.68749233570057,49.46599050839672,49.247798266190635,49.10913472861855,45.2112413125345,43.94815740192153,43.613527773815925,42.209118935320134
2022,3,21,11,64.97384438531498,69.75348066881119,66.25589096276161,62.485753950693166,58.26452628397744,62.89538378156471,59.31096705143072,54.50521961314756
2022,3,21,12,153.70343457697885,167.62242348673104,158.78221134629183,138.1545840267904,109.39897716937908,121.13538808836843,113.08287452946378,98.41469583532835
2022,3,21,13,132.03350110044371,139.692162131865,134.76040732176793,122.77239995411831,14.535119790974411,15.866714626955886,14.805865414902852,13.384121160761161
2022,3,21,14,61.56634384249005,59.6364602253301,59.5493735368479,59.86839393446645,100.85916269715348,98.0777462378171,98.38477040508101,92.73187775563927
2022,3,21,15,43.3565809671447,37.83265160668411,38.38936369407513,41.98944892449827,151.62003514888752,142.1329268248476,146.5309827337921,140.9165241339581
2022,3,21,16,39.904835469968106,34.98492170716816,31.58491844777511,38.62880080239851,58.50290985444418,51.77724926480318,46.60505510892874,54.91612530156615
2022,3,21,17,19.01361991277452,16.336746245135522,12.202460334870377,18.244278472940792,149.06631892315474,294.8980428385514,343.997046413302,236.3036613971351
2022,3,21,18,4.234728368428309,3.2767877320554586,0.5221870646739826,3.546468818514908,7.347453076096617,6.023181888578419,2.0391914596120344,6.259312131592076
2022,3,21,19,0.0,0.0,0.0,0.0,0.0,0.0,0.0,0.0
2022,3,21,20,0.0,0.0,0.0,0.0,0.0,0.0,0.0,0.0
2022,3,21,21,0.0,0.0,0.0,0.0,0.0,0.0,0.0,0.0
2022,3,21,22,0.0,0.0,0.0,0.0,0.0,0.0,0.0,0.0
2022,3,21,23,0.0,0.0,0.0,0.0,0.0,0.0,0.0,0.0
2022,3,22,0,0.0,0.0,0.0,0.0,0.0,0.0,0.0,0.0
2022,3,22,1,0.0,0.0,0.0,0.0,0.0,0.0,0.0,0.0
2022,3,22,2,0.0,0.0,0.0,0.0,0.0,0.0,0.0,0.0
2022,3,22,3,0.0,0.0,0.0,0.0,0.0,0.0,0.0,0.0
2022,3,22,4,0.0,0.0,0.0,0.0,0.0,0.0,0.0,0.0
2022,3,22,5,0.0,0.0,0.0,0.0,0.0,0.0,0.0,0.0
2022,3,22,6,-0.0,-0.0,-0.0,-0.0,-0.0,-0.0,-0.0,-0.0
2022,3,22,7,-0.0,-0.0,-0.0,-0.0,30.773577501982416,34.503888771292225,31.66897657199831,37.39201733447602
2022,3,22,8,2.7248522416380485,1.9994048968220035,1.5256122358589705,2.5470933996494804,99.43518082943926,98.02403051532417,93.53370202521218,103.42279172290763
2022,3,22,9,80.91140982857499,82.44794973585962,86.78533758898956,83.08433038584617,65.2885156303789,57.172006900661785,58.24620036101986,61.184419599805985
2022,3,22,10,318.29856560481943,323.8657128418189,348.7785544023032,269.7478892717693,690.7636821817425,717.9450058060701,791.3006931794132,491.8179164189776
2022,3,22,11,558.2021987904674,528.9321321463796,580.9111688523027,323.6859400579549,802.973811007975,738.9646089868564,831.5979584623904,312.4778814381627
2022,3,22,12,801.0739055934471,704.2788013721708,806.908393028568,188.85734725475862,833.3333333333334,745.4917000212718,833.3333333333334,153.83759051213104
2022,3,22,13,812.6547204107443,749.8296509296138,833.3333333333334,300.08201638787045,821.2518050361562,760.7511667182486,833.3333333333334,276.63935224725003
2022,3,22,14,749.3339676764132,788.5986655834298,833.3333333333334,452.22639033063115,743.6956279751951,781.4118188666465,833.3333333333334,428.4646471916257
2022,3,22,15,622.8738414102072,812.8646801116879,833.3333333333334,558.1783464043884,608.0531810608691,790.478201760339,833.3333333333334,532.3930492957076
2022,3,22,16,444.4080863285839,784.6165611530549,833.3333333333334,603.6967212888121,420.1420994261539,736.361369962279,806.386381713726,566.0214621307255
2022,3,22,17,198.00624316679284,610.0549796501703,795.7164751481746,459.29680276722365,179.0967713225696,526.1976625667612,678.6576454600847,400.6791828486397
2022,3,22,18,18.176141605131914,23.383056942180648,305.32915326851105,21.789751072249622,12.142549606148009,15.095434156367519,188.15811016153432,13.989844322184357
2022,3,22,19,0.0,0.0,0.0,0.0,0.0,0.0,0.0,0.0
2022,3,22,20,0.0,0.0,0.0,0.0,0.0,0.0,0.0,0.0
2022,3,22,21,0.0,0.0,0.0,0.0,0.0,0.0,0.0,0.0
2022,3,22,22,0.0,0.0,0.0,0.0,0.0,0.0,0.0,0.0
2022,3,22,23,0.0,0.0,0.0,0.0,0.0,0.0,0.0,0.0
2022,3,23,0,0.0,0.0,0.0,0.0,0.0,0.0,0.0,0.0
2022,3,23,1,0.0,0.0,0.0,0.0,0.0,0.0,0.0,0.0
2022,3,23,2,0.0,0.0,0.0,0.0,0.0,0.0,0.0,0.0
2022,3,23,3,0.0,0.0,0.0,0.0,0.0,0.0,0.0,0.0
2022,3,23,4,0.0,0.0,0.0,0.0,0.0,0.0,0.0,0.0
2022,3,23,5,0.0,0.0,0.0,0.0,0.0,0.0,0.0,0.0
2022,3,23,6,-0.0,-0.0,-0.0,-0.0,-0.0,-0.0,-0.0,-0.0
2022,3,23,7,36.34609089131451,121.17955769323314,152.13871109883195,128.6234383729085,128.99056796246106,406.9970773440417,501.6068328846595,421.9844562556311
2022,3,23,8,329.1627822449432,572.36432222489,627.8698201155121,569.0777125694176,400.853857992562,694.845838968525,758.1372769858821,683.0928192676624
2022,3,23,9,567.982696888325,729.3169477425324,782.1785699771973,622.4179096071912,611.1682030817927,784.0983927850099,833.3333333333334,656.4972248205223
2022,3,23,10,740.2071560104259,771.2611415631055,833.3333333333334,535.4114588928027,758.4215318046552,789.8167899871358,833.3333333333334,530.9293468854393
2022,3,23,11,833.3333333333334,780.2260008056304,833.3333333333334,342.0193437334408,833.3333333333334,781.8574230721281,833.3333333333334,321.1976839386878
2022,3,23,12,833.3333333333334,779.9831537278172,833.3333333333334,175.13973760824544,833.3333333333334,772.952176312706,833.3333333333334,150.7908705411401
2022,3,23,13,833.3333333333334,788.7572880399218,833.3333333333334,304.5530642243901,833.3333333333334,783.6787091475742,833.3333333333334,280.13521169056366
2022,3,23,14,766.894951566975,809.6961420063698,833.3333333333334,459.16265951152553,754.5417654948244,795.8008899513605,833.3333333333334,434.3016586238239
2022,3,23,15,633.5173113162551,826.0967894342056,833.3333333333334,569.6348472547886,617.7366547919047,806.6809487748367,833.3333333333334,542.6293085738513
2022,3,23,16,449.95148816748537,789.750432286172,833.3333333333334,615.5161919222606,424.49703432503145,742.913427432676,810.4068388761002,574.5786823250553
2022,3,23,17,198.18289803787752,529.413179748636,666.944868924698,412.46869758551526,179.88376139467155,528.9798266740615,674.211074230131,407.6521215570902
2022,3,23,18,35.39164418463929,31.31082760201417,31.593246337709648,32.48809678714324,22.881193959532,20.080662542547437,19.72777788952496,20.433020545577378
2022,3,23,19,0.0,0.0,0.0,0.0,0.0,0.0,0.0,0.0
2022,3,23,20,0.0,0.0,0.0,0.0,0.0,0.0,0.0,0.0
2022,3,23,21,0.0,0.0,0.0,0.0,0.0,0.0,0.0,0.0
2022,3,23,22,0.0,0.0,0.0,0.0,0.0,0.0,0.0,0.0
2022,3,23,23,0.0,0.0,0.0,0.0,0.0,0.0,0.0,0.0
2022,3,24,0,0.0,0.0,0.0,0.0,0.0,0.0,0.0,0.0
2022,3,24,1,0.0,0.0,0.0,0.0,0.0,0.0,0.0,0.0
2022,3,24,2,0.0,0.0,0.0,0.0,0.0,0.0,0.0,0.0
2022,3,24,3,0.0,0.0,0.0,0.0,0.0,0.0,0.0,0.0
2022,3,24,4,0.0,0.0,0.0,0.0,0.0,0.0,0.0,0.0
2022,3,24,5,0.0,0.0,0.0,0.0,0.0,0.0,0.0,0.0
2022,3,24,6,-0.0,-0.0,-0.0,-0.0,-0.0,-0.0,-0.0,-0.0
2022,3,24,7,32.93855867238362,106.57471907167992,131.71456754995504,114.7240704192333,121.43746251716112,383.03025121278995,464.2283397765673,398.6292262620526
2022,3,24,8,311.10238342444393,538.035820659463,589.4682783104697,535.7428348691483,387.9302837761753,669.4611389308297,727.8168722665647,655.2533823679108
2022,3,24,9,549.045334660272,706.7612150744147,758.254000630544,603.9715395388677,590.7928271400457,755.7949354508523,806.2978342469512,629.3389114205871
2022,3,24,10,703.9386068058618,733.8392378551968,803.7895730748562,515.1968462461758,737.2532958044039,768.6778809489358,833.3333333333334,511.20777814196134
2022,3,24,11,805.594414284129,744.5391595910878,833.3333333333334,335.7610265765704,826.5583385233547,765.0824167284319,833.3333333333334,307.1649701210803
2022,3,24,12,833.3333333333334,752.6644576735272,833.3333333333334,182.40613680075114,833.3333333333334,764.7599616446026,833.3333333333334,140.8168212236574
2022,3,24,13,833.3333333333334,777.0385573530087,833.3333333333334,307.86674074537706,833.3333333333334,779.909677295323,833.3333333333334,269.42406133610956
2022,3,24,14,770.7803886480228,816.7808564481344,833.3333333333334,461.88045613464357,755.7787897030788,799.9162643922416,833.3333333333334,426.2787219648236
2022,3,24,15,631.7186475825692,828.7229924398247,833.3333333333334,566.7934351092614,616.0586890887754,804.5129596569958,833.3333333333334,533.8228223329747
2022,3,24,16,447.42234150578776,796.0311623139944,833.3333333333334,615.0869213787378,430.3508672675004,761.734876336632,828.6374284924443,582.0489883908989
2022,3,24,17,199.2606400115653,625.0175722123433,799.6948854619382,475.37288032718635,182.01695234228924,566.5647204825715,719.0538179500307,433.4363396477055
2022,3,24,18,18.03519265815488,28.4252078343204,340.40546423398655,25.282890252299097,11.323499364624336,18.30848237581372,227.72945375112923,15.93631375453285
2022,3,24,19,0.0,0.0,0.0,0.0,0.0,0.0,0.0,0.0
2022,3,24,20,0.0,0.0,0.0,0.0,0.0,0.0,0.0,0.0
2022,3,24,21,0.0,0.0,0.0,0.0,0.0,0.0,0.0,0.0
2022,3,24,22,0.0,0.0,0.0,0.0,0.0,0.0,0.0,0.0
2022,3,24,23,0.0,0.0,0.0,0.0,0.0,0.0,0.0,0.0
2022,3,25,0,0.0,0.0,0.0,0.0,0.0,0.0,0.0,0.0
2022,3,25,1,0.0,0.0,0.0,0.0,0.0,0.0,0.0,0.0
2022,3,25,2,0.0,0.0,0.0,0.0,0.0,0.0,0.0,0.0
2022,3,25,3,0.0,0.0,0.0,0.0,0.0,0.0,0.0,0.0
2022,3,25,4,0.0,0.0,0.0,0.0,0.0,0.0,0.0,0.0
2022,3,25,5,0.0,0.0,0.0,0.0,0.0,0.0,0.0,0.0
2022,3,25,6,-0.0,-0.0,-0.0,-0.0,-0.0,-0.0,-0.0,-0.0
2022,3,25,7,48.42262128090736,165.87234159409994,201.60328561002362,173.29055112790155,132.23787664373685,423.1111779873058,504.04951617857245,437.2689061518506
2022,3,25,8,341.4061089130587,579.1340019458893,627.3319964498618,573.0431835115728,391.79209641033225,671.5891399361062,726.6356305952913,655.5379780991682
2022,3,25,9,555.0436108638664,709.4059049451396,755.4573614932999,605.3984228620178,577.675908718409,735.4768957133618,781.0307729905791,613.7466232860851
2022,3,25,10,698.9653125207383,729.7100717733459,795.4821751354746,510.0019041722637,702.8943425648596,732.8892942544314,795.6530989216053,492.72857141742645
2022,3,25,11,776.9448319871448,721.4824833226041,803.051359725474,325.33624858760885,774.2677311891349,721.712649681531,798.6286243698162,296.67669964778344
2022,3,25,12,800.6682483435055,716.8859502468631,804.4826052395268,177.05100138442828,795.3994945840593,715.4582647491148,798.6842311392427,140.19643912530972
2022,3,25,13,792.4397002378423,742.5741079248885,824.6826230478209,301.87191447509844,766.0713444278713,720.8295858873497,794.8482026081068,266.0552577825463
2022,3,25,14,717.845578449172,761.5394407042868,828.5142570558097,450.6973005056395,687.2261521200206,726.1621458685286,784.0163348603473,414.4202636165452
2022,3,25,15,592.6678491881233,768.5869230265178,818.8158016971109,551.9001042292032,563.3320811777677,722.5532045082552,765.1424642234532,517.120648470837
2022,3,25,16,422.25598124986436,724.1708977062981,786.6802664490458,590.3403521750388,390.70562395571966,661.0222495091834,712.2509096470756,547.662434218737
2022,3,25,17,196.00656550048143,545.6084117422981,677.7574790648036,434.99528895209096,171.2934121151251,486.8901847843697,599.6692401950672,395.05326339998703
2022,3,25,18,26.870905317349113,34.453715009810296,258.0198360923518,32.189736742780404,13.991149814948804,19.11821026240818,164.41021993080471,17.27626808074258
2022,3,25,19,0.0,0.0,0.0,0.0,0.0,0.0,0.0,0.0
2022,3,25,20,0.0,0.0,0.0,0.0,0.0,0.0,0.0,0.0
2022,3,25,21,0.0,0.0,0.0,0.0,0.0,0.0,0.0,0.0
2022,3,25,22,0.0,0.0,0.0,0.0,0.0,0.0,0.0,0.0
2022,3,25,23,0.0,0.0,0.0,0.0,0.0,0.0,0.0,0.0
2022,3,26,0,0.0,0.0,0.0,0.0,0.0,0.0,0.0,0.0
2022,3,26,1,0.0,0.0,0.0,0.0,0.0,0.0,0.0,0.0
2022,3,26,2,0.0,0.0,0.0,0.0,0.0,0.0,0.0,0.0
2022,3,26,3,0.0,0.0,0.0,0.0,0.0,0.0,0.0,0.0
2022,3,26,4,0.0,0.0,0.0,0.0,0.0,0.0,0.0,0.0
2022,3,26,5,0.0,0.0,0.0,0.0,0.0,0.0,0.0,0.0
2022,3,26,6,-0.0,-0.0,-0.0,-0.0,-0.0,-0.0,-0.0,-0.0
2022,3,26,7,17.372538276132513,29.856378453367807,31.802588461572164,32.88653335261721,119.54298394041285,373.5677160603371,438.19652594959325,388.96132345888526
2022,3,26,8,148.6693997817552,198.79482938579505,209.5193932326489,207.38107138132912,367.9615453925151,622.6735065488925,671.8139044234682,608.9565009869756
2022,3,26,9,456.57549509961996,580.6120644058574,622.0973830754205,505.18239818328874,551.9373663933351,702.636621707849,746.1804140544624,588.8239809886386
2022,3,26,10,680.2024529322433,711.5993210555116,775.3774723157983,497.32562971093057,683.6204787197645,713.8719779798511,773.6862976800278,481.2234924178911
2022,3,26,11,761.5421220129955,708.666759212322,787.6374789984667,319.4150903660509,769.6025785933314,718.7129725657297,794.5444294730396,295.07783137054344
2022,3,26,12,781.238589116541,701.3184601251482,785.308153508835,176.10575873043385,805.6789615866477,724.0644304724353,809.0807866364555,137.3941681869283
2022,3,26,13,762.1134131341108,717.1787191428955,793.291531682391,295.6562179361047,781.6049799347867,735.5419739081234,812.6588797601249,261.0441739895362
2022,3,26,14,699.1379108588378,744.7068348423373,808.8806625867286,437.6256956858053,705.7914565847814,751.1137246890911,812.8271173778646,408.19905814068716
2022,3,26,15,580.9043234095983,760.679941594776,809.5447654041049,537.6399665013776,574.7826259984378,752.2127665190709,798.462580629362,509.7613774274386
2022,3,26,16,413.18457089845606,724.6954894511402,789.3119435477707,571.1728986223386,397.2951375276052,700.1671599687439,758.8369160153586,542.7781034970125
2022,3,26,17,192.16949609632252,553.5418853965789,688.5690123959927,429.92277735919987,169.02271912453563,510.52200591549223,634.5767243223154,394.5260620425552
2022,3,26,18,27.21929775975127,35.84884650227848,250.20805426926657,33.23937683493807,13.188868436746613,19.76047916115485,171.74129217092818,17.47732756921861
2022,3,26,19,0.0,0.0,0.0,0.0,0.0,0.0,0.0,0.0
2022,3,26,20,0.0,0.0,0.0,0.0,0.0,0.0,0.0,0.0
2022,3,26,21,0.0,0.0,0.0,0.0,0.0,0.0,0.0,0.0
2022,3,26,22,0.0,0.0,0.0,0.0,0.0,0.0,0.0,0.0
2022,3,26,23,0.0,0.0,0.0,0.0,0.0,0.0,0.0,0.0
2022,3,27,0,0.0,0.0,0.0,0.0,0.0,0.0,0.0,0.0
2022,3,27,1,0.0,0.0,0.0,0.0,0.0,0.0,0.0,0.0
2022,3,27,2,0.0,0.0,0.0,0.0,0.0,0.0,0.0,0.0
2022,3,27,3,0.0,0.0,0.0,0.0,0.0,0.0,0.0,0.0
2022,3,27,4,0.0,0.0,0.0,0.0,0.0,0.0,0.0,0.0
2022,3,27,5,0.0,0.0,0.0,0.0,0.0,0.0,0.0,0.0
2022,3,27,6,-0.0,-0.0,-0.0,-0.0,-0.0,-0.0,-0.0,-0.0
2022,3,27,7,35.26476409762402,109.44435419619012,129.5039502739187,117.17160325214797,121.75759877001954,382.3414874911479,446.9985457915388,401.26557975543795
2022,3,27,8,302.21669655464285,522.5033663812416,568.903132725132,517.1428937258922,372.6575833342854,639.0488987961389,689.7303804142456,622.1686668859567
2022,3,27,9,535.5751554559592,691.9754523155684,737.9933589994363,587.2535952068038,568.9639140582515,732.1228921742384,777.374497228356,605.6859760714642
2022,3,27,10,685.8657667737214,719.4615567416486,782.9435127808962,498.7008787490625,704.0529780040769,737.9656498946133,800.0084869556173,487.94604643577406
2022,3,27,11,775.9996407428176,723.2541520207849,802.7452686596787,320.9751925465388,785.9701859475939,734.14415247725,811.8525352829712,292.19751786263686
2022,3,27,12,793.1709832814147,713.6092829910158,797.6713796978352,179.4336939749107,812.4654663826577,731.4340160589298,816.1819414932395,139.08051226427025
2022,3,27,13,786.3751306934573,740.2420237371807,820.7814976591263,306.98680700119365,685.1933427598101,650.4681424092221,715.6325137760714,276.3420660112899
2022,3,27,14,656.147934777219,698.8804932959921,758.7947209163041,429.0473594753981,712.3136835162268,761.0361857381283,822.2019708907759,410.5668347396675
2022,3,27,15,594.7302227093676,783.5589626585279,833.3333333333334,548.3456313237683,582.5373881572492,768.3423355953518,814.2350536766321,514.212976163683
2022,3,27,16,421.037408821635,743.8937315299495,808.7829764828215,585.1960728839138,402.4233309948095,719.1744074295704,778.697664439869,552.0298376210397
2022,3,27,17,188.88836562824676,543.2523844579475,668.473898504403,423.65319282723107,171.31492982896907,539.9997510912935,668.7486111466538,415.16087250619455
2022,3,27,18,29.439316242574076,38.53343666873787,236.7995335486828,35.79402619595549,13.19577409584804,22.25971330115927,196.0634879316848,19.272725059541116
2022,3,27,19,0.0,0.0,0.0,0.0,0.0,0.0,0.0,0.0
2022,3,27,20,0.0,0.0,0.0,0.0,0.0,0.0,0.0,0.0
2022,3,27,21,0.0,0.0,0.0,0.0,0.0,0.0,0.0,0.0
2022,3,27,22,0.0,0.0,0.0,0.0,0.0,0.0,0.0,0.0
2022,3,27,23,0.0,0.0,0.0,0.0,0.0,0.0,0.0,0.0
2022,3,28,0,0.0,0.0,0.0,0.0,0.0,0.0,0.0,0.0
2022,3,28,1,0.0,0.0,0.0,0.0,0.0,0.0,0.0,0.0
2022,3,28,2,0.0,0.0,0.0,0.0,0.0,0.0,0.0,0.0
2022,3,28,3,0.0,0.0,0.0,0.0,0.0,0.0,0.0,0.0
2022,3,28,4,0.0,0.0,0.0,0.0,0.0,0.0,0.0,0.0
2022,3,28,5,0.0,0.0,0.0,0.0,0.0,0.0,0.0,0.0
2022,3,28,6,-0.0,-0.0,-0.0,-0.0,-0.0,-0.0,-0.0,-0.0
2022,3,28,7,18.448313060455114,44.28244865253362,50.501376287691976,48.90799424552227,120.93232930215483,375.93937660369664,438.6175666035273,399.05577047689195
2022,3,28,8,237.99932674504402,408.4180828816945,445.0454393499232,406.4640732474922,368.3838742873189,631.6980399801537,680.8765362843219,614.8709447735292
2022,3,28,9,419.1434229200841,537.6621738123705,575.3366607821921,463.9606654230649,561.821272414057,723.9707870050329,767.7398303077471,599.7159626662633
2022,3,28,10,648.6934229579995,678.4438340009982,736.4122509045998,496.3116141141298,697.9415571382342,733.0366888949011,793.3172564236589,485.99493661756117
2022,3,28,11,732.0657909738958,688.5736244287896,759.8107731937348,350.83988041056665,782.8289542375312,732.847330225229,808.6083668197749,294.0703146438504
2022,3,28,12,384.6575707021114,369.78196875556756,394.0830667821374,203.7375963642554,487.7028947956288,470.94793261962536,500.12177264635045,238.33884634065686
2022,3,28,13,612.1358863798647,584.55500914649,641.4891747398761,294.22171617705686,784.384871833467,742.461294872668,817.0394325619886,266.3922902427929
2022,3,28,14,707.4647751373806,756.2031661078597,819.083507872387,459.63102027818167,706.6172589194246,757.7354788395019,816.9931745405969,411.9926644611883
2022,3,28,15,592.3419380660653,763.5599206114816,812.2023281735702,552.2211635387237,579.0903042248517,768.5902907633297,813.1989893317442,514.2689687619887
2022,3,28,16,395.6875509139269,680.3849775252464,737.2974247118215,537.2701203268807,399.4358844270872,715.39602713836,773.2528090414985,549.9228652343552
2022,3,28,17,185.77663321192094,453.12779418832287,539.9674622321025,363.9401694845926,167.49344334064037,538.8036682999318,663.987532723608,413.7345516660525
2022,3,28,18,36.71251333957252,40.095841910883934,142.28931350660983,39.052442440035875,13.092974698264383,23.08797787412476,191.60264702088202,19.82047505351883
2022,3,28,19,0.0,0.0,0.0,0.0,0.0,0.0,0.0,0.0
2022,3,28,20,0.0,0.0,0.0,0.0,0.0,0.0,0.0,0.0
2022,3,28,21,0.0,0.0,0.0,0.0,0.0,0.0,0.0,0.0
2022,3,28,22,0.0,0.0,0.0,0.0,0.0,0.0,0.0,0.0
2022,3,28,23,0.0,0.0,0.0,0.0,0.0,0.0,0.0,0.0
2022,3,29,0,0.0,0.0,0.0,0.0,0.0,0.0,0.0,0.0
2022,3,29,1,0.0,0.0,0.0,0.0,0.0,0.0,0.0,0.0
2022,3,29,2,0.0,0.0,0.0,0.0,0.0,0.0,0.0,0.0
2022,3,29,3,0.0,0.0,0.0,0.0,0.0,0.0,0.0,0.0
2022,3,29,4,0.0,0.0,0.0,0.0,0.0,0.0,0.0,0.0
2022,3,29,5,0.0,0.0,0.0,0.0,0.0,0.0,0.0,0.0
2022,3,29,6,-0.0,-0.0,-0.0,-0.0,-0.0,-0.0,-0.0,-0.0
2022,3,29,7,5.456835538584325,4.514693017053216,3.0465379987371213,5.295113828098117,49.41354126879953,51.97405456115737,45.57619574035176,55.63971507337514
2022,3,29,8,79.31883107950372,83.93205942453947,83.52867371217873,90.5206269264697,103.10251367484803,102.22891303189628,98.48197920367863,106.51859615009892
2022,3,29,9,163.03291089544686,155.8145084641319,163.7285941605454,162.5731281104771,213.6685892426415,220.36830102446092,233.7113194689854,213.29717315399853
2022,3,29,10,300.9619022426532,306.5118875962537,321.98334571877257,262.9962193445231,516.618466249571,537.4992847933042,577.6952039696639,393.77951607347126
2022,3,29,11,498.5516496225737,479.06199100597127,518.9543662346451,286.3528899729212,432.10404126734966,432.696955128656,449.36818918447716,290.5047211475524
2022,3,29,12,638.3025729115615,583.2780809164542,647.4493453034421,220.92049669953803,607.508241644177,566.5133422555544,617.8225386482371,216.43432729035698
2022,3,29,13,631.5609989984371,611.9425461793053,661.6038175545599,332.36866004407904,779.4209327669195,739.1706676653645,813.8005775119644,274.7971676499531
2022,3,29,14,561.315165934562,592.7720293595762,637.6306590451691,400.444937476866,78.18183254552177,75.9848362467617,76.57519945545889,72.21121424370504
2022,3,29,15,326.272317949342,363.8155562752177,386.348309136879,311.61355119295484,363.4891215117234,418.32778764363064,444.84282821309864,336.1080988371778
2022,3,29,16,204.86142563779654,253.5138566730832,263.20303962504687,236.8778567373941,232.89783423362158,304.1185184972282,315.9226190562987,267.41220388022697
2022,3,29,17,79.05232192952053,97.80356070693288,95.05141364672453,94.46278626210037,62.718045275197774,71.9703698220192,66.2268674386171,68.84549637225065
2022,3,29,18,6.641960326359008,5.3994896722488654,1.758785364040662,5.750512212718058,6.432611225226946,5.214909210937871,1.646644600423762,5.4069829864786065
2022,3,29,19,0.0,0.0,0.0,0.0,0.0,0.0,0.0,0.0
2022,3,29,20,0.0,0.0,0.0,0.0,0.0,0.0,0.0,0.0
2022,3,29,21,0.0,0.0,0.0,0.0,0.0,0.0,0.0,0.0
2022,3,29,22,0.0,0.0,0.0,0.0,0.0,0.0,0.0,0.0
2022,3,29,23,0.0,0.0,0.0,0.0,0.0,0.0,0.0,0.0
2022,3,30,0,0.0,0.0,0.0,0.0,0.0,0.0,0.0,0.0
2022,3,30,1,0.0,0.0,0.0,0.0,0.0,0.0,0.0,0.0
2022,3,30,2,0.0,0.0,0.0,0.0,0.0,0.0,0.0,0.0
2022,3,30,3,0.0,0.0,0.0,0.0,0.0,0.0,0.0,0.0
2022,3,30,4,0.0,0.0,0.0,0.0,0.0,0.0,0.0,0.0
2022,3,30,5,0.0,0.0,0.0,0.0,0.0,0.0,0.0,0.0
2022,3,30,6,-0.0,-0.0,-0.0,-0.0,-0.0,-0.0,-0.0,-0.0
2022,3,30,7,-0.0,-0.0,-0.0,-0.0,20.053828166634784,17.06237683683437,12.850238400695742,18.18723512780396
2022,3,30,8,5.657717614378416,4.561639525897852,4.027175520204058,5.362030468874627,80.94062520838581,73.7571334629339,69.3458565002826,77.9486144005191
2022,3,30,9,31.910553818399745,27.953406997595515,29.224147985371463,30.914232372501935,14.739484480595197,12.434130554458786,13.015946000408617,13.358843410992733
2022,3,30,10,39.417883747411636,38.93668833118543,39.04911334665732,38.13374917846699,17.890719184030054,17.616748507133927,17.577216986004437,16.35560729866601
2022,3,30,11,114.68009274143941,114.08884194076794,119.46694112181544,83.89064904301274,126.80951699328736,135.96554077179496,131.5203048971424,114.07702894643515
2022,3,30,12,615.4991651555897,563.5034824448943,623.4965776438288,213.08798362065437,820.1417813203064,744.4808203241984,824.1507897474187,143.39522625382588
2022,3,30,13,779.4662695245479,743.3621084594254,812.8829956831694,306.0151732458368,805.1943345572557,766.917624789095,833.3333333333334,270.69883653408533
2022,3,30,14,720.7593240383344,779.3092330219304,833.3333333333334,449.9181891341774,723.0758496722311,781.2658401122121,833.3333333333334,420.1603334600997
2022,3,30,15,599.8705454838332,804.5122217572431,833.3333333333334,550.437671380426,586.9170975286592,782.1060183579432,822.8624137773498,521.9321339307925
2022,3,30,16,423.68165826692973,771.4698727404494,833.3333333333334,593.6732118750451,404.0886290939106,732.7445299679911,789.2682330145785,562.4233277130496
2022,3,30,17,190.82630967585433,620.281715499083,756.4146678327181,476.1038977823181,167.89863601817223,561.6603563013962,682.2754321666969,433.7436196210484
2022,3,30,18,22.3372939129042,42.11889656940316,304.55372994661303,36.167570914897105,12.615401420540243,26.6216213745508,211.04495711481658,22.155389029665052
2022,3,30,19,0.0,0.0,0.0,0.0,0.0,0.0,0.0,0.0
2022,3,30,20,0.0,0.0,0.0,0.0,0.0,0.0,0.0,0.0
2022,3,30,21,0.0,0.0,0.0,0.0,0.0,0.0,0.0,0.0
2022,3,30,22,0.0,0.0,0.0,0.0,0.0,0.0,0.0,0.0
2022,3,30,23,0.0,0.0,0.0,0.0,0.0,0.0,0.0,0.0
2022,3,31,0,0.0,0.0,0.0,0.0,0.0,0.0,0.0,0.0
2022,3,31,1,0.0,0.0,0.0,0.0,0.0,0.0,0.0,0.0
2022,3,31,2,0.0,0.0,0.0,0.0,0.0,0.0,0.0,0.0
2022,3,31,3,0.0,0.0,0.0,0.0,0.0,0.0,0.0,0.0
2022,3,31,4,0.0,0.0,0.0,0.0,0.0,0.0,0.0,0.0
2022,3,31,5,0.0,0.0,0.0,0.0,0.0,0.0,0.0,0.0
2022,3,31,6,-0.0,-0.0,-0.0,-0.0,-0.0,-0.0,-0.0,-0.0
2022,3,31,7,57.404748992593916,191.1300590845702,224.75231101484366,209.80734962217997,140.20634775189887,442.8909082570282,512.1046698145016,480.75261422785724
2022,3,31,8,335.19324239833867,579.6802169052611,623.4635599803929,565.6429125850109,395.1217343470019,679.6246168431899,727.3971075282499,655.0187833019988
2022,3,31,9,549.6324080214462,708.9095854817255,747.6374875123439,595.9781665297093,585.1773297417795,750.8451174271667,789.7930478372839,618.9449001967881
2022,3,31,10,700.9423808559422,740.2124703049142,796.6074503931824,506.706769529439,717.6989897764853,757.0984464583172,812.1167711776989,499.4214023063099
2022,3,31,11,773.2093606891801,730.1786387602745,797.7780583987334,322.69851100404304,787.6684232021805,745.0786452362786,812.0866774644006,299.0924408155034
2022,3,31,12,798.1195992335201,729.4988606853342,802.0489276048426,181.00526340517786,800.0079124458656,732.7412829778136,803.806577978076,146.91382620460396
2022,3,31,13,782.838724665603,749.167157143847,815.8578009551527,308.71601715550446,776.4141740108545,744.1956837650962,808.181735405181,276.6798801933351
2022,3,31,14,710.5230172592566,767.4865662991095,820.5297467572915,456.1317009934417,700.8543147036044,756.5710447869947,807.1892042388037,425.22451929516734
2022,3,31,15,588.033816819171,780.2537206203654,820.8706204923225,558.4214548429543,577.1703507106599,765.555752649615,803.5255999673493,528.9401578629551
2022,3,31,16,414.52029857464345,732.8237508133028,787.7871718123556,596.8851062390381,400.4581890965365,715.2794031816077,767.124477297064,565.1888326899979
2022,3,31,17,187.60355438459527,599.8794056658995,720.3752789242167,476.9040335592644,169.6189781390327,559.579940533644,670.5595948917091,443.48894266037996
2022,3,31,18,23.26931520185967,44.77052972416717,299.76286287282187,38.354822280245216,13.766207599039104,29.36119662727103,213.01903976465832,24.440787509653934
2022,3,31,19,0.0,0.0,0.0,0.0,0.0,0.0,0.0,0.0
2022,3,31,20,0.0,0.0,0.0,0.0,0.0,0.0,0.0,0.0
2022,3,31,21,0.0,0.0,0.0,0.0,0.0,0.0,0.0,0.0
2022,3,31,22,0.0,0.0,0.0,0.0,0.0,0.0,0.0,0.0
2022,3,31,23,0.0,0.0,0.0,0.0,0.0,0.0,0.0,0.0
2022,4,1,0,0.0,0.0,0.0,0.0,0.0,0.0,0.0,0.0
2022,4,1,1,0.0,0.0,0.0,0.0,0.0,0.0,0.0,0.0
2022,4,1,2,0.0,0.0,0.0,0.0,0.0,0.0,0.0,0.0
2022,4,1,3,0.0,0.0,0.0,0.0,0.0,0.0,0.0,0.0
2022,4,1,4,0.0,0.0,0.0,0.0,0.0,0.0,0.0,0.0
2022,4,1,5,0.0,0.0,0.0,0.0,0.0,0.0,0.0,0.0
2022,4,1,6,-0.0,-0.0,-0.0,-0.0,-0.0,-0.0,-0.0,-0.0
2022,4,1,7,53.72292631481342,175.38432840366252,205.77899822434185,194.97401806122966,136.13849921957285,424.64521988734947,490.0140466766535,466.0975206836452
2022,4,1,8,324.82830034699714,563.2345609604118,605.5091356474247,549.1276627804035,380.24399221996475,653.5156873094959,698.6722035867075,629.3178132060258
2022,4,1,9,538.7760677692373,696.2298335273166,733.7150972827533,583.7209944976904,570.7515300366005,738.2247545968528,777.3326876420402,605.5425549871829
2022,4,1,10,687.6976774689219,728.0075840044432,782.4767380917514,496.26645430632954,703.0198583351221,743.7595185735553,797.5332797026995,487.36195074855203
2022,4,1,11,774.1095868168568,731.6706572406492,799.8965237121539,317.6352340145507,782.8518785819558,741.5739395962057,808.6223142075326,294.96530201067594
2022,4,1,12,813.4422021126315,742.290473230745,818.1428658439912,179.79220005181853,808.7801668401441,740.8371306762369,813.6754848088542,150.32309979453458
2022,4,1,13,796.7280292735192,763.6559289969181,832.9130951982905,306.08536909573724,780.6677263605934,750.028502833385,815.0688042389435,275.2615377093681
2022,4,1,14,720.973121003763,783.719804974641,833.3333333333334,451.8721748417118,706.0337190925777,767.6812785104858,821.160289889296,421.09858382247523
2022,4,1,15,595.7930852110426,799.8823070365555,833.3333333333334,553.9473549551874,573.725325899068,766.6509238936068,805.5827808288902,518.3169759168867
2022,4,1,16,418.5642416731508,754.4278654552265,814.4322791300627,589.07561392158,395.78187413885405,714.6539591400073,768.2119306964776,550.6620514236636
2022,4,1,17,191.46823024556616,594.1125037268785,709.3909768608161,463.52078791475026,168.37239160124938,536.5189800232033,639.6576979113386,416.7537695460919
2022,4,1,18,28.230008273783422,47.149526641743705,260.7726889137303,41.47176981207915,16.500754079616108,29.030660157489393,170.74235830899295,24.958163969453544
2022,4,1,19,0.0,0.0,0.0,0.0,0.0,0.0,0.0,0.0
2022,4,1,20,0.0,0.0,0.0,0.0,0.0,0.0,0.0,0.0
2022,4,1,21,0.0,0.0,0.0,0.0,0.0,0.0,0.0,0.0
2022,4,1,22,0.0,0.0,0.0,0.0,0.0,0.0,0.0,0.0
2022,4,1,23,0.0,0.0,0.0,0.0,0.0,0.0,0.0,0.0
2022,4,2,0,0.0,0.0,0.0,0.0,0.0,0.0,0.0,0.0
2022,4,2,1,0.0,0.0,0.0,0.0,0.0,0.0,0.0,0.0
2022,4,2,2,0.0,0.0,0.0,0.0,0.0,0.0,0.0,0.0
2022,4,2,3,0.0,0.0,0.0,0.0,0.0,0.0,0.0,0.0
2022,4,2,4,0.0,0.0,0.0,0.0,0.0,0.0,0.0,0.0
2022,4,2,5,0.0,0.0,0.0,0.0,0.0,0.0,0.0,0.0
2022,4,2,6,-0.0,-0.0,-0.0,-0.0,-0.0,-0.0,-0.0,-0.0
2022,4,2,7,0.8452512979438299,0.38849271460354623,-0.0,0.7931811479446251,106.44611906808896,285.11593356750205,324.9292481379713,317.45452463014817
2022,4,2,8,59.71764656632699,53.758082843246235,50.98677941923989,59.17269166791365,329.8440628810013,545.5239223666889,581.9747043769518,531.2616868095525
2022,4,2,9,207.5464484520052,212.22207912545784,225.81632635100007,214.4896994981812,495.2178606487314,624.6890548554024,656.6892817343225,527.8607332840486
2022,4,2,10,551.4413533331456,580.1708294651031,621.8107217270114,431.0820587935801,157.16182927784678,157.07122470929144,158.85807649325096,144.3531437991572
2022,4,2,11,210.2105950619226,222.7438118903245,219.05185197709812,191.26709969351091,106.47465137665593,114.7078002139057,110.9536962459063,97.02296936027442
2022,4,2,12,185.23289051991034,201.07951677879004,194.42430009664042,164.44126761889373,159.89673286563516,175.1514345850968,168.18767303679613,138.8121931585792
2022,4,2,13,199.5520776915322,210.02378563540844,207.3877110554994,180.6056550158899,195.53465185014352,206.26252113894202,203.11489178224681,169.5384623292759
2022,4,2,14,253.55719798360886,253.4851197580565,261.7231157754867,230.33005231216512,652.0943569229752,707.0982337863721,751.8873817525892,411.06203517817283
2022,4,2,15,464.7593558498424,577.937119149506,610.5027783660981,450.0550578188986,534.8859605207017,707.2230107456994,740.84586702026,501.23459866239097
2022,4,2,16,407.08162164783516,693.0077087495123,742.6223343704224,564.5126634624498,370.40270042980694,651.4427720054296,696.2690186731622,527.2439854245948
2022,4,2,17,187.63845841297928,560.6954747441995,660.6978379905477,447.0307197263226,161.60586380090984,498.193165633905,585.1094259276471,400.6993368872931
2022,4,2,18,28.89079175354216,47.46896851054795,240.780569071903,41.950203848510085,17.01090109150526,29.33588601665822,158.28472778586885,25.339804623248227
2022,4,2,19,0.0,0.0,0.0,0.0,0.0,0.0,0.0,0.0
2022,4,2,20,0.0,0.0,0.0,0.0,0.0,0.0,0.0,0.0
2022,4,2,21,0.0,0.0,0.0,0.0,0.0,0.0,0.0,0.0
2022,4,2,22,0.0,0.0,0.0,0.0,0.0,0.0,0.0,0.0
2022,4,2,23,0.0,0.0,0.0,0.0,0.0,0.0,0.0,0.0
2022,4,3,0,0.0,0.0,0.0,0.0,0.0,0.0,0.0,0.0
2022,4,3,1,0.0,0.0,0.0,0.0,0.0,0.0,0.0,0.0
2022,4,3,2,0.0,0.0,0.0,0.0,0.0,0.0,0.0,0.0
2022,4,3,3,0.0,0.0,0.0,0.0,0.0,0.0,0.0,0.0
2022,4,3,4,0.0,0.0,0.0,0.0,0.0,0.0,0.0,0.0
2022,4,3,5,0.0,0.0,0.0,0.0,0.0,0.0,0.0,0.0
2022,4,3,6,-0.0,-0.0,-0.0,-0.0,-0.0,-0.0,-0.0,-0.0
2022,4,3,7,30.67065987240679,75.47311878658404,85.20909927217313,84.90443115284457,133.30368770577647,404.52227832077176,463.72015184068476,446.3390907232021
2022,4,3,8,189.46569936690418,283.03038081297933,300.6752801129673,285.6270239009122,374.743146072321,640.0774580072228,681.044482864475,614.3246235710652
2022,4,3,9,255.76236018860416,288.92504357527463,307.15809975005794,272.0909890940377,563.3761526312097,728.2333024082245,763.4088336438563,595.4674491734843
2022,4,3,10,627.1454160616645,665.4904013115212,712.9692480723642,461.22445243542575,700.4081554144516,743.5625983881766,793.3722342099209,483.28291980505645
2022,4,3,11,781.6081374202877,742.1045798916487,807.1881766628547,313.9692131216531,785.1934734081237,747.467353459604,810.6828657791954,291.2538779669454
2022,4,3,12,814.4186517177708,747.4538199751443,818.8862290387145,173.84364609712742,813.1492012010275,749.0179256327596,818.2296794661879,147.3610593223067
2022,4,3,13,803.9512363547683,774.9059538232088,833.3333333333334,302.6027671390373,784.4641530475401,758.2157313899529,819.9758610394016,274.56049864930304
2022,4,3,14,726.1504976764343,796.0226655798092,833.3333333333334,451.06614594950395,706.1032563452351,772.0212640462217,820.6544464415762,420.97096653345113
2022,4,3,15,598.5597396942971,810.8946696186525,833.3333333333334,555.630349740949,577.2824682086525,779.3919854076946,815.7926802749826,522.8765574582014
2022,4,3,16,421.27783986510786,777.0337972843696,833.3333333333334,603.8174585548921,396.13902547527243,727.3464670135687,779.7273305431066,557.7067336527731
2022,4,3,17,186.38183529948648,648.8259659383756,770.3661356048055,502.2280569111214,166.71390012763072,563.1897515282719,664.5515932941902,437.08628009625676
2022,4,3,18,21.858043803230508,51.38046198441051,319.60363466414873,42.528404619348,15.455673426492432,32.92086997450905,195.68029562020266,27.38346870555103
2022,4,3,19,0.0,0.0,0.0,0.0,0.0,0.0,0.0,0.0
2022,4,3,20,0.0,0.0,0.0,0.0,0.0,0.0,0.0,0.0
2022,4,3,21,0.0,0.0,0.0,0.0,0.0,0.0,0.0,0.0
2022,4,3,22,0.0,0.0,0.0,0.0,0.0,0.0,0.0,0.0
2022,4,3,23,0.0,0.0,0.0,0.0,0.0,0.0,0.0,0.0
2022,4,4,0,0.0,0.0,0.0,0.0,0.0,0.0,0.0,0.0
2022,4,4,1,0.0,0.0,0.0,0.0,0.0,0.0,0.0,0.0
2022,4,4,2,0.0,0.0,0.0,0.0,0.0,0.0,0.0,0.0
2022,4,4,3,0.0,0.0,0.0,0.0,0.0,0.0,0.0,0.0
2022,4,4,4,0.0,0.0,0.0,0.0,0.0,0.0,0.0,0.0
2022,4,4,5,0.0,0.0,0.0,0.0,0.0,0.0,0.0,0.0
2022,4,4,6,-0.0,-0.0,-0.0,-0.0,-0.0,-0.0,-0.0,-0.0
2022,4,4,7,0.6761623573231327,0.5019447201592342,-0.0,0.9152035720676318,112.77860709148243,304.30156906991635,345.6208577128323,337.32969501977607
2022,4,4,8,37.60897305692333,33.120221698385684,31.314190904925997,36.66758535901837,33.76665735401951,29.132300148671735,27.069071294025633,31.009167493884437
2022,4,4,9,70.41062174708206,62.53006120175256,65.90819104141076,68.75864652049066,43.568775193489444,37.79924405407754,39.77212949039624,40.282674636935596
2022,4,4,10,54.00871652251751,53.73263224417457,54.05081982703395,52.44823893877336,20.521264020095728,20.37562460084504,20.416729431975178,18.82784748292176
2022,4,4,11,217.30633273323883,230.37677713108945,227.1290883420456,195.26472563189998,153.43971145556992,164.38392973823002,160.418459449025,135.8325021674767
2022,4,4,12,110.60929679480228,121.9795713406286,116.84661470733099,102.72593694062252,108.98121031095232,120.77152794659092,115.29180128418042,97.45420714753622
2022,4,4,13,105.56279001552076,112.31242275402681,109.8232665629286,99.90663929067776,17.667376566311237,19.203139264402548,18.47615912578725,16.207872349013634
2022,4,4,14,73.74760182904335,71.86663166612401,73.08322213008022,71.42311534617006,36.133752523111944,35.00925571404658,35.45734116037779,33.40587646786705
2022,4,4,15,50.54989815438537,44.20786929708188,45.75503800151237,49.0878313359872,18.003634779202773,15.298413850289439,15.829510681169788,16.390353313676687
2022,4,4,16,35.09817450021503,30.52227892178298,28.026575454277605,33.892437446942786,17.651671187609832,14.966111131578673,13.324031745291943,15.996965800717973
2022,4,4,17,28.07524666882727,24.92984630119058,19.80255976314143,27.42246155048163,3.5638874004102017,2.6112367743481584,1.1901090317283802,2.943918860252808
2022,4,4,18,3.35468207266541,2.498448098940298,0.04936025660884349,2.739826920246647,21.61463456403015,26.177438419657733,77.36509043683618,24.413245937189306
2022,4,4,19,0.0,0.0,0.0,0.0,0.0,0.0,0.0,0.0
2022,4,4,20,0.0,0.0,0.0,0.0,0.0,0.0,0.0,0.0
2022,4,4,21,0.0,0.0,0.0,0.0,0.0,0.0,0.0,0.0
2022,4,4,22,0.0,0.0,0.0,0.0,0.0,0.0,0.0,0.0
2022,4,4,23,0.0,0.0,0.0,0.0,0.0,0.0,0.0,0.0
2022,4,5,0,0.0,0.0,0.0,0.0,0.0,0.0,0.0,0.0
2022,4,5,1,0.0,0.0,0.0,0.0,0.0,0.0,0.0,0.0
2022,4,5,2,0.0,0.0,0.0,0.0,0.0,0.0,0.0,0.0
2022,4,5,3,0.0,0.0,0.0,0.0,0.0,0.0,0.0,0.0
2022,4,5,4,0.0,0.0,0.0,0.0,0.0,0.0,0.0,0.0
2022,4,5,5,0.0,0.0,0.0,0.0,0.0,0.0,0.0,0.0
2022,4,5,6,-0.0,-0.0,-0.0,-0.0,-0.0,-0.0,-0.0,-0.0
2022,4,5,7,8.839838140374512,7.867400025329134,6.127977624509867,8.980245263235833,53.707478646997394,54.787474333391664,48.01437917145978,58.8494624004222
2022,4,5,8,72.22545262803956,66.18518851584818,63.61883303261548,72.59608522292365,72.79006603360351,67.07946733726101,63.91303201848307,70.59447376442118
2022,4,5,9,183.71246638643962,187.21571880848572,199.2451004216375,188.98889539797943,124.71726170390798,113.22789817183133,119.57326321621215,117.89554226964071
2022,4,5,10,264.7489211832679,270.95494891550203,281.81577346841715,238.03506336735222,273.4313186508682,280.0832557806806,290.90351888037867,234.6953895894721
2022,4,5,11,300.29182622355756,307.5198219177778,314.004050600118,233.03608381551118,424.04992081507237,422.3666524888488,442.1811462244296,262.6024880961972
2022,4,5,12,614.9826204482638,584.5619931373659,627.1693339008506,253.9521203663211,530.3928818398887,507.0469564315346,542.2045951680009,214.74291222190507
2022,4,5,13,356.853725856063,363.5182911436666,374.43884031446726,257.9718794863663,622.0079929014287,616.1019396510037,653.2129601640228,320.77025653750167
2022,4,5,14,601.1224750241548,645.282990853727,684.2559331763197,443.5763516089819,648.5039754340997,711.9863615418049,755.4575220136745,406.26509663206207
2022,4,5,15,414.28857928955904,489.7247897053895,518.6322775764401,403.43816623827485,526.9280300286404,704.8233467170206,737.0755802252442,490.2355244532819
2022,4,5,16,382.7180712821778,602.8147373943873,640.6145441948015,506.45327766917995,361.49284413944207,641.6949990044927,684.6943094293925,507.60855927678756
2022,4,5,17,185.47593377412397,459.2695961784314,523.4646451256374,379.7055518976065,156.48429783018307,489.0797173030398,564.9341900764933,388.5031926412532
2022,4,5,18,42.48512608444315,39.15271542933888,38.66340375131864,40.11753145356335,23.963240127347913,21.252513857941082,15.840079804651278,21.62971631616723
2022,4,5,19,0.0,0.0,0.0,0.0,0.0,0.0,0.0,0.0
2022,4,5,20,0.0,0.0,0.0,0.0,0.0,0.0,0.0,0.0
2022,4,5,21,0.0,0.0,0.0,0.0,0.0,0.0,0.0,0.0
2022,4,5,22,0.0,0.0,0.0,0.0,0.0,0.0,0.0,0.0
2022,4,5,23,0.0,0.0,0.0,0.0,0.0,0.0,0.0,0.0
2022,4,6,0,0.0,0.0,0.0,0.0,0.0,0.0,0.0,0.0
2022,4,6,1,0.0,0.0,0.0,0.0,0.0,0.0,0.0,0.0
2022,4,6,2,0.0,0.0,0.0,0.0,0.0,0.0,0.0,0.0
2022,4,6,3,0.0,0.0,0.0,0.0,0.0,0.0,0.0,0.0
2022,4,6,4,0.0,0.0,0.0,0.0,0.0,0.0,0.0,0.0
2022,4,6,5,0.0,0.0,0.0,0.0,0.0,0.0,0.0,0.0
2022,4,6,6,-0.0,-0.0,-0.0,-0.0,-0.0,-0.0,-0.0,-0.0
2022,4,6,7,4.006067033168676,3.239988462535765,2.127622106712796,3.9133038843025485,123.37766106788919,348.583560179153,394.98147153492806,383.31337906221415
2022,4,6,8,45.688023365964085,40.315004643417396,38.35304549108508,44.587111200893006,341.7675539823106,576.9639202212769,612.646376716719,553.7903076188079
2022,4,6,9,81.49329481574999,73.72693592954884,77.82088147331284,79.84579476233361,91.29726036453673,81.48429843695187,85.87312724574758,85.51904247429711
2022,4,6,10,434.90065683762606,458.6245462226669,487.0884742988444,345.18660781596935,679.1871049548704,725.7256684300545,771.755671378428,468.50942463790955
2022,4,6,11,298.304858679991,306.04242868409256,312.2409813354538,231.97590748823401,769.606682546902,738.4985320218732,795.325786289585,283.8802138042533
2022,4,6,12,518.9367407323241,505.30861025306626,532.8176706763952,256.40152227407924,800.1122653223678,744.1680630980532,806.4679808793106,148.26329280426586
2022,4,6,13,730.7889794438764,711.3240233907959,768.0799178219642,308.34752471415527,772.7795428702489,754.4228687500934,810.0079770802046,273.57853512409946
2022,4,6,14,688.3812855023342,760.380230152318,806.7347132198107,444.9133931753776,690.8893142323857,763.077690238283,806.5374253686892,414.26915142788596
2022,4,6,15,569.9877939797578,776.4609111702221,812.7956210779718,539.7093415864584,562.6647850298782,768.3789926838377,801.0357734376726,511.69143571926276
2022,4,6,16,398.8076202584409,723.1056136418429,775.0912322300388,567.0540716000042,384.55214538223396,717.613665871544,767.0509832708377,544.6197034454405
2022,4,6,17,182.81306644014603,590.6505494403194,683.6668838460424,462.2466001660514,160.72624987198685,569.9590155269228,661.5703481478394,439.26960426673276
2022,4,6,18,31.557190096937,54.84845867958535,235.00799739238224,47.8610882230631,14.768206906215122,37.820438069328745,210.13492316590884,30.58753861873542
2022,4,6,19,0.0,0.0,0.0,0.0,0.0,0.0,0.0,0.0
2022,4,6,20,0.0,0.0,0.0,0.0,0.0,0.0,0.0,0.0
2022,4,6,21,0.0,0.0,0.0,0.0,0.0,0.0,0.0,0.0
2022,4,6,22,0.0,0.0,0.0,0.0,0.0,0.0,0.0,0.0
2022,4,6,23,0.0,0.0,0.0,0.0,0.0,0.0,0.0,0.0
2022,4,7,0,0.0,0.0,0.0,0.0,0.0,0.0,0.0,0.0
2022,4,7,1,0.0,0.0,0.0,0.0,0.0,0.0,0.0,0.0
2022,4,7,2,0.0,0.0,0.0,0.0,0.0,0.0,0.0,0.0
2022,4,7,3,0.0,0.0,0.0,0.0,0.0,0.0,0.0,0.0
2022,4,7,4,0.0,0.0,0.0,0.0,0.0,0.0,0.0,0.0
2022,4,7,5,0.0,0.0,0.0,0.0,0.0,0.0,0.0,0.0
2022,4,7,6,-0.0,-0.0,-0.0,-0.0,-0.0,-0.0,-0.0,-0.0
2022,4,7,7,51.034855640191694,126.26653152556261,141.56080893814072,140.33560533715467,167.48376602751335,528.1785143388673,600.140283048975,575.012922413946
2022,4,7,8,299.5259680317935,503.7614382816923,537.6551341266108,492.235312966486,421.95215687914265,730.4045877676916,770.6635167462435,689.3167530762287
2022,4,7,9,552.7043164540462,720.3951325317895,754.767066712816,598.8966799430403,615.1205773886621,800.429243515733,832.885265367672,642.5729840751446
2022,4,7,10,732.4941545711476,784.7679808735494,833.2564020590316,521.4594793432811,753.0137769550806,806.7075185736769,833.3333333333334,509.9970688596726
2022,4,7,11,816.9932752211229,784.2918302897084,833.3333333333334,327.18496214125395,831.1865918942892,798.6504237557612,833.3333333333334,296.1822051167561
2022,4,7,12,833.3333333333334,787.6857799547838,833.3333333333334,185.47890173634593,833.3333333333334,795.9633230925908,833.3333333333334,151.62083972257128
2022,4,7,13,828.6228853166147,809.8057295965818,833.3333333333334,318.7399578349019,825.004674767209,807.5466437307174,833.3333333333334,287.1353560303357
2022,4,7,14,748.9839726654616,831.9977193841754,833.3333333333334,469.64689245745615,739.9024682511875,821.0681305178391,833.3333333333334,439.10676783908644
2022,4,7,15,610.6272241284287,833.3333333333334,833.3333333333334,570.5886243344502,603.7237148695682,831.6732997760905,833.3333333333334,545.9495741209009
2022,4,7,16,426.6477591334647,798.6307906785877,833.3333333333334,613.2031302970842,412.5810999880577,776.7826243813623,828.2699437127784,585.2806034771638
2022,4,7,17,190.82566736785466,653.3555899061515,754.3453159336981,507.8064597335984,170.27279971187485,633.1449555496945,731.9700064154223,486.75165887498673
2022,4,7,18,29.248628181455185,63.04591902146733,299.7663458413235,52.89395079568269,14.655540750946706,44.559929249368544,250.47936462579068,35.28289151738813
2022,4,7,19,0.0,0.0,0.0,0.0,0.0,0.0,0.0,0.0
2022,4,7,20,0.0,0.0,0.0,0.0,0.0,0.0,0.0,0.0
2022,4,7,21,0.0,0.0,0.0,0.0,0.0,0.0,0.0,0.0
2022,4,7,22,0.0,0.0,0.0,0.0,0.0,0.0,0.0,0.0
2022,4,7,23,0.0,0.0,0.0,0.0,0.0,0.0,0.0,0.0
2022,4,8,0,0.0,0.0,0.0,0.0,0.0,0.0,0.0,0.0
2022,4,8,1,0.0,0.0,0.0,0.0,0.0,0.0,0.0,0.0
2022,4,8,2,0.0,0.0,0.0,0.0,0.0,0.0,0.0,0.0
2022,4,8,3,0.0,0.0,0.0,0.0,0.0,0.0,0.0,0.0
2022,4,8,4,0.0,0.0,0.0,0.0,0.0,0.0,0.0,0.0
2022,4,8,5,0.0,0.0,0.0,0.0,0.0,0.0,0.0,0.0
2022,4,8,6,-0.0,-0.0,-0.0,-0.0,-0.0,-0.0,-0.0,-0.0
2022,4,8,7,37.62496029290434,67.24757670495273,71.47641314716952,75.28765556277655,170.19310870527852,529.1921956813713,599.3691948685287,575.2218675846713
2022,4,8,8,274.7482550331903,449.94390581475375,478.2726397547412,440.4460565956458,424.3235687431685,734.7431437311599,774.7276515379465,692.8561703594585
2022,4,8,9,535.1488681007829,694.054262524194,726.7109270475179,580.6157633881488,610.62266142777,794.0484738094032,825.1624163713765,637.4520299730057
2022,4,8,10,701.7515883694964,752.3923749735895,798.4563556075585,508.70809840611224,750.1139965260021,805.003150389334,833.3333333333334,507.7502665262204
2022,4,8,11,804.107829261018,772.0330767863544,831.8844299347708,330.64005887806087,833.3333333333334,803.3044855570834,833.3333333333334,297.1715287958044
2022,4,8,12,833.3333333333334,781.4238440765818,833.3333333333334,192.93295891373003,833.3333333333334,795.9494176311207,833.3333333333334,152.84101974459986
2022,4,8,13,815.9429318453928,799.1580149550621,833.3333333333334,326.5935355126196,821.8763092180163,807.2430538114662,833.3333333333334,288.3074906797972
2022,4,8,14,738.7080670451614,822.3924118103916,833.3333333333334,474.0320516561125,735.9026846575065,818.9313194628485,833.3333333333334,439.184346699995
2022,4,8,15,605.3205181378243,829.0381082121761,833.3333333333334,572.5692632818751,599.0431859197452,826.5428110855809,833.3333333333334,544.7209861676921
2022,4,8,16,423.606944913475,785.9759720748465,833.3333333333334,609.7663938207883,408.641725119753,769.1459834897769,818.850979604224,582.4575368482253
2022,4,8,17,191.77660110175864,650.6568962728109,749.2476531683575,510.17035744955245,168.44190259782994,620.9855115182174,716.0054157744486,483.7220656757365
2022,4,8,18,29.181738362276523,64.84490427421723,298.62026573425294,54.16042808644888,16.043983116276866,45.649193104574785,237.44447896113985,36.52516900393308
2022,4,8,19,0.0,0.0,0.0,0.0,0.0,0.0,0.0,0.0
2022,4,8,20,0.0,0.0,0.0,0.0,0.0,0.0,0.0,0.0
2022,4,8,21,0.0,0.0,0.0,0.0,0.0,0.0,0.0,0.0
2022,4,8,22,0.0,0.0,0.0,0.0,0.0,0.0,0.0,0.0
2022,4,8,23,0.0,0.0,0.0,0.0,0.0,0.0,0.0,0.0
2022,4,9,0,0.0,0.0,0.0,0.0,0.0,0.0,0.0,0.0
2022,4,9,1,0.0,0.0,0.0,0.0,0.0,0.0,0.0,0.0
2022,4,9,2,0.0,0.0,0.0,0.0,0.0,0.0,0.0,0.0
2022,4,9,3,0.0,0.0,0.0,0.0,0.0,0.0,0.0,0.0
2022,4,9,4,0.0,0.0,0.0,0.0,0.0,0.0,0.0,0.0
2022,4,9,5,0.0,0.0,0.0,0.0,0.0,0.0,0.0,0.0
2022,4,9,6,-0.0,-0.0,-0.0,-0.0,-0.0,-0.0,-0.0,-0.0
2022,4,9,7,79.82811046613874,243.32040481779728,278.5006924891832,268.514655274417,161.8829360070901,488.3558641619987,550.292360219346,529.7190393648765
2022,4,9,8,344.4361977892836,585.2664349769929,618.6120770385819,563.2018592064338,399.38132599110247,675.373185163848,709.8249202324763,641.1666834813577
2022,4,9,9,538.5915936138312,697.3412126162259,725.6395737666401,580.149269794833,577.902695126788,747.5328643725074,776.3165621829428,608.3947212933214
2022,4,9,10,677.5731579231334,726.5927058650594,766.9917124040957,488.0790625477388,703.6988800193755,754.3383077273601,794.6952436720011,487.88827376534886
2022,4,9,11,767.0866375573771,741.0715861849131,792.909020050227,311.66314152032555,777.2307285694671,752.2295399568527,802.9929288392584,292.6966709629966
2022,4,9,12,796.2626242606619,746.5256849119634,803.2182212309234,181.47967292157608,802.5082892064092,754.225046248467,809.8435172934168,156.431583831296
2022,4,9,13,770.7580735619948,758.898855156625,809.8762758041007,307.6174132697525,777.5622266821937,766.5322812879094,816.4064246101583,286.1226347857484
2022,4,9,14,684.7682838781092,763.3794237420259,804.7635276631695,447.16081947679737,698.5956534518923,778.489970460408,817.7424211708304,428.20885191033244
2022,4,9,15,574.8906862010731,790.3920960226981,822.5113864397456,547.1465260955243,572.9176260972439,789.7630949401188,819.4897286044672,529.5221335941218
2022,4,9,16,405.48079720043853,765.7599435129493,819.1223073305481,587.9993519713046,392.53968806971585,742.5980949352083,791.0470225768302,565.5992381601384
2022,4,9,17,180.5705048614837,642.7257601712329,742.3999404527059,503.9981716834459,163.4786129498413,597.9544031626222,689.269561117095,468.86832499984695
2022,4,9,18,23.51752082503493,61.74399254254874,303.15219841525675,50.2113820427992,15.274392584802465,43.90038201638966,223.21719227763165,35.35195686042747
2022,4,9,19,0.0,0.0,0.0,0.0,0.0,0.0,0.0,0.0
2022,4,9,20,0.0,0.0,0.0,0.0,0.0,0.0,0.0,0.0
2022,4,9,21,0.0,0.0,0.0,0.0,0.0,0.0,0.0,0.0
2022,4,9,22,0.0,0.0,0.0,0.0,0.0,0.0,0.0,0.0
2022,4,9,23,0.0,0.0,0.0,0.0,0.0,0.0,0.0,0.0
2022,4,10,0,0.0,0.0,0.0,0.0,0.0,0.0,0.0,0.0
2022,4,10,1,0.0,0.0,0.0,0.0,0.0,0.0,0.0,0.0
2022,4,10,2,0.0,0.0,0.0,0.0,0.0,0.0,0.0,0.0
2022,4,10,3,0.0,0.0,0.0,0.0,0.0,0.0,0.0,0.0
2022,4,10,4,0.0,0.0,0.0,0.0,0.0,0.0,0.0,0.0
2022,4,10,5,0.0,0.0,0.0,0.0,0.0,0.0,0.0,0.0
2022,4,10,6,-0.0,-0.0,-0.0,-0.0,-0.0,-0.0,-0.0,-0.0
2022,4,10,7,54.17842824614044,146.51440796080283,166.80197667716422,163.6297421859065,134.76359114209205,379.74047515164824,427.48322790231936,414.5397378601543
2022,4,10,8,289.0902629465674,493.1295838861,524.4333432691822,477.34474669353426,357.6025734469729,608.686043109373,643.23400367359,579.3028433467157
2022,4,10,9,446.3272052165934,567.1309731101902,595.3095541691604,483.48445732551295,538.4829477360006,699.496155705068,729.7687832610242,570.0455174544499
2022,4,10,10,575.627129136152,616.4812744754113,653.0349830218242,436.316773054799,670.6865969881302,722.3678752539591,764.2805906854529,468.46514904712075
2022,4,10,11,691.1705445296031,668.982995632901,717.4999902301869,315.83166818979754,751.2735786837358,724.8771605408493,778.2588005874213,291.6845569772143
2022,4,10,12,706.3782579809088,663.5418396440665,716.3403939619162,220.42857590177388,780.3698481272974,730.5223862434825,788.4380925817319,162.72624013417348
2022,4,10,13,551.1197998920328,551.7891755669937,582.4937288810551,306.77004825369,230.80554894198275,243.900223458693,242.3545383521208,198.21349995312468
2022,4,10,14,366.77328843877945,383.7032984340141,401.8424212506597,305.3388976230513,418.6576096476369,439.834874445947,460.64552635447143,330.9683852048207
2022,4,10,15,327.64317464918855,371.0699663067028,391.2779885704268,318.9957534867873,257.74669650740464,258.668490256084,271.571787241945,242.5072998445426
2022,4,10,16,285.5739213891456,412.75369476283043,434.3593002916161,358.92672037843215,362.1662166278798,650.5193128740427,690.9807979584785,503.2132617274744
2022,4,10,17,159.38836252455542,339.1576061543275,377.4594019689053,295.4565274900674,159.5582063631299,481.0687332935347,547.2598596446743,387.5000013117526
2022,4,10,18,13.039170184696701,90.42499276486953,121.48623129761897,26.024289662013917,15.811275108415417,94.29313168403418,197.7034683114685,35.99840828273851
2022,4,10,19,0.0,0.0,0.0,0.0,0.0,0.0,0.0,0.0
2022,4,10,20,0.0,0.0,0.0,0.0,0.0,0.0,0.0,0.0
2022,4,10,21,0.0,0.0,0.0,0.0,0.0,0.0,0.0,0.0
2022,4,10,22,0.0,0.0,0.0,0.0,0.0,0.0,0.0,0.0
2022,4,10,23,0.0,0.0,0.0,0.0,0.0,0.0,0.0,0.0
2022,4,11,0,0.0,0.0,0.0,0.0,0.0,0.0,0.0,0.0
2022,4,11,1,0.0,0.0,0.0,0.0,0.0,0.0,0.0,0.0
2022,4,11,2,0.0,0.0,0.0,0.0,0.0,0.0,0.0,0.0
2022,4,11,3,0.0,0.0,0.0,0.0,0.0,0.0,0.0,0.0
2022,4,11,4,0.0,0.0,0.0,0.0,0.0,0.0,0.0,0.0
2022,4,11,5,0.0,0.0,0.0,0.0,0.0,0.0,0.0,0.0
2022,4,11,6,-0.0,-0.0,-0.0,-0.0,-0.0,-0.0,-0.0,-0.0
2022,4,11,7,0.9973756548385264,0.682255888984058,0.07014760103791495,1.1103954508934124,53.537715709353115,51.06982258212658,44.06728927115289,54.91883873582038
2022,4,11,8,55.097447562929744,56.100121613659304,55.89419435881231,60.59238520188634,54.41195181721697,47.779484241600244,45.5879363084142,51.06385722358386
2022,4,11,9,112.57185668251117,112.93843441674612,119.55825724131098,114.46245485066099,523.3106263035506,678.076039943789,706.2772224042963,553.6471719764928
2022,4,11,10,418.225183761567,444.7327213284645,468.73607082425303,332.42268932733316,179.5659298320418,181.96616449563425,185.10753187630965,163.44594897403525
2022,4,11,11,378.5246905146115,374.1673178325112,395.1857252517456,223.72513096101966,737.1255501233387,715.1650333508676,763.5051741066097,286.96998934894935
2022,4,11,12,471.45643453262016,464.18195411154886,485.73777737863566,239.27249943346794,484.73487322713913,481.11243473695356,501.29582169881536,245.52798134956853
2022,4,11,13,491.91390810688546,499.52929156311933,520.3508194746333,315.7852002781968,239.56048470558383,253.05426990033024,251.82716184700425,205.2112358302876
2022,4,11,14,563.0853228970891,613.6846804661005,646.0516627271884,420.0604087336239,217.3585733584453,216.8103721304573,223.3180961936354,195.09432271252183
2022,4,11,15,207.43863978826474,203.7696644641102,213.96743320041705,202.22628697962696,173.00542970256558,163.6455695214471,171.32522130153623,163.09211219857363
2022,4,11,16,163.80754052019404,174.79577986375833,173.49625442473575,175.19053116102964,198.1986152937699,222.9766709196696,222.7442561220981,211.62127300804624
2022,4,11,17,121.82629863265765,177.64246421443,182.74913293853302,170.18447783079264,158.81240175602463,455.46012696235084,514.3734650050308,372.916929613577
2022,4,11,18,10.590366333485374,45.111498082707094,57.38165340196555,16.568808961587898,13.48281793131473,125.98709335707824,233.20337716029258,39.048108077116396
2022,4,11,19,0.0,0.0,0.0,0.0,0.0,0.0,0.0,0.0
2022,4,11,20,0.0,0.0,0.0,0.0,0.0,0.0,0.0,0.0
2022,4,11,21,0.0,0.0,0.0,0.0,0.0,0.0,0.0,0.0
2022,4,11,22,0.0,0.0,0.0,0.0,0.0,0.0,0.0,0.0
2022,4,11,23,0.0,0.0,0.0,0.0,0.0,0.0,0.0,0.0
2022,4,12,0,0.0,0.0,0.0,0.0,0.0,0.0,0.0,0.0
2022,4,12,1,0.0,0.0,0.0,0.0,0.0,0.0,0.0,0.0
2022,4,12,2,0.0,0.0,0.0,0.0,0.0,0.0,0.0,0.0
2022,4,12,3,0.0,0.0,0.0,0.0,0.0,0.0,0.0,0.0
2022,4,12,4,0.0,0.0,0.0,0.0,0.0,0.0,0.0,0.0
2022,4,12,5,0.0,0.0,0.0,0.0,0.0,0.0,0.0,0.0
2022,4,12,6,-0.0,-0.0,-0.0,-0.0,-0.0,-0.0,-0.0,-0.0
2022,4,12,7,1.3009529147872898,0.706775035652628,0.008633079174636104,1.1432068963527349,43.29120198940377,39.004055219945144,32.60394630895922,41.795577347625354
2022,4,12,8,38.37909311602336,33.86671634881948,32.64271881107873,37.451777428174005,61.267775573804904,54.157219130401366,51.910803780198606,57.81350260469764
2022,4,12,9,73.07070687389141,65.66004708469679,69.42722056472695,71.32080829182792,130.23737728838708,120.92020125977186,127.67653171013679,123.96272667231968
2022,4,12,10,65.0993856184113,65.41806527843768,66.16840146233936,63.104156557016864,188.00087794520826,190.7114974938149,194.12839689398157,171.10582443954738
2022,4,12,11,103.63642841749518,111.91163835310907,109.60455588134644,97.97589577454418,107.28429938838435,116.21453943087725,113.56793388053588,98.1832857870882
2022,4,12,12,167.03045718210058,182.35792193907304,177.6426743913676,148.77009226837694,161.44994178831578,177.28731787187456,172.12704552974614,140.58147497951677
2022,4,12,13,145.52338820689744,154.38585979601856,152.9296327033772,134.14052852934557,274.74970996985746,289.2110933923394,289.2463316913722,226.79991475226993
2022,4,12,14,248.09678577962708,249.76419824231792,258.1867997325124,226.96285129607284,331.1986188411405,344.88914679650924,359.9946544238001,273.13305915911394
2022,4,12,15,183.9456074685696,176.64912944791803,185.56605320030022,179.58718779363014,111.80332215396783,101.80688206854218,106.27146253789164,104.99182811680183
2022,4,12,16,135.63745627108935,144.26620983918656,142.24541748151827,143.80339312961033,159.00731743523144,171.81929624611504,169.36543264509777,165.4746025741747
2022,4,12,17,160.75402648539492,281.3085202897162,302.9077418144333,258.8217242729796,161.25487307776342,401.93077150888286,449.04431859528535,341.1477207192401
2022,4,12,18,15.068543773359034,157.04258234512892,216.26891043928592,41.03782203718351,13.784788161113942,121.56574486880417,213.86364613229932,37.971157293406634
2022,4,12,19,0.0,0.0,0.0,0.0,0.0,0.0,0.0,0.0
2022,4,12,20,0.0,0.0,0.0,0.0,0.0,0.0,0.0,0.0
2022,4,12,21,0.0,0.0,0.0,0.0,0.0,0.0,0.0,0.0
2022,4,12,22,0.0,0.0,0.0,0.0,0.0,0.0,0.0,0.0
2022,4,12,23,0.0,0.0,0.0,0.0,0.0,0.0,0.0,0.0
2022,4,13,0,0.0,0.0,0.0,0.0,0.0,0.0,0.0,0.0
2022,4,13,1,0.0,0.0,0.0,0.0,0.0,0.0,0.0,0.0
2022,4,13,2,0.0,0.0,0.0,0.0,0.0,0.0,0.0,0.0
2022,4,13,3,0.0,0.0,0.0,0.0,0.0,0.0,0.0,0.0
2022,4,13,4,0.0,0.0,0.0,0.0,0.0,0.0,0.0,0.0
2022,4,13,5,0.0,0.0,0.0,0.0,0.0,0.0,0.0,0.0
2022,4,13,6,-0.0,-0.0,-0.0,-0.0,-0.0,-0.0,-0.0,-0.0
2022,4,13,7,0.9970193880482872,0.6232211541934014,0.014327769623155785,1.0462722603750527,129.56060266402685,347.65776628667686,388.30634168469436,378.45732913078166
2022,4,13,8,24.880067193162365,21.651994708445407,20.837043114306073,24.094477682324776,339.977905662811,571.4427266401354,601.2661108003075,541.5605591698671
2022,4,13,9,54.87534094902619,48.97999614864149,51.83590135736756,53.39093570551483,510.9986990857009,660.7414948068008,687.566545483764,537.9012831522156
2022,4,13,10,64.951136797792,65.401582301145,66.06716663969519,63.070387862646754,643.3431639677706,696.1943157980207,732.2951165696932,448.33694132349956
2022,4,13,11,100.14084216451933,108.20468472969748,106.06949399415812,94.3632531449119,117.62973923244535,127.35809137697152,124.68370279376566,106.25068574137586
2022,4,13,12,147.8384377740815,162.16953463804683,157.6734927995773,133.91895518107265,187.3575871206726,205.14615765098867,199.8239192306939,159.6127294947934
2022,4,13,13,113.91297982555689,121.19876595546664,119.81039356363314,106.78676394949838,68.03617330278834,72.92174817827953,71.58960626429071,62.70811969439698
2022,4,13,14,100.71030258692187,99.04227921880168,101.66058926176171,96.50978594568379,69.56557241336444,67.84293636353452,69.37063609691401,64.47786007723437
2022,4,13,15,61.28342059430253,53.79995562511381,56.250032340626845,59.62954473273693,79.23451785418214,70.2625880451439,73.25619981585778,73.74089189137473
2022,4,13,16,51.74471098491371,45.224900901662174,42.18065072152111,50.16088537329447,28.65548287559902,24.629980861163485,22.4770188187089,26.242700139742055
2022,4,13,17,109.88664307810772,153.68260575618334,155.35103540969513,149.18442167297206,38.70378219815636,34.77013727234777,27.768133319615384,36.58186231804431
2022,4,13,18,15.644741974647248,171.8510796419176,236.49284342658348,45.49916902704725,13.999081035022272,121.84388252045377,215.5358755418525,39.7660187075927
2022,4,13,19,0.0,0.0,0.0,0.0,0.0,0.0,0.0,0.0
2022,4,13,20,0.0,0.0,0.0,0.0,0.0,0.0,0.0,0.0
2022,4,13,21,0.0,0.0,0.0,0.0,0.0,0.0,0.0,0.0
2022,4,13,22,0.0,0.0,0.0,0.0,0.0,0.0,0.0,0.0
2022,4,13,23,0.0,0.0,0.0,0.0,0.0,0.0,0.0,0.0
2022,4,14,0,0.0,0.0,0.0,0.0,0.0,0.0,0.0,0.0
2022,4,14,1,0.0,0.0,0.0,0.0,0.0,0.0,0.0,0.0
2022,4,14,2,0.0,0.0,0.0,0.0,0.0,0.0,0.0,0.0
2022,4,14,3,0.0,0.0,0.0,0.0,0.0,0.0,0.0,0.0
2022,4,14,4,0.0,0.0,0.0,0.0,0.0,0.0,0.0,0.0
2022,4,14,5,0.0,0.0,0.0,0.0,0.0,0.0,0.0,0.0
2022,4,14,6,-0.0,-0.0,-0.0,-0.0,-0.0,-0.0,-0.0,-0.0
2022,4,14,7,85.29812479163363,260.30569247189027,295.81783480447433,285.270066694975,164.98536924940615,500.1277228714769,561.7104353595083,539.8844559698316
2022,4,14,8,349.2887674671782,604.4838109509725,635.9213766981978,573.4735300012732,404.20938992076384,701.1285796768125,734.6285781920307,655.1017090272252
2022,4,14,9,559.2411114724028,733.7539400477733,759.9322377745535,599.2853720052319,587.0764113014221,770.827755301043,797.1172165251686,614.493659524497
2022,4,14,10,694.7018014456875,753.6641923340552,790.7762404896129,496.24496931413336,714.5301855595718,775.2308598723071,811.2211903069443,486.19499156781546
2022,4,14,11,778.9595019127675,762.3391503019342,807.0011145434037,313.95547817545923,787.7379358918311,771.5095015210483,816.4328338996818,287.7700127126138
2022,4,14,12,803.7629527685503,761.176688045332,812.9412007996501,194.4013387446327,804.6118702378178,767.187262956885,815.1994666510369,158.12978703199244
2022,4,14,13,789.2189479711017,787.7957598808616,833.1164755139823,325.15809526464443,769.8315365313108,771.0176974157696,812.8890465847878,287.6933200709599
2022,4,14,14,702.3612498551691,794.4301156780768,828.2385985096504,459.8454898921163,690.458675523827,783.101633500233,816.6629634578746,429.5112424850218
2022,4,14,15,577.8186942149175,806.0808941719399,832.7491032724587,559.3721988905819,557.2336045676839,776.3688202720311,801.1822076601717,522.6111303596547
2022,4,14,16,403.38944346837906,766.7078595190137,814.5797267009923,598.8166579572135,377.8493808056516,716.5277368121923,759.3795722147801,549.359649063871
2022,4,14,17,179.7313022746518,633.1007307901048,724.4303883781826,519.740109800956,157.51465208085142,550.5209499285454,628.3656888765156,448.5424530390798
2022,4,14,18,26.219569758271856,74.89784938583219,300.5223901156867,59.759566802504345,17.99494492130301,64.08780701200351,201.92417980906538,41.190360756061516
2022,4,14,19,0.0,0.0,0.0,0.0,0.0,0.0,0.0,0.0
2022,4,14,20,0.0,0.0,0.0,0.0,0.0,0.0,0.0,0.0
2022,4,14,21,0.0,0.0,0.0,0.0,0.0,0.0,0.0,0.0
2022,4,14,22,0.0,0.0,0.0,0.0,0.0,0.0,0.0,0.0
2022,4,14,23,0.0,0.0,0.0,0.0,0.0,0.0,0.0,0.0
2022,4,15,0,0.0,0.0,0.0,0.0,0.0,0.0,0.0,0.0
2022,4,15,1,0.0,0.0,0.0,0.0,0.0,0.0,0.0,0.0
2022,4,15,2,0.0,0.0,0.0,0.0,0.0,0.0,0.0,0.0
2022,4,15,3,0.0,0.0,0.0,0.0,0.0,0.0,0.0,0.0
2022,4,15,4,0.0,0.0,0.0,0.0,0.0,0.0,0.0,0.0
2022,4,15,5,0.0,0.0,0.0,0.0,0.0,0.0,0.0,0.0
2022,4,15,6,-0.0,-0.0,-0.0,-0.0,-0.0,-0.0,-0.0,-0.0
2022,4,15,7,3.306862596001088,2.6098511041713364,1.7129894469321436,3.2214007443042343,130.3351261894825,341.89560480510346,380.69718212063395,371.7669097010822
2022,4,15,8,22.618768980691232,19.467310102962838,18.78399244597012,21.761262192258393,332.97397897848583,551.4674597388685,577.9100082666663,521.7024777759292
2022,4,15,9,46.4826909596559,41.42509178347684,43.91482768156753,45.168954686926014,83.20803859880674,74.96440476011651,79.2336377520794,78.34742869961232
2022,4,15,10,67.41464901772106,68.02610902766357,68.83633172713064,65.38392816443556,87.28236273975698,88.15627255353701,89.13858537599303,81.43123432521725
2022,4,15,11,167.7016185956234,179.8916081777358,177.73537039023117,153.1300276071348,171.03823727030306,184.2048032259878,181.5200616257503,152.4944512837027
2022,4,15,12,160.9433858895085,176.2087348397825,171.88670083317132,144.58178573450968,248.95215393626563,270.2230264262029,265.2446873738481,206.14510994067822
2022,4,15,13,375.07302520261726,388.19783548052993,397.47753171268204,276.506346752288,298.7171285456253,314.9329078028685,315.5493779194124,247.60673012833027
2022,4,15,14,359.7559953984866,379.0952836045836,395.2762602792345,304.6227819290399,477.0426226309473,514.2781639820262,537.355339912755,367.81633157385653
2022,4,15,15,392.4204422102945,470.50812354288206,495.1472715154219,387.519755563473,513.7456590845146,704.949337900656,729.7983311043566,489.51965957085577
2022,4,15,16,332.048020231807,505.4147983034151,531.4305748058747,431.04657130968604,295.82993339391254,477.8297725562483,502.0524145954547,390.85865156691847
2022,4,15,17,156.31819585135008,316.51872792332034,349.5501368518412,288.28914478250186,123.86173232283271,220.05292805880785,234.83990790682367,201.54474292160992
2022,4,15,18,0.2788615419337602,570.4464855950367,822.4234279965407,123.85464405945642,15.971316817685834,124.64466795723473,173.57379546697615,38.019134812436285
2022,4,15,19,0.0,0.0,0.0,0.0,0.0,0.0,0.0,0.0
2022,4,15,20,0.0,0.0,0.0,0.0,0.0,0.0,0.0,0.0
2022,4,15,21,0.0,0.0,0.0,0.0,0.0,0.0,0.0,0.0
2022,4,15,22,0.0,0.0,0.0,0.0,0.0,0.0,0.0,0.0
2022,4,15,23,0.0,0.0,0.0,0.0,0.0,0.0,0.0,0.0
2022,4,16,0,0.0,0.0,0.0,0.0,0.0,0.0,0.0,0.0
2022,4,16,1,0.0,0.0,0.0,0.0,0.0,0.0,0.0,0.0
2022,4,16,2,0.0,0.0,0.0,0.0,0.0,0.0,0.0,0.0
2022,4,16,3,0.0,0.0,0.0,0.0,0.0,0.0,0.0,0.0
2022,4,16,4,0.0,0.0,0.0,0.0,0.0,0.0,0.0,0.0
2022,4,16,5,0.0,0.0,0.0,0.0,0.0,0.0,0.0,0.0
2022,4,16,6,-0.0,-0.0,-0.0,-0.0,0.8299018161841242,11.418286437098613,21.70539632304564,13.785624761447462
2022,4,16,7,6.054572116282389,5.058697312235978,3.834370141738135,5.902733352331355,94.58601245411296,146.32269093547427,149.2984382569525,158.40279378901704
2022,4,16,8,63.08168762939948,56.248200855197474,54.86829462375914,62.01969011652661,100.36818244056886,95.91101361431073,94.29122370595611,100.5733257112828
2022,4,16,9,115.13125801826662,106.62181064388281,112.66327778511945,113.20573255279194,126.15114180922961,116.70661267769407,123.17914070932565,119.85855739200825
2022,4,16,10,103.88964900112795,105.1841280497688,106.7118783953966,100.10064264553684,271.3741789733411,282.3360969940253,291.27052019820843,234.25907966525574
2022,4,16,11,144.60659529243483,155.72004783281972,153.55930566658373,134.28105080549545,87.50463032544438,95.14481416305743,93.18931736849153,80.70707440727159
2022,4,16,12,118.85820041808925,131.0172652953617,127.38263959312343,109.76897790568138,113.89477190367995,126.10479793810747,122.33111754080697,102.3601902339855
2022,4,16,13,142.43975584006293,151.3170356255262,150.29380465222084,131.90101034596202,93.54601496591867,99.97752447679498,98.72579314280087,85.98264301281158
2022,4,16,14,128.76306304240418,127.66402346030766,131.16741229311884,122.68507610470735,81.99348510770139,80.4319394190486,82.31200000305316,76.41740262706193
2022,4,16,15,95.43574747525749,86.61626949906292,90.86673097266431,93.15947733885969,166.7877824880344,159.0236567059549,166.78220668358517,157.47836144717604
2022,4,16,16,154.57542390176627,162.6728705467733,161.1206451144896,165.15141634140582,206.41666434739847,265.41415755987964,272.17635656064016,239.67081316811846
2022,4,16,17,128.95706509530987,197.0319636494352,204.3973612094875,190.4292318505006,114.8324937751219,174.2923956461015,177.4459430542182,163.5607843342124
2022,4,16,18,15.831327553323797,106.68461834087596,142.6173029683518,35.06780917691876,12.96526415782918,90.84737554365427,132.20700113660098,30.3020570250157
2022,4,16,19,0.0,0.0,0.0,0.0,0.0,0.0,0.0,0.0
2022,4,16,20,0.0,0.0,0.0,0.0,0.0,0.0,0.0,0.0
2022,4,16,21,0.0,0.0,0.0,0.0,0.0,0.0,0.0,0.0
2022,4,16,22,0.0,0.0,0.0,0.0,0.0,0.0,0.0,0.0
2022,4,16,23,0.0,0.0,0.0,0.0,0.0,0.0,0.0,0.0
2022,4,17,0,0.0,0.0,0.0,0.0,0.0,0.0,0.0,0.0
2022,4,17,1,0.0,0.0,0.0,0.0,0.0,0.0,0.0,0.0
2022,4,17,2,0.0,0.0,0.0,0.0,0.0,0.0,0.0,0.0
2022,4,17,3,0.0,0.0,0.0,0.0,0.0,0.0,0.0,0.0
2022,4,17,4,0.0,0.0,0.0,0.0,0.0,0.0,0.0,0.0
2022,4,17,5,0.0,0.0,0.0,0.0,0.0,0.0,0.0,0.0
2022,4,17,6,-0.0,-0.0,-0.0,-0.0,-0.0,-0.0,-0.0,-0.0
2022,4,17,7,36.5129009849398,35.210320337668946,31.007838384835647,38.932364432879744,69.48851809248167,75.193938369941,68.91230542726991,80.34089194333458
2022,4,17,8,95.53902265593324,92.65220776412134,91.86209387444566,99.800562981908,222.98938620923468,300.3255314261792,310.8609706849413,295.43980251192517
2022,4,17,9,186.1678345145775,181.2675613282003,191.34316838279983,185.48203416578565,522.7317789656286,680.6515438513285,702.098695396254,544.7780873232241
2022,4,17,10,215.46999452576364,223.24689801673,230.0093162402669,196.55487084957585,335.25804314046013,354.3158016984031,368.04781589053266,274.4521094000407
2022,4,17,11,489.14961175653934,488.7670895836999,511.1236000716501,279.00945019902963,187.59888853507405,201.88313305792352,199.5041682760269,164.43396584488008
2022,4,17,12,547.7114297909553,533.9963475031188,561.4163590867403,226.05852415207315,733.4611509918334,702.5241249567307,744.512133391557,154.64653980264993
2022,4,17,13,648.3772936755653,659.3244762487271,687.9804613277312,354.2185999796378,703.2577217090588,709.9631027336687,745.0608234309461,277.09798141461806
2022,4,17,14,549.620450304729,607.2936713016131,634.1586513435311,417.6363141412014,633.012537974876,722.1028690011732,750.6475670804123,404.53292972805303
2022,4,17,15,428.39048035467664,527.090440901258,551.7787167848525,422.34095208435104,512.6113224383816,712.437624594047,735.1355282218111,486.2486575590283
2022,4,17,16,370.07548462531196,620.3785333826148,653.7813318499051,507.46425011011405,344.33493120339745,633.7543008890544,668.2230898745084,491.3769159281482
2022,4,17,17,180.78299159410975,489.3577588787405,550.2360839726142,422.6994782344579,150.5434520807108,477.0613540641751,539.1385119055224,402.8603712771286
2022,4,17,18,26.51787527813447,206.1303288668976,380.29187040858676,78.93310237934156,14.520310774229909,74.623617657701,97.51333666254426,26.826992940992614
2022,4,17,19,0.0,0.0,0.0,0.0,0.0,0.0,0.0,0.0
2022,4,17,20,0.0,0.0,0.0,0.0,0.0,0.0,0.0,0.0
2022,4,17,21,0.0,0.0,0.0,0.0,0.0,0.0,0.0,0.0
2022,4,17,22,0.0,0.0,0.0,0.0,0.0,0.0,0.0,0.0
2022,4,17,23,0.0,0.0,0.0,0.0,0.0,0.0,0.0,0.0
2022,4,18,0,0.0,0.0,0.0,0.0,0.0,0.0,0.0,0.0
2022,4,18,1,0.0,0.0,0.0,0.0,0.0,0.0,0.0,0.0
2022,4,18,2,0.0,0.0,0.0,0.0,0.0,0.0,0.0,0.0
2022,4,18,3,0.0,0.0,0.0,0.0,0.0,0.0,0.0,0.0
2022,4,18,4,0.0,0.0,0.0,0.0,0.0,0.0,0.0,0.0
2022,4,18,5,0.0,0.0,0.0,0.0,0.0,0.0,0.0,0.0
2022,4,18,6,-0.0,-0.0,-0.0,-0.0,3.636282751121167,24.363639817950155,44.8686992530025,27.907759351069505
2022,4,18,7,82.63950140152971,230.96889650936652,258.9314480243699,251.848794342525,161.8017374952794,471.48457422112904,525.353892897603,505.9813512259789
2022,4,18,8,292.70596307518383,489.66241116963425,513.7577277339379,466.7462849984905,394.55090850218966,684.3765397907257,713.8556937083578,633.6087183376306
2022,4,18,9,288.7729275279356,346.07944245583974,363.1753432153176,309.40618357655893,571.5512504373812,750.0598376309914,772.3117691321635,593.3813815795277
2022,4,18,10,686.9941076689767,750.1055985023951,782.0385915643674,491.2745743054303,696.5812835909045,760.4179967958073,790.3858677469444,470.54579261555665
2022,4,18,11,778.055123801939,765.9422766927196,807.293883263409,311.8623893606854,767.0206808486199,759.624630456235,796.8464523914862,277.38711074743776
2022,4,18,12,797.8196217654659,769.397970970793,810.8504698435661,190.50282403620557,785.5829952484131,758.8518547991065,798.7475251595738,153.50045633388655
2022,4,18,13,773.3765474727534,781.1144900793967,819.9537353374621,319.88921267949524,753.2508378613086,763.5973839565248,798.2890406122044,283.4266456814737
2022,4,18,14,692.9574660025955,793.6261031961824,823.474903126844,462.29615037626644,675.8173800950798,774.0879021456003,801.8506722934907,424.1656993846447
2022,4,18,15,568.5596083156889,798.8385054463389,822.5753708437582,555.483997112318,546.4188736882402,767.1824953536018,787.8770360679997,517.3344777304311
2022,4,18,16,396.55642144736566,757.2478824027102,801.8492252852491,593.2565250810447,371.81938819593455,717.1124005294708,756.6454126741021,549.2656438887477
2022,4,18,17,178.2646786023148,633.7580564514292,722.4973517527457,531.8800847538163,155.17441991609618,572.4547850440915,651.9263938547547,478.1863685212295
2022,4,18,18,27.02871022335183,90.68947326533264,309.906809137509,68.124748491094,16.648235572551613,81.99122257777256,247.04417713178094,50.89608430758152
2022,4,18,19,0.0,0.0,0.0,0.0,0.0,0.0,0.0,0.0
2022,4,18,20,0.0,0.0,0.0,0.0,0.0,0.0,0.0,0.0
2022,4,18,21,0.0,0.0,0.0,0.0,0.0,0.0,0.0,0.0
2022,4,18,22,0.0,0.0,0.0,0.0,0.0,0.0,0.0,0.0
2022,4,18,23,0.0,0.0,0.0,0.0,0.0,0.0,0.0,0.0
2022,4,19,0,0.0,0.0,0.0,0.0,0.0,0.0,0.0,0.0
2022,4,19,1,0.0,0.0,0.0,0.0,0.0,0.0,0.0,0.0
2022,4,19,2,0.0,0.0,0.0,0.0,0.0,0.0,0.0,0.0
2022,4,19,3,0.0,0.0,0.0,0.0,0.0,0.0,0.0,0.0
2022,4,19,4,0.0,0.0,0.0,0.0,0.0,0.0,0.0,0.0
2022,4,19,5,0.0,0.0,0.0,0.0,0.0,0.0,0.0,0.0
2022,4,19,6,-0.0,-0.0,-0.0,-0.0,5.1193380708495875,29.94538570012309,53.485268531237786,34.09762626834191
2022,4,19,7,89.31470378048878,247.69709736536703,277.1315905551314,269.43705825798116,164.08651280235347,472.71115755975006,525.9968347744143,506.6677067634755
2022,4,19,8,324.20883252006655,551.6002298883479,579.0168677052025,524.355042934729,390.6098196304939,673.9093559529845,702.8813102560583,624.5998042512912
2022,4,19,9,501.2501514115712,651.5049620661432,675.0416876194008,539.8397054451617,295.32163923766996,332.6184251059884,349.9930228437588,300.00178421908646
2022,4,19,10,317.7458552256692,332.7037369648568,343.69310232638634,280.33874163092526,498.91669203273665,536.7475291882694,558.8173310502327,380.29199526294
2022,4,19,11,663.7529506156656,659.8606348410912,692.3861318577783,330.6853494814904,777.7696268450851,769.1048168772782,808.4471840363342,281.1875571501886
2022,4,19,12,623.5364150828788,611.1419890681588,640.4624034923913,254.17488242584898,796.0237929174224,765.2631787940895,808.9274237355893,156.86354221776324
2022,4,19,13,686.0943775655485,699.2743109360913,730.3997848930265,354.1063047730166,764.4983333390409,776.0002872415694,812.4551052761116,290.84301576880137
2022,4,19,14,612.2308754434416,684.6999947776069,712.4051881472511,452.3399370693881,526.0703604045491,584.263499461269,608.0289135035599,380.0837532767211
2022,4,19,15,545.7817332287121,704.0137518923036,733.073773749231,538.8369855268619,442.00732587944185,573.508135648084,595.6370934641102,420.0367764062343
2022,4,19,16,354.08154762672984,545.219907054529,572.7027133012599,462.3223997649601,282.0452353014846,390.80753656271366,405.30849020445675,339.16246521230636
2022,4,19,17,127.64639808088023,188.81580327000734,193.84392062141276,183.88308005609457,162.18111925247194,396.4087631799836,438.31594109663706,345.14014869472993
2022,4,19,18,18.332354840298056,129.24263887756388,173.9346582767639,44.25304593437431,9.874632193324068,24.966795895518903,28.590720302901705,12.762224754234314
2022,4,19,19,0.0,0.0,0.0,0.0,0.0,0.0,0.0,0.0
2022,4,19,20,0.0,0.0,0.0,0.0,0.0,0.0,0.0,0.0
2022,4,19,21,0.0,0.0,0.0,0.0,0.0,0.0,0.0,0.0
2022,4,19,22,0.0,0.0,0.0,0.0,0.0,0.0,0.0,0.0
2022,4,19,23,0.0,0.0,0.0,0.0,0.0,0.0,0.0,0.0
2022,4,20,0,0.0,0.0,0.0,0.0,0.0,0.0,0.0,0.0
2022,4,20,1,0.0,0.0,0.0,0.0,0.0,0.0,0.0,0.0
2022,4,20,2,0.0,0.0,0.0,0.0,0.0,0.0,0.0,0.0
2022,4,20,3,0.0,0.0,0.0,0.0,0.0,0.0,0.0,0.0
2022,4,20,4,0.0,0.0,0.0,0.0,0.0,0.0,0.0,0.0
2022,4,20,5,0.0,0.0,0.0,0.0,0.0,0.0,0.0,0.0
2022,4,20,6,-0.0,-0.0,-0.0,-0.0,2.0692982904839186,1.3030096439585865,-0.0,1.5649976779935104
2022,4,20,7,14.395336099671255,12.590864858713328,10.485429367535465,14.150764457920028,134.18843986829157,337.6070353086195,372.5081560024743,364.13266688979394
2022,4,20,8,66.67551855179981,60.32045253363855,59.381204434743374,66.18167760800732,36.22969296312386,31.3030914807995,30.3123474610429,33.31799785508664
2022,4,20,9,150.85083365052145,144.34313675932606,152.4490863248571,149.19541781678564,135.34835432776532,126.12186071489268,133.21136197713383,127.65329596892333
2022,4,20,10,177.96761639769892,182.38560036816972,185.77054629492395,167.71506547065698,178.3029242562588,182.70684105018236,185.79494296101242,161.07650728441794
2022,4,20,11,233.64943623318968,250.00240757822294,248.67969504641857,205.25975458840858,337.71179343625306,352.6934064770712,357.72993904281634,245.67446075086858
2022,4,20,12,286.1482103418124,298.1927838000489,301.4227004869221,199.89020014251543,220.89231646096837,241.29284562504014,237.00336637044072,184.54460483625098
2022,4,20,13,296.6397930432803,309.96700837030863,315.5429151040238,228.846068225642,484.8816176913955,501.8021669249235,517.2496440504589,296.57040870767406
2022,4,20,14,289.18402580180975,303.04427335850374,315.04261289444594,253.58774195067454,144.28064863775785,143.28826607468403,147.27790788446012,131.36656870475235
2022,4,20,15,225.19507069050297,223.7794593170465,235.9175050781258,220.4064571512944,188.6958172196471,180.43620173376078,189.9172850915717,177.13460303972874
2022,4,20,16,182.507210587683,201.35223271478353,201.55601212732657,198.31784421302746,162.36149671955172,171.09166255317598,168.3936187875006,166.37087843151087
2022,4,20,17,181.13047088782196,427.97464393218314,477.18369292636424,383.1482154648288,151.31417590878036,510.9726466596061,578.9698924919805,430.16149562409345
2022,4,20,18,12.016616625807249,405.2090560470699,587.8074131054559,111.05299638671997,17.276131145331924,108.04730857628903,236.7711887355903,52.742620933502906
2022,4,20,19,0.0,0.0,0.0,0.0,0.0,0.0,0.0,0.0
2022,4,20,20,0.0,0.0,0.0,0.0,0.0,0.0,0.0,0.0
2022,4,20,21,0.0,0.0,0.0,0.0,0.0,0.0,0.0,0.0
2022,4,20,22,0.0,0.0,0.0,0.0,0.0,0.0,0.0,0.0
2022,4,20,23,0.0,0.0,0.0,0.0,0.0,0.0,0.0,0.0
2022,4,21,0,0.0,0.0,0.0,0.0,0.0,0.0,0.0,0.0
2022,4,21,1,0.0,0.0,0.0,0.0,0.0,0.0,0.0,0.0
2022,4,21,2,0.0,0.0,0.0,0.0,0.0,0.0,0.0,0.0
2022,4,21,3,0.0,0.0,0.0,0.0,0.0,0.0,0.0,0.0
2022,4,21,4,0.0,0.0,0.0,0.0,0.0,0.0,0.0,0.0
2022,4,21,5,0.0,0.0,0.0,0.0,0.0,0.0,0.0,0.0
2022,4,21,6,-0.0,-0.0,-0.0,-0.0,4.319744496671505,10.61831712466112,15.594947774073653,12.107577993356273
2022,4,21,7,64.43608001940295,142.8454101849335,156.05882954459346,156.39854647806843,143.0274240686954,379.17970697366707,418.4985511391746,406.07116503794924
2022,4,21,8,281.57269382734376,450.35546630514506,472.3462152312999,434.55760050882975,354.51450054839853,603.2701175149376,628.7273542503406,560.356141708078
2022,4,21,9,454.7737517324943,569.6251220347589,592.9476134190686,488.24555873544574,526.3404787901466,691.6095930867007,712.1101432573023,548.1930637139666
2022,4,21,10,439.9019173626081,470.2567286021554,487.4249271336167,364.63294712569115,196.24853433188892,201.17350950575658,204.73760904241857,178.0569267835582
2022,4,21,11,560.1616328546901,565.8151353351525,587.520063137883,325.70863955051374,727.0213075916806,722.8128862996954,756.8100963981326,268.16794156549366
2022,4,21,12,689.5956014898572,678.9461053456783,708.8169286994324,273.0742946964734,469.06361748068895,474.08904449777003,488.64542257350786,237.7782923759453
2022,4,21,13,719.8162122796206,735.1486427497027,766.767467119567,348.9955290392017,718.979937122508,734.1523261950094,765.8043648536176,280.2981407230249
2022,4,21,14,600.3706298011175,684.8778113606701,711.0282338430627,427.9365814924117,643.7857529544076,743.0477059324676,767.8095674978649,409.49363347933075
2022,4,21,15,430.3549872263949,549.5980955427018,573.6655480554393,428.7058898975082,518.1166288450863,731.2575977231962,751.7735650882368,492.7190608331944
2022,4,21,16,187.3949893758847,209.95851538134784,210.63174293646475,205.0981601045972,351.6708731915947,668.8427941786952,704.9394988548154,511.6406348145004
2022,4,21,17,111.42826741945605,155.41731042230327,156.3575054623149,153.38504425828953,149.76679554386354,520.9786038683186,590.7183176585723,438.14725852752304
2022,4,21,18,20.265514803182498,234.66593316381852,324.00776980634646,73.90091697292343,19.329271996308638,79.09362168781779,204.39435599290414,49.48444487202823
2022,4,21,19,0.0,0.0,0.0,0.0,0.0,0.0,0.0,0.0
2022,4,21,20,0.0,0.0,0.0,0.0,0.0,0.0,0.0,0.0
2022,4,21,21,0.0,0.0,0.0,0.0,0.0,0.0,0.0,0.0
2022,4,21,22,0.0,0.0,0.0,0.0,0.0,0.0,0.0,0.0
2022,4,21,23,0.0,0.0,0.0,0.0,0.0,0.0,0.0,0.0
2022,4,22,0,0.0,0.0,0.0,0.0,0.0,0.0,0.0,0.0
2022,4,22,1,0.0,0.0,0.0,0.0,0.0,0.0,0.0,0.0
2022,4,22,2,0.0,0.0,0.0,0.0,0.0,0.0,0.0,0.0
2022,4,22,3,0.0,0.0,0.0,0.0,0.0,0.0,0.0,0.0
2022,4,22,4,0.0,0.0,0.0,0.0,0.0,0.0,0.0,0.0
2022,4,22,5,0.0,0.0,0.0,0.0,0.0,0.0,0.0,0.0
2022,4,22,6,-0.0,-0.0,-0.0,-0.0,6.4548804595007425,53.69499425818295,90.97660238467269,62.340216564366244
2022,4,22,7,26.746336794003206,23.538818068551933,20.1050651613974,26.18061675206289,163.69524432221158,492.07844563988573,545.8279030578416,522.1316890148447
2022,4,22,8,120.88163956428195,131.78610937195475,134.3139564346077,138.8868447301782,385.95005846550373,675.2603986232831,700.7491489526689,618.1518075953143
2022,4,22,9,348.40966651690775,428.9391486752472,446.07387697909115,370.80049751282576,557.5308011431034,735.3802184459345,752.9720609193735,573.2318097063707
2022,4,22,10,467.50724931358417,509.70231700984795,530.7265551391553,363.11279282481127,681.282595108846,750.7622235081733,776.1871303982225,453.8911442467997
2022,4,22,11,656.6512817465609,655.6105709744963,685.3907824649237,315.94114464394397,754.3911427662528,753.7193742110661,786.0995919918032,262.9470642566281
2022,4,22,12,642.6354242416785,625.2244682187105,657.5776280845118,221.86545111843014,771.3183499181397,752.9003365384356,787.5309833064086,149.9005685935396
2022,4,22,13,727.9218716771319,745.2352300444343,776.3747253177906,349.69968056508856,743.6141796770914,762.7158222878804,792.980127114663,277.79081292860286
2022,4,22,14,639.2696829056225,734.1563655890603,760.718748549065,448.6377795657832,670.3897935964351,779.3093485349208,803.6806707062545,416.8777695151843
2022,4,22,15,444.0871641138261,603.6045232199593,625.8005571150601,441.9800097072772,542.2702199288365,777.4282956960487,795.8506854080879,510.7070610780064
2022,4,22,16,358.36505362471155,647.8595764702176,683.8473724197705,514.8812400036983,367.22322644923867,731.0145576347572,770.1550974169478,547.09096798844
2022,4,22,17,171.93957677153833,505.56132866590247,569.2037225652588,435.7579638999873,150.32264061250507,595.0095436886667,678.82537733203,494.7603791085433
2022,4,22,18,21.671484629284127,258.3365366129041,407.1642775558683,90.23509293866005,16.674403750053415,103.33207609556233,293.62787223055324,63.64693448618499
2022,4,22,19,0.0,0.0,0.0,0.0,0.0,0.0,0.0,0.0
2022,4,22,20,0.0,0.0,0.0,0.0,0.0,0.0,0.0,0.0
2022,4,22,21,0.0,0.0,0.0,0.0,0.0,0.0,0.0,0.0
2022,4,22,22,0.0,0.0,0.0,0.0,0.0,0.0,0.0,0.0
2022,4,22,23,0.0,0.0,0.0,0.0,0.0,0.0,0.0,0.0
2022,4,23,0,0.0,0.0,0.0,0.0,0.0,0.0,0.0,0.0
2022,4,23,1,0.0,0.0,0.0,0.0,0.0,0.0,0.0,0.0
2022,4,23,2,0.0,0.0,0.0,0.0,0.0,0.0,0.0,0.0
2022,4,23,3,0.0,0.0,0.0,0.0,0.0,0.0,0.0,0.0
2022,4,23,4,0.0,0.0,0.0,0.0,0.0,0.0,0.0,0.0
2022,4,23,5,0.0,0.0,0.0,0.0,0.0,0.0,0.0,0.0
2022,4,23,6,-0.0,-0.0,-0.0,-0.0,7.775550893527955,61.198896910737375,102.31295395568189,70.59358273811326
2022,4,23,7,42.680974900870346,78.6297399515919,83.10281422576156,86.0064762747659,165.00948258702044,489.3458101090655,542.0491337081094,518.6342183360936
2022,4,23,8,163.33987332837665,220.59568113261065,228.65833454826745,220.20044657403415,382.680455456408,664.7587697262296,689.6685652399905,609.3705848463709
2022,4,23,9,277.0718696371508,316.79107846389536,331.85241783540584,290.9501095782093,152.72388730101952,144.69872461944834,152.3358434596048,144.48371718246864
2022,4,23,10,384.4216836195537,411.65612491011564,426.008895776595,320.7138290944458,173.7137381966744,178.05200432453162,181.17814080011928,158.1912446598736
2022,4,23,11,404.18213762998414,414.3428017976999,425.972859874934,264.67195496245984,94.14509734139793,102.65656937071529,101.10461747208082,85.85730400209339
2022,4,23,12,321.18709810146265,335.0964980396967,338.89573206562744,222.9720530515193,554.7695209940628,560.2992352154617,577.3673478042934,257.81642642535144
2022,4,23,13,484.33340217308904,502.2585602446273,517.4277982938931,303.13551858375706,218.0060333349059,231.94518494580237,231.91369860334783,188.0224958943669
2022,4,23,14,379.8026380578507,415.54907146492815,431.84342782293413,308.3337722646358,563.2272914590645,630.9961174038596,653.9759225561702,408.38656713104933
2022,4,23,15,299.63772322512153,342.16369433939155,359.2163542567423,296.44772181651507,532.3244758113879,762.9930333861402,781.8990975653281,505.03437916771145
2022,4,23,16,242.7704159960167,366.6806051612713,382.68186119933284,313.2664790265722,359.481241749168,705.5036774253683,742.9059763703948,532.6595797811243
2022,4,23,17,101.83781718966516,171.1318257421236,179.59979929014477,162.24522620473,150.50882956519524,566.6307303629468,644.3261722541082,473.7871932308262
2022,4,23,18,19.41630815220125,85.29795682598153,113.18918855001115,37.264288074053574,19.27676274043433,106.9499907429129,286.4143168654504,66.11577254492636
2022,4,23,19,0.0,0.0,0.0,0.0,0.0,0.0,0.0,0.0
2022,4,23,20,0.0,0.0,0.0,0.0,0.0,0.0,0.0,0.0
2022,4,23,21,0.0,0.0,0.0,0.0,0.0,0.0,0.0,0.0
2022,4,23,22,0.0,0.0,0.0,0.0,0.0,0.0,0.0,0.0
2022,4,23,23,0.0,0.0,0.0,0.0,0.0,0.0,0.0,0.0
2022,4,24,0,0.0,0.0,0.0,0.0,0.0,0.0,0.0,0.0
2022,4,24,1,0.0,0.0,0.0,0.0,0.0,0.0,0.0,0.0
2022,4,24,2,0.0,0.0,0.0,0.0,0.0,0.0,0.0,0.0
2022,4,24,3,0.0,0.0,0.0,0.0,0.0,0.0,0.0,0.0
2022,4,24,4,0.0,0.0,0.0,0.0,0.0,0.0,0.0,0.0
2022,4,24,5,0.0,0.0,0.0,0.0,0.0,0.0,0.0,0.0
2022,4,24,6,-0.0,-0.0,-0.0,-0.0,7.844367665500705,63.73121799514583,106.1152234207037,72.95368446793931
2022,4,24,7,25.89811255974848,25.026148930765114,22.193481928186984,27.655519814033998,162.82944176340297,475.77940967511876,526.2839781417958,503.9101261326849
2022,4,24,8,119.23244687964512,137.51309315284993,140.37590935914193,141.79124785656063,377.0853597773125,656.6839831843962,681.3637367713579,601.170648295617
2022,4,24,9,281.0778005755204,329.61476155250364,343.5911726218894,294.80372186640744,546.8886889782804,723.3374101646946,740.8315508254159,565.3808727553647
2022,4,24,10,487.49476708736466,534.2947333197689,554.842535073908,373.28378345609724,671.6454735754011,743.0639612627172,767.4312870616917,450.98068165752113
2022,4,24,11,576.060241187232,577.9617628231971,602.6394939216995,288.3555920602762,740.884456225448,744.7227074114575,773.8715410652799,263.313622402175
2022,4,24,12,458.24633660907654,453.63777482459363,472.68228292822,198.76404936240522,765.3266082757116,745.8252644246521,781.0629381254254,149.9647815398503
2022,4,24,13,385.5128286843724,400.96381128103553,412.1507952111576,256.69615742608636,738.4110785334416,759.845933073613,789.2061373989262,277.24106183871385
2022,4,24,14,355.4685085096217,389.4639902701229,404.3417105470583,289.67503858241906,382.8800658467099,410.36791653828766,425.4774816823004,309.5584261173077
2022,4,24,15,263.9743681815363,315.04021754267785,330.25567486464183,264.51389386618115,529.5952802428967,762.0130452699841,779.0347849268207,501.76828062314286
2022,4,24,16,226.44159647222207,330.0530649992687,344.0449846804089,288.2179691986912,355.53191023948074,709.1083405149955,746.2790891259948,531.9217035713575
2022,4,24,17,139.24897076778603,255.53783506988034,275.90827391154215,241.27042033851393,146.4747077918619,563.678682071978,641.3273653806585,470.6136469144627
2022,4,24,18,26.457283794216544,230.27584545956438,311.6640797707687,81.71519385067236,22.21679672434091,110.89665024398676,282.227569531882,69.2078534944613
2022,4,24,19,0.0,0.0,0.0,0.0,0.0,0.0,0.0,0.0
2022,4,24,20,0.0,0.0,0.0,0.0,0.0,0.0,0.0,0.0
2022,4,24,21,0.0,0.0,0.0,0.0,0.0,0.0,0.0,0.0
2022,4,24,22,0.0,0.0,0.0,0.0,0.0,0.0,0.0,0.0
2022,4,24,23,0.0,0.0,0.0,0.0,0.0,0.0,0.0,0.0
2022,4,25,0,0.0,0.0,0.0,0.0,0.0,0.0,0.0,0.0
2022,4,25,1,0.0,0.0,0.0,0.0,0.0,0.0,0.0,0.0
2022,4,25,2,0.0,0.0,0.0,0.0,0.0,0.0,0.0,0.0
2022,4,25,3,0.0,0.0,0.0,0.0,0.0,0.0,0.0,0.0
2022,4,25,4,0.0,0.0,0.0,0.0,0.0,0.0,0.0,0.0
2022,4,25,5,0.0,0.0,0.0,0.0,0.0,0.0,0.0,0.0
2022,4,25,6,-0.0,-0.0,-0.0,-0.0,7.2637571656598166,5.849328770803625,3.1768952667474535,6.355644096296535
2022,4,25,7,23.482773106287148,23.537276590423005,21.123908620599156,25.97411626555114,128.36850916883358,265.3231635859993,285.42340970646404,284.70989756089915
2022,4,25,8,192.5932291141678,258.7898383788982,268.2860653036452,258.56389256045895,97.28641229380915,89.79775480178112,88.9932495594427,94.37359806446126
2022,4,25,9,167.34965629275914,203.24122430767528,211.98469098647539,179.8062502694067,517.5811920721851,680.7511756421726,697.8786347580241,537.5582377597876
2022,4,25,10,309.90250653709404,335.8973201582369,348.2047671406632,252.43676604376552,635.4833393647842,701.7462089388043,723.8288942404362,436.0162829907512
2022,4,25,11,646.9457371248387,649.710337778134,676.1241931004339,308.539342570407,710.0069944028987,712.7718667174587,740.8112527822556,264.83523263967857
2022,4,25,12,660.9944209619288,646.175217637715,676.5208331605885,214.7306415966593,734.5712015304073,718.7375155573308,750.5422717040234,153.41994527527336
2022,4,25,13,729.5753574985843,751.4673993077639,780.4798951526453,327.91628195862603,707.9752676147652,730.358441089004,756.711955876058,279.9303084424679
2022,4,25,14,422.61939121155416,473.78651995734646,491.7505256564513,330.66851072650365,66.04268288734801,64.76538610837896,66.60691150058425,61.31857338602973
2022,4,25,15,10.46478318818379,8.757145082567481,9.443684437409487,10.012729132894297,10.975921630075197,9.131738687805036,9.804201634408216,9.87692390632799
2022,4,25,16,20.091170267624936,17.3566582106826,16.272043681804462,19.34866549857948,98.29365120726364,93.71543950434192,89.96100381493778,95.42654716393655
2022,4,25,17,2.5993397496635406,1.802465381047369,0.8172399257513547,2.341365245513819,-0.0,-0.0,-0.0,-0.0
2022,4,25,18,-0.0,-0.0,-0.0,-0.0,19.91148021065893,68.49747114348786,87.81031469474075,32.910199082035604
2022,4,25,19,0.0,0.0,0.0,0.0,0.0,0.0,0.0,0.0
2022,4,25,20,0.0,0.0,0.0,0.0,0.0,0.0,0.0,0.0
2022,4,25,21,0.0,0.0,0.0,0.0,0.0,0.0,0.0,0.0
2022,4,25,22,0.0,0.0,0.0,0.0,0.0,0.0,0.0,0.0
2022,4,25,23,0.0,0.0,0.0,0.0,0.0,0.0,0.0,0.0
2022,4,26,0,0.0,0.0,0.0,0.0,0.0,0.0,0.0,0.0
2022,4,26,1,0.0,0.0,0.0,0.0,0.0,0.0,0.0,0.0
2022,4,26,2,0.0,0.0,0.0,0.0,0.0,0.0,0.0,0.0
2022,4,26,3,0.0,0.0,0.0,0.0,0.0,0.0,0.0,0.0
2022,4,26,4,0.0,0.0,0.0,0.0,0.0,0.0,0.0,0.0
2022,4,26,5,0.0,0.0,0.0,0.0,0.0,0.0,0.0,0.0
2022,4,26,6,-0.0,-0.0,-0.0,-0.0,4.2387061251479325,3.2017289211504196,1.2569380581444354,3.5616976552692847
2022,4,26,7,18.686998963941576,16.72321377973795,14.383608888615559,18.655702622754486,56.0049969042716,51.01095651800478,44.366425363834374,54.24240251097944
2022,4,26,8,53.97780401225372,47.76498936380625,47.313679612255534,52.762867511494115,84.66084777838722,76.30003700052723,75.41347743623514,80.52545882671596
2022,4,26,9,103.2007947215737,96.23388895569289,101.4949829658605,101.28188136191773,76.06405859009527,69.4968560485433,73.23634615726453,70.9407660948858
2022,4,26,10,285.94828231089286,301.92775888320136,310.4628930793941,252.60143919121796,676.0506441560746,750.4816710914353,773.2315735355202,453.9579573238038
2022,4,26,11,603.878530472927,613.7383883448318,633.957706542739,332.72578278211813,354.56366897301416,372.3498362860064,377.1771938499972,258.60225689158307
2022,4,26,12,433.00451647516223,461.53974945672144,461.1209674019369,332.4205789050185,413.64123229883836,429.7232486930966,435.93629772498826,247.52029767935662
2022,4,26,13,480.28091777318383,506.36481011516406,512.7001393005676,386.9618248347604,528.8114273571206,549.5657647922721,566.5168566465167,283.7709898474319
2022,4,26,14,566.0921876536231,628.2836511775366,650.2010185682377,451.452939282926,553.3738096148834,637.0815937872022,656.4581746179467,383.1345511833905
2022,4,26,15,344.038583248553,414.63195877811256,434.1857279440029,348.5475867963949,273.8971770835514,303.88649151236024,319.36675219212594,264.25959262476323
2022,4,26,16,157.27596057459706,165.38709348434472,164.31825875036742,168.0195494137093,205.04447485033384,265.49279582111456,271.5216660884368,238.51929213198056
2022,4,26,17,111.66431791424193,147.75820716610073,146.99370678811312,148.38782406207045,134.902924192782,261.1134661457656,279.70118042196424,240.17892363389606
2022,4,26,18,23.926709587193123,435.7181479443256,638.5031459361911,155.14477858735683,28.876415275996234,195.14731430314802,263.91455308103974,76.49813414407659
2022,4,26,19,0.0,0.0,0.0,0.0,0.0,0.0,0.0,0.0
2022,4,26,20,0.0,0.0,0.0,0.0,0.0,0.0,0.0,0.0
2022,4,26,21,0.0,0.0,0.0,0.0,0.0,0.0,0.0,0.0
2022,4,26,22,0.0,0.0,0.0,0.0,0.0,0.0,0.0,0.0
2022,4,26,23,0.0,0.0,0.0,0.0,0.0,0.0,0.0,0.0
2022,4,27,0,0.0,0.0,0.0,0.0,0.0,0.0,0.0,0.0
2022,4,27,1,0.0,0.0,0.0,0.0,0.0,0.0,0.0,0.0
2022,4,27,2,0.0,0.0,0.0,0.0,0.0,0.0,0.0,0.0
2022,4,27,3,0.0,0.0,0.0,0.0,0.0,0.0,0.0,0.0
2022,4,27,4,0.0,0.0,0.0,0.0,0.0,0.0,0.0,0.0
2022,4,27,5,0.0,0.0,0.0,0.0,0.0,0.0,0.0,0.0
2022,4,27,6,-0.0,6.0312094521439406,11.806623176890298,7.041010284028775,9.92652288670022,111.36560720590721,185.17808782269734,124.39010272343208
2022,4,27,7,119.58269552603274,373.30655793777277,415.0388118748735,395.03353728058346,172.98551739116448,522.7603496140624,576.317408733612,547.9366055182162
2022,4,27,8,359.7204171529327,636.687950576109,659.9748026898865,585.4316154643252,391.3561790050448,685.2823766745399,707.9310412955188,622.0596898996192
2022,4,27,9,543.5690432713227,722.9788127462217,738.0197786150743,573.2799327671979,558.636183572189,739.36203702271,753.8726177091288,572.4212516412737
2022,4,27,10,667.5091739220614,741.0219459078427,761.7516954774289,466.5742038511868,675.9069232551569,750.647375840404,771.0449494683957,449.9171718286573
2022,4,27,11,747.6619563866167,754.1196526987562,780.7800443578557,288.7342951878532,743.358985435539,751.4852213970668,777.2970578987643,260.43860687322876
2022,4,27,12,772.2875220383547,761.1480153998568,790.2396556547078,177.7263203817942,763.5657925431259,754.4012092366337,782.5203732664916,145.169975354607
2022,4,27,13,739.7845431674874,766.858272081392,791.6933058692551,308.1380657576594,732.9700909379444,761.0178116237853,785.0318575869743,276.02107518160204
2022,4,27,14,667.0103779140562,782.5904974244154,801.8832743598468,446.19177176180267,653.9063285790477,766.5231174625278,784.539034616904,412.9756290097537
2022,4,27,15,549.2734876256945,795.6851044367725,811.2428719887236,541.5979658560791,528.9047904881072,764.0457312873365,778.7768812477635,508.1935316061589
2022,4,27,16,377.9186057266101,763.4241380655104,803.6250826766568,585.8473333904415,356.7994450790828,716.0938214311747,751.5922643127631,542.5603182334825
2022,4,27,17,159.00336759462112,658.38501895028,751.9361879672497,550.6122529541125,145.6016257747744,583.7814054277223,662.968054832976,490.24772825205537
2022,4,27,18,32.89256227324602,137.7685966377622,420.3954227446434,109.27296240129138,22.48095166566332,146.55668961495934,370.22929413110165,92.00932689502872
2022,4,27,19,0.0,0.0,0.0,0.0,0.0,0.0,0.0,0.0
2022,4,27,20,0.0,0.0,0.0,0.0,0.0,0.0,0.0,0.0
2022,4,27,21,0.0,0.0,0.0,0.0,0.0,0.0,0.0,0.0
2022,4,27,22,0.0,0.0,0.0,0.0,0.0,0.0,0.0,0.0
2022,4,27,23,0.0,0.0,0.0,0.0,0.0,0.0,0.0,0.0
2022,4,28,0,0.0,0.0,0.0,0.0,0.0,0.0,0.0,0.0
2022,4,28,1,0.0,0.0,0.0,0.0,0.0,0.0,0.0,0.0
2022,4,28,2,0.0,0.0,0.0,0.0,0.0,0.0,0.0,0.0
2022,4,28,3,0.0,0.0,0.0,0.0,0.0,0.0,0.0,0.0
2022,4,28,4,0.0,0.0,0.0,0.0,0.0,0.0,0.0,0.0
2022,4,28,5,0.0,0.0,0.0,0.0,0.0,0.0,0.0,0.0
2022,4,28,6,-0.0,-0.0,-0.0,-0.0,11.494431191911875,9.979782045147138,6.747630160525524,10.691646086963152
2022,4,28,7,73.43419535051432,165.9669889933087,180.43719894653526,178.91492938241396,167.6859001373243,491.81959749639856,541.352397420813,516.0175831652648
2022,4,28,8,282.3194319155604,464.3346696309212,483.8066846337229,439.4230008524603,380.8431599771362,659.4298610926122,680.9833622254563,600.4351150829209
2022,4,28,9,544.8300231418681,712.7294886162936,731.2888774678031,582.1568944917151,161.34114553138312,154.15717477007593,162.37441511818008,153.07305085870036
2022,4,28,10,360.6983399450342,389.728743140385,401.28256387774087,298.78963055977744,663.9751515952241,738.5167528276723,757.781339033403,443.5287999160535
2022,4,28,11,674.7699231876228,681.594603532137,706.2426537520095,316.2064248464077,736.1235202073798,746.2822623006203,770.9390669109641,259.2301136256189
2022,4,28,12,788.9081017379938,776.9331893788999,808.0168562480532,199.10723936005292,702.3398013241011,695.8986291654306,721.3206727732139,137.12664731422169
2022,4,28,13,754.194229228291,782.5821874813298,809.5642860859056,329.0401500158402,725.9881408913789,756.3163960298928,779.3174280840958,277.4350882718015
2022,4,28,14,690.1393695425984,812.6483429898899,833.3333333333334,465.83620578934347,650.5678231036035,766.5853707428129,785.0957241945197,412.68267801077553
2022,4,28,15,522.3747843123494,741.9539913199948,761.7375198571403,522.9082933672366,525.9429572775201,762.9870466349876,777.6309129151814,503.8003051543193
2022,4,28,16,369.7303656071157,701.2523201578181,738.0732815330437,547.9103446485515,352.6782401773382,712.5160852595734,748.0006432929972,535.1947746201117
2022,4,28,17,174.46648140396857,485.7308649068679,543.2784577422804,423.09094646815987,163.98708831746546,485.8765475306933,541.5345239629141,416.0508803199128
2022,4,28,18,28.74355440801064,373.4984339721178,548.8814512465979,141.79329359303722,30.604248668779476,254.40262222654252,424.6108802246258,112.63204150919701
2022,4,28,19,0.0,0.0,0.0,0.0,0.0,0.0,0.0,0.0
2022,4,28,20,0.0,0.0,0.0,0.0,0.0,0.0,0.0,0.0
2022,4,28,21,0.0,0.0,0.0,0.0,0.0,0.0,0.0,0.0
2022,4,28,22,0.0,0.0,0.0,0.0,0.0,0.0,0.0,0.0
2022,4,28,23,0.0,0.0,0.0,0.0,0.0,0.0,0.0,0.0
2022,4,29,0,0.0,0.0,0.0,0.0,0.0,0.0,0.0,0.0
2022,4,29,1,0.0,0.0,0.0,0.0,0.0,0.0,0.0,0.0
2022,4,29,2,0.0,0.0,0.0,0.0,0.0,0.0,0.0,0.0
2022,4,29,3,0.0,0.0,0.0,0.0,0.0,0.0,0.0,0.0
2022,4,29,4,0.0,0.0,0.0,0.0,0.0,0.0,0.0,0.0
2022,4,29,5,0.0,0.0,0.0,0.0,0.0,0.0,0.0,0.0
2022,4,29,6,-0.0,-0.0,-0.0,-0.0,12.142529368574856,98.28629876380164,156.51412570428488,109.15138488202736
2022,4,29,7,114.4698822897233,348.4660799532319,387.4863268134294,369.403848006646,168.09174024388864,496.256255627838,546.189266484798,519.6912118142941
2022,4,29,8,359.23878143922803,627.4154678518298,651.5783600948581,580.1823237934134,381.8757822827504,666.2495507497292,687.7945112342757,604.2429810998852
2022,4,29,9,275.1655692922983,322.153660912938,335.3274268124226,288.57801902737407,548.7291010544332,728.002081691417,741.6874212706585,561.7876533479254
2022,4,29,10,448.2273540993965,494.9320382024916,511.15663989173385,346.4550856403226,271.7234121997045,282.9657919418872,288.74944226936134,241.08611896555956
2022,4,29,11,499.0563651095599,505.057190900537,523.5661279228157,254.74618234101223,490.56881602500147,508.16798892868843,519.745567420566,295.5866800140961
2022,4,29,12,567.8819995130841,560.1987096744119,583.6787290046717,199.32559735504603,761.2758193858198,756.2169258211891,782.5555891563755,145.52777168672733
2022,4,29,13,592.1008148987917,616.7783614840018,636.8223041718278,306.1528722043117,730.9043475316635,763.4038251158275,785.9301280318077,274.10474562288266
2022,4,29,14,482.440745531366,548.9996468789011,567.0495039098803,369.28325912229263,650.4358486490455,767.821686906506,784.8536190078664,408.3357222060987
2022,4,29,15,445.9792772162854,587.429776282974,608.7754729237869,447.71963582165574,525.9306878231969,769.6561932781198,783.5058567214201,501.65863212936966
2022,4,29,16,342.8541218992526,574.5546032347676,602.6168393832744,472.9442543377851,352.3689901240065,715.9361759378928,750.691574501134,534.4255551910696
2022,4,29,17,140.38480942731042,262.51412178650105,283.1117069052768,245.65706959881538,141.7151296418375,588.9460068138463,669.9998303426592,487.7423804573713
2022,4,29,18,29.843213920131202,389.8675483909652,560.8148763417263,148.42312937755048,23.276970476479843,159.15646206654358,389.91567412889464,99.98790380833466
2022,4,29,19,0.0,0.0,0.0,0.0,0.0,0.0,0.0,0.0
2022,4,29,20,0.0,0.0,0.0,0.0,0.0,0.0,0.0,0.0
2022,4,29,21,0.0,0.0,0.0,0.0,0.0,0.0,0.0,0.0
2022,4,29,22,0.0,0.0,0.0,0.0,0.0,0.0,0.0,0.0
2022,4,29,23,0.0,0.0,0.0,0.0,0.0,0.0,0.0,0.0
2022,4,30,0,0.0,0.0,0.0,0.0,0.0,0.0,0.0,0.0
2022,4,30,1,0.0,0.0,0.0,0.0,0.0,0.0,0.0,0.0
2022,4,30,2,0.0,0.0,0.0,0.0,0.0,0.0,0.0,0.0
2022,4,30,3,0.0,0.0,0.0,0.0,0.0,0.0,0.0,0.0
2022,4,30,4,0.0,0.0,0.0,0.0,0.0,0.0,0.0,0.0
2022,4,30,5,0.0,0.0,0.0,0.0,0.0,0.0,0.0,0.0
2022,4,30,6,-0.0,-0.0,-0.0,-0.0,12.924143111511825,63.35634066993868,95.92417526693605,69.78609389246593
2022,4,30,7,73.39292742613951,154.3612368513063,167.04105280076547,167.20269930775012,159.3671017545178,445.52435678214397,489.55514265780215,468.3552352351504
2022,4,30,8,128.7239882187527,142.26109059322545,145.71070432071213,148.70169707947656,164.583003965015,170.15354777421348,171.85808638158633,173.43280556648745
2022,4,30,9,339.21820494528237,421.0359469667446,435.6471757928077,360.3425796705638,524.5048501001655,694.3795296570526,708.3527980226063,541.3613234091024
2022,4,30,10,220.43500454782597,233.47159935509174,239.27382625900748,196.0977395827126,640.4004977397135,714.3842959083953,732.4210224014149,433.5257487362743
2022,4,30,11,463.7868888907029,474.99085225676544,488.6586777623955,269.792709596192,705.9931223387679,716.2122660617431,739.2648688324796,256.1672445629036
2022,4,30,12,320.43877924547974,326.5106133773599,334.54306606683593,172.517073803468,33.574641909864965,37.88461359552632,36.973001355185396,31.207789923712227
2022,4,30,13,593.5663110677139,619.3434691354942,638.5380681604984,306.5872197141134,293.9787434538937,312.9470970410087,314.7719517068115,244.53600136335743
2022,4,30,14,283.1476671284448,303.6806965496434,314.0693101694968,243.85863713911465,626.8044584680546,739.2711182057217,756.3482717798519,406.23113256296364
2022,4,30,15,392.2129968334211,488.36288605647354,509.3188120658729,393.5221088590367,505.3289265463106,729.5849093515961,745.0221919567539,489.4222685646865
2022,4,30,16,302.08078706729265,478.39484837789723,499.5489104912098,401.36847478850984,340.89699891109257,664.7132014470208,697.3550747892324,507.85996463282083
2022,4,30,17,180.88713066340912,446.3939989644723,495.5645762243903,396.56545790783224,145.9022864152214,520.0209283044725,586.5289440166132,436.86956286425595
2022,4,30,18,35.05660700347158,352.7700295909859,555.7891944493231,151.85057004952827,31.53142659316802,141.25283627867032,304.4628444977998,90.24352247102088
2022,4,30,19,0.0,0.0,0.0,0.0,0.0,0.0,0.0,0.0
2022,4,30,20,0.0,0.0,0.0,0.0,0.0,0.0,0.0,0.0
2022,4,30,21,0.0,0.0,0.0,0.0,0.0,0.0,0.0,0.0
2022,4,30,22,0.0,0.0,0.0,0.0,0.0,0.0,0.0,0.0
2022,4,30,23,0.0,0.0,0.0,0.0,0.0,0.0,0.0,0.0
2022,5,1,0,0.0,0.0,0.0,0.0,0.0,0.0,0.0,0.0
2022,5,1,1,0.0,0.0,0.0,0.0,0.0,0.0,0.0,0.0
2022,5,1,2,0.0,0.0,0.0,0.0,0.0,0.0,0.0,0.0
2022,5,1,3,0.0,0.0,0.0,0.0,0.0,0.0,0.0,0.0
2022,5,1,4,0.0,0.0,0.0,0.0,0.0,0.0,0.0,0.0
2022,5,1,5,0.0,0.0,0.0,0.0,0.0,0.0,0.0,0.0
2022,5,1,6,-0.0,-0.0,-0.0,-0.0,12.538330206786833,95.11314806637095,146.348760957015,105.85252990997515
2022,5,1,7,119.51288886365111,266.51617203953896,288.7007992853396,285.3678221848651,161.63459285555254,462.5315975474353,506.89629386823185,483.42241660299845
2022,5,1,8,284.49327727936793,454.82636844891596,473.59675596606223,433.61861735136074,360.60710240748864,620.8369354280039,639.9834297795479,564.7897979916186
2022,5,1,9,369.3240602308905,456.3557110568261,472.05024198144577,392.20761353107116,517.9573728710487,684.3164547531753,696.7833027209566,534.0189608748033
2022,5,1,10,631.68744898033,705.0078024950387,723.8147245885451,456.55849622318345,631.3795976482163,704.1887091564384,720.1345818093381,425.1348722639582
2022,5,1,11,477.68012230747297,489.9081260602214,503.5968904392157,268.0017144179537,123.42642437633566,134.49114296218187,133.34342184983333,111.08508621148614
2022,5,1,12,301.822510279817,308.6062185293367,315.74158371987977,170.40290973450627,664.9286909168699,658.3451133737592,683.1289205239394,158.44623305442653
2022,5,1,13,191.2962023047998,202.54193665375743,205.07095619992316,155.3543907482843,414.23471674249276,436.4226385740707,445.9175459889368,265.26364752068423
2022,5,1,14,333.09689737528015,357.4654046823225,370.1730840318839,289.51120356407847,489.87945130886874,557.8015120797739,574.3770185842228,360.9531136343548
2022,5,1,15,497.25889803582663,659.9900937635342,682.0510524882734,501.22885580063013,507.19457218828575,737.5163741521925,751.748676917357,491.8351857046942
2022,5,1,16,343.1567863514458,626.3729680580612,658.5466109597161,499.3621416396411,343.9630627444302,688.3364812327587,721.8649506193586,520.9886528105997
2022,5,1,17,146.19681736419784,323.52851445494787,355.1174895180833,292.1738741185025,153.8523241549464,437.60136903285434,486.0928510232522,376.3318935534988
2022,5,1,18,35.74633341244883,296.6693065845048,442.73594501317115,129.46306127568803,26.846732825525113,161.23694357631018,369.5766458894792,102.641084257546
2022,5,1,19,0.0,0.0,0.0,0.0,0.0,0.0,0.0,0.0
2022,5,1,20,0.0,0.0,0.0,0.0,0.0,0.0,0.0,0.0
2022,5,1,21,0.0,0.0,0.0,0.0,0.0,0.0,0.0,0.0
2022,5,1,22,0.0,0.0,0.0,0.0,0.0,0.0,0.0,0.0
2022,5,1,23,0.0,0.0,0.0,0.0,0.0,0.0,0.0,0.0
2022,5,2,0,0.0,0.0,0.0,0.0,0.0,0.0,0.0,0.0
2022,5,2,1,0.0,0.0,0.0,0.0,0.0,0.0,0.0,0.0
2022,5,2,2,0.0,0.0,0.0,0.0,0.0,0.0,0.0,0.0
2022,5,2,3,0.0,0.0,0.0,0.0,0.0,0.0,0.0,0.0
2022,5,2,4,0.0,0.0,0.0,0.0,0.0,0.0,0.0,0.0
2022,5,2,5,0.0,0.0,0.0,0.0,0.0,0.0,0.0,0.0
2022,5,2,6,-0.0,-0.0,-0.0,-0.0,7.330612350493946,5.906296655273217,3.3361537021084517,6.412888216914734
2022,5,2,7,8.206780502676134,6.983057901868904,5.777619608368268,8.003248063379896,28.0079127611431,24.051287661043837,20.39745136352464,25.59762841080597
2022,5,2,8,33.94299773348426,29.830417162743345,29.78494593441979,33.03774991318702,92.14461063385836,85.44570972447214,85.36911383720604,89.36863651040834
2022,5,2,9,98.64114078658055,92.64317797350336,97.77551954473869,96.723906202679,74.96668405897631,68.94101301661378,72.75501433209487,69.91751578110842
2022,5,2,10,423.95941035454126,464.5893086918897,478.37715379548536,342.883375600004,650.0483668865583,728.8896817009845,746.6265634580976,439.9637516300094
2022,5,2,11,732.5421387886778,746.745737429774,769.5728958671539,301.7170368951064,726.2209506540174,740.8515651131077,763.3097530797172,262.1499623144784
2022,5,2,12,717.3701646910333,710.3370965553117,737.0577596298513,193.8467608738224,750.4441229051954,746.80997889812,772.4634960790254,150.24841608019693
2022,5,2,13,630.2470901566556,661.1790509587663,680.1773518369708,323.98105457884674,721.1163326438798,757.6045207955742,778.4638724559677,278.85309975904426
2022,5,2,14,573.75463834882,668.101960777909,687.2663553448117,421.9257223707103,640.5469861419648,760.9752671755655,777.3513569736115,411.1294846067226
2022,5,2,15,479.43657844510847,640.5452102292791,661.9685074371473,480.7163510958903,513.2725471019987,748.7451477109144,763.6081214584461,494.92619363639596
2022,5,2,16,370.4558167006499,632.0986716290698,662.3243415283769,515.5561773579095,344.34177793794095,681.2843378990829,714.5306329518029,514.9262005791095
2022,5,2,17,195.61319556388025,521.4067331356867,580.8236165277605,456.2594849513274,147.14579279436063,531.306086640772,599.2977502310296,443.0404444231676
2022,5,2,18,33.60815596144306,319.6184448950402,466.9381712515015,136.50162679862646,30.818377908670854,185.14103854138716,363.6650281794708,106.55843541985867
2022,5,2,19,0.0,0.0,0.0,0.0,0.0,0.0,0.0,0.0
2022,5,2,20,0.0,0.0,0.0,0.0,0.0,0.0,0.0,0.0
2022,5,2,21,0.0,0.0,0.0,0.0,0.0,0.0,0.0,0.0
2022,5,2,22,0.0,0.0,0.0,0.0,0.0,0.0,0.0,0.0
2022,5,2,23,0.0,0.0,0.0,0.0,0.0,0.0,0.0,0.0
2022,5,3,0,0.0,0.0,0.0,0.0,0.0,0.0,0.0,0.0
2022,5,3,1,0.0,0.0,0.0,0.0,0.0,0.0,0.0,0.0
2022,5,3,2,0.0,0.0,0.0,0.0,0.0,0.0,0.0,0.0
2022,5,3,3,0.0,0.0,0.0,0.0,0.0,0.0,0.0,0.0
2022,5,3,4,0.0,0.0,0.0,0.0,0.0,0.0,0.0,0.0
2022,5,3,5,0.0,0.0,0.0,0.0,0.0,0.0,0.0,0.0
2022,5,3,6,-0.0,-0.0,-0.0,-0.0,14.671279469332537,63.94957581521367,91.80638959267822,70.82311017777688
2022,5,3,7,61.19754454386372,105.2648558720013,110.34099754754678,114.12975108598773,156.7000235804669,426.1491879576033,465.53982239123553,444.6219915881995
2022,5,3,8,272.4972888283515,419.07893158205906,434.74135401249765,399.6019718531938,359.749548783954,622.494813201613,642.8669275920342,565.0136423521462
2022,5,3,9,107.92984136533632,111.64845275889267,117.20475064743135,109.46150872558533,29.512802571803242,26.70444557744249,28.32014982762655,27.18706074258723
2022,5,3,10,246.01888427641342,261.64438846505163,268.1119329320687,218.17638771336595,639.3916990484682,718.0986024312103,734.6045410690608,432.1334229223204
2022,5,3,11,446.488206528445,460.15150676556357,472.0502675661585,262.04632091930165,123.89707955063433,135.15594079973627,134.1206776031259,111.77183523388781
2022,5,3,12,228.48032735729922,248.8009386800476,246.7535574142828,192.8964181493989,433.7687867939379,453.62710731983225,459.2992795149728,252.9498306680478
2022,5,3,13,581.1747649526366,612.0249474538542,627.4939250127513,331.45959140533785,704.1129407343092,741.142234418391,760.5128492269013,276.91758990707405
2022,5,3,14,420.9969902975477,467.726194363862,483.74169812020887,346.28220124988303,627.099372724698,744.870518468457,760.2974298888404,407.1570424654394
2022,5,3,15,444.13041278551094,594.6544508193234,614.3890921245708,446.46015544631564,505.58206084374666,736.5815695173219,750.8359084640058,490.68639120540405
2022,5,3,16,236.34976990901254,348.9962013631621,363.5700479585381,303.9371312652863,340.6878468914724,674.856656978679,707.2708590640625,513.0626211375577
2022,5,3,17,158.6609737713182,470.65762624390607,527.1117366069973,404.160819088301,143.95148626778553,531.9381523675108,599.86804000229,445.34916817922453
2022,5,3,18,41.86409472958551,253.6757330882273,459.62677018544025,141.85323411604085,32.604184943339305,159.68751671248918,339.3796483410989,103.96419712800228
2022,5,3,19,0.0,0.0,0.0,0.0,0.0,0.0,0.0,0.0
2022,5,3,20,0.0,0.0,0.0,0.0,0.0,0.0,0.0,0.0
2022,5,3,21,0.0,0.0,0.0,0.0,0.0,0.0,0.0,0.0
2022,5,3,22,0.0,0.0,0.0,0.0,0.0,0.0,0.0,0.0
2022,5,3,23,0.0,0.0,0.0,0.0,0.0,0.0,0.0,0.0
2022,5,4,0,0.0,0.0,0.0,0.0,0.0,0.0,0.0,0.0
2022,5,4,1,0.0,0.0,0.0,0.0,0.0,0.0,0.0,0.0
2022,5,4,2,0.0,0.0,0.0,0.0,0.0,0.0,0.0,0.0
2022,5,4,3,0.0,0.0,0.0,0.0,0.0,0.0,0.0,0.0
2022,5,4,4,0.0,0.0,0.0,0.0,0.0,0.0,0.0,0.0
2022,5,4,5,0.0,0.0,0.0,0.0,0.0,0.0,0.0,0.0
2022,5,4,6,-0.0,-0.0,-0.0,-0.0,14.357345707020484,104.85235282061218,156.4532208627024,116.22691327639389
2022,5,4,7,17.310094519888278,17.982558525294845,16.604653906423508,20.112232953615237,163.174756568025,469.80548724142807,515.2162221872301,489.13972334532235
2022,5,4,8,41.64196571394565,36.645398560969106,36.68916692957721,40.56851520941506,365.50468182652685,640.4253236763864,660.510342400439,577.2865436562671
2022,5,4,9,191.80536525158263,205.36780225000507,215.14238734027663,195.81153984753988,278.6301275254253,303.7141229285337,317.94547406019905,275.86611319383013
2022,5,4,10,163.84815211084802,170.12588877028583,173.55938112533045,153.72702607951462,645.5576398639594,727.4432885523253,743.5405372142732,433.0431427032577
2022,5,4,11,459.81050784288703,478.29509839698846,487.8792561618539,285.8784028549665,717.8722869494385,735.2239606861132,755.836728805425,254.57643154460328
2022,5,4,12,408.9638156527815,420.45698989187264,429.17690940619457,227.78513223661972,737.9993395131909,737.9289817270084,761.3450930424973,148.61813712950772
2022,5,4,13,627.8079499596424,661.3267369383167,678.9106940030568,324.69264898379413,710.4489946338228,749.9918654801173,769.023074111859,275.73959800705825
2022,5,4,14,502.4515846432715,577.4849720874744,593.8465424580367,386.6438930024081,632.8184725895928,755.9336194134409,770.8183736857678,406.1816346363393
2022,5,4,15,420.927622301907,555.5559280197929,575.7513140087109,425.06683794358327,508.5480713216843,747.3279968149449,761.3038142431399,490.40027737449884
2022,5,4,16,365.41986090125033,630.2615517094321,660.0083054706706,512.223907690323,340.7056673173581,689.7754405969987,723.2081443225334,515.4106631839575
2022,5,4,17,193.20971617444684,541.8336692710446,604.4204511585793,471.0374132525165,143.16071375869916,552.4524094846729,625.1632978496376,458.1518976264996
2022,5,4,18,39.983362371405214,360.7449413647541,578.3806575096293,172.74838538509067,29.92559282673765,169.92556495710446,369.40878903474555,110.19679253180523
2022,5,4,19,0.0,0.0,0.0,0.0,0.0,0.0,0.0,0.0
2022,5,4,20,0.0,0.0,0.0,0.0,0.0,0.0,0.0,0.0
2022,5,4,21,0.0,0.0,0.0,0.0,0.0,0.0,0.0,0.0
2022,5,4,22,0.0,0.0,0.0,0.0,0.0,0.0,0.0,0.0
2022,5,4,23,0.0,0.0,0.0,0.0,0.0,0.0,0.0,0.0
2022,5,5,0,0.0,0.0,0.0,0.0,0.0,0.0,0.0,0.0
2022,5,5,1,0.0,0.0,0.0,0.0,0.0,0.0,0.0,0.0
2022,5,5,2,0.0,0.0,0.0,0.0,0.0,0.0,0.0,0.0
2022,5,5,3,0.0,0.0,0.0,0.0,0.0,0.0,0.0,0.0
2022,5,5,4,0.0,0.0,0.0,0.0,0.0,0.0,0.0,0.0
2022,5,5,5,0.0,0.0,0.0,0.0,0.0,0.0,0.0,0.0
2022,5,5,6,-0.0,-0.0,-0.0,-0.0,13.809301232676123,38.30239604812865,50.78853962274166,41.63248326337708
2022,5,5,7,30.035898675070573,27.671986134877226,24.647502854178608,30.591347716725622,50.92060914560623,45.91461641786451,40.26970249721442,48.73303809537726
2022,5,5,8,40.57109476083066,35.68099874404889,35.76665922933914,39.4975050493564,5.293271510591193,4.140456204018466,4.092510231010998,4.584751566532628
2022,5,5,9,41.0948684300919,37.67534681319553,39.92973588153205,39.91893423631519,253.17004736371948,271.56738328576176,284.8819149817797,249.83848146725117
2022,5,5,10,244.65153666208872,259.69214188520226,266.1899598654037,219.893354618888,347.81636359819584,373.54461952809146,382.6254512191568,288.29057217128053
2022,5,5,11,366.81501465150217,383.1523580815112,390.10259230613775,248.86468199071308,404.76631129883407,427.85504334344506,432.9764151422162,276.7159088518118
2022,5,5,12,568.475400773892,575.4427248673494,591.3429213370162,233.1315964756633,726.570588359971,725.587414861086,749.2261931138668,158.49998378738334
2022,5,5,13,546.3076282101895,577.63083396439,591.4990892759084,309.2077141829567,689.7017599623575,728.5741916489171,746.8524102074161,288.1377625097261
2022,5,5,14,569.7899197941916,666.7994562096286,684.3494535224186,421.9347714777175,608.0883937387246,720.0260513569334,735.693771551629,411.2033690524227
2022,5,5,15,458.42652407318826,612.5972144135394,633.416797106725,460.7644154107249,343.80758269569804,397.5481060715639,417.6352984408018,333.090136327964
2022,5,5,16,323.466298542069,519.6844698501635,542.6926728671452,432.91400049461345,330.52860954384806,628.6575465408985,657.4978434821187,484.51605852736395
2022,5,5,17,172.22751403072763,439.33962568359914,486.9381668444249,385.5885363317512,148.33120006583948,484.26805835181773,542.3291634236745,411.6247550024328
2022,5,5,18,36.522901009269354,314.49107125574653,451.05244994377915,142.6615977754499,6.321909786759792,5.029180571166655,2.2950795180962302,5.50132696767713
2022,5,5,19,0.0,0.0,0.0,0.0,0.0,0.0,0.0,0.0
2022,5,5,20,0.0,0.0,0.0,0.0,0.0,0.0,0.0,0.0
2022,5,5,21,0.0,0.0,0.0,0.0,0.0,0.0,0.0,0.0
2022,5,5,22,0.0,0.0,0.0,0.0,0.0,0.0,0.0,0.0
2022,5,5,23,0.0,0.0,0.0,0.0,0.0,0.0,0.0,0.0
2022,5,6,0,0.0,0.0,0.0,0.0,0.0,0.0,0.0,0.0
2022,5,6,1,0.0,0.0,0.0,0.0,0.0,0.0,0.0,0.0
2022,5,6,2,0.0,0.0,0.0,0.0,0.0,0.0,0.0,0.0
2022,5,6,3,0.0,0.0,0.0,0.0,0.0,0.0,0.0,0.0
2022,5,6,4,0.0,0.0,0.0,0.0,0.0,0.0,0.0,0.0
2022,5,6,5,0.0,0.0,0.0,0.0,0.0,0.0,0.0,0.0
2022,5,6,6,1.1817682029293484,8.200875757150953,12.06308030149289,9.125775010071779,15.93015873697621,157.42012300561336,235.38961061747287,172.15495979909758
2022,5,6,7,101.16558705080296,293.8278799207639,324.89389050053967,309.86873153461494,181.20579112902178,532.5393757857839,581.3412500628085,549.838029528458
2022,5,6,8,363.4053248860136,641.9398674620991,661.718428436096,584.1108375809938,393.9481708880617,681.3589368099542,699.7209828821441,613.7109576044116
2022,5,6,9,525.684907509214,701.3995569369007,712.4154101931389,554.0168333540682,547.6034290444985,727.8204526360491,738.7760752215878,563.2241228726098
2022,5,6,10,615.871217486663,689.7456178617819,702.3804325875373,440.04912690827405,650.8565009709754,730.9227347794852,744.0629066165158,438.83834369191794
2022,5,6,11,699.8342932714899,717.8448959417591,736.164221172954,280.70116310823283,702.4986478020222,724.221783132994,740.0930681638786,255.1472082686186
2022,5,6,12,734.2313665288195,736.9077028320289,758.0792570983788,189.73541194661294,707.7620234949824,716.3034612286386,732.9185138438727,151.19996715324183
2022,5,6,13,721.8870927006088,763.9016781015818,781.7117583013481,323.463215409776,684.8110560588971,723.2866171580573,738.7842658559455,277.53157827909996
2022,5,6,14,648.7936343548628,773.8165062804875,788.8622509540103,451.65076317247116,612.3876596969903,726.9172208554799,739.1636442259193,408.9750301274202
2022,5,6,15,425.8919153588148,598.7980481368493,615.5519541391543,433.6106561905417,498.6664050769858,723.3540229086675,735.2292553296821,495.0194278050271
2022,5,6,16,241.07908642139395,337.80512584133834,349.5580765634774,299.76289859717485,318.0529863548273,541.1784366738616,563.2811657904118,440.1217494390667
2022,5,6,17,70.07638329778347,109.46842118219429,111.64249388707947,103.95916743297798,52.80983712162487,50.80329812868322,43.596574099136845,52.59674147743845
2022,5,6,18,35.157637819170745,546.4056718188594,785.050511654303,237.14833141651675,32.87494146158555,176.67905328986103,369.6192911939592,117.51445427394351
2022,5,6,19,0.0,0.0,0.0,0.0,0.0,0.0,0.0,0.0
2022,5,6,20,0.0,0.0,0.0,0.0,0.0,0.0,0.0,0.0
2022,5,6,21,0.0,0.0,0.0,0.0,0.0,0.0,0.0,0.0
2022,5,6,22,0.0,0.0,0.0,0.0,0.0,0.0,0.0,0.0
2022,5,6,23,0.0,0.0,0.0,0.0,0.0,0.0,0.0,0.0
2022,5,7,0,0.0,0.0,0.0,0.0,0.0,0.0,0.0,0.0
2022,5,7,1,0.0,0.0,0.0,0.0,0.0,0.0,0.0,0.0
2022,5,7,2,0.0,0.0,0.0,0.0,0.0,0.0,0.0,0.0
2022,5,7,3,0.0,0.0,0.0,0.0,0.0,0.0,0.0,0.0
2022,5,7,4,0.0,0.0,0.0,0.0,0.0,0.0,0.0,0.0
2022,5,7,5,0.0,0.0,0.0,0.0,0.0,0.0,0.0,0.0
2022,5,7,6,-0.0,-0.0,-0.0,-0.0,15.764896380744485,119.53362184491795,174.3131089625245,131.0473859894085
2022,5,7,7,38.71352561923005,42.5968544771365,40.59362488229144,47.02441328646907,162.1100891683269,459.60797266171363,502.2712215811952,476.64386774902647
2022,5,7,8,170.80627390043608,234.21227175527517,242.22669285765923,229.960743831355,357.18072871976176,619.9571490091535,638.2407643255203,559.1379564630807
2022,5,7,9,318.3443058457338,396.2574925381866,408.7930069126311,338.831099108469,513.9075841159948,685.6781520795919,696.6134013756896,529.8994117184103
2022,5,7,10,516.374918974513,575.8102817360358,589.8096547546568,398.86229139478974,628.6912144027796,710.3216121792606,723.8104777719178,423.47768817953886
2022,5,7,11,469.29269466338565,486.0312399403716,496.8507483773877,262.79389064850324,696.4776955798961,717.3059552350364,734.5405679665486,248.35058952168686
2022,5,7,12,547.2765798644556,555.3100219981106,569.3087427412647,222.99927988602715,713.0482887255894,717.787693703155,737.3851086118455,145.78970114799432
2022,5,7,13,565.1327295740597,598.884081451736,611.8506712243575,317.2350300505112,685.0152538451775,726.9222696212287,742.6831327102425,272.74088274278387
2022,5,7,14,504.50418900653017,578.8381084683705,594.3537862973924,398.3097780293665,609.2454890485346,727.9525039906492,740.640017836527,401.10373034506387
2022,5,7,15,455.8338426141053,598.7461659486231,620.3090952172869,464.4404842564312,488.8536285619489,709.7408606615292,723.0457230158135,480.82506832119606
2022,5,7,16,332.155490865772,529.4968959849556,553.0756132517066,445.5598265913249,331.2574302111827,645.5964260790928,675.39533015251,497.5437121001147
2022,5,7,17,203.4475869208373,498.5828298677102,553.7291381563181,445.82362272594173,145.3554623170954,506.12532677032726,568.008192489015,427.3441484443952
2022,5,7,18,42.12072244510191,592.6502149190109,833.3333333333334,266.96428624206254,33.738392237441715,193.82753279225003,366.2242448794272,119.30370096386461
2022,5,7,19,0.0,0.0,0.0,0.0,0.0,0.0,0.0,0.0
2022,5,7,20,0.0,0.0,0.0,0.0,0.0,0.0,0.0,0.0
2022,5,7,21,0.0,0.0,0.0,0.0,0.0,0.0,0.0,0.0
2022,5,7,22,0.0,0.0,0.0,0.0,0.0,0.0,0.0,0.0
2022,5,7,23,0.0,0.0,0.0,0.0,0.0,0.0,0.0,0.0
2022,5,8,0,0.0,0.0,0.0,0.0,0.0,0.0,0.0,0.0
2022,5,8,1,0.0,0.0,0.0,0.0,0.0,0.0,0.0,0.0
2022,5,8,2,0.0,0.0,0.0,0.0,0.0,0.0,0.0,0.0
2022,5,8,3,0.0,0.0,0.0,0.0,0.0,0.0,0.0,0.0
2022,5,8,4,0.0,0.0,0.0,0.0,0.0,0.0,0.0,0.0
2022,5,8,5,0.0,0.0,0.0,0.0,0.0,0.0,0.0,0.0
2022,5,8,6,-0.0,-0.0,-0.0,-0.0,16.54272360833401,130.58163534246705,190.14810840145415,142.4653204057866
2022,5,8,7,56.193929348864664,74.98778674039396,74.58934267758944,81.18553878182259,169.4800920441219,495.5611904938997,542.4773938052346,512.6577163325485
2022,5,8,8,254.28255483428424,421.4903007476005,437.8653668341456,394.6023913534545,372.9943612332293,654.408423581883,673.1480627183507,588.0295139750534
2022,5,8,9,476.4929946682466,642.5319971810233,654.7455539148546,509.202008915245,532.3537082477858,717.1160653175947,728.1197873152928,550.625034414451
2022,5,8,10,628.9176463260408,713.6208529982164,727.3432482499037,442.6015188214396,644.3655327964635,730.232775852997,742.9999996214955,432.1176728561686
2022,5,8,11,694.8533676594914,716.2555443150748,733.5351793717273,276.21983145563183,711.1387512661429,737.2471925064569,753.1249443664899,254.18613883972418
2022,5,8,12,736.455700231184,738.785099272171,760.4336601858764,189.50185492316768,732.4808649823943,744.083561072593,761.4547172588119,151.82326229149976
2022,5,8,13,712.6227109614571,757.6945176284161,774.242024677778,312.60704563003907,704.8212674231294,751.6988871638383,766.6765248398416,276.4292691556587
2022,5,8,14,643.220259538643,773.7754012125329,787.7445958397259,441.6695919775688,629.8470696892421,756.9501387880981,768.8838545397097,406.17153171747975
2022,5,8,15,495.5667108802882,723.0429814222972,738.7396972768297,501.4430900777783,509.8734014265486,756.2263112879675,767.8764930333637,495.34335851842474
2022,5,8,16,307.9653613302954,531.8990006547047,557.0012595329359,431.99749085937987,342.0270681842155,707.1745087467292,740.6807491963851,527.0099670293686
2022,5,8,17,145.19291005171243,382.4408063901526,425.240314338565,333.99334034617704,141.8541975323698,574.4141734443093,650.4681928592901,474.71594937106204
2022,5,8,18,39.79264479988973,322.30880504806754,459.9784976508232,153.7108139320956,30.386140214531338,194.78458299174346,415.11554760990333,129.79140292597145
2022,5,8,19,0.0,0.0,0.0,0.0,0.0,0.0,0.0,0.0
2022,5,8,20,0.0,0.0,0.0,0.0,0.0,0.0,0.0,0.0
2022,5,8,21,0.0,0.0,0.0,0.0,0.0,0.0,0.0,0.0
2022,5,8,22,0.0,0.0,0.0,0.0,0.0,0.0,0.0,0.0
2022,5,8,23,0.0,0.0,0.0,0.0,0.0,0.0,0.0,0.0
2022,5,9,0,0.0,0.0,0.0,0.0,0.0,0.0,0.0,0.0
2022,5,9,1,0.0,0.0,0.0,0.0,0.0,0.0,0.0,0.0
2022,5,9,2,0.0,0.0,0.0,0.0,0.0,0.0,0.0,0.0
2022,5,9,3,0.0,0.0,0.0,0.0,0.0,0.0,0.0,0.0
2022,5,9,4,0.0,0.0,0.0,0.0,0.0,0.0,0.0,0.0
2022,5,9,5,0.0,0.0,0.0,0.0,0.0,0.0,0.0,0.0
2022,5,9,6,-0.0,-0.0,-0.0,-0.0,17.35513799323436,81.86297555319842,113.513695398239,89.29807250388787
2022,5,9,7,61.45106021845666,109.54519065427705,115.13837602179514,117.56499392398901,157.55234639673841,419.00821733582444,456.70545055039935,435.0810911197224
2022,5,9,8,262.81785761736165,437.6728402848879,454.59059405291765,408.506082874124,352.48026093848756,608.3552178885778,627.9420517141579,551.2930866200365
2022,5,9,9,399.7047134716581,515.741316321607,530.5417340908398,429.90274567821626,512.9191505475691,689.3906728095618,701.8022879676414,534.021555180653
2022,5,9,10,564.8375405405013,634.6768319173196,648.8601851961125,428.8967115060185,627.7357467786817,712.5374958582403,725.7317178756243,429.11496864400846
2022,5,9,11,675.6833999776735,698.4452185324802,714.6176531097292,319.50989057964,698.5474733163351,723.3685173826497,739.6406997457892,260.53575966679165
2022,5,9,12,720.3507287585777,726.9900924854583,746.6927325545707,208.57714514802376,724.8978771256938,733.0715511587829,751.945094756529,154.0766455760857
2022,5,9,13,711.8522392042123,757.5433354861941,774.0428584512019,331.39348854637893,695.0414349855757,741.4591061549603,756.643365939856,278.63680690363003
2022,5,9,14,597.7529248608809,709.4537990060904,724.7532754548745,435.09726040495184,618.7925534473401,745.2562069605677,757.6841072888691,405.90238406858566
2022,5,9,15,511.6412021424126,730.1488319642885,747.6330610856573,516.8827598470621,498.22459259579045,735.6863941906732,748.7507947437949,487.5582100659147
2022,5,9,16,364.0022448005987,698.8755517148238,732.9918237730511,545.7053264531011,335.97061326271586,678.1445784406623,710.4450907581148,510.896741057043
2022,5,9,17,176.98297614418948,551.435807367298,617.1532756463168,469.5809024175177,142.2511083937453,541.2325910226049,610.7030459730456,447.45622908564144
2022,5,9,18,55.277605847699576,322.3749670335567,536.9796111766717,186.80632562044684,34.156452279956106,186.04965476383956,377.6538733120733,124.74552708601449
2022,5,9,19,0.0,0.0,0.0,0.0,0.0,0.0,0.0,0.0
2022,5,9,20,0.0,0.0,0.0,0.0,0.0,0.0,0.0,0.0
2022,5,9,21,0.0,0.0,0.0,0.0,0.0,0.0,0.0,0.0
2022,5,9,22,0.0,0.0,0.0,0.0,0.0,0.0,0.0,0.0
2022,5,9,23,0.0,0.0,0.0,0.0,0.0,0.0,0.0,0.0
2022,5,10,0,0.0,0.0,0.0,0.0,0.0,0.0,0.0,0.0
2022,5,10,1,0.0,0.0,0.0,0.0,0.0,0.0,0.0,0.0
2022,5,10,2,0.0,0.0,0.0,0.0,0.0,0.0,0.0,0.0
2022,5,10,3,0.0,0.0,0.0,0.0,0.0,0.0,0.0,0.0
2022,5,10,4,0.0,0.0,0.0,0.0,0.0,0.0,0.0,0.0
2022,5,10,5,0.0,0.0,0.0,0.0,0.0,0.0,0.0,0.0
2022,5,10,6,0.1394196039270679,-0.0,-0.0,0.19547513671828518,19.911853693372354,89.87978707694485,122.90540020159487,98.17785226937256
2022,5,10,7,117.34149796593485,297.660651659008,326.4051089213866,314.7582334944835,162.7566334256572,436.716557788752,475.6513426402434,452.2391269294743
2022,5,10,8,205.46082744962064,311.0658830061563,323.0017824482326,297.52353960854515,364.45896687060383,632.1098181540159,651.6133949630606,570.8155670217793
2022,5,10,9,466.21234144853787,613.7397961531346,627.7118240973807,498.546100510492,525.4521323061166,708.6353619661081,720.2230339762892,546.4625091562868
2022,5,10,10,592.559641307776,671.9413578717697,685.584928369656,433.4366308801822,640.8632932685872,728.9878654096187,741.554855246039,434.965394955915
2022,5,10,11,678.9600948504684,702.4288026730158,718.5419573639045,298.2286743329841,709.4929518762733,735.4816327382183,751.2890303943481,257.70265495802295
2022,5,10,12,741.1976768677395,751.0266581587715,769.3772532750319,193.04640657474923,727.1313336486277,742.4404928529616,758.075777887019,153.78858457714975
2022,5,10,13,733.5731519626702,783.3150540308992,798.9888380148302,316.1988556300317,700.040018911643,749.5985256610868,763.1982066519049,278.200767088768
2022,5,10,14,653.3163474001556,787.11330456107,800.3944960982531,452.0101481793664,628.7244064364183,760.005421215767,771.6546755938718,409.03440826583625
2022,5,10,15,543.740948840874,804.7282663263397,819.0858535442528,549.3889515279947,508.769574904379,754.8070824817981,766.1603150976722,496.41309569768043
2022,5,10,16,373.924078052699,715.7220498577273,750.1320097762946,560.6942783564624,341.84810499581863,708.262906772961,741.3681276077752,528.3621079190141
2022,5,10,17,164.2859872050337,465.56348426112714,518.9847075794584,401.91962904588445,140.98255655163572,579.755133590765,656.2831646743705,478.5647311303311
2022,5,10,18,52.87000373022571,292.34011596911705,485.28016691296284,173.41296267003887,29.987630524402277,206.9332201785265,436.2211018880257,139.32744873119327
2022,5,10,19,0.0,0.0,0.0,0.0,0.0,0.0,0.0,0.0
2022,5,10,20,0.0,0.0,0.0,0.0,0.0,0.0,0.0,0.0
2022,5,10,21,0.0,0.0,0.0,0.0,0.0,0.0,0.0,0.0
2022,5,10,22,0.0,0.0,0.0,0.0,0.0,0.0,0.0,0.0
2022,5,10,23,0.0,0.0,0.0,0.0,0.0,0.0,0.0,0.0
2022,5,11,0,0.0,0.0,0.0,0.0,0.0,0.0,0.0,0.0
2022,5,11,1,0.0,0.0,0.0,0.0,0.0,0.0,0.0,0.0
2022,5,11,2,0.0,0.0,0.0,0.0,0.0,0.0,0.0,0.0
2022,5,11,3,0.0,0.0,0.0,0.0,0.0,0.0,0.0,0.0
2022,5,11,4,0.0,0.0,0.0,0.0,0.0,0.0,0.0,0.0
2022,5,11,5,0.0,0.0,0.0,0.0,0.0,0.0,0.0,0.0
2022,5,11,6,3.0400666337569073,2.998608306315977,2.0603538888308557,3.5748121174115473,18.37913823376885,161.68263687020408,231.72624336703777,173.80220607079696
2022,5,11,7,83.42404636773993,194.1465794580271,210.07911098484652,204.77620596863625,174.0692975770256,514.9155786088793,562.5841105066236,529.4399492997602
2022,5,11,8,233.7699140716136,380.9606880123453,396.1584754136279,359.0741377925683,378.4643895300164,665.4987054194372,683.5705096288739,595.7021625561177
2022,5,11,9,269.14639979301484,335.38509250834227,346.09919373658664,287.5323090138691,536.2767202875211,724.6929120598638,734.6501640662356,554.9076965215122
2022,5,11,10,588.9582423291185,668.7007687715626,681.6262685476038,430.66740268396103,645.6825829767332,735.1670615631887,746.3904725196531,433.07409057164284
2022,5,11,11,728.2022869065638,753.8560797137168,770.2354828631723,306.97591943222784,712.6728762669832,743.0159173701467,757.0075626588516,253.9497019511651
2022,5,11,12,701.9193976350542,708.6655239344562,727.1596770947386,188.1814181557301,731.3890147203999,747.5249609069635,762.80878450747,151.6471580696063
2022,5,11,13,725.5192743611658,776.0015712502617,790.7921904257182,323.53051216926286,704.8151332465604,756.0538291495104,769.2008769949133,277.02070510581774
2022,5,11,14,636.7563881837516,764.546656778096,778.638477072898,452.8799384867526,628.8039100860584,759.839104419863,770.3957348717868,406.28803758275944
2022,5,11,15,522.3055145091439,751.0692222900938,767.6194977460716,532.1024458286046,505.2042860173925,748.7910999621171,760.1662209544124,493.81944310610766
2022,5,11,16,367.54283310226555,710.2917427262463,744.2106585769849,556.1004799481581,340.0032565240228,702.9473179611058,735.6463793995018,525.5280361835029
2022,5,11,17,161.09502233286042,566.3925921027213,638.2481755975086,477.68958544415887,141.238543166897,578.7843404833444,654.6925128916552,478.54683728104334
2022,5,11,18,46.781539875343704,250.53027070361895,519.8781394534063,178.08048464729626,29.522290418884367,213.2212897220949,446.7518969414769,144.47258028842717
2022,5,11,19,0.0,0.0,0.0,0.0,0.0,0.0,0.0,0.0
2022,5,11,20,0.0,0.0,0.0,0.0,0.0,0.0,0.0,0.0
2022,5,11,21,0.0,0.0,0.0,0.0,0.0,0.0,0.0,0.0
2022,5,11,22,0.0,0.0,0.0,0.0,0.0,0.0,0.0,0.0
2022,5,11,23,0.0,0.0,0.0,0.0,0.0,0.0,0.0,0.0
2022,5,12,0,0.0,0.0,0.0,0.0,0.0,0.0,0.0,0.0
2022,5,12,1,0.0,0.0,0.0,0.0,0.0,0.0,0.0,0.0
2022,5,12,2,0.0,0.0,0.0,0.0,0.0,0.0,0.0,0.0
2022,5,12,3,0.0,0.0,0.0,0.0,0.0,0.0,0.0,0.0
2022,5,12,4,0.0,0.0,0.0,0.0,0.0,0.0,0.0,0.0
2022,5,12,5,0.0,0.0,0.0,0.0,0.0,0.0,0.0,0.0
2022,5,12,6,2.3446534681688567,22.234596651057988,31.6929641605785,24.48143725103467,19.379237202222388,153.50378392974446,216.43004895103277,166.0784866578927
2022,5,12,7,126.06088427478184,373.3378782539919,410.2070089997395,387.98550653335496,172.24015221691624,498.07089504629243,543.2406299061377,512.3705142772114
2022,5,12,8,333.1024389990734,585.2382034626089,602.3917450524509,532.2559740877749,372.32318444840115,646.6107763105807,663.728006708886,581.2401633096315
2022,5,12,9,510.0581127429263,689.2514462864259,699.323032886092,542.2574983906655,526.8111348066356,707.7360686376859,717.026551492725,545.5856148510449
2022,5,12,10,634.785680876526,722.7565300184237,733.589783553283,446.1131991861884,639.6063124907205,727.6975471261333,738.1206933417596,431.640502908242
2022,5,12,11,710.9051954629778,740.7201964293962,754.2174400438779,278.0570192235742,708.2103266758759,739.2617187934844,752.353851094501,254.32635367696562
2022,5,12,12,743.3943244042308,759.1196052443034,774.2258682552101,178.60403511831248,729.5253670908095,746.9656974243808,761.3644144433207,152.576530942825
2022,5,12,13,718.734534937233,771.147002756945,784.2293928381423,306.14292308024386,703.8989795064314,756.102303294123,768.5629763648534,278.677914834151
2022,5,12,14,648.1409583244198,785.1046549766211,795.9203071694058,439.7886102489941,629.5264631845477,760.6460288270246,770.8322054714907,409.3084819845129
2022,5,12,15,528.736271320203,790.423294519177,802.1253603281111,533.0591814469111,510.40143131410963,759.6293611117089,770.3034780064943,499.5109821967119
2022,5,12,16,361.8057868706729,754.1648584993582,790.3002566234289,570.7269408408011,342.9352723858536,713.1291750496842,745.7456188800286,533.2225100506637
2022,5,12,17,152.2102840665472,649.9246216525482,737.8135668769548,538.4316139229003,140.91256832818632,587.9783854273965,664.8795801233246,486.587012423787
2022,5,12,18,43.97896364170152,217.37004434176868,501.2522069725588,172.1862019054961,29.539718895940656,220.90884620933764,459.72793051024405,150.73581789568667
2022,5,12,19,0.0,0.0,0.0,0.0,0.0,0.0,0.0,0.0
2022,5,12,20,0.0,0.0,0.0,0.0,0.0,0.0,0.0,0.0
2022,5,12,21,0.0,0.0,0.0,0.0,0.0,0.0,0.0,0.0
2022,5,12,22,0.0,0.0,0.0,0.0,0.0,0.0,0.0,0.0
2022,5,12,23,0.0,0.0,0.0,0.0,0.0,0.0,0.0,0.0
2022,5,13,0,0.0,0.0,0.0,0.0,0.0,0.0,0.0,0.0
2022,5,13,1,0.0,0.0,0.0,0.0,0.0,0.0,0.0,0.0
2022,5,13,2,0.0,0.0,0.0,0.0,0.0,0.0,0.0,0.0
2022,5,13,3,0.0,0.0,0.0,0.0,0.0,0.0,0.0,0.0
2022,5,13,4,0.0,0.0,0.0,0.0,0.0,0.0,0.0,0.0
2022,5,13,5,-0.0,-0.0,-0.0,-0.0,-0.0,-0.0,-0.0,-0.0
2022,5,13,6,1.9410993124545841,17.1058775091667,23.889099586347474,19.21039791304006,19.134363152460185,169.6104854442702,239.54333946161503,181.82349374540382
2022,5,13,7,107.66207696280127,314.7931661675999,346.8874085412555,328.56344783704736,173.47398455669367,512.6277687510963,559.6728962336994,525.9476788309847
2022,5,13,8,339.11789703241357,599.9343654876819,618.0391588719458,544.303910531917,375.1670718148074,659.0975108538178,676.6934266888187,589.59807686899
2022,5,13,9,493.9883957878664,668.4318518310492,679.6675896577219,528.4794815009398,529.7757760420791,716.0261963630622,725.1850286259385,548.4203921245648
2022,5,13,10,552.4265974692512,628.0429794771104,639.6621248064746,408.7344887770848,636.1176674880971,725.2623397668391,735.2429530527224,428.7263238611492
2022,5,13,11,430.0711172607332,449.5297164091028,457.6637691364833,238.1004947588677,697.3469170440335,729.189511316334,741.5006786673592,251.28876011895426
2022,5,13,12,577.0538958167812,585.101694878236,599.3293839048171,191.94189620435677,715.6409044967365,734.1076984330044,747.5750283421576,150.75437866783568
2022,5,13,13,555.6480720190781,594.1679725815441,605.5551784496355,293.50350150247647,588.6469651387783,631.225582636276,642.9596439831826,265.0075242397078
2022,5,13,14,523.1034331862486,607.973974164191,622.23727332214,408.56150191157786,498.6593398898787,589.93942861409,602.55260540171,360.7679510714411
2022,5,13,15,419.74322331373884,534.3085706808288,555.1636584629226,425.7385236118521,440.5993397961459,638.939125851212,652.3124026201051,437.79576803817054
2022,5,13,16,362.4192698134593,626.2617153329611,654.8374400943591,511.55764413721056,312.71758666434215,594.25567013521,621.4006902320049,459.4178052634829
2022,5,13,17,166.3599993843714,498.0878914257357,555.9345086751467,426.5164272552711,154.89293308874437,395.42292644285675,433.75072235521804,341.83481791270725
2022,5,13,18,49.090108065781955,370.24924320060995,553.2130044442249,199.32883927998927,45.00495649876229,253.4362231627001,367.5878579924578,139.80266268681754
2022,5,13,19,0.0,0.0,0.0,0.0,0.0,0.0,0.0,0.0
2022,5,13,20,0.0,0.0,0.0,0.0,0.0,0.0,0.0,0.0
2022,5,13,21,0.0,0.0,0.0,0.0,0.0,0.0,0.0,0.0
2022,5,13,22,0.0,0.0,0.0,0.0,0.0,0.0,0.0,0.0
2022,5,13,23,0.0,0.0,0.0,0.0,0.0,0.0,0.0,0.0
2022,5,14,0,0.0,0.0,0.0,0.0,0.0,0.0,0.0,0.0
2022,5,14,1,0.0,0.0,0.0,0.0,0.0,0.0,0.0,0.0
2022,5,14,2,0.0,0.0,0.0,0.0,0.0,0.0,0.0,0.0
2022,5,14,3,0.0,0.0,0.0,0.0,0.0,0.0,0.0,0.0
2022,5,14,4,0.0,0.0,0.0,0.0,0.0,0.0,0.0,0.0
2022,5,14,5,-0.0,-0.0,-0.0,-0.0,-0.0,-0.0,-0.0,-0.0
2022,5,14,6,3.2878365631660857,6.273036208209237,6.886810565595848,6.988012795308673,27.22113020848598,27.068790909657746,22.37909003335416,28.916607172424875
2022,5,14,7,80.62399174366654,173.51645462836876,187.10714709914095,184.17775618070235,169.27694961020805,484.80775813353097,529.1247809823218,498.651255565537
2022,5,14,8,288.77436064447505,462.2050881564199,479.6213336765439,436.00972757811434,270.73671867402186,401.5012082709928,415.60749409423636,378.3953056040374
2022,5,14,9,378.3953498954663,472.07410549483365,486.5068542748369,402.39077807049125,303.17347444328635,357.99641422448,370.6062878752217,309.5254170656421
2022,5,14,10,345.51872283327276,378.9810390083542,387.4997538935317,294.1260101313314,153.27669148007612,159.3888937955948,162.5773973103861,141.22115946443705
2022,5,14,11,439.84189091571307,460.6513587416383,468.600712186772,253.857530451602,686.9294428275937,716.9044202226103,729.5485788440993,252.82873726647318
2022,5,14,12,494.9261541114291,502.49205514776656,514.7067102049704,183.275074376674,701.6490207496524,716.7574990439534,731.2017725838956,155.17111802182
2022,5,14,13,669.949354552534,717.4930718660125,729.9173611709924,339.0223967326741,196.77167376780318,210.9625822432755,212.36381328782278,173.92945919494957
2022,5,14,14,505.84119528987327,597.0826338953982,610.2820757239094,387.02867924085285,602.3376971788165,729.3227848050525,739.9604978195084,404.12069241154876
2022,5,14,15,494.428272599979,692.3572217338657,710.6281859108625,504.26202170080313,489.5974492807593,723.301983595687,734.9346819093618,485.50074101207946
2022,5,14,16,389.2178728190879,669.7341292977999,700.2522419189048,547.0885996893888,332.1812116206194,672.841702526756,703.7325118610238,510.10151199079775
2022,5,14,17,195.5049962647191,644.2814588952122,720.7045252558721,545.1159644039537,142.01929868162594,547.3824500397175,616.2733036122161,453.49498151583043
2022,5,14,18,45.58410588646528,263.31713861432394,530.8015103977795,187.41188350121365,34.96894753619533,209.082775721035,408.60852986197744,143.94603015868617
2022,5,14,19,0.0,0.0,0.0,0.0,0.0,0.0,0.0,0.0
2022,5,14,20,0.0,0.0,0.0,0.0,0.0,0.0,0.0,0.0
2022,5,14,21,0.0,0.0,0.0,0.0,0.0,0.0,0.0,0.0
2022,5,14,22,0.0,0.0,0.0,0.0,0.0,0.0,0.0,0.0
2022,5,14,23,0.0,0.0,0.0,0.0,0.0,0.0,0.0,0.0
2022,5,15,0,0.0,0.0,0.0,0.0,0.0,0.0,0.0,0.0
2022,5,15,1,0.0,0.0,0.0,0.0,0.0,0.0,0.0,0.0
2022,5,15,2,0.0,0.0,0.0,0.0,0.0,0.0,0.0,0.0
2022,5,15,3,0.0,0.0,0.0,0.0,0.0,0.0,0.0,0.0
2022,5,15,4,0.0,0.0,0.0,0.0,0.0,0.0,0.0,0.0
2022,5,15,5,-0.0,-0.0,-0.0,-0.0,-0.0,-0.0,-0.0,-0.0
2022,5,15,6,6.101524455973141,37.201907460383374,50.82483549174845,40.7389028779482,19.974785448017947,162.66856901788026,225.41552748426795,175.21112543414685
2022,5,15,7,99.36010684753126,260.27004603718234,285.3888285905039,273.32280389626453,170.66119687387194,496.830063657268,542.1943488746839,509.6355118556378
2022,5,15,8,315.9278410317243,549.0264765603905,567.3867834882308,503.05810646245266,367.52382108751385,648.1267768628172,665.9237809523946,579.1118130779503
2022,5,15,9,478.0448260637288,640.2400616261933,652.4666473752134,513.3283051322195,517.1855889037549,697.602945501974,706.8255080095722,536.3381801726038
2022,5,15,10,572.8096345314395,653.0987980399653,664.2269827532875,423.204036284073,625.2048900338037,715.2539695188718,724.9393980213629,426.07769510696676
2022,5,15,11,665.49812038247,693.7502464683785,706.320964286851,293.050545106253,688.1044941613732,719.2712599163517,731.3590105327261,251.4795623406243
2022,5,15,12,665.0870965572575,676.0279607911244,690.8590356430311,176.43793808229205,703.2364402196912,719.2109727103705,733.150859002893,149.89334650670756
2022,5,15,13,588.9071122621599,632.0081450845094,643.1054652442484,303.7048762107321,674.7151716794498,726.5668875919578,737.7089666901167,274.2145578922425
2022,5,15,14,620.2606008673395,747.2357571052229,759.8739664418817,446.10253931468407,600.9828088732403,728.5753006033685,738.150118276608,400.0307975652246
2022,5,15,15,435.4090437492818,623.6854882869663,638.3769385977982,446.27065846579166,487.2041816913272,724.53064100481,735.435216271092,482.26190069156047
2022,5,15,16,352.2784072139805,681.0615112386381,713.7486380664994,530.1454627009821,328.41283382242915,672.9544632229257,703.691110056387,507.7433969921911
2022,5,15,17,158.61111444162094,613.5277388080791,693.777409170735,508.3936339605809,139.83085692917282,550.7243513262196,621.1922704502242,456.7197199497774
2022,5,15,18,45.03797952326889,261.1668160785553,520.179432829057,185.5578941500312,32.931905711045175,213.77227633965643,419.32070257119085,147.29661333811853
2022,5,15,19,0.0,0.0,0.0,0.0,0.0,0.0,0.0,0.0
2022,5,15,20,0.0,0.0,0.0,0.0,0.0,0.0,0.0,0.0
2022,5,15,21,0.0,0.0,0.0,0.0,0.0,0.0,0.0,0.0
2022,5,15,22,0.0,0.0,0.0,0.0,0.0,0.0,0.0,0.0
2022,5,15,23,0.0,0.0,0.0,0.0,0.0,0.0,0.0,0.0
2022,5,16,0,0.0,0.0,0.0,0.0,0.0,0.0,0.0,0.0
2022,5,16,1,0.0,0.0,0.0,0.0,0.0,0.0,0.0,0.0
2022,5,16,2,0.0,0.0,0.0,0.0,0.0,0.0,0.0,0.0
2022,5,16,3,0.0,0.0,0.0,0.0,0.0,0.0,0.0,0.0
2022,5,16,4,0.0,0.0,0.0,0.0,0.0,0.0,0.0,0.0
2022,5,16,5,-0.0,-0.0,-0.0,-0.0,-0.0,-0.0,-0.0,-0.0
2022,5,16,6,0.8527608105078542,0.752685941365514,0.05325210255711521,1.1463828723043037,26.54861709480447,24.993417706092284,19.777009253095326,26.689875856469666
2022,5,16,7,53.34562527873103,94.75249635696571,99.47902353267551,101.24042510254674,169.78201706135377,485.4812635582422,529.7674012089576,498.53769832443317
2022,5,16,8,329.25760408134187,570.2143173221883,589.3909399291412,522.6516256748655,366.28021098025135,646.3968704447128,664.2400518427,577.2551549028811
2022,5,16,9,423.6265099374643,556.6805356989958,569.9823432921243,455.3043201787738,306.50189885557677,359.68954363644815,372.70300293372736,313.642088568109
2022,5,16,10,341.53568593431265,383.847861854202,391.7600629922099,272.6085379840801,597.3497031988571,679.7333928367234,688.0783661488033,413.94966578602487
2022,5,16,11,692.0417855133015,724.5269443065413,736.8444240031289,274.5292645816618,651.0916281807221,683.0503504996502,692.4568317621178,246.4390579824378
2022,5,16,12,691.3659764089916,704.9987447301461,719.3110026439482,193.03672741843798,685.614186595052,702.0783522673898,714.7511006188796,148.98148573166893
2022,5,16,13,588.7073409244639,631.753957689856,642.1501975067418,310.0139694551235,659.8155613799021,710.6801882528391,720.9392443760889,273.65701740753883
2022,5,16,14,483.6816549052056,562.8054396887467,575.6368993699075,382.2660125857643,590.2961634236027,713.4763363691093,722.743737838993,399.0707664474527
2022,5,16,15,433.564375792791,576.4448389051336,595.6596631887182,445.1760343538811,475.795988483422,692.9946812068073,705.2947255165907,476.36479914720167
2022,5,16,16,321.341146742692,561.7955552257067,587.2973700148436,457.1339104663834,324.9486880413932,640.3527748933722,669.2062929184253,493.6013902367785
2022,5,16,17,158.2386690367887,533.9724298112038,599.7686549100516,452.39896493915353,143.31882619301234,516.4945938215106,579.4315315282644,432.3781900062642
2022,5,16,18,47.067189928368045,293.75915295675236,465.2797276155181,176.79887026827177,38.92641690803111,202.0282532827254,375.33572403221103,140.84503948673432
2022,5,16,19,0.0,0.0,0.0,0.0,0.0,0.0,0.0,0.0
2022,5,16,20,0.0,0.0,0.0,0.0,0.0,0.0,0.0,0.0
2022,5,16,21,0.0,0.0,0.0,0.0,0.0,0.0,0.0,0.0
2022,5,16,22,0.0,0.0,0.0,0.0,0.0,0.0,0.0,0.0
2022,5,16,23,0.0,0.0,0.0,0.0,0.0,0.0,0.0,0.0
2022,5,17,0,0.0,0.0,0.0,0.0,0.0,0.0,0.0,0.0
2022,5,17,1,0.0,0.0,0.0,0.0,0.0,0.0,0.0,0.0
2022,5,17,2,0.0,0.0,0.0,0.0,0.0,0.0,0.0,0.0
2022,5,17,3,0.0,0.0,0.0,0.0,0.0,0.0,0.0,0.0
2022,5,17,4,0.0,0.0,0.0,0.0,0.0,0.0,0.0,0.0
2022,5,17,5,-0.0,-0.0,-0.0,-0.0,-0.0,-0.0,-0.0,-0.0
2022,5,17,6,1.990714359731058,10.764204265728008,14.18047152931004,11.823058016468092,20.558174919097503,168.16165823014916,230.15967180113935,180.73873833291935
2022,5,17,7,91.46475183010202,210.66898848120587,227.6587553524557,221.1226334518906,172.50286957190616,503.1519955802827,548.4217802511541,514.7424868210744
2022,5,17,8,232.40936028011657,342.6862567823939,356.207341027153,330.239833891427,371.40954434350243,651.7529102102978,668.5976054815674,582.2176443025153
2022,5,17,9,438.31216553229484,588.1865850390388,599.9259098748332,472.7917649770114,524.7761536430763,711.5793274740691,720.0697753752054,543.850657998652
2022,5,17,10,625.2395515390346,714.8369732565246,724.5408188384523,452.53262969634454,631.5817693252885,724.7109979228543,733.239375075061,426.5258312085228
2022,5,17,11,699.7101690483391,731.2544048771135,743.265981935823,294.9583749340144,695.7095565228872,732.9280285789786,743.350070369406,250.12082890084312
2022,5,17,12,720.8221862648969,744.7898568905309,756.5056032363898,179.6717030175818,714.2338254597174,738.3141822699795,749.7277933005147,149.9397494134779
2022,5,17,13,675.464063552056,730.4161527379026,741.4282818234176,296.7324064708341,688.0666557799607,745.6323734651371,755.5425653764715,273.3652667339276
2022,5,17,14,611.1732925273332,743.6508315012711,754.0440285468247,426.9163889723748,617.2884576825741,754.6082979837565,763.560531831457,402.2492680145046
2022,5,17,15,509.77269286260315,759.808982552255,772.7047208366355,518.6461277905446,498.33830492458,746.3575421767993,756.4826883685784,488.0279552368482
2022,5,17,16,354.2599043311202,733.1078578659649,769.0478157782889,554.2909732600581,334.69719556331796,700.0280199666187,731.8415537362135,519.8123309635292
2022,5,17,17,153.7197777835025,629.258765314773,712.9257947318648,518.6003058876728,140.16224488078095,575.9539881867167,650.5385862318634,473.03251935527095
2022,5,17,18,41.45317896993501,281.1932544908814,557.9387449187645,199.72152716251748,32.49252342201912,230.75098877164805,450.77176649150584,160.17550488170022
2022,5,17,19,0.0,0.0,0.0,0.0,0.0,0.0,0.0,0.0
2022,5,17,20,0.0,0.0,0.0,0.0,0.0,0.0,0.0,0.0
2022,5,17,21,0.0,0.0,0.0,0.0,0.0,0.0,0.0,0.0
2022,5,17,22,0.0,0.0,0.0,0.0,0.0,0.0,0.0,0.0
2022,5,17,23,0.0,0.0,0.0,0.0,0.0,0.0,0.0,0.0
2022,5,18,0,0.0,0.0,0.0,0.0,0.0,0.0,0.0,0.0
2022,5,18,1,0.0,0.0,0.0,0.0,0.0,0.0,0.0,0.0
2022,5,18,2,0.0,0.0,0.0,0.0,0.0,0.0,0.0,0.0
2022,5,18,3,0.0,0.0,0.0,0.0,0.0,0.0,0.0,0.0
2022,5,18,4,0.0,0.0,0.0,0.0,0.0,0.0,0.0,0.0
2022,5,18,5,-0.0,-0.0,-0.0,-0.0,-0.0,-0.0,-0.0,-0.0
2022,5,18,6,5.141794388251826,17.723927004826365,22.376959339200006,19.407475239729354,24.631661719403354,123.06499654777788,162.243674170116,132.3417978404943
2022,5,18,7,92.1853266840311,256.1719129765682,281.1890737594958,266.54212352273026,167.43104814885604,465.28610302290434,506.05994492012616,475.93601604652633
2022,5,18,8,319.97005864388507,564.8929154612238,583.384841333952,513.8436300699307,261.7106792190973,368.12005818001717,380.1678995404181,348.4290650527475
2022,5,18,9,432.1177220416883,584.3359083450108,595.7501247483611,466.444467772702,443.2908452867663,578.9543005401047,592.352490801336,463.5504799833371
2022,5,18,10,601.4698515701015,693.1935853775606,702.835719364999,430.11117920967854,638.4149328357295,736.4297408998301,745.702972209119,432.92642489005453
2022,5,18,11,697.8127283667236,736.9249440158668,747.4978151334697,274.0033003447567,705.4246449486119,742.5304255316782,753.8343935747484,255.38517253698782
2022,5,18,12,722.306926437888,742.1110415027888,755.5207675572808,175.23706138229008,720.5091089009004,747.6921695887329,758.7188393622472,152.8553814129688
2022,5,18,13,696.6317978514608,754.8887876741119,765.725754048947,300.14784026223583,700.835786372659,760.224795963474,770.7557829041714,276.2031987974403
2022,5,18,14,630.3942549723422,773.2583822467641,783.0117368883136,429.9607674587069,623.6994526802662,764.1030940899622,773.2131389174708,405.58500571800636
2022,5,18,15,513.8997420730803,772.7338743282168,784.3395434659732,517.7694645119492,501.79066525376413,751.6158112371736,762.2557456023956,489.99462425035273
2022,5,18,16,353.0035149123167,740.3606047307093,776.2362557381165,557.2998643450638,336.45699738455266,701.3177943063207,733.3933525177977,519.340558582349
2022,5,18,17,156.30990374650307,636.000846805739,720.26617668338,522.8342442882607,142.4871241797382,571.5105938249012,644.9923017057214,468.5656894243336
2022,5,18,18,46.871908530076475,243.87002475740096,457.15021223157225,174.73084896223205,34.926024854395244,229.04092797577732,437.4329646513549,159.71075679672984
2022,5,18,19,0.0,0.0,0.0,0.0,0.0,0.0,0.0,0.0
2022,5,18,20,0.0,0.0,0.0,0.0,0.0,0.0,0.0,0.0
2022,5,18,21,0.0,0.0,0.0,0.0,0.0,0.0,0.0,0.0
2022,5,18,22,0.0,0.0,0.0,0.0,0.0,0.0,0.0,0.0
2022,5,18,23,0.0,0.0,0.0,0.0,0.0,0.0,0.0,0.0
2022,5,19,0,0.0,0.0,0.0,0.0,0.0,0.0,0.0,0.0
2022,5,19,1,0.0,0.0,0.0,0.0,0.0,0.0,0.0,0.0
2022,5,19,2,0.0,0.0,0.0,0.0,0.0,0.0,0.0,0.0
2022,5,19,3,0.0,0.0,0.0,0.0,0.0,0.0,0.0,0.0
2022,5,19,4,0.0,0.0,0.0,0.0,0.0,0.0,0.0,0.0
2022,5,19,5,-0.0,-0.0,-0.0,-0.0,-0.0,-0.0,-0.0,-0.0
2022,5,19,6,3.0022762059313646,24.105255461274382,32.612407812353226,26.507977280718375,25.118526406037418,123.84720848388918,162.25952166470395,133.24908027932761
2022,5,19,7,123.36487288604384,365.4554250347275,402.80605608037115,378.6795956079239,166.68617957320882,461.96514398894976,502.49113799244236,472.33987335773
2022,5,19,8,307.3305882713263,545.4270892930467,564.0854954979903,495.8595852119775,364.70817298486793,646.4230966328278,665.0029575481406,576.3082425699018
2022,5,19,9,504.9465183417121,694.0827643099299,703.564205272662,538.6379198535334,522.4650484242494,712.5559344987956,721.746464884743,542.8661044295177
2022,5,19,10,609.7007519143262,706.1656123869026,715.3334817703415,429.9813245719556,638.3491329665977,738.0720993681558,747.0430443320464,432.21710049921546
2022,5,19,11,554.9984558524733,582.8801517140987,592.4436592491267,261.8139008256683,707.1754152439158,745.7540379625617,756.6657202456009,253.8618882213599
2022,5,19,12,751.3969113892886,774.1064307909323,787.2067160415049,189.6856959186386,721.8933340912075,750.5526416754765,761.155454871381,153.17647069244967
2022,5,19,13,708.1748104531883,768.659175137138,779.3015390045023,307.4070128729683,702.7705003737196,763.6350749276979,773.8062049770426,276.6396153368446
2022,5,19,14,646.4923383205347,789.9405369596583,801.1238580163018,451.9606595380869,627.3294971370754,769.9673409001798,778.9101760898853,407.1760927675298
2022,5,19,15,494.4402824885131,719.547499022151,735.2189268619802,502.9148463878002,502.2646795992974,753.8742856728385,765.560269569369,491.8117030901916
2022,5,19,16,346.37494834193745,667.6585995804455,699.9005109783711,517.2847326512165,337.30303443199915,692.3089086423693,724.1294125117248,515.0095282645804
2022,5,19,17,169.4998089726619,493.4813558917075,549.8725041073665,419.806668719802,144.71323521229976,553.8215841821121,623.2519875334216,453.0536815233084
2022,5,19,18,57.69162249919725,288.0001201367842,455.94104501071575,187.14665072357263,40.620575291610656,221.089224788455,405.0337733418484,155.45480753682443
2022,5,19,19,0.0,0.0,0.0,0.0,0.0,0.0,0.0,0.0
2022,5,19,20,0.0,0.0,0.0,0.0,0.0,0.0,0.0,0.0
2022,5,19,21,0.0,0.0,0.0,0.0,0.0,0.0,0.0,0.0
2022,5,19,22,0.0,0.0,0.0,0.0,0.0,0.0,0.0,0.0
2022,5,19,23,0.0,0.0,0.0,0.0,0.0,0.0,0.0,0.0
2022,5,20,0,0.0,0.0,0.0,0.0,0.0,0.0,0.0,0.0
2022,5,20,1,0.0,0.0,0.0,0.0,0.0,0.0,0.0,0.0
2022,5,20,2,0.0,0.0,0.0,0.0,0.0,0.0,0.0,0.0
2022,5,20,3,0.0,0.0,0.0,0.0,0.0,0.0,0.0,0.0
2022,5,20,4,0.0,0.0,0.0,0.0,0.0,0.0,0.0,0.0
2022,5,20,5,-0.0,-0.0,-0.0,-0.0,-0.0,-0.0,-0.0,-0.0
2022,5,20,6,-0.0,-0.0,-0.0,-0.0,26.252287368740365,82.00689099221812,101.35981526892472,88.07340606515935
2022,5,20,7,66.26724816737173,117.56333640796333,123.57691331998946,125.12016554775343,158.45923499697824,402.95038525031174,437.8752771297591,415.516878529878
2022,5,20,8,159.4733348820007,215.5761643394376,223.48382240902285,211.5863984173091,343.72101890946186,585.1415685778409,603.0865374567261,527.1636229141333
2022,5,20,9,397.00814141367806,523.5634766718815,536.1858649035062,428.6293941941318,503.596374377715,685.160799607268,695.9304719329959,527.0017216274338
2022,5,20,10,501.3781418040348,571.8253765472131,582.1924594876884,388.5512230016541,621.0495469872349,719.0794601583666,728.5232148473517,427.3493156700465
2022,5,20,11,611.4836260813446,644.0701100832697,654.0122983301666,293.76786910802485,687.4617888328569,727.0848266234052,737.3195195094734,259.3643542152563
2022,5,20,12,715.6144859399795,735.6163664750604,749.1053799002066,192.8222803781728,707.8671729124148,732.2513855899228,744.1025299747281,157.50652939180404
2022,5,20,13,630.8892631227146,683.4914857245825,693.6926432313221,316.56344487471165,678.6406090310196,738.4757605410394,748.1686210271778,279.18942493944496
2022,5,20,14,608.4646014916844,734.2058472171884,746.3607447871857,443.19005196583703,603.7714061241417,739.9399699402654,749.5501591697528,401.27475580129254
2022,5,20,15,504.0657011972514,727.7745823667027,744.2983690860111,510.4372124596528,484.74958454088863,716.2939471239798,729.4590496462,477.4104442121554
2022,5,20,16,346.48921238915125,643.4358092560625,674.3968872002503,505.80204527561835,325.7042718851854,634.606189796566,663.1585603363108,480.5741347362547
2022,5,20,17,197.54325505937584,581.5266710801812,647.4240432540363,495.6624695116339,153.47187824063528,472.4725136828551,524.8054959146557,395.13067729184786
2022,5,20,18,49.481504297136,314.5805418603109,450.98502494805786,183.37358039377443,47.83178949688195,239.0964805108813,317.5727549688103,137.77657778177544
2022,5,20,19,0.0,0.0,0.0,0.0,0.0,0.0,0.0,0.0
2022,5,20,20,0.0,0.0,0.0,0.0,0.0,0.0,0.0,0.0
2022,5,20,21,0.0,0.0,0.0,0.0,0.0,0.0,0.0,0.0
2022,5,20,22,0.0,0.0,0.0,0.0,0.0,0.0,0.0,0.0
2022,5,20,23,0.0,0.0,0.0,0.0,0.0,0.0,0.0,0.0
2022,5,21,0,0.0,0.0,0.0,0.0,0.0,0.0,0.0,0.0
2022,5,21,1,0.0,0.0,0.0,0.0,0.0,0.0,0.0,0.0
2022,5,21,2,0.0,0.0,0.0,0.0,0.0,0.0,0.0,0.0
2022,5,21,3,0.0,0.0,0.0,0.0,0.0,0.0,0.0,0.0
2022,5,21,4,0.0,0.0,0.0,0.0,0.0,0.0,0.0,0.0
2022,5,21,5,-0.0,-0.0,-0.0,-0.0,-0.0,-0.0,-0.0,-0.0
2022,5,21,6,3.6724314341848454,5.316148730796263,5.038063037698629,6.068153380949887,23.288712535213023,99.36831693436096,127.05688958640117,108.14199241537428
2022,5,21,7,88.93687916550887,169.88664468739665,179.81730978214117,179.1248895969956,154.14296012027714,397.8176855211962,432.33526642345885,409.48587775307357
2022,5,21,8,216.745085461031,326.78973957027824,339.62201122487346,311.81745054052556,334.89827603350676,571.6530817243128,588.8657688486878,514.6119437156634
2022,5,21,9,463.3239655086906,612.8424632866961,626.0777742034973,497.72140953801033,488.2751149541585,662.1322883251548,672.6883794851381,511.9876940061123
2022,5,21,10,379.19802313769713,422.07403645579376,430.242720011706,315.23610889140707,602.798879910683,697.451387629623,706.4595681800569,418.95554497677557
2022,5,21,11,338.7600565111488,363.32300643320946,366.14658279320093,251.21874680141948,674.3568112808796,711.7386109703572,721.9564795398336,258.7952258657795
2022,5,21,12,369.9843229427845,394.24294091200903,396.697029163121,242.57710305531418,695.2899239696209,716.2293777967808,728.6178466206841,158.04021975394272
2022,5,21,13,572.9247829591042,620.1505419210765,629.0081968856231,329.1791432972006,667.5360473766003,725.75315964321,735.4143656707962,280.36120716444725
2022,5,21,14,473.2920509164751,544.7905629971882,557.4907823224762,381.27521404429683,594.8476953042508,725.9464676818242,735.7238096850874,402.8174948991323
2022,5,21,15,238.98483749677493,240.30510187263747,255.35426981397237,236.34123644788713,479.177084458838,698.5092528501979,712.4285651939716,474.39267766591524
2022,5,21,16,236.6748525791973,317.5590876829269,329.3955667538829,287.6374367725829,324.5330650651022,620.5438984909134,648.329970176086,475.47942239003714
2022,5,21,17,157.7959116996386,295.447732276477,318.9143429027613,273.3381102095493,153.05975431248564,470.83555768092486,522.6599458655951,394.9114169111458
2022,5,21,18,51.42862029267732,179.58035218478673,231.15462613368146,114.02360879995774,45.30364345296918,216.91707074709828,350.32687739292976,146.58564212508475
2022,5,21,19,0.0,0.0,0.0,0.0,0.0,0.0,0.0,0.0
2022,5,21,20,0.0,0.0,0.0,0.0,0.0,0.0,0.0,0.0
2022,5,21,21,0.0,0.0,0.0,0.0,0.0,0.0,0.0,0.0
2022,5,21,22,0.0,0.0,0.0,0.0,0.0,0.0,0.0,0.0
2022,5,21,23,0.0,0.0,0.0,0.0,0.0,0.0,0.0,0.0
2022,5,22,0,0.0,0.0,0.0,0.0,0.0,0.0,0.0,0.0
2022,5,22,1,0.0,0.0,0.0,0.0,0.0,0.0,0.0,0.0
2022,5,22,2,0.0,0.0,0.0,0.0,0.0,0.0,0.0,0.0
2022,5,22,3,0.0,0.0,0.0,0.0,0.0,0.0,0.0,0.0
2022,5,22,4,0.0,0.0,0.0,0.0,0.0,0.0,0.0,0.0
2022,5,22,5,-0.0,-0.0,-0.0,-0.0,-0.0,-0.0,-0.0,-0.0
2022,5,22,6,-0.0,-0.0,-0.0,-0.0,4.10076273068829,3.0862168815719984,1.4372906983462796,3.4944649014727003
2022,5,22,7,-0.0,-0.0,-0.0,-0.0,-0.0,-0.0,-0.0,-0.0
2022,5,22,8,72.57635729193875,69.58456514230473,70.83988989981431,74.54582076222023,249.66056935149751,341.93798789690493,353.7449602558838,326.98805520482006
2022,5,22,9,526.0692132120057,699.1047865719264,712.4557988187935,564.0144273020394,402.4438001959509,510.52655238473164,522.8574714078634,417.80595624711407
2022,5,22,10,569.0579762537028,644.8503910966062,655.747572700885,448.75541560684053,409.977255035688,460.45245652622606,468.97359650096683,324.9157621523589
2022,5,22,11,438.90446049841705,467.4617956950385,472.5095865973814,298.16388312637423,476.74304908536624,505.5279499230991,511.82543159639175,257.45241517421454
2022,5,22,12,357.9208694071092,381.59511845345526,383.8156481328978,235.91954712269413,379.27782535055445,404.67777772400746,407.07102798450677,240.52112716726128
2022,5,22,13,276.384080476465,297.06112370744904,299.7620882084979,240.32819553894194,352.8649341777029,380.3012796385686,384.787685214643,259.16383111616096
2022,5,22,14,387.5324483890132,429.03828122074407,440.98243069423853,335.64938322197037,460.9632380660464,538.2850077154151,549.3409890829084,352.7539268242005
2022,5,22,15,345.8731365191871,403.8207946463286,424.6170434769493,353.1975824036879,347.1466814349214,434.532403307066,451.6230705919881,343.88607320472136
2022,5,22,16,313.44046095250815,454.02399298298735,474.7710228063831,402.4745531962101,262.464848869927,401.6080545460165,416.8306526026889,337.65874324725905
2022,5,22,17,153.10617445857733,233.77190995869967,241.9923650025815,224.49750561868666,158.86080651908853,345.0113291343425,374.2642458328553,309.04870039364374
2022,5,22,18,56.625891810809115,223.18844679903984,284.17650113925873,137.8157992561889,48.5797920310765,139.0515962434186,169.0659538342286,91.30789191167624
2022,5,22,19,0.0,0.0,0.0,0.0,0.0,0.0,0.0,0.0
2022,5,22,20,0.0,0.0,0.0,0.0,0.0,0.0,0.0,0.0
2022,5,22,21,0.0,0.0,0.0,0.0,0.0,0.0,0.0,0.0
2022,5,22,22,0.0,0.0,0.0,0.0,0.0,0.0,0.0,0.0
2022,5,22,23,0.0,0.0,0.0,0.0,0.0,0.0,0.0,0.0
2022,5,23,0,0.0,0.0,0.0,0.0,0.0,0.0,0.0,0.0
2022,5,23,1,0.0,0.0,0.0,0.0,0.0,0.0,0.0,0.0
2022,5,23,2,0.0,0.0,0.0,0.0,0.0,0.0,0.0,0.0
2022,5,23,3,0.0,0.0,0.0,0.0,0.0,0.0,0.0,0.0
2022,5,23,4,0.0,0.0,0.0,0.0,0.0,0.0,0.0,0.0
2022,5,23,5,-0.0,-0.0,-0.0,-0.0,-0.0,-0.0,-0.0,-0.0
2022,5,23,6,-0.0,-0.0,-0.0,-0.0,15.078363284331628,12.714019884938025,8.878158795943397,13.715535498366362
2022,5,23,7,8.522468695385745,7.229036787619899,6.204705537820221,8.27206959421723,171.60743014110864,503.21184926351964,549.4127255189449,512.7519814826644
2022,5,23,8,32.8054267551703,28.54146754814913,29.040727847260644,31.759345802461286,366.1595985669227,655.0890946102653,673.4761401274283,581.5146419648191
2022,5,23,9,81.02502188936874,76.677238747794,80.75303590724255,79.37034890892589,143.2897997132727,138.3970096666537,145.48645671550796,136.55058384766886
2022,5,23,10,397.22128946039965,439.6703084773253,448.72223175959755,339.9722451563259,632.7530287133663,735.0523162790128,742.7277685220948,432.13816553454865
2022,5,23,11,563.9451994845996,598.2758391602666,605.4942752426456,320.66900966595443,620.4093615829782,657.7668083153324,666.1615759397081,295.7523091130069
2022,5,23,12,728.389667306224,754.5013240969455,765.2474356380809,186.65224418408042,711.2173169126049,743.2964446885716,752.055854598831,152.4293222472311
2022,5,23,13,635.780096331106,691.0426628761186,699.6940577792712,308.59760103714535,557.9348362179778,605.1583341573197,612.8362007319599,317.35789338341834
2022,5,23,14,396.3973383964659,450.89072977028763,462.2329500463789,331.10276559142744,610.4540383911062,749.0287114175577,756.4773660383722,403.1005599858845
2022,5,23,15,414.9495767834534,546.7972974264297,566.7187340249618,426.67854875552945,491.88819010384964,733.1151561674659,743.2071179221377,486.3214565209156
2022,5,23,16,349.9801185200516,586.946059307997,613.8549378575037,486.8224593621604,331.6394649307807,682.5770846194702,712.7308563613839,514.3813433040017
2022,5,23,17,198.75259515536035,618.054206714075,686.2981806777924,534.9561193605391,143.84919335860866,554.4854460262045,623.1237929455468,460.31260834510044
2022,5,23,18,58.7946433002999,332.6528797780816,546.1222367890354,229.57841508322215,38.258790919081704,235.42589042149442,421.40746684868316,168.17537752032226
2022,5,23,19,0.0,0.0,0.0,0.0,0.0,0.0,0.0,0.0
2022,5,23,20,0.0,0.0,0.0,0.0,0.0,0.0,0.0,0.0
2022,5,23,21,0.0,0.0,0.0,0.0,0.0,0.0,0.0,0.0
2022,5,23,22,0.0,0.0,0.0,0.0,0.0,0.0,0.0,0.0
2022,5,23,23,0.0,0.0,0.0,0.0,0.0,0.0,0.0,0.0
2022,5,24,0,0.0,0.0,0.0,0.0,0.0,0.0,0.0,0.0
2022,5,24,1,0.0,0.0,0.0,0.0,0.0,0.0,0.0,0.0
2022,5,24,2,0.0,0.0,0.0,0.0,0.0,0.0,0.0,0.0
2022,5,24,3,0.0,0.0,0.0,0.0,0.0,0.0,0.0,0.0
2022,5,24,4,0.0,0.0,0.0,0.0,0.0,0.0,0.0,0.0
2022,5,24,5,-0.0,-0.0,-0.0,-0.0,-0.0,-0.0,-0.0,-0.0
2022,5,24,6,3.33943791999542,3.298941774284279,2.267868590024055,3.900824895087947,25.141800376479715,22.139627961687438,16.56911120314985,23.73880773173202
2022,5,24,7,36.619278633984386,32.96300865925391,29.800267576820392,36.457346227420445,37.85903883326229,33.33304883250234,29.56416307739215,35.66967300392164
2022,5,24,8,70.66243676525903,63.461563453554916,64.65499931127098,69.76871618740743,80.60240392008396,72.70594868905111,73.80937102768338,77.21209030602303
2022,5,24,9,125.99483232363612,121.7087846338167,128.03175694397507,124.23221668341291,62.83055078245157,58.461597973838686,61.6200717002141,59.00401414561207
2022,5,24,10,41.72626104426829,42.94826693204252,43.95249352051825,40.72157438938515,16.248438011464827,16.81358140493245,17.249350328707063,15.041397524825623
2022,5,24,11,14.197668123990379,15.873808887659308,15.858773968165924,13.490793110048632,85.27561078748539,93.54252725790934,93.49823762617486,78.73644841686887
2022,5,24,12,137.45759418024684,151.7818003487969,150.92410262622883,125.25550154698055,252.8757103665827,277.8762003971105,276.9145721593805,208.7452729451064
2022,5,24,13,233.0112348111455,250.5552959677108,252.4724437779778,209.41603219760094,453.70286882388484,492.35663411949207,498.1785889513917,281.34265598511354
2022,5,24,14,179.6377592186713,184.74934081326663,190.51859854784715,169.26150683864378,253.97208657374523,263.91627608075777,272.0808511757476,227.72384046244733
2022,5,24,15,340.4424734140642,395.5853463154659,416.21742397979926,346.46986179686576,354.60878515639735,440.1977875044952,459.00329001819705,348.69090529034054
2022,5,24,16,283.15884522933294,397.1758720744738,414.17315970590744,354.75753439394776,215.1317998491386,278.20021246485476,286.432793445307,249.21324602666877
2022,5,24,17,150.7824624659367,223.65587363781643,230.30134268349138,215.53064350960022,143.26259569398968,245.7798858123385,259.54937881706024,226.76367325333743
2022,5,24,18,55.245136710115354,184.00853900531405,227.83004612037163,119.10837523272383,25.384243924096122,30.815816449096605,27.30918123325174,27.66543239734914
2022,5,24,19,0.0,0.0,0.0,0.0,0.0,0.0,0.0,0.0
2022,5,24,20,0.0,0.0,0.0,0.0,0.0,0.0,0.0,0.0
2022,5,24,21,0.0,0.0,0.0,0.0,0.0,0.0,0.0,0.0
2022,5,24,22,0.0,0.0,0.0,0.0,0.0,0.0,0.0,0.0
2022,5,24,23,0.0,0.0,0.0,0.0,0.0,0.0,0.0,0.0
2022,5,25,0,0.0,0.0,0.0,0.0,0.0,0.0,0.0,0.0
2022,5,25,1,0.0,0.0,0.0,0.0,0.0,0.0,0.0,0.0
2022,5,25,2,0.0,0.0,0.0,0.0,0.0,0.0,0.0,0.0
2022,5,25,3,0.0,0.0,0.0,0.0,0.0,0.0,0.0,0.0
2022,5,25,4,0.0,0.0,0.0,0.0,0.0,0.0,0.0,0.0
2022,5,25,5,-0.0,-0.0,-0.0,-0.0,-0.0,-0.0,-0.0,-0.0
2022,5,25,6,-0.0,-0.0,-0.0,-0.0,19.772185713933133,17.417638064576717,12.903068170906018,18.698183988341
2022,5,25,7,30.602519547179536,28.346349367698085,25.78582327160281,31.25806520809735,58.88717651690344,54.43048928668055,49.338645041752486,58.08386628049004
2022,5,25,8,83.81053314553193,78.55625176309091,80.14461590349767,84.99465975597411,127.59860093106694,124.04820008293305,126.59672030310996,128.8444630330438
2022,5,25,9,158.4082286969318,158.1546155274357,165.75730698407713,157.24367595842585,293.2533677610073,331.3289889622058,343.9787467701265,294.11832313712273
2022,5,25,10,426.47041099527655,480.6142666722497,489.49830437351835,351.579676500502,459.9768029422363,519.2492165762661,528.4668619098636,362.21201195637565
2022,5,25,11,508.66606326919543,541.0016018049994,547.2722961523074,299.61406724186503,570.4514016179724,605.4904003935072,612.981298603218,267.281402088571
2022,5,25,12,587.1711158742454,612.1823222994739,619.9684666475667,241.16979339577594,621.2783518817987,644.5980864821852,654.15715094425,162.23867652826695
2022,5,25,13,609.3267878768106,662.6626501854995,670.8297816475907,327.4935678922633,583.3181820822067,635.2166388951334,642.7213894041499,281.1463960203651
2022,5,25,14,626.7311873028432,766.3222674726252,776.0964860941947,447.26489311847655,595.1219443496132,727.5332339440891,735.1515858896151,400.8743319048733
2022,5,25,15,505.6155345455563,744.0909081987708,758.1014730599662,518.3130320164648,483.4073489101107,720.4854755000656,731.1072379676018,481.4854682667288
2022,5,25,16,361.13909655240667,686.5049776596613,718.0803793337507,541.4141154690031,329.33997825071236,673.206150038878,702.7557205672742,509.8746391312265
2022,5,25,17,171.02559606787722,590.8086927430061,661.8235284564644,498.17047578822974,142.75604931424596,556.2835405651676,624.9868786265475,461.87618678185584
2022,5,25,18,55.11740013778457,297.09875928548865,524.0960961438434,220.32614517232423,35.31091726620102,248.86813276852254,445.14975649779666,178.87797968642718
2022,5,25,19,0.0,0.0,0.0,0.0,0.0,0.0,0.0,0.0
2022,5,25,20,0.0,0.0,0.0,0.0,0.0,0.0,0.0,0.0
2022,5,25,21,0.0,0.0,0.0,0.0,0.0,0.0,0.0,0.0
2022,5,25,22,0.0,0.0,0.0,0.0,0.0,0.0,0.0,0.0
2022,5,25,23,0.0,0.0,0.0,0.0,0.0,0.0,0.0,0.0
2022,5,26,0,0.0,0.0,0.0,0.0,0.0,0.0,0.0,0.0
2022,5,26,1,0.0,0.0,0.0,0.0,0.0,0.0,0.0,0.0
2022,5,26,2,0.0,0.0,0.0,0.0,0.0,0.0,0.0,0.0
2022,5,26,3,0.0,0.0,0.0,0.0,0.0,0.0,0.0,0.0
2022,5,26,4,0.0,0.0,0.0,0.0,0.0,0.0,0.0,0.0
2022,5,26,5,-0.0,-0.0,-0.0,-0.0,-0.0,-0.0,-0.0,-0.0
2022,5,26,6,3.485702903177444,90.72449720972661,124.3534531641043,96.70037254323027,23.366668414128156,214.10502630906808,282.1886671253104,226.98876661963334
2022,5,26,7,154.1388313226704,500.34917858330346,547.37263417306,507.56562833425517,178.1978664518733,533.1158278212182,580.2483251685973,540.2622388270457
2022,5,26,8,370.8273816666069,674.1141827389132,690.7539344231324,599.8840258904593,377.15215671192345,669.8339644393326,686.6390576031255,594.9433431380933
2022,5,26,9,537.7687277310421,747.4885250056057,754.3412387140148,570.939632174311,528.2654744755783,725.0036902963368,732.401741058445,551.4088314641607
2022,5,26,10,658.1942945121954,770.7306027130359,777.1872098534882,457.4236053557999,634.5248200089385,737.7863856552307,744.0291746991934,432.4524400950009
2022,5,26,11,725.0500871255867,774.3671847392087,782.2190882555308,274.2174522822791,696.2806680400303,743.7189967610536,750.852632088739,253.97033864391727
2022,5,26,12,733.4669896580978,766.7620337521591,775.3012674520501,168.57314659622133,709.5782734980203,742.984884008507,750.7587936314386,148.68966088708987
2022,5,26,13,704.2632990245768,772.91829280925,780.0851272868517,291.13670538308077,677.3504720574672,741.2504387058868,747.7463620653607,271.380413265458
2022,5,26,14,629.6091414054368,779.2025987950692,785.5373516333972,421.6749866548314,602.2719259607993,736.4364328563332,742.3770152414932,398.6208123347282
2022,5,26,15,508.9155105896114,771.2466846488051,779.850771966864,510.86060654274246,486.33311182383727,724.013969396137,732.5817058374867,486.2120078822855
2022,5,26,16,342.3947209602411,728.806876155529,761.0197301219038,551.6063135589264,327.0235854224283,675.091474637566,703.0256612584704,518.2838265587953
2022,5,26,17,142.66162671409123,629.5392674160248,709.706652074128,527.9964566854022,138.3315915576972,565.9363866109436,634.7523305375782,476.57078203386254
2022,5,26,18,39.399261802388786,295.65079116881685,555.58149528558,224.30060711286515,32.85959160668454,259.5789882679678,466.5450790946882,187.22485049637098
2022,5,26,19,0.0,0.0,0.0,0.0,0.0,0.0,0.0,0.0
2022,5,26,20,0.0,0.0,0.0,0.0,0.0,0.0,0.0,0.0
2022,5,26,21,0.0,0.0,0.0,0.0,0.0,0.0,0.0,0.0
2022,5,26,22,0.0,0.0,0.0,0.0,0.0,0.0,0.0,0.0
2022,5,26,23,0.0,0.0,0.0,0.0,0.0,0.0,0.0,0.0
2022,5,27,0,0.0,0.0,0.0,0.0,0.0,0.0,0.0,0.0
2022,5,27,1,0.0,0.0,0.0,0.0,0.0,0.0,0.0,0.0
2022,5,27,2,0.0,0.0,0.0,0.0,0.0,0.0,0.0,0.0
2022,5,27,3,0.0,0.0,0.0,0.0,0.0,0.0,0.0,0.0
2022,5,27,4,0.0,0.0,0.0,0.0,0.0,0.0,0.0,0.0
2022,5,27,5,-0.0,-0.0,-0.0,-0.0,-0.0,-0.0,-0.0,-0.0
2022,5,27,6,4.831137621738128,15.857526648357803,19.123037252398166,17.45247440100352,23.543453294511608,181.21860862827506,237.3247401582818,194.65383088910687
2022,5,27,7,118.51263073123155,348.90760169295146,383.4009134745889,359.81067952368187,166.78642187009618,494.3185421163717,539.7072742709184,502.31090182199654
2022,5,27,8,327.2442795954823,595.4687213804393,613.6304472090127,534.3684528025628,358.0171362523902,646.3177623370784,664.1952029945969,572.0520737392013
2022,5,27,9,490.02885515579555,679.5303408539115,687.8896978626526,526.9893922647835,512.7538834188853,708.8770123909869,716.4764324234642,536.2601353136417
2022,5,27,10,613.4230501121016,717.1524382717363,723.6564005157895,434.64161193739903,619.0678115190574,722.1952741851871,728.3172259378248,421.45809080554505
2022,5,27,11,679.788054732498,727.3940604675529,734.4980373604557,269.84224729462625,678.5339377252005,726.2967784578176,733.0603341887387,248.25021170249767
2022,5,27,12,696.0940008459156,729.7774549362416,737.4121846777193,171.96910745068098,693.1057805231871,727.3454531110824,734.6827590482602,146.59613988468882
2022,5,27,13,667.5312720943635,731.2330379492885,738.5384032624136,295.3325185860132,666.4680334231836,731.1145513473226,737.4191385422872,265.7709824697394
2022,5,27,14,523.635315101192,631.9067408799398,642.1343167212829,391.6267892878264,592.8934267086232,727.151781208225,733.056409233942,389.8437359832354
2022,5,27,15,442.2968766161818,629.9340128839734,645.606601325931,454.23931827630577,480.64520196094725,717.4854957248926,726.5261118065018,477.7419285464045
2022,5,27,16,292.02160302312217,558.4476981726666,585.8255174939943,436.2106210193773,324.74131989870875,676.4317256459352,704.9999438451528,511.3895769029412
2022,5,27,17,166.3896937744765,624.4687868990889,701.6443409904799,518.1039024356087,135.80660162767495,572.93817167127,643.4384783040475,478.3995123045207
2022,5,27,18,48.93694355135495,286.48541475756514,535.1237660902274,222.60585869199568,32.70720084975375,257.4023420158212,468.3204788811087,192.8818688930333
2022,5,27,19,0.0,0.0,0.0,0.0,0.0,0.0,0.0,0.0
2022,5,27,20,0.0,0.0,0.0,0.0,0.0,0.0,0.0,0.0
2022,5,27,21,0.0,0.0,0.0,0.0,0.0,0.0,0.0,0.0
2022,5,27,22,0.0,0.0,0.0,0.0,0.0,0.0,0.0,0.0
2022,5,27,23,0.0,0.0,0.0,0.0,0.0,0.0,0.0,0.0
2022,5,28,0,0.0,0.0,0.0,0.0,0.0,0.0,0.0,0.0
2022,5,28,1,0.0,0.0,0.0,0.0,0.0,0.0,0.0,0.0
2022,5,28,2,0.0,0.0,0.0,0.0,0.0,0.0,0.0,0.0
2022,5,28,3,0.0,0.0,0.0,0.0,0.0,0.0,0.0,0.0
2022,5,28,4,0.0,0.0,0.0,0.0,0.0,0.0,0.0,0.0
2022,5,28,5,-0.0,-0.0,-0.0,-0.0,-0.0,-0.0,-0.0,-0.0
2022,5,28,6,3.352375671886512,83.23124180605855,113.41056131172205,89.25271065736902,21.163441186575234,249.63572851513155,330.59607393281004,264.5906897784693
2022,5,28,7,144.21065541221583,470.2825675142784,515.2432080992454,477.17473399430094,172.63082044092957,537.2574091860557,585.3151338954647,542.0954840483115
2022,5,28,8,353.649626272555,645.7543667407132,662.2632319121029,574.5113879098933,367.3381264975615,661.243461384978,677.5895307024558,584.516340925404
2022,5,28,9,499.0088618039401,691.4490066451085,699.8108401474674,536.9466582205504,512.1266396564381,701.0509319379588,707.5180794470115,532.3427774076786
2022,5,28,10,576.8352866184304,671.5541968517839,679.5019268111569,428.94340220603044,616.1813568474302,718.0923440230843,723.6635687921712,420.9012589452754
2022,5,28,11,562.4166206877773,598.2888502679187,605.1909379221627,256.79588586333375,676.5828447181023,724.1406372199128,730.5211046061692,247.36162850665855
2022,5,28,12,658.6115287091003,683.1588696600893,692.1841401137771,180.84838466512173,691.8779281640963,726.2308835779677,733.2606531138683,145.30449112577676
2022,5,28,13,693.5644417664398,759.8920791046199,767.0006983855219,303.8809959378969,665.1902256730551,729.7715685508226,735.7478271330968,265.4372445896867
2022,5,28,14,617.9065925388095,761.678427980947,768.290887988314,422.098609093245,596.2986083797715,731.9789925564678,737.7435604383794,391.47774545704596
2022,5,28,15,510.60709502881167,775.3792022059824,785.7855999762045,514.8277507238143,486.47199185053785,731.0523196358355,740.0745394016718,480.04977552624007
2022,5,28,16,349.24654400838625,742.3744082963741,777.1091542828849,553.1344749147214,328.74104715788286,691.8302502792034,721.6565753807866,513.6767710383986
2022,5,28,17,158.6356773582577,627.5741828364088,708.3733670256406,513.5406091608814,138.54778384904498,581.162612657792,654.6234046719636,474.2938165561027
2022,5,28,18,46.31477864733865,319.54656644012056,567.090304831249,233.71150088576735,32.326762757624465,268.4073740156884,480.00130131482985,192.62752865527762
2022,5,28,19,0.0,0.0,0.0,0.0,0.0,0.0,0.0,0.0
2022,5,28,20,0.0,0.0,0.0,0.0,0.0,0.0,0.0,0.0
2022,5,28,21,0.0,0.0,0.0,0.0,0.0,0.0,0.0,0.0
2022,5,28,22,0.0,0.0,0.0,0.0,0.0,0.0,0.0,0.0
2022,5,28,23,0.0,0.0,0.0,0.0,0.0,0.0,0.0,0.0
2022,5,29,0,0.0,0.0,0.0,0.0,0.0,0.0,0.0,0.0
2022,5,29,1,0.0,0.0,0.0,0.0,0.0,0.0,0.0,0.0
2022,5,29,2,0.0,0.0,0.0,0.0,0.0,0.0,0.0,0.0
2022,5,29,3,0.0,0.0,0.0,0.0,0.0,0.0,0.0,0.0
2022,5,29,4,0.0,0.0,0.0,0.0,0.0,0.0,0.0,0.0
2022,5,29,5,-0.0,-0.0,-0.0,-0.0,-0.0,-0.0,-0.0,-0.0
2022,5,29,6,4.4451367007289875,26.188899644175564,33.55500776117976,29.013342604651946,23.104691811076243,210.4605845030241,276.16982038640657,223.48258063825506
2022,5,29,7,139.32102979308917,400.62472653952386,438.70794199814907,411.09527237945906,170.87985964232587,528.3604396986736,577.1795216100029,534.1530239295497
2022,5,29,8,327.62317621192364,592.8885529822631,612.0227018923814,534.1376825183658,368.2760425803536,669.6027672147903,687.2924695909525,590.2360920580221
2022,5,29,9,501.06224725500954,673.6768443179861,686.1547603562851,540.958305319569,520.762536893682,724.106050052535,731.8145801283897,545.5653184394034
2022,5,29,10,606.0673241779907,709.5076175016845,717.4567878135724,444.857191183114,630.0327275123497,738.7461346412882,744.7616290768434,427.7978259528127
2022,5,29,11,543.5519288424028,579.1975343118847,585.7891563911774,266.59769137044094,696.3863951858907,748.7624966973955,755.370077442745,252.3752477932705
2022,5,29,12,505.2265351657776,524.0284181094323,531.7869549885855,176.38314841070698,710.8678581775353,750.0081474004622,757.0661595325432,150.08008878431755
2022,5,29,13,625.4790581342814,686.0359972277201,693.3851748452685,293.79618030306466,690.8906497800771,760.4261516681247,767.24718738011,270.72703138292906
2022,5,29,14,591.5945773419649,729.4210244804768,738.4992726118461,416.10640471120706,617.0796751220632,764.5811188569896,771.526784312494,399.96478424897896
2022,5,29,15,481.97487141837587,713.4571768626357,727.7935270041005,489.69250960598214,499.38625645378767,753.4619741097665,763.8560282512243,485.97692104759324
2022,5,29,16,392.1849555114958,747.002449297499,781.1240223971317,579.4281789471042,337.3080488502551,710.0043485967587,741.5017844623834,519.3505517141976
2022,5,29,17,190.44914198648254,636.6696160974731,711.6754341880533,529.5780397364096,143.7592949744647,590.2080163499439,665.0189338233148,477.3169163937713
2022,5,29,18,62.647196265319806,380.1809979022284,617.5829254428537,267.9009235055621,34.87921584690937,273.8502722464258,483.72706707061343,196.8166640052571
2022,5,29,19,0.0,0.0,0.0,0.0,0.0,0.0,0.0,0.0
2022,5,29,20,0.0,0.0,0.0,0.0,0.0,0.0,0.0,0.0
2022,5,29,21,0.0,0.0,0.0,0.0,0.0,0.0,0.0,0.0
2022,5,29,22,0.0,0.0,0.0,0.0,0.0,0.0,0.0,0.0
2022,5,29,23,0.0,0.0,0.0,0.0,0.0,0.0,0.0,0.0
2022,5,30,0,0.0,0.0,0.0,0.0,0.0,0.0,0.0,0.0
2022,5,30,1,0.0,0.0,0.0,0.0,0.0,0.0,0.0,0.0
2022,5,30,2,0.0,0.0,0.0,0.0,0.0,0.0,0.0,0.0
2022,5,30,3,0.0,0.0,0.0,0.0,0.0,0.0,0.0,0.0
2022,5,30,4,0.0,0.0,0.0,0.0,0.0,0.0,0.0,0.0
2022,5,30,5,-0.0,-0.0,-0.0,-0.0,-0.0,-0.0,-0.0,-0.0
2022,5,30,6,3.6388426457865926,6.158492283192638,6.095322550207194,6.910568581394897,24.78901252298868,185.19972702939117,240.70309770345526,199.16600976238513
2022,5,30,7,58.97331873716111,100.54176360070184,105.41247444208061,107.17344139404435,168.2050365063271,506.4491578919667,553.8069142844076,513.6161748591591
2022,5,30,8,331.03068881994375,573.9403232452145,593.6473664247894,522.5046907295882,362.6857060017514,663.7846398865897,682.5951983907357,584.4268941395294
2022,5,30,9,444.8187164948095,598.3107138893807,610.8666492131239,482.59041278491003,519.4914333667004,725.4711216746316,733.3754061481212,545.0057681812157
2022,5,30,10,464.05430703748414,539.0964431155838,546.8440468118494,358.556311841756,626.6118241087486,736.76477449913,742.7236223436805,425.1510131919669
2022,5,30,11,610.5403745054106,652.1856963200878,659.1849281593549,290.2696515931763,689.1451457803462,742.5538918782456,748.9257535742546,250.43425139063777
2022,5,30,12,608.7158706831214,633.5987563908977,642.0978526111904,193.70210506387775,707.181435998937,741.207660781026,749.5604380843977,148.46040379998684
2022,5,30,13,559.5573829617917,612.5083134461787,619.4650828888754,294.1066526272795,307.43099894949125,332.4043543787598,335.213015487571,256.80430540701036
2022,5,30,14,298.8090507601169,340.12040940975004,348.665764020827,250.45899730759032,250.75102290864464,260.35075570484014,268.6224048381014,225.97963154989063
2022,5,30,15,348.57981080671067,433.4903011788907,452.7889509611394,353.8933187260827,490.8423801640945,741.6127162888441,751.921678177153,477.12412862846895
2022,5,30,16,245.35137068117248,389.1073788640584,405.4574798883587,323.208998910821,330.5997426270268,697.6037672115153,728.6170459048957,509.26201000193
2022,5,30,17,124.4069708294007,222.46335146086008,235.514179333997,203.76621490513156,140.16582885263912,582.4350725616149,656.653375917621,469.6977182156039
2022,5,30,18,47.658060450763465,189.56776152257893,271.57134918172704,133.08703916863627,33.563531374869605,271.9632291031419,477.7069574046316,195.22323624940717
2022,5,30,19,0.0,0.0,0.0,0.0,0.0,0.0,0.0,0.0
2022,5,30,20,0.0,0.0,0.0,0.0,0.0,0.0,0.0,0.0
2022,5,30,21,0.0,0.0,0.0,0.0,0.0,0.0,0.0,0.0
2022,5,30,22,0.0,0.0,0.0,0.0,0.0,0.0,0.0,0.0
2022,5,30,23,0.0,0.0,0.0,0.0,0.0,0.0,0.0,0.0
2022,5,31,0,0.0,0.0,0.0,0.0,0.0,0.0,0.0,0.0
2022,5,31,1,0.0,0.0,0.0,0.0,0.0,0.0,0.0,0.0
2022,5,31,2,0.0,0.0,0.0,0.0,0.0,0.0,0.0,0.0
2022,5,31,3,0.0,0.0,0.0,0.0,0.0,0.0,0.0,0.0
2022,5,31,4,0.0,0.0,0.0,0.0,0.0,0.0,0.0,0.0
2022,5,31,5,-0.0,-0.0,-0.0,-0.0,-0.0,-0.0,-0.0,-0.0
2022,5,31,6,4.581092790662069,5.282838356369845,4.333190397682255,5.991380989341875,27.53190361957999,134.6795284289968,169.43660320520942,144.28394420476573
2022,5,31,7,119.19524520267052,336.9552715994908,369.66983361144344,347.06808845055417,160.20534218332307,455.66397973761076,495.77961647439395,461.41951069264604
2022,5,31,8,326.2944861808083,582.0809699539384,602.0882012269819,527.5742167332627,348.83383725596434,630.1153081788971,648.2761763392263,556.5087610929444
2022,5,31,9,543.5075549139614,740.0968258357073,752.4891321665029,588.4682690322843,505.40453271040997,702.8220587336642,710.5819781428571,528.5976038146619
2022,5,31,10,511.68158816692346,599.7026837158062,606.9564720061227,383.1710764863165,617.2561150787685,727.1772422396518,733.0834435489917,418.65395023047734
2022,5,31,11,677.5390154767301,725.0401185396782,732.3298009003719,297.0912695708909,681.0723368025197,734.4658548432528,740.4621462808947,243.92380285805203
2022,5,31,12,735.2851824408689,771.5013139805005,779.6604036393228,192.42507661052295,700.5494496628083,740.2032023199073,746.810209181019,140.04653655892577
2022,5,31,13,652.4625089136164,717.5303727454874,724.4979550928392,291.9030963758273,675.1700977049762,745.9259262990158,751.6873260737631,257.8113265464524
2022,5,31,14,632.5296548555997,782.9693540821171,791.3207015694802,438.13744853876875,603.032265732681,746.655628023711,752.4755423315485,382.6286694259424
2022,5,31,15,494.08959618191,738.3205841874154,752.0184784198204,500.4000065290073,489.57573920873034,744.835053955351,754.0686235212369,471.40197389241314
2022,5,31,16,363.93088375558546,748.6948144725222,783.8874406131654,563.2909165070663,330.31816480721045,698.3604760692547,727.8726592501926,506.6275354135632
2022,5,31,17,167.69992092557231,616.5444171288974,693.17669876518,504.6539687339958,137.19422559493566,587.2582311838738,662.0144264312808,470.88665940029705
2022,5,31,18,51.882287919064325,323.9503174390308,555.0944487098858,239.26099107812593,32.28934423599971,273.8327284191026,478.9732065377243,196.50896834871477
2022,5,31,19,0.0,0.0,0.0,0.0,0.0,0.0,0.0,0.0
2022,5,31,20,0.0,0.0,0.0,0.0,0.0,0.0,0.0,0.0
2022,5,31,21,0.0,0.0,0.0,0.0,0.0,0.0,0.0,0.0
2022,5,31,22,0.0,0.0,0.0,0.0,0.0,0.0,0.0,0.0
2022,5,31,23,0.0,0.0,0.0,0.0,0.0,0.0,0.0,0.0
2022,6,1,0,0.0,0.0,0.0,0.0,0.0,0.0,0.0,0.0
2022,6,1,1,0.0,0.0,0.0,0.0,0.0,0.0,0.0,0.0
2022,6,1,2,0.0,0.0,0.0,0.0,0.0,0.0,0.0,0.0
2022,6,1,3,0.0,0.0,0.0,0.0,0.0,0.0,0.0,0.0
2022,6,1,4,0.0,0.0,0.0,0.0,0.0,0.0,0.0,0.0
2022,6,1,5,-0.0,-0.0,-0.0,-0.0,-0.0,-0.0,-0.0,-0.0
2022,6,1,6,6.753015700920909,7.515948616582623,6.283135731182714,8.409719971970901,24.334692264295377,175.46992991234995,226.15221772256308,188.85773032358864
2022,6,1,7,109.7184077667371,244.16421669065008,263.7142301831382,255.28779110529044,156.05381922707275,367.87198263931026,394.98404901180265,374.5774536004172
2022,6,1,8,207.54956577636133,318.0902720349169,330.60172087788595,301.8545823745829,285.5012676288432,473.38646424824356,489.6041849790883,429.3108919917158
2022,6,1,9,209.50621711974767,250.58296353645468,259.1732965927749,222.4152708793789,384.2526026507255,481.9776688813332,495.84442686223196,397.43207471804925
2022,6,1,10,557.126596191558,648.4664781718377,656.2634826421652,425.01789551502543,90.31040484075741,93.51389450789456,95.63592467310025,83.12290596629728
2022,6,1,11,549.7663772332105,587.9996385014039,594.0212678916463,266.2245004843609,664.5813587774024,716.9407995781895,722.4864132850032,235.59395563999075
2022,6,1,12,742.1098504252898,778.2759092248364,786.4426240263705,183.542048337944,684.0559158723379,723.3038679186826,729.4446790388628,133.0319836035029
2022,6,1,13,692.772781489488,765.0633313466232,771.040629612678,293.9160120926343,661.008744445911,730.1767965519706,735.5473150850039,250.3504276262001
2022,6,1,14,617.8477346396448,766.1368876758793,772.4807951263725,416.44468668674006,591.1585980261583,730.221025442386,735.8022128530796,374.22788144220607
2022,6,1,15,499.8300387460627,757.3755315189361,768.4433042697664,502.27354851059323,481.0593847888023,726.8864560186364,736.0253025733632,462.8361641855625
2022,6,1,16,336.37552946151226,677.3035232972338,709.7788074205683,515.0355849613345,324.4907012917423,685.2506650803939,714.1990307794164,498.5048263329406
2022,6,1,17,143.8162164305258,302.73197539245183,328.9536859715021,270.28914435969455,150.7897971042773,315.0506380333535,339.5271818772194,276.6267289319581
2022,6,1,18,59.212430627014655,353.7070518911781,475.74388253760037,224.6884902064408,53.812504216952334,256.97219354267423,373.1439153639369,176.00806165763368
2022,6,1,19,0.0,0.0,0.0,0.0,0.0,0.0,0.0,0.0
2022,6,1,20,0.0,0.0,0.0,0.0,0.0,0.0,0.0,0.0
2022,6,1,21,0.0,0.0,0.0,0.0,0.0,0.0,0.0,0.0
2022,6,1,22,0.0,0.0,0.0,0.0,0.0,0.0,0.0,0.0
2022,6,1,23,0.0,0.0,0.0,0.0,0.0,0.0,0.0,0.0
2022,6,2,0,0.0,0.0,0.0,0.0,0.0,0.0,0.0,0.0
2022,6,2,1,0.0,0.0,0.0,0.0,0.0,0.0,0.0,0.0
2022,6,2,2,0.0,0.0,0.0,0.0,0.0,0.0,0.0,0.0
2022,6,2,3,0.0,0.0,0.0,0.0,0.0,0.0,0.0,0.0
2022,6,2,4,0.0,0.0,0.0,0.0,0.0,0.0,0.0,0.0
2022,6,2,5,-0.0,-0.0,-0.0,-0.0,-0.0,-0.0,-0.0,-0.0
2022,6,2,6,6.84567618757033,11.07762116675846,11.191368600639377,12.158608571288536,22.836680043068093,190.59010804125955,246.3336575452642,203.1547203952325
2022,6,2,7,67.26852647874553,70.52881570197484,66.95893891857897,76.7178251813704,11.237570473193928,9.325573729912032,7.871905769462835,9.947164956986757
2022,6,2,8,79.47391746384613,73.11091490118056,74.69967503198636,79.78800313262454,202.68305749987013,250.6120162215742,258.40215692133927,242.25772507573356
2022,6,2,9,97.83136871892756,93.86610784018963,98.76779955770162,96.31161759365386,294.0270020000429,353.2383824746282,364.5449334657639,299.7762145937287
2022,6,2,10,189.209169008342,198.26395718659379,202.6722682464651,180.97185428366572,345.35764634473543,384.2662232480546,391.55410067557796,286.12561119554186
2022,6,2,11,485.7699462872426,520.2075867427778,524.8464931135763,282.16179659997965,551.9820084547848,590.6688969403773,595.9819389318458,242.6252301935525
2022,6,2,12,751.4608338950031,786.0996436202203,794.2886258768141,214.29983740416816,647.8642702203755,682.8673064581229,688.1114823160384,130.86844639167583
2022,6,2,13,544.25229100094,598.2329914542095,604.0791734840753,254.97990874748265,463.0381640156281,505.05066856353335,509.99300549577083,235.66423391112616
2022,6,2,14,396.41776464390927,456.8451757112366,467.03417134246433,324.4957681650656,517.7592421120204,627.1014819632978,633.5992920520563,361.2006432625863
2022,6,2,15,526.6610625438008,783.3372757916559,796.10805567875,538.2153169594343,451.8742348243277,659.366204192466,667.1988297591172,455.09047275299736
2022,6,2,16,333.15881725317325,647.6776362025261,676.712157914793,508.3818195162517,311.9002479161497,625.1617506941475,649.6044897101275,487.083631994873
2022,6,2,17,135.29906544971732,436.97325177394305,489.45516456040775,370.45141413569,138.1020377157265,527.6152422250859,587.9778671303047,448.57206633583405
2022,6,2,18,42.98724970773849,151.56223404966354,213.3311744893519,111.61687412823369,34.248729181029645,262.5453880047424,438.2856852157728,195.1379569169931
2022,6,2,19,0.0,0.0,0.0,0.0,0.0,0.0,0.0,0.0
2022,6,2,20,0.0,0.0,0.0,0.0,0.0,0.0,0.0,0.0
2022,6,2,21,0.0,0.0,0.0,0.0,0.0,0.0,0.0,0.0
2022,6,2,22,0.0,0.0,0.0,0.0,0.0,0.0,0.0,0.0
2022,6,2,23,0.0,0.0,0.0,0.0,0.0,0.0,0.0,0.0
2022,6,3,0,0.0,0.0,0.0,0.0,0.0,0.0,0.0,0.0
2022,6,3,1,0.0,0.0,0.0,0.0,0.0,0.0,0.0,0.0
2022,6,3,2,0.0,0.0,0.0,0.0,0.0,0.0,0.0,0.0
2022,6,3,3,0.0,0.0,0.0,0.0,0.0,0.0,0.0,0.0
2022,6,3,4,0.0,0.0,0.0,0.0,0.0,0.0,0.0,0.0
2022,6,3,5,-0.0,-0.0,-0.0,-0.0,-0.0,-0.0,-0.0,-0.0
2022,6,3,6,4.098395087080308,59.6847875991808,79.48779691091757,64.52151252991611,21.35091960114165,236.51075475985343,309.42856352505095,251.62638215921928
2022,6,3,7,100.79174116948474,288.2898269229839,316.9143822911044,297.0820145395005,166.9728413777487,527.369668191724,575.6768548576482,529.8068500766726
2022,6,3,8,237.09952169334343,434.07468250369516,449.91746363875137,392.5850371841563,280.73221660324253,445.93367303636484,460.2304776311301,405.3867090288225
2022,6,3,9,156.96578608611054,182.14072062326176,189.2988892561833,166.97478407112493,512.1983714479134,711.6330517711317,718.1659592716584,530.3306852726134
2022,6,3,10,463.5046540711787,544.6671226541481,551.1888219943627,351.6638573170846,618.0491946844496,728.7722344674239,733.6768134948622,415.11347128383227
2022,6,3,11,722.1782762994958,776.5448049468886,782.9128180084218,299.8900365353312,676.1024669950132,730.5211232801059,735.7652296549276,239.11585393120401
2022,6,3,12,724.8371903556849,760.8483693104173,768.2910854978533,177.92408322180873,684.7596074124003,724.7530550755822,730.4361866867073,133.51289794006863
2022,6,3,13,639.3707199878655,704.1980507813715,710.307239459151,282.66436894271396,652.1703549393284,719.9081182297442,724.7760858834796,250.16086965638615
2022,6,3,14,583.8575516166006,723.5383652394388,730.9198346902449,406.366532992591,583.6570349499647,720.5413645408992,725.8472017397229,375.9908367027598
2022,6,3,15,502.9483744144675,749.9111071552787,763.3093582580282,510.5559835491308,473.26983109903335,706.4624407810768,715.4502338951269,461.1052551880138
2022,6,3,16,369.00434903207093,722.4262307928757,754.9254491404752,556.8035853876709,321.35576510753054,664.9231881009366,692.4081289582653,493.6059895376143
2022,6,3,17,176.66814217937866,533.1045042473588,592.3278624662074,449.7706343814419,140.50162446734208,552.6082119609896,618.8820766274058,453.34363967619277
2022,6,3,18,81.97747465190612,360.926274234783,585.1221177748317,278.5595659690699,36.17960924361001,268.15245036335693,448.1912263358953,196.51154049593356
2022,6,3,19,0.0,0.0,0.0,0.0,0.0,0.0,0.0,0.0
2022,6,3,20,0.0,0.0,0.0,0.0,0.0,0.0,0.0,0.0
2022,6,3,21,0.0,0.0,0.0,0.0,0.0,0.0,0.0,0.0
2022,6,3,22,0.0,0.0,0.0,0.0,0.0,0.0,0.0,0.0
2022,6,3,23,0.0,0.0,0.0,0.0,0.0,0.0,0.0,0.0
2022,6,4,0,0.0,0.0,0.0,0.0,0.0,0.0,0.0,0.0
2022,6,4,1,0.0,0.0,0.0,0.0,0.0,0.0,0.0,0.0
2022,6,4,2,0.0,0.0,0.0,0.0,0.0,0.0,0.0,0.0
2022,6,4,3,0.0,0.0,0.0,0.0,0.0,0.0,0.0,0.0
2022,6,4,4,0.0,0.0,0.0,0.0,0.0,0.0,0.0,0.0
2022,6,4,5,-0.0,-0.0,-0.0,-0.0,-0.0,-0.0,-0.0,-0.0
2022,6,4,6,5.341770895585234,5.252496221946834,3.910950674992055,6.022983300192977,-0.0,-0.0,-0.0,-0.0
2022,6,4,7,28.06782489966005,36.6977783948911,36.304712449961016,39.455972464720894,9.398853610824268,7.716330650867111,6.439565490830344,8.256723476225591
2022,6,4,8,92.32161127274698,101.20637428525845,104.39149669244792,105.20481314590327,334.1796927589248,595.367931000193,613.0140212060478,528.2847822520494
2022,6,4,9,458.8501437479833,631.4230109121143,640.5141669423575,501.59987015257946,478.70137123370233,662.1564632570961,670.3646381740596,503.5648062644093
2022,6,4,10,602.5232141162675,696.8162650226816,704.5087978173069,469.38662394169415,408.10673327081423,466.2656341414456,473.2524661582834,317.61118940295455
2022,6,4,11,364.5284231936924,393.21461888684667,395.6536788457909,277.9655320163583,462.0479672920623,496.81772010884947,500.96946123748785,250.70630855403542
2022,6,4,12,539.8429107542984,568.3277000756608,573.8488781286251,237.87024443629542,522.7894992508578,546.8786654716228,553.1224260903699,161.3662821759905
2022,6,4,13,611.5778516045466,669.0679181195114,675.2873724250082,346.05797491023435,636.0259400539863,700.1338613710766,705.131752450154,251.07898042032923
2022,6,4,14,611.0385951300946,755.501735612408,761.9133501553579,422.3909238917207,573.9503905869477,705.8682465928888,711.4805673241142,375.6268617618665
2022,6,4,15,421.47694281312425,596.3323409800905,611.7765899225291,434.3550891021656,416.25251593390703,599.9477468711933,612.0917233018046,408.80713089080535
2022,6,4,16,202.95657809999707,258.93793525391254,267.9228756856449,240.1239907797718,162.594887684687,172.968261850788,173.64074523175375,165.89085391515866
2022,6,4,17,69.05726904037519,68.32546731357344,62.301597450979756,72.86085866704045,34.08065141235654,29.36218168582656,24.37803695998298,31.023883318874937
2022,6,4,18,43.4883572711557,76.77080818681772,82.75994846174261,63.28259771404051,14.730326879161083,12.383130772862234,7.89391291716755,13.15474673986574
2022,6,4,19,0.0,0.0,0.0,0.0,0.0,0.0,0.0,0.0
2022,6,4,20,0.0,0.0,0.0,0.0,0.0,0.0,0.0,0.0
2022,6,4,21,0.0,0.0,0.0,0.0,0.0,0.0,0.0,0.0
2022,6,4,22,0.0,0.0,0.0,0.0,0.0,0.0,0.0,0.0
2022,6,4,23,0.0,0.0,0.0,0.0,0.0,0.0,0.0,0.0
2022,6,5,0,0.0,0.0,0.0,0.0,0.0,0.0,0.0,0.0
2022,6,5,1,0.0,0.0,0.0,0.0,0.0,0.0,0.0,0.0
2022,6,5,2,0.0,0.0,0.0,0.0,0.0,0.0,0.0,0.0
2022,6,5,3,0.0,0.0,0.0,0.0,0.0,0.0,0.0,0.0
2022,6,5,4,0.0,0.0,0.0,0.0,0.0,0.0,0.0,0.0
2022,6,5,5,-0.0,-0.0,-0.0,-0.0,-0.0,-0.0,-0.0,-0.0
2022,6,5,6,4.314041612169091,64.08324787599562,85.0743536729219,69.00012307332392,20.6648950938656,223.91956207813456,291.48026685454715,238.6101762162701
2022,6,5,7,126.77338818587155,381.36889516708675,418.79195763685595,391.3233995065683,161.74637328260525,503.80713524321334,549.198794396045,506.6847610269328
2022,6,5,8,109.96895268690967,142.4455005860834,148.14414412335535,142.63589309939832,348.0325335070553,632.0027540378982,648.2187864524715,555.440073723455
2022,6,5,9,411.13400438381336,559.7656148432062,570.0522708106411,449.65489446736296,495.2009209194877,689.9543513948437,696.5432275413247,517.9743621217459
2022,6,5,10,596.7917443160977,702.4931368981353,708.9765262724914,443.57883933205034,598.1267094490903,704.6867454556093,709.2327652406051,406.09051018728235
2022,6,5,11,580.471828624919,622.7145397480443,628.1249157610879,284.8445188319871,549.0987524348469,590.2017293641452,595.2604610977186,245.24068791539102
2022,6,5,12,554.4549813863949,579.2325253779403,585.8581048795673,186.0817370204935,679.332050487939,720.5736644593848,725.8858234080794,132.83218991976213
2022,6,5,13,518.2092587648887,570.8451956566644,576.204570176643,243.4640271606388,655.8196244518973,725.6698872594586,730.3783938715766,248.9788984818509
2022,6,5,14,348.23714604813233,416.69559542218985,423.8330873811109,266.5726235095678,535.8891583831329,655.6412814551626,663.271275116793,363.1010417162839
2022,6,5,15,397.2878158576913,537.8610466920857,554.724592380422,403.7243433971577,433.7094383150529,641.962212700357,653.390083336646,422.5046886779462
2022,6,5,16,362.5614504620993,633.9325494348575,662.2616289637306,508.8894568118773,332.354330134639,645.5317596492488,672.2303337292257,484.28501724573704
2022,6,5,17,181.53529059384056,606.3903383419665,677.2921102524422,504.1381741887053,142.42847910306645,570.0982485038031,639.3833825894538,461.00053296111224
2022,6,5,18,44.0621140560667,334.2130352318565,577.4570666913017,253.62945877252784,35.12472677718366,282.9980087224866,473.13710100160347,206.29364072229893
2022,6,5,19,0.0,0.0,0.0,0.0,0.0,0.0,0.0,0.0
2022,6,5,20,0.0,0.0,0.0,0.0,0.0,0.0,0.0,0.0
2022,6,5,21,0.0,0.0,0.0,0.0,0.0,0.0,0.0,0.0
2022,6,5,22,0.0,0.0,0.0,0.0,0.0,0.0,0.0,0.0
2022,6,5,23,0.0,0.0,0.0,0.0,0.0,0.0,0.0,0.0
2022,6,6,0,0.0,0.0,0.0,0.0,0.0,0.0,0.0,0.0
2022,6,6,1,0.0,0.0,0.0,0.0,0.0,0.0,0.0,0.0
2022,6,6,2,0.0,0.0,0.0,0.0,0.0,0.0,0.0,0.0
2022,6,6,3,0.0,0.0,0.0,0.0,0.0,0.0,0.0,0.0
2022,6,6,4,0.0,0.0,0.0,0.0,0.0,0.0,0.0,0.0
2022,6,6,5,-0.0,-0.0,-0.0,-0.0,-0.0,-0.0,-0.0,-0.0
2022,6,6,6,4.555496634806477,27.53303094844213,34.990646890786934,30.385884808778123,26.73963885307019,149.20631688077154,188.07274218560022,158.31273743743873
2022,6,6,7,118.22809948351424,307.8038017899976,337.7405024052241,320.20959599423094,136.2922835554446,258.4178586050172,272.4642735060508,265.5914669311887
2022,6,6,8,217.55544351109376,330.54418672314966,344.20738289370945,315.13439342824006,280.7064100114396,445.2882579735284,460.13276211323415,405.27580900001016
2022,6,6,9,328.6048639575121,420.6813991656399,432.7910327156722,355.8963898316669,189.79434863212649,191.6878172393043,200.67873752909006,180.25966971369886
2022,6,6,10,385.7714000412016,442.20025423302405,449.49690092245146,317.75176343705937,307.29424706315507,337.3824193038616,344.03038988831867,259.6346906518463
2022,6,6,11,555.6622970893962,599.1850317793475,604.0940017855598,305.2372415462506,554.6183548434418,597.8861877354113,603.0843441908495,255.28422711968113
2022,6,6,12,510.20663695638393,538.090673887965,543.333687586579,224.40188405867394,436.22735987848324,464.68100840018195,468.1581814894817,212.31396845738786
2022,6,6,13,517.9390244358963,567.5481899355951,573.4029735956364,307.28721273393586,568.1734882557469,626.144428251465,631.7456916024158,257.33776338207304
2022,6,6,14,441.6881859440885,511.1731578032762,522.1224991910209,358.0702172259673,477.73010783806814,569.9333333159848,579.0890325820134,342.46955125925484
2022,6,6,15,428.1866284909682,575.2699002334073,594.2223581672388,434.14104469179506,435.65916371759704,620.3836244974162,635.0600026006092,422.0140971221968
2022,6,6,16,342.5310360516106,598.3701745598551,625.5679431440367,477.7087706703038,328.60446155539927,675.0363585942721,704.0013824603111,491.7893756529626
2022,6,6,17,154.51829570863737,358.0604199614027,391.48056661767623,310.9989308723464,146.33420469122183,548.9534342620545,613.8211398101172,441.30647264792407
2022,6,6,18,66.46660819399423,312.22639201702555,459.4210122131169,226.24668937120654,42.38786067409213,266.757279177656,431.3386918798911,195.5976259215098
2022,6,6,19,0.0,0.0,0.0,0.0,0.0,0.0,0.0,0.0
2022,6,6,20,0.0,0.0,0.0,0.0,0.0,0.0,0.0,0.0
2022,6,6,21,0.0,0.0,0.0,0.0,0.0,0.0,0.0,0.0
2022,6,6,22,0.0,0.0,0.0,0.0,0.0,0.0,0.0,0.0
2022,6,6,23,0.0,0.0,0.0,0.0,0.0,0.0,0.0,0.0
2022,6,7,0,0.0,0.0,0.0,0.0,0.0,0.0,0.0,0.0
2022,6,7,1,0.0,0.0,0.0,0.0,0.0,0.0,0.0,0.0
2022,6,7,2,0.0,0.0,0.0,0.0,0.0,0.0,0.0,0.0
2022,6,7,3,0.0,0.0,0.0,0.0,0.0,0.0,0.0,0.0
2022,6,7,4,0.0,0.0,0.0,0.0,0.0,0.0,0.0,0.0
2022,6,7,5,-0.0,-0.0,-0.0,-0.0,-0.0,-0.0,-0.0,-0.0
2022,6,7,6,4.763104808207616,25.93339717832632,32.69915830423828,28.858339356874882,27.71208354577469,143.68523038828113,180.0770180723243,153.13302995943823
2022,6,7,7,116.01404459428065,335.614986345208,368.5874308312564,344.83677367530555,156.44832268639152,450.5850435571723,490.73368958165975,454.87243179094133
2022,6,7,8,262.60211246467327,480.9386744745901,498.52653568447596,435.03879441904354,340.8679144270776,621.9246263654793,640.4026448437043,547.581749982654
2022,6,7,9,434.7920844774318,603.8572284246202,614.646402784199,479.1072885552919,500.20494287948304,704.4419478728174,711.6302403626813,524.7815966046932
2022,6,7,10,454.8435328668117,532.6731660779014,539.5975943618784,355.9131065299607,606.4280544354586,719.3267212863598,723.9848587923478,409.54482296657625
2022,6,7,11,606.696207129799,654.4971110334922,660.0613997092421,280.07400169451023,670.7131240899749,728.8300575677589,733.5619482034341,238.78278198392925
2022,6,7,12,482.5051041555521,508.6507881283382,513.5338294048626,203.19523206262878,687.9041071878706,731.9738873289036,737.1866773629341,132.22125730986733
2022,6,7,13,594.4745471032408,653.9370420067916,659.8163415886011,299.12261779380196,663.8056969289083,736.8283727062119,741.4952095335922,247.91769938314005
2022,6,7,14,587.2941368908697,718.5454960314102,727.4549246628521,423.1219230986658,597.4424852534814,743.5436973121166,748.9309384791669,374.64877789166746
2022,6,7,15,492.5245758232019,719.2397527205557,734.0333813393986,499.00509674581,485.3556295512477,733.4974397737316,742.8018338884282,462.78009643618486
2022,6,7,16,356.65491969269624,627.1382273724857,655.1439782529192,500.1873792527519,329.07150144210675,690.864898753646,719.7746013061258,499.04312497941123
2022,6,7,17,174.0863430874288,398.39306729370855,436.07752413008564,348.19798877969976,142.8384649563726,578.477859171038,649.057169018861,464.1665155790336
2022,6,7,18,64.78562865975513,368.56080578115007,529.679290358707,256.1736859518683,35.57051948802105,289.92156411209106,479.61583625078686,211.64398384769632
2022,6,7,19,0.0,0.0,0.0,0.0,0.0,0.0,0.0,0.0
2022,6,7,20,0.0,0.0,0.0,0.0,0.0,0.0,0.0,0.0
2022,6,7,21,0.0,0.0,0.0,0.0,0.0,0.0,0.0,0.0
2022,6,7,22,0.0,0.0,0.0,0.0,0.0,0.0,0.0,0.0
2022,6,7,23,0.0,0.0,0.0,0.0,0.0,0.0,0.0,0.0
2022,6,8,0,0.0,0.0,0.0,0.0,0.0,0.0,0.0,0.0
2022,6,8,1,0.0,0.0,0.0,0.0,0.0,0.0,0.0,0.0
2022,6,8,2,0.0,0.0,0.0,0.0,0.0,0.0,0.0,0.0
2022,6,8,3,0.0,0.0,0.0,0.0,0.0,0.0,0.0,0.0
2022,6,8,4,0.0,0.0,0.0,0.0,0.0,0.0,0.0,0.0
2022,6,8,5,-0.0,-0.0,-0.0,-0.0,-0.0,-0.0,-0.0,-0.0
2022,6,8,6,3.1967001666192254,6.425386426796136,6.616357236371466,7.139143507664488,24.074919946200453,170.87818691118238,219.04634437358976,184.31524010936639
2022,6,8,7,111.88441514279036,291.8793077572518,320.43217197177455,303.9037328920733,150.11561105783971,337.0070966003622,361.7938419281463,344.78854354680885
2022,6,8,8,228.4249073215993,359.147750532554,373.1543888066287,337.87937946076084,274.62521750008233,436.16558383969095,450.70640501527885,397.3571976296118
2022,6,8,9,228.026234220637,272.3889261833509,282.12670699688175,243.1582872978253,378.03686876715153,489.1729319360176,501.00634824975504,393.4745714613204
2022,6,8,10,449.9392041732076,520.8429189292902,528.1093714928429,360.1369457870739,439.6302806685839,506.14945980216544,513.3382855203212,338.63647740579336
2022,6,8,11,568.7875780532999,612.8918758347157,618.0917188027249,285.88282324046577,560.1724723558403,604.217924201294,609.0198104754991,247.4982865733418
2022,6,8,12,544.8986428017399,570.5534016790647,576.85434730223,177.6963092474473,670.5705444316682,713.7894906671808,718.6206696533319,131.5786079739
2022,6,8,13,561.8386448846834,617.4757400217572,622.9291253601094,285.56214289737426,647.5706732645982,718.2501824350672,722.6760430772982,244.9114838601307
2022,6,8,14,435.93997386541633,528.3255695384431,536.6115878487614,328.580220446839,581.6610480423801,721.3854954991887,726.6726805217744,369.12748543070353
2022,6,8,15,284.4517864620268,358.0216379306558,372.16530224920865,286.77543755082627,206.0356419632245,203.97576228853484,215.90914959148452,193.4327235101322
2022,6,8,16,165.75189247909208,179.51287627522632,182.00856868987515,177.45184161235673,285.6172952270941,477.0856063896674,496.89311775472817,378.6873581704079
2022,6,8,17,169.70570110561826,345.43677045189884,374.02024311156066,309.05917207175935,153.8791835872454,424.10523898680077,466.24320311096676,354.2510844229036
2022,6,8,18,69.15651285640513,421.60921554927484,586.3620962123655,287.0826404585431,57.08571077606629,239.9746676259411,328.49851362475874,168.9506176306792
2022,6,8,19,0.0,0.0,0.0,0.0,0.0,0.0,0.0,0.0
2022,6,8,20,0.0,0.0,0.0,0.0,0.0,0.0,0.0,0.0
2022,6,8,21,0.0,0.0,0.0,0.0,0.0,0.0,0.0,0.0
2022,6,8,22,0.0,0.0,0.0,0.0,0.0,0.0,0.0,0.0
2022,6,8,23,0.0,0.0,0.0,0.0,0.0,0.0,0.0,0.0
2022,6,9,0,0.0,0.0,0.0,0.0,0.0,0.0,0.0,0.0
2022,6,9,1,0.0,0.0,0.0,0.0,0.0,0.0,0.0,0.0
2022,6,9,2,0.0,0.0,0.0,0.0,0.0,0.0,0.0,0.0
2022,6,9,3,0.0,0.0,0.0,0.0,0.0,0.0,0.0,0.0
2022,6,9,4,0.0,0.0,0.0,0.0,0.0,0.0,0.0,0.0
2022,6,9,5,-0.0,-0.0,-0.0,-0.0,-0.0,-0.0,-0.0,-0.0
2022,6,9,6,4.700946622373952,26.458280995284035,33.425151456392356,29.36147227346736,24.48876951445355,165.53491911809644,211.02603444334866,178.95862221237715
2022,6,9,7,102.67478609682428,280.0719377751382,307.5715015974221,290.29220248009324,154.7191020812493,452.0523758036885,492.4290398383559,457.9347766362694
2022,6,9,8,248.51078714155145,423.869362867872,439.9044275476294,392.19453771065434,331.3211636128687,595.2991821046754,611.3952616309566,527.6461233285675
2022,6,9,9,382.8825003341976,518.092415387709,528.5215066052444,421.9757280997554,470.7216938670341,648.4520462918665,654.9128452362484,496.0032912740407
2022,6,9,10,534.9294175243257,631.0561223700845,636.9962115235054,404.03448764355517,571.6305663648252,672.9445529220193,677.1422200171169,397.4130357865002
2022,6,9,11,550.1999815939711,592.5144034553247,597.2424746380867,255.8458304698613,631.5498762572972,684.3180825043697,688.2849343564362,235.59979419842088
2022,6,9,12,453.83029586299534,473.7858699291961,479.22443897174253,163.20359651016008,652.4669231271887,693.7571363017335,698.1722183061612,131.18363785370718
2022,6,9,13,472.10752040396903,519.2864206248344,524.1105201638608,241.03901550227818,640.2980634644774,707.7317843613786,712.2136050140808,243.2354074313319
2022,6,9,14,607.4985832239139,750.7002803053836,757.5381937533162,420.2135366144346,577.8919568647354,715.0527701932773,720.209386263181,368.9482254118683
2022,6,9,15,501.1779901397445,750.0682744283272,762.8213395847838,504.8940039274883,471.9770099549685,707.186894318204,716.3576721802185,453.23469155308027
2022,6,9,16,351.2167176835441,705.2072619257634,737.6307649708983,534.8481151070722,322.92160403235886,669.4620507694891,697.1615968907614,488.66875324459136
2022,6,9,17,169.30831508679205,550.6925774826844,614.7263633294026,458.91243120777415,142.89102424234238,560.6783349499065,627.8355765999235,452.8740604981236
2022,6,9,18,52.991438836994995,333.50998806978663,535.6032367840501,250.76750719731692,36.96748734328267,285.61279173829365,463.65565795703765,209.86397827236468
2022,6,9,19,0.0,0.0,0.0,0.0,0.0,0.0,0.0,0.0
2022,6,9,20,0.0,0.0,0.0,0.0,0.0,0.0,0.0,0.0
2022,6,9,21,0.0,0.0,0.0,0.0,0.0,0.0,0.0,0.0
2022,6,9,22,0.0,0.0,0.0,0.0,0.0,0.0,0.0,0.0
2022,6,9,23,0.0,0.0,0.0,0.0,0.0,0.0,0.0,0.0
2022,6,10,0,0.0,0.0,0.0,0.0,0.0,0.0,0.0,0.0
2022,6,10,1,0.0,0.0,0.0,0.0,0.0,0.0,0.0,0.0
2022,6,10,2,0.0,0.0,0.0,0.0,0.0,0.0,0.0,0.0
2022,6,10,3,0.0,0.0,0.0,0.0,0.0,0.0,0.0,0.0
2022,6,10,4,0.0,0.0,0.0,0.0,0.0,0.0,0.0,0.0
2022,6,10,5,-0.0,-0.0,-0.0,-0.0,-0.0,-0.0,-0.0,-0.0
2022,6,10,6,3.440844142311617,9.853652930442044,11.311504241087619,11.172797995765904,22.110089947689282,204.44851401953116,264.4396586237119,216.92543425851804
2022,6,10,7,125.930904773399,345.84819040449196,379.5996817221936,357.41771741954193,118.46852395697533,205.4361437307684,215.15453678644897,213.19556295955218
2022,6,10,8,311.19592220302883,541.7454120325466,561.2762807372392,495.5108102123638,344.96886957282936,635.8141931694596,652.9762332589343,557.6292427965701
2022,6,10,9,404.9625207514559,546.7693517373748,558.99767711415,446.26079501061565,488.05418223450215,685.87224802133,692.7624023746646,514.3952948557851
2022,6,10,10,546.0382034510635,647.6930892543736,653.9492575904833,410.0707201475195,583.9667149222254,691.2984388854078,695.5459609648321,400.0539845135168
2022,6,10,11,590.2226565403607,637.2283831700131,642.2100584930968,273.5303359236889,641.4754919458702,696.8554473198071,700.9026851419013,236.645361364332
2022,6,10,12,559.2166711272105,586.6920845994389,592.6527059551573,164.3751959115301,664.7285297625341,707.3185125285879,711.8840768851862,129.97480258429792
2022,6,10,13,663.7876284924284,735.3252900892819,739.7906000295096,284.6770000775215,647.715076452746,718.6732415847048,722.7862196782478,242.66759908753866
2022,6,10,14,585.8682446576884,721.9330313368562,729.1710716245858,413.0798305152716,585.1944256044866,724.5672353137138,729.416976406327,366.54549504186144
2022,6,10,15,519.8904226194546,770.2070893682626,782.8219669812656,527.9948389355714,477.95137577119476,721.9026999480787,730.9985292347479,454.5170302198043
2022,6,10,16,353.189306769864,724.6066149755262,757.8868070518655,541.3779839285667,324.79003902818965,679.9358764292899,708.1572277204974,490.55925519561623
2022,6,10,17,160.21434587719497,617.9473615505811,695.2125400734433,500.83525216873636,143.37586093690618,566.2654395363187,634.4157361768157,454.6813575633085
2022,6,10,18,47.58323452732206,347.16412845229087,563.8933391829222,258.46936183040293,36.87727688843516,285.32265784481393,460.8520550508161,209.71823407665119
2022,6,10,19,0.0,0.0,0.0,0.0,0.0,0.0,0.0,0.0
2022,6,10,20,0.0,0.0,0.0,0.0,0.0,0.0,0.0,0.0
2022,6,10,21,0.0,0.0,0.0,0.0,0.0,0.0,0.0,0.0
2022,6,10,22,0.0,0.0,0.0,0.0,0.0,0.0,0.0,0.0
2022,6,10,23,0.0,0.0,0.0,0.0,0.0,0.0,0.0,0.0
2022,6,11,0,0.0,0.0,0.0,0.0,0.0,0.0,0.0,0.0
2022,6,11,1,0.0,0.0,0.0,0.0,0.0,0.0,0.0,0.0
2022,6,11,2,0.0,0.0,0.0,0.0,0.0,0.0,0.0,0.0
2022,6,11,3,0.0,0.0,0.0,0.0,0.0,0.0,0.0,0.0
2022,6,11,4,0.0,0.0,0.0,0.0,0.0,0.0,0.0,0.0
2022,6,11,5,-0.0,-0.0,-0.0,-0.0,-0.0,-0.0,-0.0,-0.0
2022,6,11,6,4.900545097767574,36.56574880969926,47.126126575783694,39.55026489631745,21.94387111201313,202.41823379232943,262.2053897327512,214.94424705217045
2022,6,11,7,121.93381463193197,394.81867306254924,435.6753759351744,403.10324973183754,157.06704749571168,502.3806466615013,549.9014258336463,505.2507730298105
2022,6,11,8,318.1245252407097,597.3210044346621,616.5675876836654,533.3653003423219,344.5758698003009,640.2459850980582,657.8089787066118,560.3097947477881
2022,6,11,9,439.88557734558213,611.5205604947555,622.3247740972784,486.8891571731966,491.5287052684681,695.090422338974,702.0132348403655,518.6133566129553
2022,6,11,10,499.78673978791704,591.503843695224,597.9894210758649,382.66323121706665,593.6589976862404,706.0107789965123,710.290764918006,404.19495470705107
2022,6,11,11,693.0780355697703,748.9749165201691,754.3692694784613,307.7364367209097,651.9898922744255,710.1625593266416,714.310167643005,236.8204361272627
2022,6,11,12,560.855431283024,588.6818894781521,594.6019207501531,163.18566231970578,667.8215009888744,711.5418773328878,716.1261275818837,128.87907771923116
2022,6,11,13,613.1911264638426,676.0077335321245,680.9704494603192,281.9220788777109,642.6642378024851,713.2876497090066,717.3073015478265,240.50373158728894
2022,6,11,14,453.4170777357331,546.930920689831,555.6793340201821,344.258668672452,494.24664987324655,598.8631658583511,606.9707760675055,343.9204150377498
2022,6,11,15,435.56232201138204,584.7454432265213,603.3683668630898,442.09002595876075,393.0461318001485,564.2694291694394,576.9542557986931,380.7737698323415
2022,6,11,16,331.6616185729651,523.4207988359271,546.7946498787583,438.7827465987264,280.6324657463505,464.5141467416179,483.9549207569965,369.21410386743645
2022,6,11,17,168.53528879670964,311.3816297944153,335.5819049053735,285.7961998443254,156.1381422395494,349.92996204414334,378.50148967810134,300.02802269076346
2022,6,11,18,71.6788915808375,271.2645885069776,344.11020520220484,191.53918155875454,56.671799176310195,214.41847708825566,279.72258825129535,151.72037313793714
2022,6,11,19,0.0,0.0,0.0,0.0,0.0,0.0,0.0,0.0
2022,6,11,20,0.0,0.0,0.0,0.0,0.0,0.0,0.0,0.0
2022,6,11,21,0.0,0.0,0.0,0.0,0.0,0.0,0.0,0.0
2022,6,11,22,0.0,0.0,0.0,0.0,0.0,0.0,0.0,0.0
2022,6,11,23,0.0,0.0,0.0,0.0,0.0,0.0,0.0,0.0
2022,6,12,0,0.0,0.0,0.0,0.0,0.0,0.0,0.0,0.0
2022,6,12,1,0.0,0.0,0.0,0.0,0.0,0.0,0.0,0.0
2022,6,12,2,0.0,0.0,0.0,0.0,0.0,0.0,0.0,0.0
2022,6,12,3,0.0,0.0,0.0,0.0,0.0,0.0,0.0,0.0
2022,6,12,4,0.0,0.0,0.0,0.0,0.0,0.0,0.0,0.0
2022,6,12,5,-0.0,-0.0,-0.0,-0.0,-0.0,-0.0,-0.0,-0.0
2022,6,12,6,5.094115517179756,10.048270604819413,10.610631040224384,10.956522882027013,27.174347707599836,132.6505455317002,165.684165039575,142.05723548023727
2022,6,12,7,75.80122145753799,176.73653053062267,191.73154522947817,184.48099794564672,152.40030837752568,440.4722161136808,480.45705218953464,445.2017258103656
2022,6,12,8,297.72101562753187,539.0528910885743,559.0222304733232,490.0999773814089,333.01676795027817,610.4958509798872,629.4927229169742,538.699547641325
2022,6,12,9,415.17955383790303,569.1229703330966,580.4842572815882,458.1830373854213,476.9025230266469,668.7559513945597,678.1182461675304,507.592891021114
2022,6,12,10,537.2818511766881,633.2927821094797,640.3463838095914,415.5380271683776,586.2045888024365,698.7107747918683,704.2910284047874,409.9109304665206
2022,6,12,11,649.0282893772295,702.8562465818059,708.07823983191,295.3930375358266,652.291548004754,707.5682432514391,712.484888807401,248.29856774266133
2022,6,12,12,653.7058464116611,689.2597915444769,695.5856656239976,189.69128159740023,668.1709873380975,708.5778887536524,714.1988720843545,137.93881305628096
2022,6,12,13,632.0848437870186,698.3790834216989,703.7096158307022,294.25271274248405,643.0346929636648,712.8788143794735,717.4218811465917,249.94727161855147
2022,6,12,14,606.6606793551472,751.1232795212832,758.2594212125872,419.25174872869206,577.9126450323222,715.9903612601156,722.1879124877108,370.7240985436385
2022,6,12,15,500.21673182295683,739.4284470183915,752.8447359731939,504.4826474594408,468.06913816011695,692.7020338386995,704.4852169613597,449.86086389377954
2022,6,12,16,343.2770101813929,625.1187633250728,653.7943198434444,493.0415822000744,322.46474177740686,627.2372069810268,653.1536856143094,464.6860136064051
2022,6,12,17,184.11511240385457,568.1229981449919,632.1998474417742,471.70263057998864,158.19827439495347,501.36344117709695,556.0806171563318,410.6468127119151
2022,6,12,18,65.1670237954899,357.18805446279345,535.2421494047561,263.84959695069085,53.109468163472805,254.3077261221939,373.35890417768303,187.40618313340752
2022,6,12,19,0.0,0.0,0.0,0.0,0.0,0.0,0.0,0.0
2022,6,12,20,0.0,0.0,0.0,0.0,0.0,0.0,0.0,0.0
2022,6,12,21,0.0,0.0,0.0,0.0,0.0,0.0,0.0,0.0
2022,6,12,22,0.0,0.0,0.0,0.0,0.0,0.0,0.0,0.0
2022,6,12,23,0.0,0.0,0.0,0.0,0.0,0.0,0.0,0.0
2022,6,13,0,0.0,0.0,0.0,0.0,0.0,0.0,0.0,0.0
2022,6,13,1,0.0,0.0,0.0,0.0,0.0,0.0,0.0,0.0
2022,6,13,2,0.0,0.0,0.0,0.0,0.0,0.0,0.0,0.0
2022,6,13,3,0.0,0.0,0.0,0.0,0.0,0.0,0.0,0.0
2022,6,13,4,0.0,0.0,0.0,0.0,0.0,0.0,0.0,0.0
2022,6,13,5,-0.0,-0.0,-0.0,-0.0,-0.0,-0.0,-0.0,-0.0
2022,6,13,6,5.611600902442302,9.733100698669652,9.937592606465762,10.691079566233286,27.099297152641984,132.90647329290604,166.12937861236333,142.30722172833134
2022,6,13,7,79.47873749051739,142.37012506983686,150.3281405774443,150.87427838253268,150.78018909831252,439.77963639678796,479.7518676384393,444.3094962928002
2022,6,13,8,255.6775002861586,446.29299122671114,463.7167640128997,410.2220278552377,330.68450439587326,606.5829508432399,625.4587143686812,535.5907151380013
2022,6,13,9,446.8960236466844,626.242357695884,636.5650553688739,495.56706540330873,479.38180203184055,676.7413093996765,685.3838131008619,510.4347467767613
2022,6,13,10,570.6233662044466,680.3648522474415,686.4793769237289,426.50581365862644,586.1386482671413,698.661268090056,703.8237956244084,407.97429779514647
2022,6,13,11,650.2043430075706,704.6140470413598,709.7029257060268,284.6431766388969,650.6478723202559,708.2522514497878,712.810595190085,246.96157421463147
2022,6,13,12,659.6649787641853,694.6163165589558,701.1934144010966,177.5776174460785,674.8525444329746,715.7612440386829,721.4826985252815,133.45672417430075
2022,6,13,13,666.7071986452163,737.2665654276859,742.656336326397,301.0641644790133,650.2683706772787,721.8516309630648,726.3948780721789,247.3046235139052
2022,6,13,14,596.2536714481101,735.3196437166097,743.4182561653266,417.4018441794921,582.3880813124962,721.1489859506885,727.1216796015336,369.96481649854576
2022,6,13,15,497.3757900782292,725.4983432228397,740.6517012899558,498.86823330243635,472.11703800330827,700.0304649207902,712.113186475909,451.22351905243795
2022,6,13,16,345.3076082573401,644.2551331740955,674.0992373042874,498.857030978786,324.4207302079903,635.1401460504919,661.4096381293241,466.8925891233314
2022,6,13,17,191.4945786043429,580.9377259492547,645.3271260546511,483.69350861589544,156.8455014816047,512.7251050349632,569.4986768161094,417.24731722941976
2022,6,13,18,66.39748481806406,363.1433061236427,541.075267414512,269.34451805690315,50.956760962154654,261.6076933007845,389.40544651726003,193.25820541092256
2022,6,13,19,0.0,0.0,0.0,0.0,0.0,0.0,0.0,0.0
2022,6,13,20,0.0,0.0,0.0,0.0,0.0,0.0,0.0,0.0
2022,6,13,21,0.0,0.0,0.0,0.0,0.0,0.0,0.0,0.0
2022,6,13,22,0.0,0.0,0.0,0.0,0.0,0.0,0.0,0.0
2022,6,13,23,0.0,0.0,0.0,0.0,0.0,0.0,0.0,0.0
2022,6,14,0,0.0,0.0,0.0,0.0,0.0,0.0,0.0,0.0
2022,6,14,1,0.0,0.0,0.0,0.0,0.0,0.0,0.0,0.0
2022,6,14,2,0.0,0.0,0.0,0.0,0.0,0.0,0.0,0.0
2022,6,14,3,0.0,0.0,0.0,0.0,0.0,0.0,0.0,0.0
2022,6,14,4,0.0,0.0,0.0,0.0,0.0,0.0,0.0,0.0
2022,6,14,5,-0.0,-0.0,-0.0,-0.0,-0.0,-0.0,-0.0,-0.0
2022,6,14,6,8.004634396778519,10.434122971175277,9.73391253513907,11.626200785778726,29.304219102416162,69.34109560973833,78.84007387929415,75.6083621905467
2022,6,14,7,73.59393262435911,103.1086749577391,104.38431069254221,110.16690188450634,146.02046266539267,347.9888131108297,374.8337816656562,354.58321895906295
2022,6,14,8,181.62406130207492,244.76715456133022,254.8741608701559,241.60589256721784,314.20807248019736,545.7834497406442,563.9624153701847,489.0008908157177
2022,6,14,9,280.9399703842359,366.6195755189422,376.49426713779695,307.3016188021591,461.2806333651819,638.2052321228964,648.7245318757914,492.5062256371849
2022,6,14,10,327.518290444121,385.2263931283766,390.75138555953396,264.67714079523387,573.5818029562179,682.102709278874,688.1091297846608,408.909315331092
2022,6,14,11,488.0606179634594,528.6392226874304,532.5301732057857,280.1476032526226,487.3511395194247,528.9018113317671,532.7786302054978,268.14799203295524
2022,6,14,12,559.3745601022047,591.9768209674621,596.9072447636177,229.31836112576684,648.6864667025786,686.5927801446064,692.650968126593,154.58256239635367
2022,6,14,13,535.7706659304158,589.791705544632,594.6578891956019,295.64238653461774,632.1384751255977,699.9210973533463,704.9598013237124,262.75517086470137
2022,6,14,14,549.1386670828193,662.8125062876123,673.1056642665599,408.15587477937515,501.7010167853173,581.8014055117978,593.590863202818,378.960953106937
2022,6,14,15,462.04932950440246,624.7645009590333,644.1077030812294,464.4382934434006,470.27556587209557,686.7910109796676,699.8642475033308,450.84040144174674
2022,6,14,16,305.10715813361776,481.0915092702949,502.206843046577,399.11709557467356,327.0318276937984,635.4869068113732,661.6489181281773,469.06943015464793
2022,6,14,17,211.89346841806704,548.3176450304459,604.4867793429999,469.19135335624134,166.7528067191343,392.7082631848584,426.03792607386947,332.4124568019838
2022,6,14,18,67.19344225225161,367.3780138166462,517.9472618496642,262.8557972425155,47.262401586197306,274.346630830663,417.27058885651775,202.97756844375974
2022,6,14,19,0.0,0.0,0.0,0.0,0.0,0.0,0.0,0.0
2022,6,14,20,0.0,0.0,0.0,0.0,0.0,0.0,0.0,0.0
2022,6,14,21,0.0,0.0,0.0,0.0,0.0,0.0,0.0,0.0
2022,6,14,22,0.0,0.0,0.0,0.0,0.0,0.0,0.0,0.0
2022,6,14,23,0.0,0.0,0.0,0.0,0.0,0.0,0.0,0.0
2022,6,15,0,0.0,0.0,0.0,0.0,0.0,0.0,0.0,0.0
2022,6,15,1,0.0,0.0,0.0,0.0,0.0,0.0,0.0,0.0
2022,6,15,2,0.0,0.0,0.0,0.0,0.0,0.0,0.0,0.0
2022,6,15,3,0.0,0.0,0.0,0.0,0.0,0.0,0.0,0.0
2022,6,15,4,0.0,0.0,0.0,0.0,0.0,0.0,0.0,0.0
2022,6,15,5,-0.0,-0.0,-0.0,-0.0,-0.0,-0.0,-0.0,-0.0
2022,6,15,6,5.0718477277419,8.333991532173245,8.316856254555892,9.235804318704844,27.30042233625025,114.46133641055735,141.45397121426768,124.0261219997953
2022,6,15,7,47.41938461350811,80.028270057495,83.90019883566785,85.6148926770223,147.38166627263107,403.5916314500141,440.0573635077989,410.5653574451342
2022,6,15,8,236.5282346912396,409.6155038184274,426.28400979571813,378.83749457603557,320.0121634019942,573.2524619496985,592.1660062755601,511.4558327938681
2022,6,15,9,419.41681787398835,586.8366151781585,597.4184391192161,467.57092681577194,465.32236982404856,649.854664356302,659.2350246352365,497.6837718862965
2022,6,15,10,590.5539188885879,700.9663716670581,707.8604494941003,450.2315685817211,572.6099046239366,681.5482844432804,687.0374506639807,406.7716246641867
2022,6,15,11,399.30759565724566,432.67429781403405,435.8456677811954,226.18701236666098,638.3332619889615,692.8006329527133,697.3928202061868,252.47904793844958
2022,6,15,12,607.5459348168595,638.9731375814952,645.028277031585,199.72511681136555,660.5141280935753,696.8156054680967,703.0169519058653,139.22974368570183
2022,6,15,13,464.78676189700184,510.9673700148473,515.3697549499886,265.22902983346154,385.0831724476332,420.4737826716946,424.1064817000129,268.8020967397549
2022,6,15,14,506.78140718998736,613.4618117119358,623.0220987292493,375.6442336347451,572.3634196659023,703.8374420817443,710.8630947875171,375.11748649975897
2022,6,15,15,452.43065322387923,622.4628981309731,639.9043523761719,451.713674282516,469.5308932015794,685.8221592071936,698.459416394876,451.1796458005015
2022,6,15,16,314.2882322005334,553.0546850753324,577.8301304124091,436.0927536982021,326.358453573432,625.1191471977443,650.7335259070155,466.0230426213223
2022,6,15,17,156.7859032279325,388.7061899963721,428.19535119649765,334.3680061769567,160.4558027894955,505.6068584889174,560.0973098753723,414.97601228077
2022,6,15,18,65.49562478516498,310.3587184642336,447.51741189376827,232.1020091458409,52.47200906344321,264.6507811387069,389.0781663493005,196.71490233858609
2022,6,15,19,0.0,0.0,0.0,0.0,0.0,0.0,0.0,0.0
2022,6,15,20,0.0,0.0,0.0,0.0,0.0,0.0,0.0,0.0
2022,6,15,21,0.0,0.0,0.0,0.0,0.0,0.0,0.0,0.0
2022,6,15,22,0.0,0.0,0.0,0.0,0.0,0.0,0.0,0.0
2022,6,15,23,0.0,0.0,0.0,0.0,0.0,0.0,0.0,0.0
2022,6,16,0,0.0,0.0,0.0,0.0,0.0,0.0,0.0,0.0
2022,6,16,1,0.0,0.0,0.0,0.0,0.0,0.0,0.0,0.0
2022,6,16,2,0.0,0.0,0.0,0.0,0.0,0.0,0.0,0.0
2022,6,16,3,0.0,0.0,0.0,0.0,0.0,0.0,0.0,0.0
2022,6,16,4,0.0,0.0,0.0,0.0,0.0,0.0,0.0,0.0
2022,6,16,5,-0.0,-0.0,-0.0,-0.0,-0.0,-0.0,-0.0,-0.0
2022,6,16,6,6.1788590972448665,8.888372949558583,8.540646142031852,9.901456157041784,27.365672741840335,116.04393997932698,143.59720914289733,125.62724784782982
2022,6,16,7,92.52089013712559,203.35062920284486,219.9938500619364,213.73925420027913,149.7417230178315,415.63624647522244,452.5458834741796,422.2598024546857
2022,6,16,8,241.4576641541237,387.2953283818939,401.83309724768225,363.2803830198555,325.88969238838416,582.9218203381593,600.8852255638932,520.6915919279222
2022,6,16,9,424.0836567615741,574.0352611281314,585.7777561078565,469.8933118900942,469.41296052446876,652.4664762265992,660.3232119298993,501.87906901580897
2022,6,16,10,520.7557657097817,612.1903341625292,618.6894122268923,409.40302703052197,560.1662163441313,659.3760404107165,663.6023525076756,401.54920841962996
2022,6,16,11,613.2753783007443,661.9002990407748,666.3240258238345,308.7792107304984,612.5617732830042,662.1185164449222,665.7449771197925,245.7860268076252
2022,6,16,12,667.7715765279391,703.6477029526151,709.2111575261468,201.0730323155709,639.1425559880586,672.4439342634222,678.0052552418937,135.83700191818676
2022,6,16,13,478.44850645100087,525.8010382779679,530.2200864548489,250.58172909180593,628.7251298482794,693.59330861964,697.9244476059521,249.46540771413044
2022,6,16,14,591.5384454812785,724.2079897804725,732.3579527867611,420.5483823753089,568.2472754867947,698.3779649102112,704.5470529690235,371.42324015593573
2022,6,16,15,486.6451497598725,699.6512942383306,714.5818993194296,490.13504445933694,466.0527173756802,682.5149428431606,694.0198566845445,450.2853129343683
2022,6,16,16,347.02384595584397,646.85675903059,675.7816931839208,505.12868582925347,323.2506938010816,623.638271989826,648.544218259271,466.4690263377009
2022,6,16,17,183.49903766827228,534.6694971772159,591.7883339070106,448.78471064960587,156.91762847821812,506.1080118058522,560.8436428002183,416.08089721686594
2022,6,16,18,67.46245248098164,337.58632206156165,489.38530400314835,252.57291376818864,50.39626391756721,263.802328191555,389.7211281619201,196.81776131607648
2022,6,16,19,0.0,0.0,0.0,0.0,0.0,0.0,0.0,0.0
2022,6,16,20,0.0,0.0,0.0,0.0,0.0,0.0,0.0,0.0
2022,6,16,21,0.0,0.0,0.0,0.0,0.0,0.0,0.0,0.0
2022,6,16,22,0.0,0.0,0.0,0.0,0.0,0.0,0.0,0.0
2022,6,16,23,0.0,0.0,0.0,0.0,0.0,0.0,0.0,0.0
2022,6,17,0,0.0,0.0,0.0,0.0,0.0,0.0,0.0,0.0
2022,6,17,1,0.0,0.0,0.0,0.0,0.0,0.0,0.0,0.0
2022,6,17,2,0.0,0.0,0.0,0.0,0.0,0.0,0.0,0.0
2022,6,17,3,0.0,0.0,0.0,0.0,0.0,0.0,0.0,0.0
2022,6,17,4,0.0,0.0,0.0,0.0,0.0,0.0,0.0,0.0
2022,6,17,5,-0.0,-0.0,-0.0,-0.0,-0.0,-0.0,-0.0,-0.0
2022,6,17,6,2.2917896952894443,3.7332506956115004,3.435071074124013,4.351980203708481,25.228619422455953,144.2067274519515,182.91571810664894,153.08602305479073
2022,6,17,7,102.85777520502668,300.0177246701935,330.31081218617066,309.463703396795,146.8906853020672,427.33475632014375,465.5374439665806,432.51644909786415
2022,6,17,8,296.7813402678969,542.799401986048,561.989434030029,493.55638259506554,319.9236562582465,580.1192510598589,597.4472148540696,516.579436467639
2022,6,17,9,364.028979850581,499.0510484770018,508.2495735824823,405.27635831535514,460.54373407214075,642.996838593384,650.315916472186,492.8408595091385
2022,6,17,10,420.89191665948886,494.1252118850314,499.7439192899435,336.36892781081394,560.6876450798121,664.3002047416458,668.5176721802516,397.71123489291006
2022,6,17,11,301.6944360243839,325.57048066314945,328.20213932391744,188.41712764388987,388.23724464870486,421.01589457464564,423.8757535308896,241.68299047706506
2022,6,17,12,609.421655584836,641.1800009675345,647.0666167561351,207.02231319055548,653.8105205030381,692.2732185814108,697.4185531596979,127.58086953808146
2022,6,17,13,653.638936621744,723.0063082686648,727.5721412330016,285.9788826983099,636.5574414546999,704.9085156532199,708.974402059773,239.2705791468573
2022,6,17,14,587.900054352534,725.3722732991628,731.7557587806282,403.5588061392787,573.3643893492024,708.5676558510787,713.749608341787,362.53621446269017
2022,6,17,15,492.1033037598849,735.570989006492,746.6868888670831,489.2686814460365,470.8002027845884,702.7637502727856,712.0816815892719,446.90124344993274
2022,6,17,16,350.7594386582955,720.0329771478575,751.8772502600052,537.0321209304917,323.3722313746328,665.9430137464783,692.8749235510098,482.3824239310548
2022,6,17,17,159.59454385998777,621.8727765793155,698.4716086243532,503.3223724610016,145.56366913229695,561.6048032591298,627.5833763227579,450.8156737629012
2022,6,17,18,45.66217189088738,344.81942499333684,552.7424107663667,263.0584951064868,36.20468789104401,300.05167592455683,471.3757762914396,222.19485717945554
2022,6,17,19,0.0,0.0,0.0,0.0,0.0,0.0,0.0,0.0
2022,6,17,20,0.0,0.0,0.0,0.0,0.0,0.0,0.0,0.0
2022,6,17,21,0.0,0.0,0.0,0.0,0.0,0.0,0.0,0.0
2022,6,17,22,0.0,0.0,0.0,0.0,0.0,0.0,0.0,0.0
2022,6,17,23,0.0,0.0,0.0,0.0,0.0,0.0,0.0,0.0
2022,6,18,0,0.0,0.0,0.0,0.0,0.0,0.0,0.0,0.0
2022,6,18,1,0.0,0.0,0.0,0.0,0.0,0.0,0.0,0.0
2022,6,18,2,0.0,0.0,0.0,0.0,0.0,0.0,0.0,0.0
2022,6,18,3,0.0,0.0,0.0,0.0,0.0,0.0,0.0,0.0
2022,6,18,4,0.0,0.0,0.0,0.0,0.0,0.0,0.0,0.0
2022,6,18,5,-0.0,-0.0,-0.0,-0.0,-0.0,-0.0,-0.0,-0.0
2022,6,18,6,0.34519273565972747,0.7007760662757174,0.2182260136498898,1.0562752092477485,11.181154532598134,9.267044964937524,6.148448352776711,9.871281573329792
2022,6,18,7,41.92391167061143,39.12272553731948,35.822108064480055,43.14146410874021,88.13472015495432,90.59912827119568,85.04102363417392,95.30483749678886
2022,6,18,8,104.69883932696162,103.86332252049937,106.21890367689585,110.59250333680694,72.10667696571112,64.13695193844892,64.93883824599739,67.621908775405
2022,6,18,9,224.76429185003266,248.18558187281903,258.7975767684253,234.7333570606185,182.84428577680814,181.8948007796461,190.7243684668889,174.9620171189852
2022,6,18,10,295.9097309439723,322.47231071091,329.33363871910177,273.14459819467197,341.0690988389573,382.6492974657131,389.5617234941012,286.155394026164
2022,6,18,11,413.1664116561437,446.27065702546935,449.4100402304856,287.7726563010614,638.1505418435073,695.8115161661439,699.4437576710772,237.11516131884423
2022,6,18,12,610.5293738793075,641.3501372663957,647.0027802262318,160.20158105725102,663.11179135196,706.5817257867166,710.8038410717362,123.93733315903623
2022,6,18,13,656.2727123499017,727.2866276543699,731.2646823206418,274.6476275264099,643.7923082758874,714.3232179087589,717.9609663411229,234.249021261494
2022,6,18,14,593.7897947451104,735.2169767984763,740.1815027637908,395.07603898588,581.0125914112838,718.1398659825793,722.337644590691,359.14302540781745
2022,6,18,15,490.4471282638928,735.565914629256,744.5691511553755,483.0424810575437,476.5269424946007,717.1190082561086,725.2739661216239,450.2296099887915
2022,6,18,16,342.0951050440127,717.2572817968284,747.1857555750106,530.613760648524,327.6539177417049,680.754044691522,706.6706274632211,491.69417015509197
2022,6,18,17,150.7126431825796,632.7712877078742,711.3634322768266,509.7703132166032,141.03256707562085,590.4038283443306,660.2779317028976,471.65536681999646
2022,6,18,18,41.457779465865684,354.4855531276665,566.2634813285357,270.45031867552785,29.959447563536106,325.05581057231774,520.7774422777959,242.18574822881064
2022,6,18,19,0.0,0.0,0.0,0.0,0.0,0.0,0.0,0.0
2022,6,18,20,0.0,0.0,0.0,0.0,0.0,0.0,0.0,0.0
2022,6,18,21,0.0,0.0,0.0,0.0,0.0,0.0,0.0,0.0
2022,6,18,22,0.0,0.0,0.0,0.0,0.0,0.0,0.0,0.0
2022,6,18,23,0.0,0.0,0.0,0.0,0.0,0.0,0.0,0.0
2022,6,19,0,0.0,0.0,0.0,0.0,0.0,0.0,0.0,0.0
2022,6,19,1,0.0,0.0,0.0,0.0,0.0,0.0,0.0,0.0
2022,6,19,2,0.0,0.0,0.0,0.0,0.0,0.0,0.0,0.0
2022,6,19,3,0.0,0.0,0.0,0.0,0.0,0.0,0.0,0.0
2022,6,19,4,0.0,0.0,0.0,0.0,0.0,0.0,0.0,0.0
2022,6,19,5,-0.0,-0.0,-0.0,-0.0,-0.0,-0.0,-0.0,-0.0
2022,6,19,6,3.2919534420723844,55.68496893503898,74.93028285369223,60.3393865671808,17.339065461715325,244.40462132613496,323.8754406048724,258.4590128305546
2022,6,19,7,111.767062203452,368.42156460981283,407.10735277013856,377.10433651352287,153.80209890469786,521.8790201440393,571.8790856966344,523.823028971305
2022,6,19,8,302.2336252734511,570.2126719121725,588.9520399318478,512.343535205702,341.64475895625645,644.0192591544856,661.3931560259246,564.7139919901225
2022,6,19,9,465.6386377071978,659.7225716064238,666.4867195954358,511.84814412769776,482.1245494677861,677.3025981386791,683.021805032675,510.43960106016664
2022,6,19,10,567.2475978932027,676.5923771590227,680.5488769681665,417.70449546878507,574.6171294835952,682.41333822929,685.834321905352,400.4512582076006
2022,6,19,11,622.084488205003,676.5631977382982,680.1867991117741,265.2371463699504,636.4427999327382,693.1675667079095,696.6872241569835,237.78307012122025
2022,6,19,12,656.3556713339982,697.9227116185712,702.146863074767,159.8281546835674,657.4656895062947,700.4856421885478,704.5937471468917,124.76427936019896
2022,6,19,13,653.787828486615,725.1874166087263,729.1383301104778,268.8417120309309,641.0513052179784,711.0637671371205,714.6975347018933,234.2657019066697
2022,6,19,14,593.2011045411423,735.0633586403914,739.8085808581284,392.6201599794242,580.1457096277184,716.7058757545384,720.9189612201213,358.5746145766205
2022,6,19,15,488.2893510943433,731.644134761998,740.6294873451302,480.2085961529751,475.3959956892395,712.4089875552837,721.1848268558425,448.63921746632946
2022,6,19,16,338.4104981585472,702.8713877781561,732.1773731264865,522.8491072961729,326.6474806399444,675.8722971430564,702.5163677526118,488.01391211995696
2022,6,19,17,152.7996734465754,617.3849398738462,693.5332976431614,498.88732319857706,145.56842698769125,576.3260687248463,643.7067574284329,462.3285344899987
2022,6,19,18,44.52580475001239,337.7189192633192,535.959434907006,258.3256971835249,37.92075159843685,305.9702598337133,481.6013533595847,231.1643919331156
2022,6,19,19,0.0,0.0,0.0,0.0,0.0,0.0,0.0,0.0
2022,6,19,20,0.0,0.0,0.0,0.0,0.0,0.0,0.0,0.0
2022,6,19,21,0.0,0.0,0.0,0.0,0.0,0.0,0.0,0.0
2022,6,19,22,0.0,0.0,0.0,0.0,0.0,0.0,0.0,0.0
2022,6,19,23,0.0,0.0,0.0,0.0,0.0,0.0,0.0,0.0
2022,6,20,0,0.0,0.0,0.0,0.0,0.0,0.0,0.0,0.0
2022,6,20,1,0.0,0.0,0.0,0.0,0.0,0.0,0.0,0.0
2022,6,20,2,0.0,0.0,0.0,0.0,0.0,0.0,0.0,0.0
2022,6,20,3,0.0,0.0,0.0,0.0,0.0,0.0,0.0,0.0
2022,6,20,4,0.0,0.0,0.0,0.0,0.0,0.0,0.0,0.0
2022,6,20,5,-0.0,-0.0,-0.0,-0.0,-0.0,-0.0,-0.0,-0.0
2022,6,20,6,4.107281326352831,34.77732040965015,45.625962778156385,37.56860315399409,20.325929890665755,191.530291678696,251.1702296270617,203.8671439803918
2022,6,20,7,103.68660894539032,330.7335640663826,365.9281715383488,340.5173658773827,148.61166503619748,475.5349198151328,521.2552581446945,480.55730142044644
2022,6,20,8,280.6547158106645,530.276238977301,548.6809450434623,477.68823876857715,325.8463840334249,605.7101689884339,623.3696996972519,535.5401698700325
2022,6,20,9,425.2137917381935,598.3938321465347,605.9804327395852,472.8905100768304,464.46146979638047,651.6304739776192,658.3850296704088,496.8202966399087
2022,6,20,10,537.1524002615397,639.6477763768193,644.2462837713423,405.1157254573478,563.4247995644608,670.1552271102979,674.1131557563347,398.2583095918362
2022,6,20,11,619.0659931536563,671.584559987615,675.66455660274,280.860118126916,622.6576893850141,679.2182828674357,682.7346643007006,239.1049358467332
2022,6,20,12,670.1721461361982,708.9113371145443,714.1673090740218,173.57884850248493,652.5896850220795,691.1193412044357,696.2108227844135,125.13563357757815
2022,6,20,13,654.5515451871169,723.7881407419886,728.1713597335154,277.2277168091723,636.0111918262555,704.1187995334388,708.131191229666,235.8752724994
2022,6,20,14,586.1663395975627,724.44139785097,729.7826119111494,395.955185180324,574.9694191896093,710.4042122899705,715.3788900656712,360.6036074708875
2022,6,20,15,485.5966306429579,724.0969051189508,734.266545358303,482.5702878696952,471.4113382344118,704.617837330334,714.3144252870018,446.1518057119661
2022,6,20,16,344.0917978031548,675.8176269561257,705.9726546420789,513.2951270340088,326.6294674676098,661.1897071121654,688.0015203583795,479.7603659494487
2022,6,20,17,162.6957507228721,585.6803966589263,655.9636545386542,476.7715617303308,151.1614210326265,553.3160325260003,616.9415554560546,444.23216579807723
2022,6,20,18,46.35916074431453,347.96829659777836,540.7235729051614,261.62893840342457,40.0264665094816,298.8722423181169,460.63460341541344,222.27460869196491
2022,6,20,19,0.0,0.0,0.0,0.0,0.0,0.0,0.0,0.0
2022,6,20,20,0.0,0.0,0.0,0.0,0.0,0.0,0.0,0.0
2022,6,20,21,0.0,0.0,0.0,0.0,0.0,0.0,0.0,0.0
2022,6,20,22,0.0,0.0,0.0,0.0,0.0,0.0,0.0,0.0
2022,6,20,23,0.0,0.0,0.0,0.0,0.0,0.0,0.0,0.0
2022,6,21,0,0.0,0.0,0.0,0.0,0.0,0.0,0.0,0.0
2022,6,21,1,0.0,0.0,0.0,0.0,0.0,0.0,0.0,0.0
2022,6,21,2,0.0,0.0,0.0,0.0,0.0,0.0,0.0,0.0
2022,6,21,3,0.0,0.0,0.0,0.0,0.0,0.0,0.0,0.0
2022,6,21,4,0.0,0.0,0.0,0.0,0.0,0.0,0.0,0.0
2022,6,21,5,-0.0,-0.0,-0.0,-0.0,-0.0,-0.0,-0.0,-0.0
2022,6,21,6,6.2032249063065645,18.47486121668595,22.00160371017685,20.375596321867143,20.588184998825486,182.59767038415157,239.35092076978057,195.10893205588678
2022,6,21,7,19.007225309895126,26.30069568178014,26.136550480113556,28.2733535485466,25.614726798350077,21.928095377138295,19.049701579028973,23.196608018407506
2022,6,21,8,26.205845536126326,23.358889460200125,23.7713517502224,25.788794471481513,6.224243572726557,4.947707354117977,5.014447857685692,5.381195819768022
2022,6,21,9,165.760220814449,180.07155825772548,187.83491023066495,172.14235156625375,224.70315068916597,249.3417409716453,259.5285609377168,224.58225769725507
2022,6,21,10,397.4226643974141,456.8944982559199,464.1493860664073,336.89550502441557,450.5445345568427,529.5414600721033,535.7265387729651,343.85752756651334
2022,6,21,11,504.66807751798393,545.1140196886854,549.2254512532312,276.73907406758826,539.1315189288359,585.9888585935751,590.138124000827,233.3812468854583
2022,6,21,12,583.5264179246143,613.7333693572114,619.521809615566,164.14586156403308,671.5648276613958,716.8064740536101,721.1166066218703,125.4524494437001
2022,6,21,13,666.2819041272629,738.8764859500575,743.0175328300193,277.61379466542866,652.5566234102909,724.9736030957158,728.7784364027112,234.90784973322317
2022,6,21,14,604.0470834392897,747.9010527395277,753.0114351581747,398.52876158340916,587.6500292360164,727.0251654712439,731.4679257282495,359.4004679027902
2022,6,21,15,497.8146496387112,753.060184561367,762.8487361812828,487.3551754553106,477.02128155591015,713.6449198200793,723.6811892039099,449.08209836185864
2022,6,21,16,347.0986172123315,720.7524237694084,751.4622560920641,527.7721438745401,330.93289777423036,668.1471505357168,695.3008293644621,483.51469483628074
2022,6,21,17,159.62392768866027,648.4686966069332,728.8685643485352,517.7338053030226,154.06910882979662,558.0066412241123,621.7989178537806,447.80798824292435
2022,6,21,18,42.978353515131914,333.0240966741955,516.6366024344852,250.37485064234377,40.977022502207575,300.0560772503636,460.109505874144,223.5209937716053
2022,6,21,19,0.0,0.0,0.0,0.0,0.0,0.0,0.0,0.0
2022,6,21,20,0.0,0.0,0.0,0.0,0.0,0.0,0.0,0.0
2022,6,21,21,0.0,0.0,0.0,0.0,0.0,0.0,0.0,0.0
2022,6,21,22,0.0,0.0,0.0,0.0,0.0,0.0,0.0,0.0
2022,6,21,23,0.0,0.0,0.0,0.0,0.0,0.0,0.0,0.0
2022,6,22,0,0.0,0.0,0.0,0.0,0.0,0.0,0.0,0.0
2022,6,22,1,0.0,0.0,0.0,0.0,0.0,0.0,0.0,0.0
2022,6,22,2,0.0,0.0,0.0,0.0,0.0,0.0,0.0,0.0
2022,6,22,3,0.0,0.0,0.0,0.0,0.0,0.0,0.0,0.0
2022,6,22,4,0.0,0.0,0.0,0.0,0.0,0.0,0.0,0.0
2022,6,22,5,-0.0,-0.0,-0.0,-0.0,-0.0,-0.0,-0.0,-0.0
2022,6,22,6,3.3003469697257692,45.652121089140245,61.48107303714607,50.41049676963686,19.949683746335538,175.92316347277682,230.49843464082824,188.1044512248424
2022,6,22,7,113.88167415755221,368.88913065267883,407.71539134334597,378.9573646739725,144.49097920280818,451.6888295835515,493.4316556732941,457.57297031797117
2022,6,22,8,208.74962992723835,341.37313187039666,354.10158210480284,319.8143900678659,315.8261072710644,576.5758035191233,592.4128365748603,513.8982024603087
2022,6,22,9,72.46131049879575,68.12790626295076,71.82023288113473,71.09486902170418,39.07845172412118,36.028930836648094,38.05433536692362,35.94955171570507
2022,6,22,10,414.320814257294,487.6387136637612,493.21468304016446,333.7638498272259,557.6124637822124,661.4094492279633,665.0799798209446,394.58937743267415
2022,6,22,11,386.0916829251731,416.9318225272779,420.30495087778195,206.19307339575545,623.5568229036594,680.0555338467599,683.5532560732493,239.993232443016
2022,6,22,12,455.931957002703,477.44911623125466,482.62614353890956,151.04422512006226,648.8410698265701,692.233993949678,696.2123994633968,126.88383834798034
2022,6,22,13,667.3354744458893,737.2940370127443,741.6865508200129,279.42428515787935,632.4530568329589,700.774523700508,704.4399993747477,234.34443341598256
2022,6,22,14,598.6405197123925,739.1155657685911,744.1804793545201,397.264473660687,575.2862743799425,710.0963045772477,714.7602705503476,358.699258493175
2022,6,22,15,494.0772997357101,742.1712338771397,751.8816573920477,486.5033871421247,471.55257341778747,700.7066914883561,709.3106246876996,445.6519792193027
2022,6,22,16,346.6207326411174,713.0299104764628,743.993817063299,527.0968077394141,325.74703174717604,663.2523794253058,689.2717776395963,482.25170284598374
2022,6,22,17,161.33937550619856,619.4637339593636,694.8151273227346,499.7370012229555,148.8226813539707,559.5257688433074,623.5446987067801,451.1658686398409
2022,6,22,18,38.13337175379917,284.0846789237138,437.7760177218443,213.33287131527237,37.09637698628283,304.1596529447886,468.1827246093545,226.61811456309525
2022,6,22,19,0.0,0.0,0.0,0.0,0.0,0.0,0.0,0.0
2022,6,22,20,0.0,0.0,0.0,0.0,0.0,0.0,0.0,0.0
2022,6,22,21,0.0,0.0,0.0,0.0,0.0,0.0,0.0,0.0
2022,6,22,22,0.0,0.0,0.0,0.0,0.0,0.0,0.0,0.0
2022,6,22,23,0.0,0.0,0.0,0.0,0.0,0.0,0.0,0.0
2022,6,23,0,0.0,0.0,0.0,0.0,0.0,0.0,0.0,0.0
2022,6,23,1,0.0,0.0,0.0,0.0,0.0,0.0,0.0,0.0
2022,6,23,2,0.0,0.0,0.0,0.0,0.0,0.0,0.0,0.0
2022,6,23,3,0.0,0.0,0.0,0.0,0.0,0.0,0.0,0.0
2022,6,23,4,0.0,0.0,0.0,0.0,0.0,0.0,0.0,0.0
2022,6,23,5,-0.0,-0.0,-0.0,-0.0,-0.0,-0.0,-0.0,-0.0
2022,6,23,6,2.912880252265226,49.345960727041096,67.04078084195181,53.90350353605592,18.54491430941154,202.41519944356315,268.743456099895,214.0685832726268
2022,6,23,7,113.57874990689821,391.05724201958037,433.1811626793336,399.6706199654118,149.60056817819753,499.22532472152756,547.6849744664081,502.7301179695076
2022,6,23,8,306.99054871467644,588.2032090092712,607.5033053391269,526.9103946024368,334.38231959012023,629.3296845148087,646.9183776508094,552.8600765606874
2022,6,23,9,461.6472182334868,657.2967715997935,664.5101908558343,510.6823460856549,477.3462653203829,671.5300028656983,677.4205762470027,505.7796763981146
2022,6,23,10,569.4657630664452,681.5729615648643,685.7301878789807,421.8269752995899,573.6627096424319,682.633378162716,686.0629802008243,399.27673234807236
2022,6,23,11,623.4448086926118,678.3298684930483,681.9463754731345,269.3845561211913,635.8482696447608,693.4362291930152,696.9475739937521,235.56445217717518
2022,6,23,12,583.8377111830031,616.3668062417088,621.2693648691509,148.74762883663402,661.7438200894676,705.2226949107271,709.3839620388405,119.58131846614084
2022,6,23,13,667.7769870794777,737.2264655015783,741.7425332845504,284.7486126419693,646.0532990844974,715.9210707667299,719.5730170659887,228.78939904841616
2022,6,23,14,593.813723098707,731.9669821190919,737.0497883266556,394.74427799924104,583.0877259894876,718.3256624435337,722.4411077519006,354.30608482340364
2022,6,23,15,493.5078899615191,741.9632221329898,751.7528196524805,483.884806807363,479.1247433404369,717.0052523478829,724.8715087741275,445.833373686733
2022,6,23,16,346.1324832333682,711.0010440558472,740.8965849951708,524.0764705510488,331.32554098225387,677.4495909820478,702.5135856152845,486.71531586625275
2022,6,23,17,160.60886621210065,624.5832905301635,700.4444740187652,503.3344024332946,148.34980749143497,581.2668197934739,647.9255819262269,463.7689587327216
2022,6,23,18,46.45216775905659,380.5323554087074,589.6937883195142,286.43424296176335,34.610514557938686,319.50141666137466,495.5023979027886,237.07672298242522
2022,6,23,19,0.0,0.0,0.0,0.0,0.0,0.0,0.0,0.0
2022,6,23,20,0.0,0.0,0.0,0.0,0.0,0.0,0.0,0.0
2022,6,23,21,0.0,0.0,0.0,0.0,0.0,0.0,0.0,0.0
2022,6,23,22,0.0,0.0,0.0,0.0,0.0,0.0,0.0,0.0
2022,6,23,23,0.0,0.0,0.0,0.0,0.0,0.0,0.0,0.0
2022,6,24,0,0.0,0.0,0.0,0.0,0.0,0.0,0.0,0.0
2022,6,24,1,0.0,0.0,0.0,0.0,0.0,0.0,0.0,0.0
2022,6,24,2,0.0,0.0,0.0,0.0,0.0,0.0,0.0,0.0
2022,6,24,3,0.0,0.0,0.0,0.0,0.0,0.0,0.0,0.0
2022,6,24,4,0.0,0.0,0.0,0.0,0.0,0.0,0.0,0.0
2022,6,24,5,-0.0,-0.0,-0.0,-0.0,-0.0,-0.0,-0.0,-0.0
2022,6,24,6,4.208377079343523,33.97231447029167,44.937689152820354,36.84978970899378,18.89712762559309,193.2042475067613,256.77052943487325,205.12305238369754
2022,6,24,7,103.70943477024286,338.22103459768965,375.2968789970548,348.68812747627084,147.37825440404004,487.2641042551097,534.8044031738184,491.60878017784995
2022,6,24,8,263.3623609633707,488.36939193461683,507.5029352034766,446.04465340011205,331.21414308860625,620.9088768639784,638.6752992975993,546.9185821014788
2022,6,24,9,411.151643182766,578.7995800223423,589.1436174546772,463.51425080962304,475.3195118982827,673.9964173436974,680.8909001474207,508.4288267910392
2022,6,24,10,531.9302282344983,638.9112046984893,644.0801944307576,402.69360938199264,575.8592614877946,686.8662884076789,690.694803906677,401.6146923267564
2022,6,24,11,642.3427530131944,698.7533990789401,703.0344865305603,278.1893483666365,639.3579877367196,698.6034020095748,702.2589075820532,239.48240375092098
2022,6,24,12,646.9234840129948,683.6331069192522,689.0128275034378,160.02878659918187,665.7537128893177,710.6791219145209,714.8827081273672,122.45450513429044
2022,6,24,13,597.0295905882531,657.805263176975,662.333259471048,260.2111794933653,649.2957914217516,719.838149616464,723.6345891011308,231.34495678182802
2022,6,24,14,575.0374665096447,712.7623192671864,718.389696921922,381.1627444877341,587.7783984696197,723.1058743304251,727.5278317661265,358.0164287681346
2022,6,24,15,499.89062690382997,753.8193335049889,763.7905825114461,486.7025330892154,484.161957972684,722.0603832396038,730.3258665727711,450.1850800254064
2022,6,24,16,350.1143023407246,725.0182079827514,756.3801235484418,529.7208484056003,308.82758212112975,487.2849899048711,504.9650171584575,387.193224375675
2022,6,24,17,160.76258787520283,631.0465049381373,707.9008830754242,506.9652072951785,149.48121882652873,589.1809296776562,656.5032566878542,470.46772943916255
2022,6,24,18,44.20622831978685,365.0983275865999,572.5049431037578,278.7305268670251,35.67379281041909,323.9782454559857,505.0742037094483,243.9405502432526
2022,6,24,19,0.0,0.0,0.0,0.0,0.0,0.0,0.0,0.0
2022,6,24,20,0.0,0.0,0.0,0.0,0.0,0.0,0.0,0.0
2022,6,24,21,0.0,0.0,0.0,0.0,0.0,0.0,0.0,0.0
2022,6,24,22,0.0,0.0,0.0,0.0,0.0,0.0,0.0,0.0
2022,6,24,23,0.0,0.0,0.0,0.0,0.0,0.0,0.0,0.0
2022,6,25,0,0.0,0.0,0.0,0.0,0.0,0.0,0.0,0.0
2022,6,25,1,0.0,0.0,0.0,0.0,0.0,0.0,0.0,0.0
2022,6,25,2,0.0,0.0,0.0,0.0,0.0,0.0,0.0,0.0
2022,6,25,3,0.0,0.0,0.0,0.0,0.0,0.0,0.0,0.0
2022,6,25,4,0.0,0.0,0.0,0.0,0.0,0.0,0.0,0.0
2022,6,25,5,-0.0,-0.0,-0.0,-0.0,-0.0,-0.0,-0.0,-0.0
2022,6,25,6,3.220545766491687,49.389317093561324,67.2638057649804,54.18424225739665,17.152702523942036,219.74872566805453,295.5179089929567,234.32178566738784
2022,6,25,7,113.06481983894892,384.7986049949699,425.5270288025793,393.9557359361994,150.39208621760568,505.6505523492157,555.4312601312175,510.5519738122993
2022,6,25,8,306.68990924389504,585.5777676439404,605.0052861865108,526.3513035253612,336.70918818273265,635.041217868877,653.3195137618824,560.301699369418
2022,6,25,9,454.5340875763123,648.4579554895637,657.3797696444341,509.01046477143115,481.26298492577735,684.4021448877216,691.31892845207,517.9041946699584
2022,6,25,10,572.4515089851445,686.4212340511552,690.7191433263448,424.87368580727974,582.2056534314318,695.1212985519072,698.9942297450596,409.4658013089153
2022,6,25,11,646.8273278173486,705.4506336058469,709.3681208191194,278.30855464970847,644.1699709619993,703.5977936840726,707.3158245156068,245.73649340724737
2022,6,25,12,653.19883882209,689.9067086865131,695.2838723147829,165.31656904929943,669.3316167484527,713.5656746105603,717.8578315678375,126.91199764853383
2022,6,25,13,498.83099079898193,547.5645711665636,551.816624935548,243.2956680533913,651.919135047205,722.0791911006471,725.9135448036733,235.48125443767356
2022,6,25,14,605.4097733057612,748.3701527748218,754.1181839751212,401.79340393599125,590.4301329383007,726.6034136676209,731.0528364303341,361.8729577005485
2022,6,25,15,497.0109823072628,747.0734737960144,756.9540351458784,484.58506870983166,486.46549897297035,726.5662092758897,734.8472062578497,454.04235730454224
2022,6,25,16,347.22032466955164,712.0140387460783,741.7256711944109,523.6903346218454,337.5342551196331,689.4263649340376,715.1184584436581,495.4407982357215
2022,6,25,17,158.78969927409682,623.2572361885777,698.8830886757374,501.3405291279298,150.57388262607563,597.1809494067545,666.1046547898078,475.3305479226156
2022,6,25,18,41.8489894751603,367.0757733432359,576.8987633008059,278.288539257087,35.4907594524121,330.0336707743631,514.7099356755037,247.84955387689223
2022,6,25,19,0.0,0.0,0.0,0.0,0.0,0.0,0.0,0.0
2022,6,25,20,0.0,0.0,0.0,0.0,0.0,0.0,0.0,0.0
2022,6,25,21,0.0,0.0,0.0,0.0,0.0,0.0,0.0,0.0
2022,6,25,22,0.0,0.0,0.0,0.0,0.0,0.0,0.0,0.0
2022,6,25,23,0.0,0.0,0.0,0.0,0.0,0.0,0.0,0.0
2022,6,26,0,0.0,0.0,0.0,0.0,0.0,0.0,0.0,0.0
2022,6,26,1,0.0,0.0,0.0,0.0,0.0,0.0,0.0,0.0
2022,6,26,2,0.0,0.0,0.0,0.0,0.0,0.0,0.0,0.0
2022,6,26,3,0.0,0.0,0.0,0.0,0.0,0.0,0.0,0.0
2022,6,26,4,0.0,0.0,0.0,0.0,0.0,0.0,0.0,0.0
2022,6,26,5,-0.0,-0.0,-0.0,-0.0,-0.0,-0.0,-0.0,-0.0
2022,6,26,6,2.2101691050438115,53.274200690079425,73.57828013132892,57.46890629111647,18.824444742963735,196.214651558446,262.415663948448,208.3275511299297
2022,6,26,7,114.3914869367497,404.6604875841986,448.45801315526825,413.2651530070693,148.09068935463057,488.6067989171125,536.1651981784116,494.468313855386
2022,6,26,8,307.3032020979193,587.0210649253918,606.1284077281484,527.7817081290451,332.45354500571136,621.6550133958511,639.3828475752489,550.7804951102203
2022,6,26,9,458.68617167375965,654.5224821035335,661.9195580683623,512.5242981062909,473.6516442508398,669.1221175227914,675.6399829113724,510.2284346416699
2022,6,26,10,570.7929697175814,682.9425835021884,687.170076663469,425.21090161129945,559.1473737158684,662.1114393577147,665.6808929412704,399.2119887638803
2022,6,26,11,632.3483477577837,688.6156157074629,692.3978605806215,273.13235853119056,611.4089279606999,664.531175174606,667.8647571446586,240.93115032902855
2022,6,26,12,638.2916763839166,673.2987558463018,678.5817312082966,157.74956012807516,644.195156760595,685.4456446131124,689.4914191502888,125.06977571099287
2022,6,26,13,633.3301143412274,696.7334627682612,700.9169562913057,267.5553596177909,630.9145182267948,697.491386401787,701.2287733366202,232.29059452900705
2022,6,26,14,587.9270959854418,723.3604808128374,728.885128724033,394.80372686446606,575.5086513283751,707.1387969151677,712.1222179834227,359.5816281509532
2022,6,26,15,485.4903064389757,718.4433296667715,729.4727221073761,481.5659432904395,470.98581949942917,694.9504961812582,704.8466448594587,444.9274899673158
2022,6,26,16,335.9837667088167,612.5482719523908,639.4207966781848,479.8393105420354,327.8563979835977,634.9133981145841,660.0808267912099,470.6272891904176
2022,6,26,17,184.9875478694613,552.3236234429623,611.1285785684157,465.078212574045,160.84864659924747,506.2931855348802,559.3054900886192,415.5641469227122
2022,6,26,18,61.41408878496135,291.4189235957571,404.628584250903,218.5997498190841,52.27006384040243,266.64238609589773,382.2431405903526,201.89555615480154
2022,6,26,19,0.0,0.0,0.0,0.0,0.0,0.0,0.0,0.0
2022,6,26,20,0.0,0.0,0.0,0.0,0.0,0.0,0.0,0.0
2022,6,26,21,0.0,0.0,0.0,0.0,0.0,0.0,0.0,0.0
2022,6,26,22,0.0,0.0,0.0,0.0,0.0,0.0,0.0,0.0
2022,6,26,23,0.0,0.0,0.0,0.0,0.0,0.0,0.0,0.0
2022,6,27,0,0.0,0.0,0.0,0.0,0.0,0.0,0.0,0.0
2022,6,27,1,0.0,0.0,0.0,0.0,0.0,0.0,0.0,0.0
2022,6,27,2,0.0,0.0,0.0,0.0,0.0,0.0,0.0,0.0
2022,6,27,3,0.0,0.0,0.0,0.0,0.0,0.0,0.0,0.0
2022,6,27,4,0.0,0.0,0.0,0.0,0.0,0.0,0.0,0.0
2022,6,27,5,-0.0,-0.0,-0.0,-0.0,-0.0,-0.0,-0.0,-0.0
2022,6,27,6,0.1913228549410641,0.018628724682784144,-0.0,0.35865926518889385,21.970369576348638,91.76903023060251,115.92809243061056,100.0952338803836
2022,6,27,7,21.08621169536554,19.251821418713057,17.283071484222116,21.37857357506264,131.1125289103364,208.44255740663445,214.65228115708902,216.40491532360426
2022,6,27,8,192.2554698911362,304.56126910438536,316.93731477811303,290.0601288445746,303.2671429458675,534.4129334064507,552.6909875064853,482.2442045079554
2022,6,27,9,372.99214151679314,490.8861452423413,503.1495513461991,412.18800031329636,448.41508305065963,625.0704896713119,635.3669038939296,487.32901676889657
2022,6,27,10,490.58032822028804,578.8061637419115,585.90434258475,394.5623166457943,489.9395523253267,575.8956409031928,583.0288659954264,376.41151879069946
2022,6,27,11,501.289634714776,543.6233035448812,547.5711934575886,287.7654908724501,546.7049787869465,593.0431151285832,597.4003778852341,267.5352902214361
2022,6,27,12,631.1738741638642,663.6692336990241,670.1400118796224,209.7918599873862,571.0299544585843,600.5926229211439,606.494174444342,162.72343564478658
2022,6,27,13,618.0241696590851,678.3822472266523,684.0672981582617,319.68261594404106,501.7953240868791,550.3240384778138,554.6209927313104,252.3088344232151
2022,6,27,14,463.0155874823691,532.7392712924499,543.6922725991733,373.97014439537355,440.83330145760794,518.3367335574954,526.929104486749,321.23998457430747
2022,6,27,15,341.9377823167638,422.6401079280843,439.70155118046114,342.64886491553125,358.18864836506987,470.48183167330194,485.1653985565998,343.52486387775554
2022,6,27,16,307.79334323302805,486.22824400507966,506.4700584848008,400.4341457136597,329.1301783146226,649.2575405725603,674.7738800877827,475.84718347200976
2022,6,27,17,180.94224871185372,412.5194667976372,449.45412441902516,358.3959684647884,155.83825575639042,534.0283957056246,591.9458336934655,431.1152244406172
2022,6,27,18,56.6125081745868,217.08700176365682,291.6317397083766,166.30275966751864,63.7574525235432,158.37401231119372,186.13511068243582,122.44413514695648
2022,6,27,19,0.0,0.0,0.0,0.0,0.0,0.0,0.0,0.0
2022,6,27,20,0.0,0.0,0.0,0.0,0.0,0.0,0.0,0.0
2022,6,27,21,0.0,0.0,0.0,0.0,0.0,0.0,0.0,0.0
2022,6,27,22,0.0,0.0,0.0,0.0,0.0,0.0,0.0,0.0
2022,6,27,23,0.0,0.0,0.0,0.0,0.0,0.0,0.0,0.0
2022,6,28,0,0.0,0.0,0.0,0.0,0.0,0.0,0.0,0.0
2022,6,28,1,0.0,0.0,0.0,0.0,0.0,0.0,0.0,0.0
2022,6,28,2,0.0,0.0,0.0,0.0,0.0,0.0,0.0,0.0
2022,6,28,3,0.0,0.0,0.0,0.0,0.0,0.0,0.0,0.0
2022,6,28,4,0.0,0.0,0.0,0.0,0.0,0.0,0.0,0.0
2022,6,28,5,-0.0,-0.0,-0.0,-0.0,-0.0,-0.0,-0.0,-0.0
2022,6,28,6,3.603321412428052,15.665609741188787,19.87844409357594,17.06689415889694,19.16928620017186,150.79655693708,200.91789658557752,163.42652508560744
2022,6,28,7,90.51103877889281,259.00164335839895,286.7575799804602,270.4945299052163,141.5471929655668,434.76172260090704,476.5567771134958,441.69568858789756
2022,6,28,8,265.81276988306007,477.7139527391584,496.38461288041196,439.6933645825536,319.08242972047776,598.6155935115303,618.3544822162194,532.2908185409811
2022,6,28,9,357.9639192043355,510.0470709542467,519.322473986413,408.1402124719396,468.7136479829933,670.0974920842375,678.6376907776648,509.92125350157187
2022,6,28,10,381.0753754372517,451.3263047209982,457.2153516402034,308.4402457011017,309.0355356303894,346.62701288421005,353.5727970378583,261.406653010288
2022,6,28,11,564.0335562657583,610.8099112320544,615.5083054533005,304.1397490327873,543.2153024145049,589.996316146356,594.4293537630642,256.8160370082692
2022,6,28,12,585.3807336329471,615.5099280269117,621.8677756675218,205.43743195568354,418.58180127563963,446.2868646989944,449.5375029164529,206.78566962691838
2022,6,28,13,226.1148952475436,245.53467532040304,247.65952667217692,179.903372503355,268.4616227396257,291.6928419060081,293.8510913058586,221.34253948458192
2022,6,28,14,221.50114476206255,241.100081476555,247.2919639104722,196.7102773400286,381.7325699851771,436.67774677159946,445.5311297815641,294.7614568248864
2022,6,28,15,206.44895141972032,234.42590713284443,244.71933976068982,204.02829368207892,93.56190742319576,86.65808028804769,91.66704692353268,86.71996098388124
2022,6,28,16,105.52530237943436,102.74422299386353,103.36402961840064,107.26694362380513,324.72596438950546,548.5117560810372,569.3607967649452,427.8387786506567
2022,6,28,17,91.56739691226741,144.3591846174507,148.92209779075657,134.065865767812,159.56224461835913,521.8271079417609,577.102662255358,425.4913644135965
2022,6,28,18,72.68946193138929,393.5834192033853,562.6904622651427,298.621193825806,58.98572808404544,127.04443310723563,144.03040039286876,100.99995741072219
2022,6,28,19,0.0,0.0,0.0,0.0,0.0,0.0,0.0,0.0
2022,6,28,20,0.0,0.0,0.0,0.0,0.0,0.0,0.0,0.0
2022,6,28,21,0.0,0.0,0.0,0.0,0.0,0.0,0.0,0.0
2022,6,28,22,0.0,0.0,0.0,0.0,0.0,0.0,0.0,0.0
2022,6,28,23,0.0,0.0,0.0,0.0,0.0,0.0,0.0,0.0
2022,6,29,0,0.0,0.0,0.0,0.0,0.0,0.0,0.0,0.0
2022,6,29,1,0.0,0.0,0.0,0.0,0.0,0.0,0.0,0.0
2022,6,29,2,0.0,0.0,0.0,0.0,0.0,0.0,0.0,0.0
2022,6,29,3,0.0,0.0,0.0,0.0,0.0,0.0,0.0,0.0
2022,6,29,4,0.0,0.0,0.0,0.0,0.0,0.0,0.0,0.0
2022,6,29,5,-0.0,-0.0,-0.0,-0.0,-0.0,-0.0,-0.0,-0.0
2022,6,29,6,3.970442845741371,5.898084485725302,5.695410006464247,6.686657535935704,9.232941297648418,7.560321912003643,4.770788372176138,8.076770256532086
2022,6,29,7,47.38395841912709,66.15631162710899,66.4219618985659,70.93545560646393,86.89083696955126,95.4599198937893,90.46304583426698,99.81777884733627
2022,6,29,8,140.50915336348825,168.35228232570685,173.74022135085733,170.97006004643794,142.79033805080002,145.58119436471296,148.16709070339937,147.59292664471695
2022,6,29,9,230.8422489979685,257.92065330916205,269.0909096893158,241.90461073757768,267.9360859917595,306.0462904617765,318.00640403726953,270.35240788158063
2022,6,29,10,382.7402313028038,440.98520094137723,448.5996944365819,326.5005591235894,504.54461032149516,594.4160386351358,601.6867470882028,386.61694168869406
2022,6,29,11,531.7066431146897,575.8531244906629,580.4843929295491,288.6007054000548,500.5090292987776,544.0433952515863,547.9914348239058,264.90899584947107
2022,6,29,12,597.3112782759407,627.5712871190899,634.0464241788319,207.19262223419443,565.8721468485353,595.803344469319,601.9775299050913,172.20806566602118
2022,6,29,13,669.8178478367707,736.3313511585857,741.7313430689206,291.57390574787553,640.339809190154,704.8989530730634,709.8074765227927,243.69317642172606
2022,6,29,14,618.1579914124613,757.7979873392579,764.923457661654,419.10486014616595,579.7085889329591,710.1205669734474,716.297814613479,366.6779506857982
2022,6,29,15,457.7390359277733,666.1542836682981,679.0500184197936,452.24025149475,476.6201836344267,696.9550308113204,707.6471355609578,448.9779277191931
2022,6,29,16,378.9012033146622,655.7312248117029,683.264267230345,517.0502722552014,273.0368671470608,410.16996131316506,425.53464422783367,334.48763808773026
2022,6,29,17,226.19715266345807,561.1848916921067,615.6047833684524,480.8006758504546,165.54304677476412,365.56902280772914,393.88027920258776,311.6402568159771
2022,6,29,18,70.17719745114276,377.91409082809247,498.74778379076645,272.16620745421034,11.504024595697544,9.548292936424986,5.9947526314424096,10.164990678909884
2022,6,29,19,0.0,0.0,0.0,0.0,0.0,0.0,0.0,0.0
2022,6,29,20,0.0,0.0,0.0,0.0,0.0,0.0,0.0,0.0
2022,6,29,21,0.0,0.0,0.0,0.0,0.0,0.0,0.0,0.0
2022,6,29,22,0.0,0.0,0.0,0.0,0.0,0.0,0.0,0.0
2022,6,29,23,0.0,0.0,0.0,0.0,0.0,0.0,0.0,0.0
2022,6,30,0,0.0,0.0,0.0,0.0,0.0,0.0,0.0,0.0
2022,6,30,1,0.0,0.0,0.0,0.0,0.0,0.0,0.0,0.0
2022,6,30,2,0.0,0.0,0.0,0.0,0.0,0.0,0.0,0.0
2022,6,30,3,0.0,0.0,0.0,0.0,0.0,0.0,0.0,0.0
2022,6,30,4,0.0,0.0,0.0,0.0,0.0,0.0,0.0,0.0
2022,6,30,5,-0.0,-0.0,-0.0,-0.0,-0.0,-0.0,-0.0,-0.0
2022,6,30,6,-0.0,-0.0,-0.0,-0.0,8.6062312373081,7.012235930134474,4.346460610469892,7.502447157166668
2022,6,30,7,5.636346521745255,4.606904596903554,3.776277021730752,5.40962049463691,23.485831721359087,20.060372314527278,17.265498912399725,21.21768415762327
2022,6,30,8,4.9550010460494285,3.889956509049623,3.9691536437219432,4.656864530318358,37.35562916961926,32.274476360567014,32.4034922582735,34.14164938679113
2022,6,30,9,18.701717519010668,17.196325441206934,18.33228076254816,18.104818989702757,7.657930747041581,6.764066110399306,7.336093641219274,6.740275371230566
2022,6,30,10,10.344277781168387,10.802742771243619,11.155867321961814,9.777837326072873,18.641420075682447,19.136708072356633,19.700640775042398,16.97703609696289
2022,6,30,11,10.787016081396246,12.095837320534388,12.143808169434434,10.471403212902578,31.864165010602633,35.12865008977202,35.23763306416621,29.381775804612367
2022,6,30,12,16.445867905236167,18.739914888412095,18.619160927522735,16.061342375344665,45.34691334937803,50.984154179076974,50.71155432828907,41.38773751300436
2022,6,30,13,43.3009413119914,47.05747277187732,47.337018305954274,42.18348801234733,75.3577667494811,81.9358269417018,82.3969113276425,68.67453305415546
2022,6,30,14,61.537823561831125,62.126671776644784,64.04338536307141,59.95513865588278,78.99685329216601,80.07045337559839,82.43645921132814,72.62556673610388
2022,6,30,15,44.01050785509656,39.79975533619195,42.31674602901206,42.77896200918132,132.29933728249637,125.89375876939933,132.93618380074662,122.84301125569822
2022,6,30,16,127.58987670104183,125.18948433402507,126.34906556805707,130.42280008494544,195.99648542993415,214.31323338203876,217.549120918294,201.10319838394233
2022,6,30,17,143.09429147966614,186.91464932804902,187.91593885214047,183.21725106020074,154.11320713389162,264.0921528512423,277.1536920805067,236.174146236399
2022,6,30,18,69.12978546956889,166.91120692446026,192.4170950768956,132.44696864159087,59.97534289214557,128.7318135411026,146.07962428478498,102.41859618764711
2022,6,30,19,0.0,0.0,0.0,0.0,0.0,0.0,0.0,0.0
2022,6,30,20,0.0,0.0,0.0,0.0,0.0,0.0,0.0,0.0
2022,6,30,21,0.0,0.0,0.0,0.0,0.0,0.0,0.0,0.0
2022,6,30,22,0.0,0.0,0.0,0.0,0.0,0.0,0.0,0.0
2022,6,30,23,0.0,0.0,0.0,0.0,0.0,0.0,0.0,0.0
2022,7,1,0,0.0,0.0,0.0,0.0,0.0,0.0,0.0,0.0
2022,7,1,1,0.0,0.0,0.0,0.0,0.0,0.0,0.0,0.0
2022,7,1,2,0.0,0.0,0.0,0.0,0.0,0.0,0.0,0.0
2022,7,1,3,0.0,0.0,0.0,0.0,0.0,0.0,0.0,0.0
2022,7,1,4,0.0,0.0,0.0,0.0,0.0,0.0,0.0,0.0
2022,7,1,5,-0.0,-0.0,-0.0,-0.0,-0.0,-0.0,-0.0,-0.0
2022,7,1,6,-0.0,-0.0,-0.0,-0.0,20.006425681208146,17.559446233195565,12.750621185744562,18.553008045804447
2022,7,1,7,15.069126704616052,13.373629226708086,11.784602323929045,14.979222812478119,108.94212219340027,376.14031593227133,416.05602711448404,382.8118398447613
2022,7,1,8,22.102725681300868,19.633806175894506,19.885193186867344,21.726748752864673,12.333532254379469,10.300790290198336,10.336050375645048,10.996701326702121
2022,7,1,9,103.35967612668163,98.63416881937253,104.02471996991413,101.93800315403485,75.46585662922561,70.46095589667145,74.33030400769199,70.06670652419598
2022,7,1,10,242.8870219995219,256.7312917291068,262.78050240228225,229.4322533827678,94.79580297641382,97.75644212667359,100.19577706860167,87.13419317608981
2022,7,1,11,230.5633733979825,250.94208435235856,252.02839112170946,207.8020734714034,521.3089210271938,566.0243784143822,570.5193616806209,245.14910837481924
2022,7,1,12,447.0881887638526,475.0113745187031,478.70751601327044,248.08447357282816,352.80182633004387,380.68750332007045,382.3129443645625,216.94899556919364
2022,7,1,13,215.78438869748362,233.73125923820703,235.2286407814383,196.7534037212048,43.32204938341518,47.23847465315817,47.501267144480195,39.85825669829909
2022,7,1,14,77.23467021593042,78.764239642655,81.08503333544726,74.22857223448415,156.27142820847257,160.9607357006242,165.51633056189476,141.0315735060319
2022,7,1,15,175.92762893204448,174.0617341347043,183.5559848329636,173.21174107296386,311.6447278808551,380.008989490954,395.1008290132386,296.88684247288535
2022,7,1,16,306.2344526867119,427.37164138254695,446.52697019444827,376.85542849875594,243.9982953063059,320.8282603993327,331.77459395964746,277.9579593255638
2022,7,1,17,173.25624862818665,327.91798303690837,351.7565952534903,297.3660610183847,168.31286481512157,405.28379192027705,440.8803504699886,342.71423991199566
2022,7,1,18,75.36330864851713,358.6832217886487,498.42578160637436,274.2358234669863,42.00339003979772,301.7986884105491,452.7804767285354,226.95572029949332
2022,7,1,19,0.0,0.0,0.0,0.0,0.0,0.0,0.0,0.0
2022,7,1,20,0.0,0.0,0.0,0.0,0.0,0.0,0.0,0.0
2022,7,1,21,0.0,0.0,0.0,0.0,0.0,0.0,0.0,0.0
2022,7,1,22,0.0,0.0,0.0,0.0,0.0,0.0,0.0,0.0
2022,7,1,23,0.0,0.0,0.0,0.0,0.0,0.0,0.0,0.0
2022,7,2,0,0.0,0.0,0.0,0.0,0.0,0.0,0.0,0.0
2022,7,2,1,0.0,0.0,0.0,0.0,0.0,0.0,0.0,0.0
2022,7,2,2,0.0,0.0,0.0,0.0,0.0,0.0,0.0,0.0
2022,7,2,3,0.0,0.0,0.0,0.0,0.0,0.0,0.0,0.0
2022,7,2,4,0.0,0.0,0.0,0.0,0.0,0.0,0.0,0.0
2022,7,2,5,-0.0,-0.0,-0.0,-0.0,-0.0,-0.0,-0.0,-0.0
2022,7,2,6,1.0022425825810466,29.641514459236415,41.72656068038215,33.24654279756332,21.366257270439878,115.3607237460038,152.15029963493282,123.79169485975606
2022,7,2,7,105.38548300527115,371.467159662124,413.420211113403,382.44649894017664,138.0028593829521,425.8637907692594,467.16651044710835,434.0895462647453
2022,7,2,8,301.64307092059295,583.6968604967332,603.9319236210879,526.0708659661366,317.6523902558598,597.2795216855832,617.0887638896303,532.7242409967415
2022,7,2,9,442.7683953353641,637.2961260862323,645.7910127949638,500.9806563172482,473.9483151611844,677.8599121284216,685.5706991170565,516.0601744039898
2022,7,2,10,439.2164806149729,529.5977506124883,534.9086170901213,339.4123595507776,583.479808144721,701.3669572780957,706.1399420613363,415.7549412962517
2022,7,2,11,653.6262712236808,709.2839567673237,714.7019789821602,311.7065869230808,283.56678152558635,309.221225521915,310.5832801653883,238.012277755242
2022,7,2,12,665.1409934362713,700.4029349234187,706.5426177599882,168.70235696437157,671.5486471876843,714.043659107841,719.0207860044944,124.91182561389964
2022,7,2,13,494.83374702698364,541.4932828877182,546.1296273335414,241.79615963189084,360.87160191401233,393.4665688442785,396.7980825791492,226.57012149811442
2022,7,2,14,354.1153303178441,419.01157283989176,425.93728616636224,267.0347156901734,141.8665652420797,145.681773655022,149.83002494236993,128.61469431691293
2022,7,2,15,336.95490845095156,494.178763918153,504.4297998720635,335.6024864489719,484.670597839667,718.6753132211142,726.8271335540998,447.70460549851373
2022,7,2,16,343.66871660151827,699.4247204419266,728.271281311563,515.4163662743074,336.7435352531456,684.9044704631611,710.3806691946718,489.80943710159386
2022,7,2,17,101.35326998814656,256.6808221242281,282.35600499934776,217.7874875896071,92.94619794323233,98.43233196978241,91.73352540671053,98.0906708995787
2022,7,2,18,62.337696901367586,406.35037052428555,610.1044533701426,310.91845084758313,36.67023405890138,320.9427939032453,494.7109077474603,241.63097859638737
2022,7,2,19,0.0,0.0,0.0,0.0,0.0,0.0,0.0,0.0
2022,7,2,20,0.0,0.0,0.0,0.0,0.0,0.0,0.0,0.0
2022,7,2,21,0.0,0.0,0.0,0.0,0.0,0.0,0.0,0.0
2022,7,2,22,0.0,0.0,0.0,0.0,0.0,0.0,0.0,0.0
2022,7,2,23,0.0,0.0,0.0,0.0,0.0,0.0,0.0,0.0
2022,7,3,0,0.0,0.0,0.0,0.0,0.0,0.0,0.0,0.0
2022,7,3,1,0.0,0.0,0.0,0.0,0.0,0.0,0.0,0.0
2022,7,3,2,0.0,0.0,0.0,0.0,0.0,0.0,0.0,0.0
2022,7,3,3,0.0,0.0,0.0,0.0,0.0,0.0,0.0,0.0
2022,7,3,4,0.0,0.0,0.0,0.0,0.0,0.0,0.0,0.0
2022,7,3,5,-0.0,-0.0,-0.0,-0.0,-0.0,-0.0,-0.0,-0.0
2022,7,3,6,1.4293397404090062,46.66335850793527,66.57785851011897,50.59941075201636,16.02074477573795,177.85650161078482,245.43943956718385,189.41768110222372
2022,7,3,7,94.963853382709,333.6778666533763,371.49586595877264,344.2870879077003,143.10699380292277,492.5410553086687,542.2104637814042,500.10161345861036
2022,7,3,8,143.17018754406965,259.69857804081977,271.3031813458444,241.75296646229424,331.2985113032846,632.4476843501905,650.8994175355107,560.2380525165557
2022,7,3,9,445.6300658602418,636.2657840243279,645.5517907985167,506.13239365752463,481.35756312007015,683.6419213510126,689.7887441721208,519.9749787721215
2022,7,3,10,447.44570637192703,535.8411631526815,541.6623179039005,352.0619630393876,587.584985754465,703.1652693523522,707.2087228259148,416.2685222893968
2022,7,3,11,632.0736303720203,684.7734535976724,689.9174856342681,289.6862959872833,655.2274239866375,714.5017861209516,718.7757735563752,249.6683930879272
2022,7,3,12,701.0282510905918,738.6494134568541,745.2141072942088,177.97884170904655,679.7465461126161,721.3769566742418,726.5415160970066,123.20358995207232
2022,7,3,13,640.0210756240356,703.7885666520044,708.8132158946105,262.22101178026327,661.5275220192947,729.132056928723,733.4366047788228,230.07733627169978
2022,7,3,14,619.2864696263764,760.1152060981706,765.5355154286939,399.5954609690466,597.3120984819213,731.8433815015675,736.2368918391016,357.58911229947364
2022,7,3,15,512.5899786264777,760.7036651804768,769.771424475397,489.3259299466689,491.86678263310233,726.5142182675049,733.6362924407803,449.5559853170624
2022,7,3,16,353.21219686875827,723.3525478304879,752.4518457539012,525.7881156528686,342.10792138218613,698.8530748461432,723.5575999601355,497.82909648705805
2022,7,3,17,162.33207013646827,630.5683593249004,706.2593940176972,502.63515661581187,151.21550799321366,609.52278325346,678.8235050454097,481.8884644619701
2022,7,3,18,35.297165509970405,401.0681915153237,630.6700254062706,301.09006460435995,29.21837250992182,348.1600940868677,543.4356518838223,259.63959078211093
2022,7,3,19,0.0,0.0,0.0,0.0,0.0,0.0,0.0,0.0
2022,7,3,20,0.0,0.0,0.0,0.0,0.0,0.0,0.0,0.0
2022,7,3,21,0.0,0.0,0.0,0.0,0.0,0.0,0.0,0.0
2022,7,3,22,0.0,0.0,0.0,0.0,0.0,0.0,0.0,0.0
2022,7,3,23,0.0,0.0,0.0,0.0,0.0,0.0,0.0,0.0
2022,7,4,0,0.0,0.0,0.0,0.0,0.0,0.0,0.0,0.0
2022,7,4,1,0.0,0.0,0.0,0.0,0.0,0.0,0.0,0.0
2022,7,4,2,0.0,0.0,0.0,0.0,0.0,0.0,0.0,0.0
2022,7,4,3,0.0,0.0,0.0,0.0,0.0,0.0,0.0,0.0
2022,7,4,4,0.0,0.0,0.0,0.0,0.0,0.0,0.0,0.0
2022,7,4,5,-0.0,-0.0,-0.0,-0.0,-0.0,-0.0,-0.0,-0.0
2022,7,4,6,1.2827130806788,34.84035854544081,49.52125485807352,38.700842919166206,16.489049472532006,164.7349684650661,227.40129292742367,176.65953836390722
2022,7,4,7,110.07614127002824,388.462801058713,431.7529739054393,400.32563772342786,140.7749447190941,473.703111478603,522.0760246612363,482.876335698453
2022,7,4,8,201.64982345036947,367.82169441487247,383.0619143587844,340.00727454556454,324.18887409435365,621.0494286524086,640.4646558681044,550.954754175334
2022,7,4,9,245.52412470796588,340.60196318686354,348.9788060548675,282.0876234168933,475.1957732212264,679.7376174837976,686.8690786722902,517.7311855122014
2022,7,4,10,426.9219238660831,511.6558834235337,517.4150625287274,336.18757763070465,582.1653775835092,696.7312792840215,701.1127776009506,413.5090059591049
2022,7,4,11,518.2677846182984,561.2039761157689,566.0155959369796,254.20354731385686,649.0761780897983,707.9035358825344,712.2939305822001,249.89843108560453
2022,7,4,12,496.5127046529966,517.8127440854139,524.5308675834544,165.97018380707118,674.0782395370651,715.1107985707914,720.3592931763878,123.44096313151779
2022,7,4,13,517.033405259388,565.0594913316334,570.1323596121698,253.66655420515033,655.7848048343816,722.1861305373795,726.5792585487228,228.48140186567684
2022,7,4,14,453.88029880104705,546.0828691279983,554.1311232779013,326.96177571760035,593.2895156096132,726.0620511824897,730.5678768569693,355.1284883805613
2022,7,4,15,475.6006419283398,687.5177103506383,700.603202640865,466.0556483883714,489.0826762388555,721.1048856657338,728.2899067781971,446.447226042686
2022,7,4,16,370.4795646185633,740.728175273983,771.2401434977055,547.4453504801824,341.00241051861065,694.7503068262095,719.3167727647412,494.5994844491589
2022,7,4,17,172.59284664196932,637.4543172811404,712.2164379510216,512.5434468620716,151.74964534148822,605.8520096824922,674.6027655330789,478.8342654459503
2022,7,4,18,40.124392662094515,387.1743108191323,604.9434136730749,293.2286190174716,30.56268626957561,343.1556768138117,535.0055007680858,256.02503855038157
2022,7,4,19,0.0,0.0,0.0,0.0,0.0,0.0,0.0,0.0
2022,7,4,20,0.0,0.0,0.0,0.0,0.0,0.0,0.0,0.0
2022,7,4,21,0.0,0.0,0.0,0.0,0.0,0.0,0.0,0.0
2022,7,4,22,0.0,0.0,0.0,0.0,0.0,0.0,0.0,0.0
2022,7,4,23,0.0,0.0,0.0,0.0,0.0,0.0,0.0,0.0
2022,7,5,0,0.0,0.0,0.0,0.0,0.0,0.0,0.0,0.0
2022,7,5,1,0.0,0.0,0.0,0.0,0.0,0.0,0.0,0.0
2022,7,5,2,0.0,0.0,0.0,0.0,0.0,0.0,0.0,0.0
2022,7,5,3,0.0,0.0,0.0,0.0,0.0,0.0,0.0,0.0
2022,7,5,4,0.0,0.0,0.0,0.0,0.0,0.0,0.0,0.0
2022,7,5,5,-0.0,-0.0,-0.0,-0.0,-0.0,-0.0,-0.0,-0.0
2022,7,5,6,1.3850306834815704,35.37212884415982,50.45555297090978,39.34090295195154,14.680246619091065,197.67088544291795,277.0763810691811,212.13233766745535
2022,7,5,7,99.1684425662915,345.24841316497475,384.6482387765442,357.42332567625,144.23471902110376,506.1098629354952,557.6779100727929,514.2758011539546
2022,7,5,8,210.34699565947798,383.3762278663379,399.04178361506985,354.5251712745678,334.90376179890416,643.10327241183,661.987429627895,569.6318188648609
2022,7,5,9,327.09712666908587,452.61896708659054,462.8108906645754,372.96469124940825,485.10809110921275,690.4458446063682,696.6802923137384,524.7923757929088
2022,7,5,10,424.4971311796656,508.0788454359601,513.8937666675819,335.51967997807975,590.9522088727496,707.3072844416824,711.537998599229,418.8262614478202
2022,7,5,11,665.2845843531443,719.8587256019468,725.4577963750829,308.74012429640226,654.4841506202133,713.0252870836093,717.5175795288346,251.13996165243137
2022,7,5,12,564.7820195752028,589.6336614021574,596.8231389904729,152.89314748967564,677.513411150861,718.171432140967,723.5362157765383,124.73297840820615
2022,7,5,13,570.2034851746386,623.4983550688661,628.7169028302624,249.63308620004116,660.0328183372555,726.1823808330803,730.7330470266683,230.6051924669308
2022,7,5,14,590.4795972412963,717.1204472658914,724.7654800632682,403.4500738293334,596.0452213165246,728.1271444155458,732.8356215892188,357.3712207092681
2022,7,5,15,446.1078307443226,639.8898681804199,652.7164059911094,435.2989140501237,491.3585201868631,726.1616820102763,734.3348388924207,451.3437106348935
2022,7,5,16,350.314494455832,697.0379162065221,726.460422558283,514.4010342120122,343.45734854986154,688.8601137821851,713.4635984823575,493.52480087956286
2022,7,5,17,167.2641569067289,648.3919537316309,725.3352334586565,517.6992587529012,155.73270279655873,596.110999297419,663.0895939612408,473.39369610477127
2022,7,5,18,40.62837529687026,382.0100333499136,597.1917739337341,289.164296876534,34.24403254672183,332.3467514839945,515.0192455185579,248.87548665553606
2022,7,5,19,0.0,0.0,0.0,0.0,0.0,0.0,0.0,0.0
2022,7,5,20,0.0,0.0,0.0,0.0,0.0,0.0,0.0,0.0
2022,7,5,21,0.0,0.0,0.0,0.0,0.0,0.0,0.0,0.0
2022,7,5,22,0.0,0.0,0.0,0.0,0.0,0.0,0.0,0.0
2022,7,5,23,0.0,0.0,0.0,0.0,0.0,0.0,0.0,0.0
2022,7,6,0,0.0,0.0,0.0,0.0,0.0,0.0,0.0,0.0
2022,7,6,1,0.0,0.0,0.0,0.0,0.0,0.0,0.0,0.0
2022,7,6,2,0.0,0.0,0.0,0.0,0.0,0.0,0.0,0.0
2022,7,6,3,0.0,0.0,0.0,0.0,0.0,0.0,0.0,0.0
2022,7,6,4,0.0,0.0,0.0,0.0,0.0,0.0,0.0,0.0
2022,7,6,5,-0.0,-0.0,-0.0,-0.0,-0.0,-0.0,-0.0,-0.0
2022,7,6,6,0.8854029191713407,0.6792656903121738,-0.0,1.0764877122910765,14.717533128664257,173.3207085695759,243.048006622418,184.42558958642033
2022,7,6,7,99.09397105702297,354.00120390976167,394.0811898146177,365.59138706945845,139.7486833427263,485.5790941342819,534.9527001985449,493.7224454489038
2022,7,6,8,282.5479612943248,545.6540403834931,565.6220644890362,495.08602495249585,324.87506857849843,622.5984304543863,640.938346321101,551.0857918525484
2022,7,6,9,426.2208064755676,600.8658279882399,611.4703312883448,486.09415842581285,473.1422056602655,673.3804741990022,679.5686317708258,510.0003682241538
2022,7,6,10,516.9387146966376,612.7096629364698,619.9838288899351,413.05909871280903,418.0633318319461,474.87688226803857,482.9700893773225,340.54559207580274
2022,7,6,11,612.0988782844354,661.8783292096258,667.5610022600864,330.97288004255705,505.9545899425598,547.6624910759685,552.4631361734001,250.4481770111757
2022,7,6,12,400.13093250997986,428.90935333735223,431.1104253477431,254.65244049809132,437.42028981447413,464.69991687097786,468.58146465149576,199.47013755091456
2022,7,6,13,524.9448502395804,571.0852684599904,576.0661720961497,327.96620865301617,479.0947632404557,523.3691836891697,527.8277475927856,234.04282489411312
2022,7,6,14,351.65557007508096,397.8247031805878,407.01682618892056,291.22130172835483,493.60544240659266,591.2215878206366,599.066316763005,327.9954121721396
2022,7,6,15,412.9664327607946,544.603596012499,561.6017565029426,408.82510624589855,486.91005079359707,719.0068978755139,726.7987317596057,443.6181044592586
2022,7,6,16,384.1752512709228,688.4464850737698,717.3008370150393,533.3093892821021,339.4464457627128,680.322213628927,704.0693842713353,485.9863816865653
2022,7,6,17,143.08034829488932,308.81946347003463,334.03200878023443,268.2954006684042,153.90518345542034,587.9114858645438,653.2129581085877,467.19694702892167
2022,7,6,18,55.94881660377155,317.0950099578735,463.3852037055046,240.47066798024085,34.314290246487275,323.6715770865608,500.60107234432814,243.03302877818413
2022,7,6,19,0.0,0.0,0.0,0.0,0.0,0.0,0.0,0.0
2022,7,6,20,0.0,0.0,0.0,0.0,0.0,0.0,0.0,0.0
2022,7,6,21,0.0,0.0,0.0,0.0,0.0,0.0,0.0,0.0
2022,7,6,22,0.0,0.0,0.0,0.0,0.0,0.0,0.0,0.0
2022,7,6,23,0.0,0.0,0.0,0.0,0.0,0.0,0.0,0.0
2022,7,7,0,0.0,0.0,0.0,0.0,0.0,0.0,0.0,0.0
2022,7,7,1,0.0,0.0,0.0,0.0,0.0,0.0,0.0,0.0
2022,7,7,2,0.0,0.0,0.0,0.0,0.0,0.0,0.0,0.0
2022,7,7,3,0.0,0.0,0.0,0.0,0.0,0.0,0.0,0.0
2022,7,7,4,0.0,0.0,0.0,0.0,0.0,0.0,0.0,0.0
2022,7,7,5,-0.0,-0.0,-0.0,-0.0,-0.0,-0.0,-0.0,-0.0
2022,7,7,6,0.10918337064609053,50.17377437898291,73.81715959445997,54.974616563576156,13.402304732660808,187.1166877411941,264.7593700683982,201.006101253467
2022,7,7,7,110.38399984649635,411.10457151479943,456.7192005308996,422.35910516764847,139.56759920995975,493.3541885313832,543.4751338066342,501.28565322164553
2022,7,7,8,301.46363409434775,590.9362761041441,610.8170493993699,532.1587475932008,327.58309755521685,630.7695587939294,649.0313917564462,557.7952883942859
2022,7,7,9,446.71105013110997,631.6121587178395,642.1565277900539,509.1144696981461,477.2395250255603,680.2517695998936,686.0468472462578,514.7046971463433
2022,7,7,10,397.56195436040406,471.9453062594471,478.0752875247642,320.7511380304278,582.3879700038073,696.6989894015838,700.8234625331803,409.60741919819066
2022,7,7,11,351.1228802123416,378.1947374470764,382.1619365139024,188.7179857922482,585.3795286352837,632.7030817067994,638.1234370406698,275.71524271325427
2022,7,7,12,363.915309750872,381.4063824063516,385.95559698982174,151.24456174547197,538.0500216383513,562.2607986792648,569.3883352582171,151.65213465749028
2022,7,7,13,622.7900492072904,680.0465269823096,685.8663197864338,266.2173005903837,647.8910931652478,711.2552069598264,715.9429507108056,222.77590463356321
2022,7,7,14,563.6404564404511,688.5319361108193,695.4540719097729,374.0513723300156,588.5266094417824,716.361669471729,721.1839746424882,349.81538637399683
2022,7,7,15,468.83279833472085,692.3630767947947,702.2992742457665,450.80255460492265,486.9808700144539,717.585376222248,725.3812926856059,443.44865022991775
2022,7,7,16,356.9107320646159,722.4009681858677,750.9136399183336,527.0341833276808,340.11382145843817,678.8212202875422,702.4480390107606,485.4643442901399
2022,7,7,17,162.8630094486834,641.3934307179903,717.552900877088,511.22478604573865,155.90758941612685,586.4534518693195,651.2623570147188,466.43632843520004
2022,7,7,18,37.595763132023514,374.5088232916069,588.2415298042595,282.19038940666746,35.7528851654604,320.1344074577089,495.23273650374693,240.9499728523525
2022,7,7,19,0.0,0.0,0.0,0.0,0.0,0.0,0.0,0.0
2022,7,7,20,0.0,0.0,0.0,0.0,0.0,0.0,0.0,0.0
2022,7,7,21,0.0,0.0,0.0,0.0,0.0,0.0,0.0,0.0
2022,7,7,22,0.0,0.0,0.0,0.0,0.0,0.0,0.0,0.0
2022,7,7,23,0.0,0.0,0.0,0.0,0.0,0.0,0.0,0.0
2022,7,8,0,0.0,0.0,0.0,0.0,0.0,0.0,0.0,0.0
2022,7,8,1,0.0,0.0,0.0,0.0,0.0,0.0,0.0,0.0
2022,7,8,2,0.0,0.0,0.0,0.0,0.0,0.0,0.0,0.0
2022,7,8,3,0.0,0.0,0.0,0.0,0.0,0.0,0.0,0.0
2022,7,8,4,0.0,0.0,0.0,0.0,0.0,0.0,0.0,0.0
2022,7,8,5,-0.0,-0.0,-0.0,-0.0,-0.0,-0.0,-0.0,-0.0
2022,7,8,6,0.4709609303667343,38.155092961725245,56.17713922873897,41.577553721294215,13.351904421795572,180.20882189491294,256.21794973052323,194.31422965898972
2022,7,8,7,109.80606806157057,407.00822037413485,452.02235854658795,418.6746788481008,139.6141025566634,491.328146523738,541.8797873959953,500.8425595607483
2022,7,8,8,309.5231404676547,605.5145231101058,625.4994530889808,545.5119325349004,328.29171757507964,632.1679253850198,650.8786388461555,561.085442941225
2022,7,8,9,459.73670700761187,649.9861128301895,660.9817170882785,523.8683513923683,477.00914538508715,678.8824324853484,685.1063536038836,517.6300648395593
2022,7,8,10,518.9219920261886,620.4644108399177,626.9058258096235,405.44475494296756,580.7066858187814,693.4311449414284,697.7104805559977,413.68576036026224
2022,7,8,11,628.1479869806037,679.784372932692,685.3580471747042,289.39973193205026,639.2161650319641,693.7974633226926,698.5250215007853,248.5828970934769
2022,7,8,12,581.0741911767115,605.2713027088699,612.9474224516034,162.46582819816226,658.9320856269986,695.7459814228635,701.3401439640361,122.34253576414628
2022,7,8,13,612.3401526326926,669.5611856274471,675.0788553281492,252.98063634836285,644.3060020900921,705.8002968147102,710.5679705493616,226.02436038951316
2022,7,8,14,613.8824182921035,746.9163803618285,752.8823170881149,398.05515417144034,585.3018219936833,711.305731689607,716.116923927191,351.8558083534435
2022,7,8,15,508.41840901613625,749.2912933857766,759.0423824886393,488.6965041282293,484.6530416745778,713.1538433057502,720.9603227144497,444.5832488693787
2022,7,8,16,343.4787442506485,676.9051550269199,705.0018005578553,503.78052871656035,338.52216472942223,680.5502533311983,705.1330178613351,487.0643844315923
2022,7,8,17,171.13210762511812,621.6164279491783,693.6155187416377,502.01862037667826,156.0593695425878,582.4803915160938,647.2919924032989,463.67418542517356
2022,7,8,18,45.56170544746735,381.49511676005034,587.0695505335216,287.29209699916265,37.77352624093776,313.5283200631183,484.7866814335256,236.1634012472436
2022,7,8,19,0.0,0.0,0.0,0.0,0.0,0.0,0.0,0.0
2022,7,8,20,0.0,0.0,0.0,0.0,0.0,0.0,0.0,0.0
2022,7,8,21,0.0,0.0,0.0,0.0,0.0,0.0,0.0,0.0
2022,7,8,22,0.0,0.0,0.0,0.0,0.0,0.0,0.0,0.0
2022,7,8,23,0.0,0.0,0.0,0.0,0.0,0.0,0.0,0.0
2022,7,9,0,0.0,0.0,0.0,0.0,0.0,0.0,0.0,0.0
2022,7,9,1,0.0,0.0,0.0,0.0,0.0,0.0,0.0,0.0
2022,7,9,2,0.0,0.0,0.0,0.0,0.0,0.0,0.0,0.0
2022,7,9,3,0.0,0.0,0.0,0.0,0.0,0.0,0.0,0.0
2022,7,9,4,0.0,0.0,0.0,0.0,0.0,0.0,0.0,0.0
2022,7,9,5,-0.0,-0.0,-0.0,-0.0,-0.0,-0.0,-0.0,-0.0
2022,7,9,6,0.607755974204199,37.37816075684893,55.18151451872795,40.93210782444302,14.630846246649865,159.36604446202034,226.37922847073474,170.86520622532527
2022,7,9,7,108.4338822626903,396.73328723914585,441.33779245161764,409.4975337713135,139.1750561031081,483.94735489728475,534.150327427348,494.519392230635
2022,7,9,8,298.4177895320879,577.2140684830644,597.6789108113093,523.8058284352502,328.9051498551466,632.2219025197944,651.4404214791193,562.2065047057085
2022,7,9,9,457.95051209032226,661.7391712443347,670.2538069623413,520.4076210661302,480.73720586692315,685.8784505524235,692.327283395267,522.2402460470094
2022,7,9,10,520.1407104275379,622.2918697645754,628.7813614714796,405.71534342429663,585.617224796735,699.8892723835285,704.4057477762518,417.0639283486358
2022,7,9,11,653.452881606927,706.7683269195331,712.651781855396,294.4947513729057,638.3249851451754,692.3491559691076,697.2318195373191,250.34502090609422
2022,7,9,12,634.1324723598981,663.7121855706109,670.8324744594229,162.57131108510734,648.2426750009577,682.9466282227916,688.4644265412476,122.73436061465401
2022,7,9,13,600.7289695942035,652.781277639232,658.4749407918412,260.0817321562586,631.9207749377434,689.8550546029102,694.5425822376496,226.56528860731615
2022,7,9,14,489.9369983525361,595.8393515046683,601.9126377468068,328.6226511434254,578.8723864191767,699.8700832442487,704.8034624668312,352.8738255993124
2022,7,9,15,504.7353479096103,741.2340547165705,749.7033539126902,481.2382896360931,481.81165868148634,703.2339725942354,711.1951837613731,444.99840599571996
2022,7,9,16,355.2553306491261,716.7067188613775,744.3304502561662,525.887913817641,337.68046120399356,670.5679598556654,694.7399957358708,485.0932307152747
2022,7,9,17,164.0105091793109,638.9661431646045,713.9950284773372,511.79529868067175,157.8493101878646,569.8541224256396,632.304193106255,457.33082582254394
2022,7,9,18,36.97623099626425,381.0322238195829,600.8217025592706,287.30636357396605,36.53898192954909,313.26768622339404,480.6887555799421,232.98512886980262
2022,7,9,19,0.0,0.0,0.0,0.0,0.0,0.0,0.0,0.0
2022,7,9,20,0.0,0.0,0.0,0.0,0.0,0.0,0.0,0.0
2022,7,9,21,0.0,0.0,0.0,0.0,0.0,0.0,0.0,0.0
2022,7,9,22,0.0,0.0,0.0,0.0,0.0,0.0,0.0,0.0
2022,7,9,23,0.0,0.0,0.0,0.0,0.0,0.0,0.0,0.0
2022,7,10,0,0.0,0.0,0.0,0.0,0.0,0.0,0.0,0.0
2022,7,10,1,0.0,0.0,0.0,0.0,0.0,0.0,0.0,0.0
2022,7,10,2,0.0,0.0,0.0,0.0,0.0,0.0,0.0,0.0
2022,7,10,3,0.0,0.0,0.0,0.0,0.0,0.0,0.0,0.0
2022,7,10,4,0.0,0.0,0.0,0.0,0.0,0.0,0.0,0.0
2022,7,10,5,-0.0,-0.0,-0.0,-0.0,-0.0,-0.0,-0.0,-0.0
2022,7,10,6,0.7903398497245934,15.353269564448313,22.122511778735017,17.180563534801163,15.068761485881373,134.08865868614683,189.1738275143487,145.95559679189273
2022,7,10,7,93.15210471085621,318.10648057904166,355.4756738525304,332.2209999522727,135.03149065085148,448.78971584700207,495.87257330825383,461.19417450843173
2022,7,10,8,265.03018053361563,487.60540894367296,506.74671145029964,449.61668789397135,315.90674272243496,605.1271034081689,625.1323268237429,540.4288093088755
2022,7,10,9,353.3502410481273,483.3184789786712,495.68474642877146,403.28709283209673,466.5977112249852,666.9741909733672,675.0239457728835,511.8991695042699
2022,7,10,10,568.1834203390546,681.8176423609933,688.470380608128,437.35551399348196,574.7755485297704,688.6409220436319,694.0384336208137,413.9748060777495
2022,7,10,11,618.8255317230556,667.8826373620249,674.3460505203942,297.7111712973292,636.2345460053062,689.0419301095178,694.7298980222758,251.904619243849
2022,7,10,12,682.8170548957216,711.2576363209869,720.2839472299426,181.1080648508938,648.7382578838825,679.5463437037037,686.887556057405,124.99070130844039
2022,7,10,13,579.7140772359141,629.3029770097761,635.3326993014175,275.44506677538266,626.7279231231736,682.7953351050609,688.1801119824946,227.4041268732069
2022,7,10,14,537.804446890081,640.3629198019288,649.0874036019121,385.30696360624734,569.570438507574,688.6921540191227,694.3054181458363,351.42719347633323
2022,7,10,15,486.2067747496672,684.1216682531683,696.785877024151,481.9626555878643,472.19762242481767,686.9824469152587,695.9676509789949,438.3244206508966
2022,7,10,16,300.5619545432298,532.7989782136602,555.6130448544452,422.7600573171772,333.2578744306306,649.3820786204617,673.3431317042063,473.5921557229576
2022,7,10,17,180.24052237322428,599.6827812130585,665.2438060829871,496.29073624020475,160.51382836476057,546.6089017585624,605.5208590502301,439.9554033243494
2022,7,10,18,46.16881268576796,347.39581908382445,533.7806259346087,260.83139253131276,42.2507103978251,292.630300712393,442.1611249303646,218.28776075964745
2022,7,10,19,0.0,0.0,0.0,0.0,0.0,0.0,0.0,0.0
2022,7,10,20,0.0,0.0,0.0,0.0,0.0,0.0,0.0,0.0
2022,7,10,21,0.0,0.0,0.0,0.0,0.0,0.0,0.0,0.0
2022,7,10,22,0.0,0.0,0.0,0.0,0.0,0.0,0.0,0.0
2022,7,10,23,0.0,0.0,0.0,0.0,0.0,0.0,0.0,0.0
2022,7,11,0,0.0,0.0,0.0,0.0,0.0,0.0,0.0,0.0
2022,7,11,1,0.0,0.0,0.0,0.0,0.0,0.0,0.0,0.0
2022,7,11,2,0.0,0.0,0.0,0.0,0.0,0.0,0.0,0.0
2022,7,11,3,0.0,0.0,0.0,0.0,0.0,0.0,0.0,0.0
2022,7,11,4,0.0,0.0,0.0,0.0,0.0,0.0,0.0,0.0
2022,7,11,5,-0.0,-0.0,-0.0,-0.0,-0.0,-0.0,-0.0,-0.0
2022,7,11,6,-0.0,0.04704482821907489,0.20671368126762563,0.3453394484196815,11.122926377879201,9.214832221019142,5.90762219819586,9.812021822464605
2022,7,11,7,50.14554709756375,67.63165594602174,67.3852778378933,73.1482689788644,91.41086752057977,94.78451782428186,88.35570806065155,99.99323155687938
2022,7,11,8,247.75899016992526,396.1976323705429,412.2605879900605,378.83110658411397,128.0865560077015,123.98546594591899,125.24917691872703,127.85763836809846
2022,7,11,9,282.7744462454734,365.55943272826204,377.099470905768,316.512315523586,451.2056502610019,633.4119585618666,644.1549236662148,497.5892016912498
2022,7,11,10,583.9380251526632,696.0457446747936,703.4362963341447,456.52559775487873,563.1557895229155,671.121108581943,677.913194024466,417.4231998977344
2022,7,11,11,644.2607961782179,696.2437091197655,702.5588633610095,295.40215651111043,634.2347304341223,685.0421826852672,691.4849717798677,266.9843532648038
2022,7,11,12,662.1260670494787,691.9927544218579,699.8977278096829,167.5769704674483,671.6569794952802,703.3153543667219,711.3158418245009,126.30690952806093
2022,7,11,13,649.025971560275,705.7383520877091,711.7803136844265,265.4797515654763,653.954472801634,713.353758163919,719.3136267275885,230.23706531629483
2022,7,11,14,551.5882287181247,665.4746042540588,672.348737431524,373.85014812737825,591.308772226757,717.9758926943537,723.9027149750613,356.8017717421585
2022,7,11,15,432.1893284470015,607.3708371971619,620.3158051086967,424.1155900888956,485.7659410613748,706.6913842933088,715.4982711258781,445.355091479654
2022,7,11,16,296.2770670342514,562.7653197303828,586.6635790302537,422.33250453750753,339.97368823037834,664.1760955837951,688.6641801577966,481.7335304606343
2022,7,11,17,69.38783641562632,145.66908667102513,156.26801562986518,126.30693381918809,128.35348061834895,166.4493883100132,164.17531026665353,156.85753463222642
2022,7,11,18,78.40071539900647,487.7520239923828,708.5430433204075,366.4595658514225,60.45889333681971,241.69155975400446,319.39715671643927,177.675279941514
2022,7,11,19,0.0,0.0,0.0,0.0,0.0,0.0,0.0,0.0
2022,7,11,20,0.0,0.0,0.0,0.0,0.0,0.0,0.0,0.0
2022,7,11,21,0.0,0.0,0.0,0.0,0.0,0.0,0.0,0.0
2022,7,11,22,0.0,0.0,0.0,0.0,0.0,0.0,0.0,0.0
2022,7,11,23,0.0,0.0,0.0,0.0,0.0,0.0,0.0,0.0
2022,7,12,0,0.0,0.0,0.0,0.0,0.0,0.0,0.0,0.0
2022,7,12,1,0.0,0.0,0.0,0.0,0.0,0.0,0.0,0.0
2022,7,12,2,0.0,0.0,0.0,0.0,0.0,0.0,0.0,0.0
2022,7,12,3,0.0,0.0,0.0,0.0,0.0,0.0,0.0,0.0
2022,7,12,4,0.0,0.0,0.0,0.0,0.0,0.0,0.0,0.0
2022,7,12,5,-0.0,-0.0,-0.0,-0.0,-0.0,-0.0,-0.0,-0.0
2022,7,12,6,0.633017451004747,5.441591270242042,7.487747178273424,6.2774196196825764,16.857369606705653,91.14176808008087,125.724991550237,98.59114216720685
2022,7,12,7,86.37725240045822,200.9650925448559,218.77010494395734,213.8465033709017,131.81702662052788,403.26681873939697,442.9728181962285,415.6451956070138
2022,7,12,8,271.4196511216834,487.72140636306796,507.0794927014791,453.9536878416544,309.066313545005,577.0686026955593,596.4519566460452,520.9202874617986
2022,7,12,9,392.7734739295981,538.9104596807927,551.1766021993559,447.27537733517573,456.7216313682816,647.4271541730016,655.8346487987526,503.32138353732535
2022,7,12,10,504.81293254756383,594.570716574147,602.7942831380449,408.5292637031596,559.1225801082514,663.4747096795148,669.1438341988369,410.3173777367044
2022,7,12,11,585.075282097918,629.1664133318966,635.5378404573098,293.29497275042354,615.8083476211416,663.2905250157528,668.8942953942816,255.2629315946473
2022,7,12,12,654.0631125716591,678.4244674258983,687.2645283489592,176.674550861223,635.6130157573598,663.5529542080372,670.9154738214052,128.40320312033597
2022,7,12,13,602.0182271926577,650.2686887832546,656.530948774936,292.2802516597277,629.7653907444654,684.2578933695053,690.0412627328736,231.5913067618016
2022,7,12,14,618.8105886485267,743.5129806324935,751.8373405971832,421.33038919760696,577.5246077572566,696.2779211865619,702.4421957593569,356.72721522116217
2022,7,12,15,505.46611962879274,732.1335645176439,743.5583240499928,490.492874122514,476.70727162873027,686.5979430048244,696.6608506753927,442.7000957876826
2022,7,12,16,373.0217579477409,703.0048156425532,731.7923112929976,531.6762740068539,337.80983347745774,641.1949558469734,665.0509028273841,473.019082386241
2022,7,12,17,149.70160990122972,398.3419873424414,438.0936814242738,332.98175536564224,165.04795907389024,529.2987320346487,584.0704830893553,428.0894236020797
2022,7,12,18,59.21810566508035,126.91177384754353,142.8395010799749,102.38357075760614,42.71424628134358,185.53239139404326,261.5337202907729,139.98694420961243
2022,7,12,19,0.0,0.0,0.0,0.0,0.0,0.0,0.0,0.0
2022,7,12,20,0.0,0.0,0.0,0.0,0.0,0.0,0.0,0.0
2022,7,12,21,0.0,0.0,0.0,0.0,0.0,0.0,0.0,0.0
2022,7,12,22,0.0,0.0,0.0,0.0,0.0,0.0,0.0,0.0
2022,7,12,23,0.0,0.0,0.0,0.0,0.0,0.0,0.0,0.0
2022,7,13,0,0.0,0.0,0.0,0.0,0.0,0.0,0.0,0.0
2022,7,13,1,0.0,0.0,0.0,0.0,0.0,0.0,0.0,0.0
2022,7,13,2,0.0,0.0,0.0,0.0,0.0,0.0,0.0,0.0
2022,7,13,3,0.0,0.0,0.0,0.0,0.0,0.0,0.0,0.0
2022,7,13,4,0.0,0.0,0.0,0.0,0.0,0.0,0.0,0.0
2022,7,13,5,0.0,0.0,0.0,0.0,0.0,0.0,0.0,0.0
2022,7,13,6,1.124665216123035,6.8682301928834315,9.424866199778572,7.80391779643339,13.914862762617707,132.12996950316762,189.7528539634266,143.6085277754419
2022,7,13,7,87.78466624757723,270.7950681145442,300.3694987184747,284.2899932370085,135.01943917782373,445.2380816790296,490.97979272544643,458.7387400935711
2022,7,13,8,274.7725014932173,509.1000040210866,529.2795471491364,472.1397305803177,313.39358556417795,588.7990194527694,607.4166369006497,530.4394641745326
2022,7,13,9,427.57473024666393,601.2529767556811,611.9217779795542,489.65584922565847,454.0586523297072,636.2177585279511,643.4489832929116,498.3899111638032
2022,7,13,10,512.4666495386441,608.9641826948842,615.7664018377847,403.05762471564026,556.9308788333278,659.0644913873576,664.453554828774,409.0548904867589
2022,7,13,11,640.1255626119587,687.7880168060148,694.0309994865285,301.8333155492793,632.7716493653687,682.1270414894273,688.2126063208801,256.7055504504758
2022,7,13,12,585.2003181599192,605.8383260852429,614.7132034485733,160.520535323322,663.4817098967366,692.7109505922689,701.0017810171278,126.18042029597052
2022,7,13,13,660.299201324302,715.8046714325275,722.9211335975184,273.943439090726,647.9333094452412,704.5775659299337,710.8834060812883,231.14274819446712
2022,7,13,14,623.9024725176841,752.9192583623228,760.8484981638077,415.02824246677613,484.2487017963698,572.3784228574818,581.3132394576307,329.8743276634989
2022,7,13,15,426.97713303531674,585.1909298239375,600.2128660091536,420.44423889591496,485.4618260373464,705.6668169924617,714.9643827256111,446.8355409668982
2022,7,13,16,323.73131049147605,554.1934585453383,576.3865414049553,436.9848651997648,342.1795303809222,664.8559289832863,689.1278192277064,484.12449424103744
2022,7,13,17,182.7710335084041,555.727504439796,615.378236722189,458.363206908388,163.74882155839026,557.2469874501934,616.8640599507589,450.37080080373624
2022,7,13,18,52.375556479149324,367.80249685928635,565.6963580712943,277.7264973561038,40.469612456667505,299.7758698224016,458.5218431351615,223.61322865130583
2022,7,13,19,0.0,0.0,0.0,0.0,0.0,0.0,0.0,0.0
2022,7,13,20,0.0,0.0,0.0,0.0,0.0,0.0,0.0,0.0
2022,7,13,21,0.0,0.0,0.0,0.0,0.0,0.0,0.0,0.0
2022,7,13,22,0.0,0.0,0.0,0.0,0.0,0.0,0.0,0.0
2022,7,13,23,0.0,0.0,0.0,0.0,0.0,0.0,0.0,0.0
2022,7,14,0,0.0,0.0,0.0,0.0,0.0,0.0,0.0,0.0
2022,7,14,1,0.0,0.0,0.0,0.0,0.0,0.0,0.0,0.0
2022,7,14,2,0.0,0.0,0.0,0.0,0.0,0.0,0.0,0.0
2022,7,14,3,0.0,0.0,0.0,0.0,0.0,0.0,0.0,0.0
2022,7,14,4,0.0,0.0,0.0,0.0,0.0,0.0,0.0,0.0
2022,7,14,5,0.0,0.0,0.0,0.0,0.0,0.0,0.0,0.0
2022,7,14,6,1.819873454446437,16.2485458866222,23.13318627480364,18.521435947341296,13.07743331704874,10.929351383583041,7.163423176908186,11.61780234260847
2022,7,14,7,45.39455193400033,57.28029904043911,56.28783752778977,62.46132909947958,121.32664762425459,236.45982025751687,250.13426540918834,247.69985128313755
2022,7,14,8,218.597133416669,359.71082400426747,373.650379267439,341.6039043885059,270.6847542054774,460.3162943422098,476.9952628876057,427.14273315296333
2022,7,14,9,345.64589330469573,477.8767273473433,488.6841315565803,395.66454120633455,443.7563848097876,615.0719905166111,622.124283257752,487.25355407217523
2022,7,14,10,491.05347380487086,578.7918428681281,586.2946844673934,395.24685399287773,343.37576522361513,385.6376846408375,393.04046528574094,288.0856209558728
2022,7,14,11,544.7670696229621,583.7036552133013,590.0582366325295,288.7950972154374,477.9978417550382,514.1531780357182,519.3488943630086,264.6999859519035
2022,7,14,12,451.6241389450827,465.31040746866665,473.3752511579483,161.63533373952333,661.4966952768268,689.4669481393975,697.9493200934406,126.0949306653303
2022,7,14,13,585.7103007211557,633.2351574413038,640.0438337733995,260.77247256662685,141.90722058714263,154.0089375464953,154.70157701762326,126.0060495266832
2022,7,14,14,426.9024874983052,504.74364469227305,513.4717014051851,312.8197627906012,185.23523577970482,191.78751752269034,197.0128958439982,165.5239196347163
2022,7,14,15,420.66970442617526,556.0439679201922,572.4347737930129,411.6503966152523,441.56228348539696,628.5642770820982,639.4583667680978,411.60455913611503
2022,7,14,16,198.60599758375966,318.25084106331263,332.41678658415566,260.5609646263262,58.24924908091647,50.85619672948341,50.00171226128316,53.64696201614362
2022,7,14,17,83.49317893740248,86.01045445961996,80.38690846575646,90.23054779074769,117.40249442213603,143.54362771078587,139.34144234901706,137.41737938066925
2022,7,14,18,59.68798132003643,125.43870725950701,139.54563127910933,101.00410358697746,53.787217050265596,104.01616475685653,113.30208020863954,83.30809332977097
2022,7,14,19,0.0,0.0,0.0,0.0,0.0,0.0,0.0,0.0
2022,7,14,20,0.0,0.0,0.0,0.0,0.0,0.0,0.0,0.0
2022,7,14,21,0.0,0.0,0.0,0.0,0.0,0.0,0.0,0.0
2022,7,14,22,0.0,0.0,0.0,0.0,0.0,0.0,0.0,0.0
2022,7,14,23,0.0,0.0,0.0,0.0,0.0,0.0,0.0,0.0
2022,7,15,0,0.0,0.0,0.0,0.0,0.0,0.0,0.0,0.0
2022,7,15,1,0.0,0.0,0.0,0.0,0.0,0.0,0.0,0.0
2022,7,15,2,0.0,0.0,0.0,0.0,0.0,0.0,0.0,0.0
2022,7,15,3,0.0,0.0,0.0,0.0,0.0,0.0,0.0,0.0
2022,7,15,4,0.0,0.0,0.0,0.0,0.0,0.0,0.0,0.0
2022,7,15,5,0.0,0.0,0.0,0.0,0.0,0.0,0.0,0.0
2022,7,15,6,-0.0,21.368725326067494,32.69951690910461,24.231762112648333,13.958848039973475,114.40339375051909,163.919885162268,126.09544300472311
2022,7,15,7,115.81234575452567,407.21018655655723,452.5340909141548,423.5990080912406,131.9163238004282,431.6065680373082,476.26589858973506,446.0795281079459
2022,7,15,8,208.98565167803017,409.8110188540286,425.83499398760404,374.1583514413248,314.11314137071133,593.9229131998296,613.2077719602008,534.8757868235193
2022,7,15,9,427.2148699756452,608.7197232492614,618.6092648274736,489.98737136112544,467.57849941498307,663.4497672981007,671.2817296217921,514.2987350072035
2022,7,15,10,361.0050837655998,422.8453681023094,429.82489738584036,300.1462217653802,469.52444797051805,539.5606673672934,548.8526557624876,377.0124997798842
2022,7,15,11,347.8266434653449,372.1183978736303,376.96373867037624,187.5553974015516,652.2805060734122,705.596565590421,711.983156871654,259.01462307350835
2022,7,15,12,716.7241275992676,745.7758600484511,755.616299564853,174.9062811549995,683.7582918010847,717.8456904639986,725.4590573581878,126.33221296274277
2022,7,15,13,323.1992841040477,348.8833849696593,352.50209054304935,207.84770842537685,287.75716323844415,311.2599627310921,313.86161679810976,213.59939049137503
2022,7,15,14,274.81976002405554,307.94998249174034,315.22558228909946,228.36660410151123,153.34904245560176,157.65352690564566,162.01417575585916,138.20904455929139
2022,7,15,15,47.74252603609626,43.43353269059209,46.133608123889765,46.41131813828407,311.9436687474574,376.63445067197745,391.574168724353,294.4009281764307
2022,7,15,16,180.5288253716117,188.85692846061593,192.1998619908936,190.4125692838965,171.10409093680659,176.24352734764824,177.90350324776466,170.77596165558134
2022,7,15,17,164.4688007590961,225.18062560579432,229.56416101277378,219.02505409724418,161.1369170241529,265.6180764881463,278.36235398795975,240.95353803848968
2022,7,15,18,66.8307247522872,310.57071239530245,419.94705463082323,226.64552063793303,37.8034960514429,304.3345064922459,472.2120475716059,226.07657559495422
2022,7,15,19,0.0,0.0,0.0,0.0,0.0,0.0,0.0,0.0
2022,7,15,20,0.0,0.0,0.0,0.0,0.0,0.0,0.0,0.0
2022,7,15,21,0.0,0.0,0.0,0.0,0.0,0.0,0.0,0.0
2022,7,15,22,0.0,0.0,0.0,0.0,0.0,0.0,0.0,0.0
2022,7,15,23,0.0,0.0,0.0,0.0,0.0,0.0,0.0,0.0
2022,7,16,0,0.0,0.0,0.0,0.0,0.0,0.0,0.0,0.0
2022,7,16,1,0.0,0.0,0.0,0.0,0.0,0.0,0.0,0.0
2022,7,16,2,0.0,0.0,0.0,0.0,0.0,0.0,0.0,0.0
2022,7,16,3,0.0,0.0,0.0,0.0,0.0,0.0,0.0,0.0
2022,7,16,4,0.0,0.0,0.0,0.0,0.0,0.0,0.0,0.0
2022,7,16,5,0.0,0.0,0.0,0.0,0.0,0.0,0.0,0.0
2022,7,16,6,0.8560837607153612,5.0604295454010195,6.913801343428182,5.940433096141386,16.247560982573646,73.17315991682665,100.30089772633548,80.61756861271382
2022,7,16,7,88.85432993410203,263.5755318970471,292.3387390739503,278.72493920409937,129.22273916806608,395.3920662027548,434.17551566444064,409.2365249333681
2022,7,16,8,274.02796508495123,499.87617414169324,518.5571387368225,466.2605199558364,306.4594490759761,568.2105626510522,586.6681669028119,515.5965036330332
2022,7,16,9,368.9115075761185,510.0560624328611,520.359499406498,421.0701916755366,450.0284203684536,632.173037549855,640.0474492386716,496.1420225364694
2022,7,16,10,484.0221969524929,567.7903374329501,575.7835805170411,392.8771259344112,558.6244142788584,660.1782598417462,666.195515937375,411.26029549643584
2022,7,16,11,635.922997689043,680.7506949383123,688.3491752894998,310.7911958663494,631.7364047882224,678.9239213558403,685.7265093165321,258.87557124270927
2022,7,16,12,575.1692092299988,593.8209383325174,603.4577686413172,166.70111466592826,379.01403055032665,405.105225618311,407.68047731346735,229.82416381365547
2022,7,16,13,699.8743340011156,755.8622639659241,764.2798840495373,304.3238004583945,640.4382367828912,692.0648523952269,699.3972635216297,235.1232749143109
2022,7,16,14,427.16897829051544,504.17710918016746,513.1862969833848,311.8141520953398,577.5884369779375,692.430333323165,700.0345518474552,361.020504602491
2022,7,16,15,381.47129561363204,506.6476515580325,521.019221305612,372.61814323459333,475.4456190852877,673.1931353606507,684.353347735176,442.2196129938734
2022,7,16,16,308.923516619815,499.8100745706814,521.0439743877029,406.40999647339464,336.40657839742164,610.6735681088736,632.9978161321185,458.04117760961594
2022,7,16,17,178.42322662492353,434.1094237464485,475.15058297596255,371.2290384570957,173.7066687281904,489.11447599808156,536.3900316039757,404.3706799352032
2022,7,16,18,71.47221792575334,337.56463719440677,476.83660280672376,251.11504254393202,55.475348448488546,253.68566526035985,359.83276709837816,188.65460298758515
2022,7,16,19,0.0,0.0,0.0,0.0,0.0,0.0,0.0,0.0
2022,7,16,20,0.0,0.0,0.0,0.0,0.0,0.0,0.0,0.0
2022,7,16,21,0.0,0.0,0.0,0.0,0.0,0.0,0.0,0.0
2022,7,16,22,0.0,0.0,0.0,0.0,0.0,0.0,0.0,0.0
2022,7,16,23,0.0,0.0,0.0,0.0,0.0,0.0,0.0,0.0
2022,7,17,0,0.0,0.0,0.0,0.0,0.0,0.0,0.0,0.0
2022,7,17,1,0.0,0.0,0.0,0.0,0.0,0.0,0.0,0.0
2022,7,17,2,0.0,0.0,0.0,0.0,0.0,0.0,0.0,0.0
2022,7,17,3,0.0,0.0,0.0,0.0,0.0,0.0,0.0,0.0
2022,7,17,4,0.0,0.0,0.0,0.0,0.0,0.0,0.0,0.0
2022,7,17,5,0.0,0.0,0.0,0.0,0.0,0.0,0.0,0.0
2022,7,17,6,0.08383099324968218,0.5519005363191584,0.35326540133630885,0.9483501323111319,17.409137984146334,27.352404991713115,30.26277918976652,28.74616164831454
2022,7,17,7,77.29779410523385,188.4677960485494,205.6589207320828,200.7284088637012,127.18406714032422,324.8103723018758,352.29142143339726,337.8382453039954
2022,7,17,8,256.46014951709833,451.19700657686803,469.88300759104686,424.9358298324019,299.70102917667316,534.772098208244,553.1758265986667,488.93917046950185
2022,7,17,9,431.76376404182446,589.6339182640093,602.8958178382819,490.644545111179,452.075600314701,631.3703360884293,641.4229009826176,499.3828161941551
2022,7,17,10,506.4468944618814,594.0435206114233,602.8764359748401,410.85961567505905,560.2394085051324,662.1958212619946,669.3977969686484,417.1675457929836
2022,7,17,11,626.8449481533527,670.8236298525474,678.6148547972648,316.6696670825866,626.607085927729,670.8996272968205,678.2808694707231,266.7836704641887
2022,7,17,12,627.9094678095171,648.1429749888617,658.3218928719966,180.79416808032147,655.9380993277299,681.455833219426,690.5762761604119,134.5680451819094
2022,7,17,13,563.7917134214264,606.4229785828259,613.7234862425847,271.9271497849806,641.1937515009841,692.5293070159754,699.616498287826,237.93224018315524
2022,7,17,14,618.5399609171474,736.0632810380279,745.9047939177256,424.56348011024903,586.8683533925848,703.3628248996661,710.8743876970595,363.7698882100433
2022,7,17,15,510.29745218390076,715.0695128234366,729.0477918157096,494.11019016648356,473.59694567649905,660.93233766638,672.7455002552289,440.08637097268746
2022,7,17,16,364.583942786377,647.1438629994519,673.5715630588893,504.8260482768175,337.9737080820199,604.4540288503754,626.7222373908743,456.4970490577267
2022,7,17,17,206.47590996822785,564.7534244036934,620.2204669584028,473.97183290515363,175.5783648316908,473.6181018281805,516.6036043329844,391.6301167752571
2022,7,17,18,69.90024017156965,365.0505499207269,528.4614983547272,271.2811171093807,56.37240100997106,253.63523767177813,358.88148294702853,188.09802017463036
2022,7,17,19,0.0,0.0,0.0,0.0,0.0,0.0,0.0,0.0
2022,7,17,20,0.0,0.0,0.0,0.0,0.0,0.0,0.0,0.0
2022,7,17,21,0.0,0.0,0.0,0.0,0.0,0.0,0.0,0.0
2022,7,17,22,0.0,0.0,0.0,0.0,0.0,0.0,0.0,0.0
2022,7,17,23,0.0,0.0,0.0,0.0,0.0,0.0,0.0,0.0
2022,7,18,0,0.0,0.0,0.0,0.0,0.0,0.0,0.0,0.0
2022,7,18,1,0.0,0.0,0.0,0.0,0.0,0.0,0.0,0.0
2022,7,18,2,0.0,0.0,0.0,0.0,0.0,0.0,0.0,0.0
2022,7,18,3,0.0,0.0,0.0,0.0,0.0,0.0,0.0,0.0
2022,7,18,4,0.0,0.0,0.0,0.0,0.0,0.0,0.0,0.0
2022,7,18,5,0.0,0.0,0.0,0.0,0.0,0.0,0.0,0.0
2022,7,18,6,-0.0,-0.0,-0.0,-0.0,15.091545808809174,70.058635638013,97.52614506294103,77.19971698421136
2022,7,18,7,82.34715204523202,254.18061787135625,282.7776888649722,268.72334540821475,129.63726910515996,400.7223239472615,440.9999047816733,415.5328769408311
2022,7,18,8,275.22065410612555,517.7788977195719,538.7894020598288,479.6654107917202,313.27469793211276,588.4082165582411,608.4716714656928,532.6151770652383
2022,7,18,9,444.2833376638997,630.1166703822839,641.1256259382499,509.3884138428152,473.5901193429506,673.8194767194659,681.5940862646122,520.9664451920024
2022,7,18,10,580.7571479952688,687.8509486487388,696.8377291442582,456.95020811796337,581.1912711144123,688.9413243675929,695.0969185993632,418.90218351443554
2022,7,18,11,652.4189488158813,698.1214794298547,706.7138407390058,304.35929944467034,647.9094549873447,697.5270823991215,704.5226621065731,257.3503870782472
2022,7,18,12,645.9604138240531,665.3771802001605,676.5502403368847,175.07784226217092,672.8049859899066,703.4280226093076,711.609155521162,126.6919915947079
2022,7,18,13,527.9950939650165,567.1315692570532,574.4024831486109,262.0464282193074,656.4887850825827,711.0891576563096,718.1612088603507,227.98059303199506
2022,7,18,14,475.47029380580943,560.2689140289821,569.7462075505587,342.88505707770975,595.2689606384866,714.5352464397265,720.948084659437,354.0021378434025
2022,7,18,15,349.3511705419676,459.09022078534355,472.68698407638783,343.7065864043294,493.34486378266246,716.898544894534,725.0685480693696,447.03479600755685
2022,7,18,16,341.73758409231846,657.4854916220571,684.8651427152059,490.7786299712719,346.25510714598255,685.2094283886732,709.4751264248615,490.3833066079389
2022,7,18,17,174.71467031815172,633.9129145086391,707.4706273732749,508.2913016937915,160.02694235812695,586.6943102052684,651.4913359002902,466.645518979117
2022,7,18,18,46.03689827560892,349.5138691904062,566.6309380932927,265.3458531729398,35.38120692834805,303.364982363674,487.5208585266794,225.59986841550926
2022,7,18,19,0.0,0.0,0.0,0.0,0.0,0.0,0.0,0.0
2022,7,18,20,0.0,0.0,0.0,0.0,0.0,0.0,0.0,0.0
2022,7,18,21,0.0,0.0,0.0,0.0,0.0,0.0,0.0,0.0
2022,7,18,22,0.0,0.0,0.0,0.0,0.0,0.0,0.0,0.0
2022,7,18,23,0.0,0.0,0.0,0.0,0.0,0.0,0.0,0.0
2022,7,19,0,0.0,0.0,0.0,0.0,0.0,0.0,0.0,0.0
2022,7,19,1,0.0,0.0,0.0,0.0,0.0,0.0,0.0,0.0
2022,7,19,2,0.0,0.0,0.0,0.0,0.0,0.0,0.0,0.0
2022,7,19,3,0.0,0.0,0.0,0.0,0.0,0.0,0.0,0.0
2022,7,19,4,0.0,0.0,0.0,0.0,0.0,0.0,0.0,0.0
2022,7,19,5,0.0,0.0,0.0,0.0,0.0,0.0,0.0,0.0
2022,7,19,6,-0.0,11.17316323572962,17.640447703864726,12.626122072683543,11.633759399926438,122.9022033259119,184.3465398237529,133.71100361442106
2022,7,19,7,99.48763274048343,373.6324289731408,417.2166618326689,389.25188824852853,135.3210849447991,474.9071455986851,525.2678503009199,489.8015892067138
2022,7,19,8,296.91554345794265,580.9476717204798,601.6409847178644,529.1001854009769,328.1221061656434,631.7237308827047,651.2033160037496,564.8417153329009
2022,7,19,9,431.17291691981256,612.2157621193793,622.7679965749467,494.76520395528206,484.40943442727905,694.6107164501925,701.9890919364335,530.0500157439591
2022,7,19,10,516.1358001745549,613.2904892656757,621.4746721111685,404.29219034939433,595.1355123468824,707.3975258707733,713.7772185851333,422.02639225774044
2022,7,19,11,637.4063377186708,681.5197475159896,690.3514718333738,294.6930967371073,662.8403440722025,713.8644213244706,721.4429350783741,254.58716441886065
2022,7,19,12,662.7163289813943,685.6913685926484,696.2979885345748,167.4593686766868,687.4815863750454,718.1510595853238,727.0981347096998,120.5366530046402
2022,7,19,13,608.849277296724,654.6518821071217,663.1146091854692,268.45010303559985,669.0743880571479,724.7197138109474,732.312025848648,223.37614245752306
2022,7,19,14,509.73610753726564,604.8507737022084,614.2938769647275,354.3064642265431,604.5296119122389,726.4244091912182,733.1166468796204,351.48696556937995
2022,7,19,15,463.11301967062207,658.9071735339805,671.9945829119714,445.9042352285968,496.7757094688284,719.9844957110292,728.6586490412022,445.17910083190424
2022,7,19,16,366.11224147065667,717.4754691243742,746.7071899851435,526.5627480687701,348.64584808901395,684.4775841848165,708.8397301176313,487.3430699897301
2022,7,19,17,179.4475612697945,641.3420403344096,715.5984268927181,513.7078517331136,164.19330518902507,579.4253249066486,642.355031070513,460.9858728738995
2022,7,19,18,48.421695503909326,346.94275460384534,565.3794108042161,264.09999790298224,36.32684408362259,302.5047508065715,481.6765294418998,221.75897589583084
2022,7,19,19,0.0,0.0,0.0,0.0,0.0,0.0,0.0,0.0
2022,7,19,20,0.0,0.0,0.0,0.0,0.0,0.0,0.0,0.0
2022,7,19,21,0.0,0.0,0.0,0.0,0.0,0.0,0.0,0.0
2022,7,19,22,0.0,0.0,0.0,0.0,0.0,0.0,0.0,0.0
2022,7,19,23,0.0,0.0,0.0,0.0,0.0,0.0,0.0,0.0
2022,7,20,0,0.0,0.0,0.0,0.0,0.0,0.0,0.0,0.0
2022,7,20,1,0.0,0.0,0.0,0.0,0.0,0.0,0.0,0.0
2022,7,20,2,0.0,0.0,0.0,0.0,0.0,0.0,0.0,0.0
2022,7,20,3,0.0,0.0,0.0,0.0,0.0,0.0,0.0,0.0
2022,7,20,4,0.0,0.0,0.0,0.0,0.0,0.0,0.0,0.0
2022,7,20,5,0.0,0.0,0.0,0.0,0.0,0.0,0.0,0.0
2022,7,20,6,-0.0,8.994152857257976,14.017800830049493,10.481003816451437,14.948044594676361,68.2314717677913,95.70716485675756,75.46863871301231
2022,7,20,7,90.43157587154387,313.5383000658535,351.0731804168369,330.47031745302655,131.67312410677084,412.37091692913015,454.1876396026199,428.0548962461894
2022,7,20,8,192.25274006823972,351.52198664777995,366.53723884700975,329.10758381142574,321.0183628341644,608.6441181275212,629.2575432856568,550.1117853741425
2022,7,20,9,412.9646240717189,584.4166706643529,595.3123270481759,474.7803565967286,478.98349217299875,680.5998630635482,689.0036119275443,527.261161112848
2022,7,20,10,612.2932855637665,725.343939057898,734.0601124856147,473.36257980249803,594.0729234611417,705.8321843788842,713.067092050244,429.4300439739479
2022,7,20,11,514.8184045846053,549.025163145027,556.7826141694879,268.29745942529144,665.6210521423743,713.4123242667727,722.0076059543376,263.3659992824016
2022,7,20,12,567.8289967093016,582.4988735766664,593.9892179249435,158.32597171211117,695.6392682952103,724.624280348475,734.127205630107,124.10868995384222
2022,7,20,13,518.3789422605173,555.8307624135974,563.6464109647925,252.57320505701315,675.1874433493797,729.7433959498507,737.7240581305053,227.4897230859962
2022,7,20,14,479.10369108478386,564.0059624169501,574.1403660863006,342.774823227489,610.7756122119598,733.3278094645761,740.1243516709724,357.6580333101486
2022,7,20,15,533.2004098950082,770.1452561369815,782.5437674178226,507.9004784364876,503.2769012576191,731.7926276813707,740.405753345536,452.9403091434671
2022,7,20,16,382.1031318081687,735.3289293422334,764.8544942754887,547.3535914644291,351.8171126886166,695.9189517406841,720.5530922601423,496.39826713636074
2022,7,20,17,182.89444370537922,635.5107727975726,708.0023333746268,512.962788706868,163.7998895155431,593.2162139128393,658.4580666250055,472.81698277490347
2022,7,20,18,44.11633870003582,368.5535176295306,595.3322063110173,273.1457784266597,33.9198269773986,307.47151605347904,495.67596031004155,224.97001449467362
2022,7,20,19,0.0,0.0,0.0,0.0,0.0,0.0,0.0,0.0
2022,7,20,20,0.0,0.0,0.0,0.0,0.0,0.0,0.0,0.0
2022,7,20,21,0.0,0.0,0.0,0.0,0.0,0.0,0.0,0.0
2022,7,20,22,0.0,0.0,0.0,0.0,0.0,0.0,0.0,0.0
2022,7,20,23,0.0,0.0,0.0,0.0,0.0,0.0,0.0,0.0
2022,7,21,0,0.0,0.0,0.0,0.0,0.0,0.0,0.0,0.0
2022,7,21,1,0.0,0.0,0.0,0.0,0.0,0.0,0.0,0.0
2022,7,21,2,0.0,0.0,0.0,0.0,0.0,0.0,0.0,0.0
2022,7,21,3,0.0,0.0,0.0,0.0,0.0,0.0,0.0,0.0
2022,7,21,4,0.0,0.0,0.0,0.0,0.0,0.0,0.0,0.0
2022,7,21,5,0.0,0.0,0.0,0.0,0.0,0.0,0.0,0.0
2022,7,21,6,-0.0,2.90298624743768,4.413865182803644,3.591312207172994,14.386754009415048,63.897553396008306,89.59302013653983,70.96258033545239
2022,7,21,7,86.17190778201713,290.0351976677429,324.5117735672184,306.87864957700856,129.69891149764973,398.47055155339035,438.63389666017645,414.66030932405965
2022,7,21,8,245.06414768644635,458.60152288624295,477.7173759666998,427.6555326043216,314.22782617449957,588.7910936528476,608.8201091892004,534.7275323670249
2022,7,21,9,375.03597646631613,514.3242582966016,526.0660352146485,428.40781928434313,468.929187204443,660.9379216021457,669.2016831155806,516.143342880003
2022,7,21,10,489.22694794141194,573.1429014553237,582.167530489574,394.853960872584,581.17055248807,686.9591680178019,694.111284497255,423.3687138700886
2022,7,21,11,594.7476978537409,633.4694876106993,642.4271520530638,289.4395469921017,654.6829044070595,699.8868563487518,708.5276121961739,261.53744724607907
2022,7,21,12,564.3536054152542,578.110951064679,589.427107682634,183.43383063896587,492.5687055323285,516.9636324309693,523.5362434977365,231.25759715337895
2022,7,21,13,306.22166752961465,328.47336590041255,332.3798182048183,198.8490369932027,662.3600812123992,712.3547939885568,721.0619914271762,230.49183688979963
2022,7,21,14,278.2095853574893,311.4626537187621,318.8342149048945,227.51989089809737,387.88326658618155,436.9271797877432,446.556651603353,292.6627959556422
2022,7,21,15,187.61655626545013,186.6665325567959,197.41369743784077,182.91697623245798,356.1938639715109,442.06328539671716,457.6997128525294,331.9535049040966
2022,7,21,16,328.9125959121348,505.02825595094157,525.2522714505284,417.05677212363736,305.2035450021716,490.16521968748566,508.31743943247653,386.9390622358612
2022,7,21,17,136.42664961082414,215.8384764877973,225.43853592337507,202.1056647971751,171.88969407236718,361.7374225542061,387.9823538257988,311.619005269457
2022,7,21,18,62.686479907972476,308.852946023684,407.9588061207015,212.7237532679844,59.872768897308916,159.19376889317022,190.0308500885722,117.82790722799082
2022,7,21,19,0.0,0.0,0.0,0.0,0.0,0.0,0.0,0.0
2022,7,21,20,0.0,0.0,0.0,0.0,0.0,0.0,0.0,0.0
2022,7,21,21,0.0,0.0,0.0,0.0,0.0,0.0,0.0,0.0
2022,7,21,22,0.0,0.0,0.0,0.0,0.0,0.0,0.0,0.0
2022,7,21,23,0.0,0.0,0.0,0.0,0.0,0.0,0.0,0.0
2022,7,22,0,0.0,0.0,0.0,0.0,0.0,0.0,0.0,0.0
2022,7,22,1,0.0,0.0,0.0,0.0,0.0,0.0,0.0,0.0
2022,7,22,2,0.0,0.0,0.0,0.0,0.0,0.0,0.0,0.0
2022,7,22,3,0.0,0.0,0.0,0.0,0.0,0.0,0.0,0.0
2022,7,22,4,0.0,0.0,0.0,0.0,0.0,0.0,0.0,0.0
2022,7,22,5,0.0,0.0,0.0,0.0,0.0,0.0,0.0,0.0
2022,7,22,6,-0.0,-0.0,-0.0,-0.0,13.252759773788512,56.91427199711138,79.76858302165782,63.78777358965572
2022,7,22,7,69.40382381050699,163.27702032218173,177.96344215439368,175.37811511183585,127.00725279957882,379.42308891050214,417.78172316953703,397.43452222813954
2022,7,22,8,199.41774162856962,346.5423887014723,362.13362976728547,330.70290200894226,308.2552156760317,569.3383901290897,589.339750655819,522.9179260124837
2022,7,22,9,230.20784355830645,277.25675308072346,287.6932573399212,251.60299794191084,222.72263558095227,243.22121831752142,254.58132026669654,227.5127522295829
2022,7,22,10,405.28037663298386,464.9991952687753,473.78002388042717,340.43291049235404,22.607535589047792,22.967028443540162,23.625803853213394,21.035624873934264
2022,7,22,11,225.004889356236,241.96423257593491,243.89569402947302,178.46314351335943,643.0304794982258,685.276574922256,694.0630854892586,271.68910962719565
2022,7,22,12,350.3863949764252,361.09209756914174,368.1172780593944,161.839951389706,409.8978546859092,429.20341165676604,434.8961174214474,209.5344369740726
2022,7,22,13,641.5428271846741,686.4294455915236,696.204131048831,296.9480652104935,394.48730476792593,423.19285917931336,428.2488409461029,250.59956843106627
2022,7,22,14,431.7613819952156,495.9404997502456,506.49334735436804,329.540571455978,444.77754250510947,509.8194919614401,520.3964447520657,326.6775858233696
2022,7,22,15,252.47287231960496,278.45812067070824,292.81055780477516,250.5812340527372,208.91420910671445,208.74900206143056,220.52580303328187,196.94552998537765
2022,7,22,16,198.05097320504507,217.30717941408446,221.45127673586276,213.21052257053083,161.29791795239404,166.8809715901108,168.192496073905,163.24152004420822
2022,7,22,17,175.31082711714032,317.30328177714904,338.8731115146598,291.02441699415436,151.98348941860021,258.7512842560677,271.51447473812055,234.2108178280129
2022,7,22,18,64.766375623778,364.9041841257788,471.09272044551045,244.37310619543766,58.64072631316403,234.6327682567328,301.97574347103614,163.15654858027713
2022,7,22,19,0.0,0.0,0.0,0.0,0.0,0.0,0.0,0.0
2022,7,22,20,0.0,0.0,0.0,0.0,0.0,0.0,0.0,0.0
2022,7,22,21,0.0,0.0,0.0,0.0,0.0,0.0,0.0,0.0
2022,7,22,22,0.0,0.0,0.0,0.0,0.0,0.0,0.0,0.0
2022,7,22,23,0.0,0.0,0.0,0.0,0.0,0.0,0.0,0.0
2022,7,23,0,0.0,0.0,0.0,0.0,0.0,0.0,0.0,0.0
2022,7,23,1,0.0,0.0,0.0,0.0,0.0,0.0,0.0,0.0
2022,7,23,2,0.0,0.0,0.0,0.0,0.0,0.0,0.0,0.0
2022,7,23,3,0.0,0.0,0.0,0.0,0.0,0.0,0.0,0.0
2022,7,23,4,0.0,0.0,0.0,0.0,0.0,0.0,0.0,0.0
2022,7,23,5,0.0,0.0,0.0,0.0,0.0,0.0,0.0,0.0
2022,7,23,6,-0.0,-0.0,-0.0,-0.0,12.680547937120304,74.64214756605648,111.18160481303637,81.39249341856723
2022,7,23,7,88.11769075963123,312.52609306120223,349.96472308211924,329.5346378534892,131.1408998045256,428.00098257151126,474.13281710934774,447.98104491811256
2022,7,23,8,300.52945697434274,530.2371215478954,551.1348121496412,499.4537255958846,317.42060654007446,598.7482761958521,619.3637591577732,546.2330044255978
2022,7,23,9,425.7551819899636,592.6454310669548,603.9465242052814,488.0078336383956,324.94057132598556,412.20099428640395,425.5174003096767,353.7462305518594
2022,7,23,10,558.0955054824742,657.0042090783405,665.2329290954443,432.6984238063731,589.0685104430481,694.3278760379254,701.7266680882188,431.16769824849325
2022,7,23,11,673.2561402217948,716.509467252782,726.5485969856946,304.5246415907426,659.1402323189494,704.4195299038983,713.2556624291698,269.7412262113846
2022,7,23,12,573.3768785680613,585.9744496221527,598.5443953591191,190.03826530998253,567.0969703866859,587.3305922633504,597.33281324193,219.6380328720532
2022,7,23,13,632.2601723412015,674.9200857162115,684.8289369884113,274.14877292333847,464.6135424117591,497.51084193459013,504.4290883087981,240.7536194809685
2022,7,23,14,475.8896748557713,558.0161648311353,567.5582528062365,340.2573185977661,364.6912730662399,408.69672564689307,418.226315929092,282.89819783938356
2022,7,23,15,210.5310209802396,230.7275182015968,242.36755466952914,206.96477837800052,496.8991838621118,714.2797292522395,723.8058499801019,457.3050268536007
2022,7,23,16,269.5616841369763,431.3700657266672,449.1069339533372,357.3030169394261,339.6477848004448,614.7851356627482,638.0259601849252,463.9908318154059
2022,7,23,17,155.89657508312894,282.93252496323817,300.53892074596325,255.8866371721221,163.18552057876423,577.9126165396672,642.1603974092952,466.04175180439614
2022,7,23,18,56.577277561873814,263.05161445342344,372.864357636786,188.75929054794136,55.45711368266694,230.97297129845978,315.4817920370596,164.0727650291222
2022,7,23,19,0.0,0.0,0.0,0.0,0.0,0.0,0.0,0.0
2022,7,23,20,0.0,0.0,0.0,0.0,0.0,0.0,0.0,0.0
2022,7,23,21,0.0,0.0,0.0,0.0,0.0,0.0,0.0,0.0
2022,7,23,22,0.0,0.0,0.0,0.0,0.0,0.0,0.0,0.0
2022,7,23,23,0.0,0.0,0.0,0.0,0.0,0.0,0.0,0.0
2022,7,24,0,0.0,0.0,0.0,0.0,0.0,0.0,0.0,0.0
2022,7,24,1,0.0,0.0,0.0,0.0,0.0,0.0,0.0,0.0
2022,7,24,2,0.0,0.0,0.0,0.0,0.0,0.0,0.0,0.0
2022,7,24,3,0.0,0.0,0.0,0.0,0.0,0.0,0.0,0.0
2022,7,24,4,0.0,0.0,0.0,0.0,0.0,0.0,0.0,0.0
2022,7,24,5,0.0,0.0,0.0,0.0,0.0,0.0,0.0,0.0
2022,7,24,6,-0.0,-0.0,-0.0,-0.0,10.009261236674533,102.72923663660869,158.58560457222657,113.32027530405416
2022,7,24,7,78.68067605839279,274.23830028980325,307.3164826449227,290.29219747231116,131.6816977016743,452.80712215723895,502.02592846869965,472.3508721446997
2022,7,24,8,288.0830087615151,539.932524505727,561.2377521669922,502.1926071549725,321.0032048666708,608.1423745534308,628.095026571593,553.5817299024451
2022,7,24,9,283.96250710013766,391.5975006729956,400.92177935466367,326.7190090428305,475.949478397139,674.7642745253338,682.7263394589204,528.4875610067783
2022,7,24,10,404.9245454184777,473.42911040407824,481.47422556333805,326.889823600408,585.53515360242,688.858336191257,696.2892649801489,428.5731798509701
2022,7,24,11,620.6562006084505,657.3716793682939,667.4590762822165,299.3918101442492,654.6635318526705,698.0218595552367,707.0799074444849,268.14639540044556
2022,7,24,12,348.2605353474104,351.7827764984621,361.35621415155026,121.80835813576749,124.21799756364733,137.90276503069603,136.71337503733378,110.96861945019256
2022,7,24,13,529.3193785754593,564.3333597815862,573.576067872575,232.09713878872364,664.9633082461628,712.8522395338475,722.0352801203124,238.1255372598229
2022,7,24,14,609.864515054161,723.9842311718218,734.6375901737421,406.24824817991646,605.1932459597626,720.4867817005841,728.2544618437086,365.90434498381234
2022,7,24,15,543.4613961722596,772.4395189743718,785.1431231020443,522.9173088896453,501.058507147885,723.4430905602545,732.3367631934589,458.97306790148747
2022,7,24,16,282.63049823071304,458.19684323284713,477.35025680617093,371.8759342559911,353.0811634897531,688.4081698418913,712.8425457608948,501.2588248873919
2022,7,24,17,190.1807883917875,577.8710901056298,639.6650882218568,478.2452020557747,161.77078336841942,593.0014573386649,659.6465080126612,476.04913917405867
2022,7,24,18,43.61570678009128,360.19605018500033,596.5625926249,266.14638195083256,33.81322264963484,292.58431096376614,490.9278610052141,216.98557505607488
2022,7,24,19,0.0,0.0,0.0,0.0,0.0,0.0,0.0,0.0
2022,7,24,20,0.0,0.0,0.0,0.0,0.0,0.0,0.0,0.0
2022,7,24,21,0.0,0.0,0.0,0.0,0.0,0.0,0.0,0.0
2022,7,24,22,0.0,0.0,0.0,0.0,0.0,0.0,0.0,0.0
2022,7,24,23,0.0,0.0,0.0,0.0,0.0,0.0,0.0,0.0
2022,7,25,0,0.0,0.0,0.0,0.0,0.0,0.0,0.0,0.0
2022,7,25,1,0.0,0.0,0.0,0.0,0.0,0.0,0.0,0.0
2022,7,25,2,0.0,0.0,0.0,0.0,0.0,0.0,0.0,0.0
2022,7,25,3,0.0,0.0,0.0,0.0,0.0,0.0,0.0,0.0
2022,7,25,4,0.0,0.0,0.0,0.0,0.0,0.0,0.0,0.0
2022,7,25,5,0.0,0.0,0.0,0.0,0.0,0.0,0.0,0.0
2022,7,25,6,-0.0,17.69505128345798,29.69947502391559,20.13211400748153,8.797286800854527,131.3428789822214,207.14281869376273,144.6854751289191
2022,7,25,7,103.15708195887417,379.69493266931727,422.5939426146968,397.68107394748813,135.9936209092994,481.04902431776725,532.2246465705286,500.44896452650715
2022,7,25,8,309.97502104786537,587.2830308656596,606.1617091682682,539.8287968822963,328.72027999195456,620.5796730962363,639.6102287775552,564.7935567685275
2022,7,25,9,474.5013523212555,667.438586994612,674.9865347363093,535.3816849510948,474.9798456246334,661.5003691242506,668.0463869249458,522.7935890136254
2022,7,25,10,550.0667317166908,646.3757699200615,654.4204773544657,422.95073028718576,583.4664671246543,682.634353283574,689.6640070884073,428.35696252718014
2022,7,25,11,388.3547290097875,409.7094289322768,416.8782159679025,212.3142280524539,659.6760326904392,701.4859557472961,710.8686498818007,267.3425348146056
2022,7,25,12,647.7935464303259,662.4573868073708,675.476130750594,158.27684198054467,689.311330793475,711.0073390320626,722.3562319339065,134.54414014216826
2022,7,25,13,697.1473808475673,745.5924953731942,755.9926520552416,270.9451049586291,675.1059436674374,722.8654953653395,732.6745029748723,238.19958254460775
2022,7,25,14,636.2061555620936,757.5360040948683,767.3083993961736,409.22560257578283,613.0467751196885,730.1145332100913,738.2920649296046,367.48928249350297
2022,7,25,15,531.9057980504905,764.7710229088663,775.9652668224854,503.48202263511473,507.42003527324766,733.7344898035448,742.8556517480564,462.3897847586716
2022,7,25,16,379.5922688579284,744.8735325455476,774.4177334835643,548.1524634998495,339.78230290333295,621.1134101661073,644.6300803526001,464.7203178083088
2022,7,25,17,176.0369516802478,604.1663928681327,673.5779940124501,490.86748164872154,162.49705026013973,597.5000791973818,664.9376218580944,478.9535679224183
2022,7,25,18,39.06896092715118,278.54475950733354,456.8538803424983,204.6697502734671,33.192477945755705,291.4204203475188,493.5565693993876,215.61087723278072
2022,7,25,19,0.0,0.0,0.0,0.0,0.0,0.0,0.0,0.0
2022,7,25,20,0.0,0.0,0.0,0.0,0.0,0.0,0.0,0.0
2022,7,25,21,0.0,0.0,0.0,0.0,0.0,0.0,0.0,0.0
2022,7,25,22,0.0,0.0,0.0,0.0,0.0,0.0,0.0,0.0
2022,7,25,23,0.0,0.0,0.0,0.0,0.0,0.0,0.0,0.0
2022,7,26,0,0.0,0.0,0.0,0.0,0.0,0.0,0.0,0.0
2022,7,26,1,0.0,0.0,0.0,0.0,0.0,0.0,0.0,0.0
2022,7,26,2,0.0,0.0,0.0,0.0,0.0,0.0,0.0,0.0
2022,7,26,3,0.0,0.0,0.0,0.0,0.0,0.0,0.0,0.0
2022,7,26,4,0.0,0.0,0.0,0.0,0.0,0.0,0.0,0.0
2022,7,26,5,0.0,0.0,0.0,0.0,0.0,0.0,0.0,0.0
2022,7,26,6,-0.0,4.831146904064229,8.824518923821163,5.829705197061537,9.450265210458584,97.15916737684081,151.8034655362195,107.57099369038535
2022,7,26,7,92.31219649027342,333.9949648850396,372.40944520802475,351.2445358555353,131.55549016576845,446.98129864399203,495.3653740986644,467.69937441103235
2022,7,26,8,203.36537039992905,386.8343112318885,402.91551420714967,360.2229476903364,320.9536744617701,603.8087246639326,623.5430131667957,551.282613349495
2022,7,26,9,440.4730220328748,621.8077614245093,631.8259994221326,503.7470875418249,474.67319994110164,669.5017309199726,677.5185713281512,526.6368667438583
2022,7,26,10,448.71096433189354,526.0289364001021,534.7781380331347,356.2009582787558,586.8963606929021,688.375384034557,696.3461889176078,429.48204660207887
2022,7,26,11,626.0685999875096,661.5425737269948,672.7951637982467,296.7987634433794,659.3941280794139,701.0400279082974,711.0375457968015,268.87430923028217
2022,7,26,12,580.7274767304574,591.1898306733622,605.1504457365058,196.39696573428043,688.3795330737573,709.3868552594091,721.2322399275012,136.29806790130368
2022,7,26,13,613.0982584711841,652.3949173094594,663.5053293665126,271.2758449768161,671.7507830785105,718.225194246678,728.4322651778145,238.5269234858791
2022,7,26,14,649.924885600076,772.5688768384742,783.1304984226224,418.3392131107545,609.475496929654,724.3589419959748,732.842547197374,366.4062836457732
2022,7,26,15,528.0857531186642,760.7773971575114,770.6669465072322,493.24004802585523,502.35055410180826,722.6539399776203,732.2484633052047,459.3271479998338
2022,7,26,16,364.8259340811957,705.5649479998108,734.4340219106911,523.6149408833288,352.1530131113337,688.506322515156,714.0000546944386,499.7065082285363
2022,7,26,17,203.74983137227395,656.1572282478363,727.4904854109408,538.0842312358754,164.28678213403018,500.29941484407215,552.7036498810071,410.4837137775039
2022,7,26,18,63.4005671607476,385.4994054529268,557.1154112597793,263.1744355142945,53.62606883854275,191.89962370885308,241.98618655285537,131.4794990772465
2022,7,26,19,0.0,0.0,0.0,0.0,0.0,0.0,0.0,0.0
2022,7,26,20,0.0,0.0,0.0,0.0,0.0,0.0,0.0,0.0
2022,7,26,21,0.0,0.0,0.0,0.0,0.0,0.0,0.0,0.0
2022,7,26,22,0.0,0.0,0.0,0.0,0.0,0.0,0.0,0.0
2022,7,26,23,0.0,0.0,0.0,0.0,0.0,0.0,0.0,0.0
2022,7,27,0,0.0,0.0,0.0,0.0,0.0,0.0,0.0,0.0
2022,7,27,1,0.0,0.0,0.0,0.0,0.0,0.0,0.0,0.0
2022,7,27,2,0.0,0.0,0.0,0.0,0.0,0.0,0.0,0.0
2022,7,27,3,0.0,0.0,0.0,0.0,0.0,0.0,0.0,0.0
2022,7,27,4,0.0,0.0,0.0,0.0,0.0,0.0,0.0,0.0
2022,7,27,5,0.0,0.0,0.0,0.0,0.0,0.0,0.0,0.0
2022,7,27,6,-0.0,7.798464576689243,12.895088908120874,9.25229155088363,8.910864282863681,93.69546737083846,147.5483301532765,103.83915704655654
2022,7,27,7,95.92565731298342,323.62357824006165,360.9816870871776,343.0701882994902,130.82746374085275,446.48480281101047,494.9915177911119,467.49679755014483
2022,7,27,8,238.17977048369693,444.46587312347185,463.1796125705306,416.2292666608831,322.0693427755844,606.2393126232118,626.2675436931713,553.7751131844275
2022,7,27,9,377.28481825927736,519.6110905132505,530.6161418573349,429.9760239522369,478.0136050300866,674.3420301409033,682.695229253092,530.0028115365833
2022,7,27,10,269.16359262545757,304.66018536223817,311.78669959557635,232.56621516889658,329.96113655196586,367.1233738660561,375.32513306040335,279.28986711856163
2022,7,27,11,433.2523794318664,456.52513540290437,465.2062753872422,230.15966088775852,663.6512985551074,704.3248670884549,714.8226142497176,270.33333483485376
2022,7,27,12,277.71089651240413,283.7535639844024,290.5004831681121,124.49505060297648,695.0278198875508,714.3683981323985,726.8798908799288,135.06340113058806
2022,7,27,13,261.87706894070925,278.3201107476953,283.14294972966195,147.51204858968583,478.1167337537948,509.2099199569652,517.2342462489283,240.90552150245296
2022,7,27,14,256.111816305207,286.25976880661767,293.024779677425,206.31415697079004,612.2748778560104,726.4837762139839,735.0473747702202,367.59024011319644
2022,7,27,15,472.28616145534045,655.4362343748047,669.8095050340692,455.02576945722285,504.3406235311731,721.9087759673811,730.2502615342383,458.88136461526005
2022,7,27,16,337.7985545333705,617.4422685844098,643.2541031997253,470.8435906153615,354.43491975042707,693.258531834899,717.7720426531575,505.08500964152574
2022,7,27,17,175.37874811696943,608.3103134341928,678.833704410962,493.779618762737,159.80337788235155,599.0997172304988,666.8448767051583,482.5110870304927
2022,7,27,18,40.36223283341768,326.5167625459685,552.8781871883765,239.54395879663988,28.210445025947163,293.01423714373124,508.1933560831655,214.88742008874536
2022,7,27,19,0.0,0.0,0.0,0.0,0.0,0.0,0.0,0.0
2022,7,27,20,0.0,0.0,0.0,0.0,0.0,0.0,0.0,0.0
2022,7,27,21,0.0,0.0,0.0,0.0,0.0,0.0,0.0,0.0
2022,7,27,22,0.0,0.0,0.0,0.0,0.0,0.0,0.0,0.0
2022,7,27,23,0.0,0.0,0.0,0.0,0.0,0.0,0.0,0.0
2022,7,28,0,0.0,0.0,0.0,0.0,0.0,0.0,0.0,0.0
2022,7,28,1,0.0,0.0,0.0,0.0,0.0,0.0,0.0,0.0
2022,7,28,2,0.0,0.0,0.0,0.0,0.0,0.0,0.0,0.0
2022,7,28,3,0.0,0.0,0.0,0.0,0.0,0.0,0.0,0.0
2022,7,28,4,0.0,0.0,0.0,0.0,0.0,0.0,0.0,0.0
2022,7,28,5,0.0,0.0,0.0,0.0,0.0,0.0,0.0,0.0
2022,7,28,6,-0.0,-0.0,-0.0,-0.0,8.450630736457107,107.13028287812865,173.40160029020726,117.08258276726295
2022,7,28,7,92.24010563717759,337.1300256218628,377.48732935291287,355.8410746213669,133.13627220494854,468.52443138793916,519.7731922025196,489.8092244413748
2022,7,28,8,281.8492366130698,540.8438804072115,561.0861075577483,499.1623193037277,328.39294742634286,623.3891268301057,643.8034723315114,567.9468474761497
2022,7,28,9,443.0573465215199,619.4213231900626,630.7838172302635,506.3930786273961,482.0216900869374,675.7139399738977,683.43369477331,530.5246174776983
2022,7,28,10,470.92073828940306,549.4164933636958,559.5041761438927,375.66751629419883,383.91057922308534,425.8717651703596,435.7773688788682,326.23453452611903
2022,7,28,11,269.1200413633684,285.48840674736243,289.4521270457129,185.8357448101265,366.7519272998754,389.9697058643972,395.2248941264194,248.20464200563435
2022,7,28,12,275.36753572191867,285.9411581904823,290.6341714312492,163.41082236873157,577.6618174029187,585.7363114913254,600.5661843794104,141.53236309293848
2022,7,28,13,603.3421565629678,638.87632361499,650.0994277376363,295.75418214719747,247.81850845131783,267.38440072931655,268.3918191316449,212.245269528292
2022,7,28,14,321.7257168257411,370.7051945187723,378.95182923518615,235.98235370257692,486.83049045507016,565.7866060984672,577.4003578401368,332.03735136964605
2022,7,28,15,244.66178305691602,292.31592891834254,304.77641105907367,241.63090582180854,502.2946933698098,719.661120242681,729.5322792455769,459.95316318588834
2022,7,28,16,324.07967242682906,594.933134196865,619.9385737279907,453.59520228164536,351.8873341996075,682.8710008647106,708.4644766077522,498.7362312814801
2022,7,28,17,192.37743692651213,625.9347595027251,694.998112419332,513.8518572992086,163.74900313790005,576.994743286108,641.7092180116888,467.6121005576275
2022,7,28,18,43.30824359406383,330.15665362099264,581.6208438156942,249.24591330229538,32.563047290901615,278.6545731503352,474.68948198611656,201.73257600333366
2022,7,28,19,0.0,0.0,0.0,0.0,0.0,0.0,0.0,0.0
2022,7,28,20,0.0,0.0,0.0,0.0,0.0,0.0,0.0,0.0
2022,7,28,21,0.0,0.0,0.0,0.0,0.0,0.0,0.0,0.0
2022,7,28,22,0.0,0.0,0.0,0.0,0.0,0.0,0.0,0.0
2022,7,28,23,0.0,0.0,0.0,0.0,0.0,0.0,0.0,0.0
2022,7,29,0,0.0,0.0,0.0,0.0,0.0,0.0,0.0,0.0
2022,7,29,1,0.0,0.0,0.0,0.0,0.0,0.0,0.0,0.0
2022,7,29,2,0.0,0.0,0.0,0.0,0.0,0.0,0.0,0.0
2022,7,29,3,0.0,0.0,0.0,0.0,0.0,0.0,0.0,0.0
2022,7,29,4,0.0,0.0,0.0,0.0,0.0,0.0,0.0,0.0
2022,7,29,5,0.0,0.0,0.0,0.0,0.0,0.0,0.0,0.0
2022,7,29,6,-0.0,-0.0,-0.0,-0.0,8.971136829267069,85.58326875765901,134.99261711078233,95.97775236654375
2022,7,29,7,77.9855053229877,274.93819527721297,308.2447769584594,292.06324667064774,131.53035737414572,445.01075341968334,493.93330892958,467.4268634529996
2022,7,29,8,102.02831086094653,161.16511255618343,168.09416630034949,157.50378179159927,321.76646261309577,609.0844778820504,630.0936642593085,556.4767320801676
2022,7,29,9,280.7942495239756,386.2008932763822,395.77491298853363,322.39323714003194,478.9864918230555,674.2778729687669,683.0888550210537,530.8075547365033
2022,7,29,10,455.96890294412674,534.0636227119431,543.7523121857448,358.13824967265833,590.7809857949911,689.9518213001115,699.0947045812392,431.97157254086255
2022,7,29,11,392.9969320130175,412.2948751805224,420.9551903420492,216.46738592661612,412.0803401605382,437.49589803756027,443.69068750616884,260.0668989660983
2022,7,29,12,391.5230716100581,392.90808394977023,405.1394453240275,138.4099039028492,138.32821593764726,153.22509408340593,151.71448519267233,122.10383052190123
2022,7,29,13,250.12572812765725,265.74100214540385,269.5827672913779,167.65950241218977,604.7294327653531,641.5359392867521,652.988636114329,219.08833966025742
2022,7,29,14,366.6415380745697,433.57033948735454,442.2389570379467,249.0310657213662,312.37980306570216,337.24641328868915,346.73186364424305,259.11953963132584
2022,7,29,15,457.12189991142407,638.0776320003329,651.3662191274653,445.6228330860726,501.62075449499883,717.4270408126085,727.362155647807,459.86696188055066
2022,7,29,16,265.61043999413533,480.5426458217915,501.89221676895056,371.75854397567576,296.04161303290124,482.16157885149295,500.367052795839,381.13155319889603
2022,7,29,17,182.80798674216817,606.4310544298318,675.0228336747134,499.2954926236029,162.84045489205175,575.8376705397352,640.7141220599367,467.0324530902707
2022,7,29,18,52.99041773950374,321.2818523615522,539.7826920640521,237.45651883612393,32.0277154577848,274.57830749563493,472.3707357535078,198.15679625301334
2022,7,29,19,0.0,0.0,0.0,0.0,0.0,0.0,0.0,0.0
2022,7,29,20,0.0,0.0,0.0,0.0,0.0,0.0,0.0,0.0
2022,7,29,21,0.0,0.0,0.0,0.0,0.0,0.0,0.0,0.0
2022,7,29,22,0.0,0.0,0.0,0.0,0.0,0.0,0.0,0.0
2022,7,29,23,0.0,0.0,0.0,0.0,0.0,0.0,0.0,0.0
2022,7,30,0,0.0,0.0,0.0,0.0,0.0,0.0,0.0,0.0
2022,7,30,1,0.0,0.0,0.0,0.0,0.0,0.0,0.0,0.0
2022,7,30,2,0.0,0.0,0.0,0.0,0.0,0.0,0.0,0.0
2022,7,30,3,0.0,0.0,0.0,0.0,0.0,0.0,0.0,0.0
2022,7,30,4,0.0,0.0,0.0,0.0,0.0,0.0,0.0,0.0
2022,7,30,5,0.0,0.0,0.0,0.0,0.0,0.0,0.0,0.0
2022,7,30,6,-0.0,-0.0,-0.0,-0.0,8.440248037754591,82.25739848260613,130.73200687334668,92.37194113668478
2022,7,30,7,77.84560139938527,196.58043139730944,215.01006139569273,211.11924960418705,130.6048294919961,439.84276904065933,488.0010313858083,462.477958942689
2022,7,30,8,231.94669949739057,414.33428633609486,431.3038420806333,391.5270776084164,320.2504313015972,601.6121051789787,622.2960634080532,551.1867063559658
2022,7,30,9,240.5828349197655,289.81351739233565,300.54798919386917,262.7017409042626,309.7225961127028,368.7573764377998,382.95448227768475,328.5858774367178
2022,7,30,10,292.60225220214323,316.7406760721058,324.76955099315416,263.6763852187547,329.10187758420136,361.88692430751354,371.23322519890564,283.52110360402327
2022,7,30,11,220.4679404175887,237.90889375431254,238.41818188836166,200.80214485414862,364.06479874605253,388.3912283471969,392.4446405397213,262.7638532474352
2022,7,30,12,442.2263990387979,457.9339089806575,465.86250713206294,235.47853473116925,367.5115703893039,388.4093113995997,391.919070018004,225.72181848907096
2022,7,30,13,363.8178720439423,387.82646744060327,392.59091391860665,270.28845763586213,481.6182559720065,510.2349529478516,519.3869765244683,252.72004440588296
2022,7,30,14,402.72371994512173,440.8128068252511,452.8617228990635,334.65154652102615,528.9717343474897,613.9240368290774,626.2014795512638,356.5597994385775
2022,7,30,15,348.02565093677777,417.357828617519,436.02019998194106,342.73001255919155,500.0601705309512,711.1534992129666,722.4038787071728,462.5260934869046
2022,7,30,16,368.358621233187,628.7110923187239,654.8955041710402,499.07433045516456,351.83303050142143,665.9280046685014,691.4810799347807,495.2296969464982
2022,7,30,17,180.17169950862416,425.5090884077037,465.5630064202284,368.1993377822973,168.0256070334616,550.4095931995977,610.5891670341904,452.07137911093406
2022,7,30,18,69.59869169084249,374.29820010423833,567.2742694879853,261.25016012482877,53.52086577051807,254.45492724519087,362.6101405375143,171.61875243049894
2022,7,30,19,0.0,0.0,0.0,0.0,0.0,0.0,0.0,0.0
2022,7,30,20,0.0,0.0,0.0,0.0,0.0,0.0,0.0,0.0
2022,7,30,21,0.0,0.0,0.0,0.0,0.0,0.0,0.0,0.0
2022,7,30,22,0.0,0.0,0.0,0.0,0.0,0.0,0.0,0.0
2022,7,30,23,0.0,0.0,0.0,0.0,0.0,0.0,0.0,0.0
2022,7,31,0,0.0,0.0,0.0,0.0,0.0,0.0,0.0,0.0
2022,7,31,1,0.0,0.0,0.0,0.0,0.0,0.0,0.0,0.0
2022,7,31,2,0.0,0.0,0.0,0.0,0.0,0.0,0.0,0.0
2022,7,31,3,0.0,0.0,0.0,0.0,0.0,0.0,0.0,0.0
2022,7,31,4,0.0,0.0,0.0,0.0,0.0,0.0,0.0,0.0
2022,7,31,5,0.0,0.0,0.0,0.0,0.0,0.0,0.0,0.0
2022,7,31,6,-0.0,-0.0,-0.0,-0.0,9.76746449927453,49.354529536115194,75.1668094459367,55.28449038706651
2022,7,31,7,74.54412975290953,226.99811326798158,253.14671154607547,243.5724289210241,127.88888036537482,401.31452024370145,443.28680758585654,422.6713568185083
2022,7,31,8,266.4338825363642,478.84183757529297,498.15512851636925,450.734310637339,317.62227040542757,588.431245148792,609.5026362692352,542.0929246882779
2022,7,31,9,423.0170183979984,574.2370767457228,587.0818187918755,479.54096890373745,475.8607760247885,662.8317819820792,672.3845403607365,526.8835276907971
2022,7,31,10,517.0527419169276,594.0358746622982,606.0146963915911,418.0791337169425,594.0527933360929,691.6761323999334,702.1812693782367,437.19908991556844
2022,7,31,11,700.7423883378531,734.0741546319671,748.7825166862867,337.36705591691594,663.3175755805163,698.7853633053586,711.0925356204771,272.659630077784
2022,7,31,12,712.6205176151626,720.6925864153393,738.912541857079,202.32826731847905,692.9280039773507,707.4863759529085,721.9123964854921,138.96969890182558
2022,7,31,13,699.7214916814883,736.9271129283613,751.7869659390933,294.1173094331124,677.7016098366156,718.0494177009009,730.7987756708078,241.82965968093495
2022,7,31,14,639.3648335586757,754.3507759383862,766.3283190023834,409.73210062484765,614.9172409539216,724.8190678403284,735.3092668371859,370.0904596840145
2022,7,31,15,532.5998941673886,762.1803086000976,773.943822849712,502.5680047723721,507.7252846159103,726.6116244090862,736.9330955441335,463.0656339415637
2022,7,31,16,378.59651511237115,736.1926874016061,766.2022641333442,546.3713559148575,355.7158981657165,691.590903030275,717.9909766398368,503.2112058565145
2022,7,31,17,191.86294901367924,643.9739289657759,717.2082587423862,528.6997608660413,163.74205261437956,585.0170334774382,651.91175421175,472.4106767103771
2022,7,31,18,48.53643436053015,260.98446826216883,417.4076547089357,185.5618024174121,34.85039023816519,256.18375919990086,457.5453041991443,189.12663192906027
2022,7,31,19,0.0,0.0,0.0,0.0,0.0,0.0,0.0,0.0
2022,7,31,20,0.0,0.0,0.0,0.0,0.0,0.0,0.0,0.0
2022,7,31,21,0.0,0.0,0.0,0.0,0.0,0.0,0.0,0.0
2022,7,31,22,0.0,0.0,0.0,0.0,0.0,0.0,0.0,0.0
2022,7,31,23,0.0,0.0,0.0,0.0,0.0,0.0,0.0,0.0
2022,8,1,0,0.0,0.0,0.0,0.0,0.0,0.0,0.0,0.0
2022,8,1,1,0.0,0.0,0.0,0.0,0.0,0.0,0.0,0.0
2022,8,1,2,0.0,0.0,0.0,0.0,0.0,0.0,0.0,0.0
2022,8,1,3,0.0,0.0,0.0,0.0,0.0,0.0,0.0,0.0
2022,8,1,4,0.0,0.0,0.0,0.0,0.0,0.0,0.0,0.0
2022,8,1,5,0.0,0.0,0.0,0.0,0.0,0.0,0.0,0.0
2022,8,1,6,-0.0,-0.0,-0.0,-0.0,7.922759647688839,81.30868054748629,131.8811125794292,91.27223923124772
2022,8,1,7,95.08032990852413,345.0434296200705,386.2773733280059,365.35705708495294,131.21391527686043,447.5504333474694,497.329467361072,471.2654833507993
2022,8,1,8,241.17940676467262,456.7399912991612,475.9041211714481,425.9590003020804,326.09548586905885,611.6537411139406,632.6873471872137,560.6690115534392
2022,8,1,9,263.49966331429573,359.6215839083913,369.2379754337096,302.5797043526041,483.77519796064786,679.0555574404588,688.470020197101,535.1361105207623
2022,8,1,10,412.17803074370994,475.33346658298797,485.95104821792063,332.8585074504945,597.4782236461265,694.6925813898453,705.1681201004676,434.7860627928509
2022,8,1,11,173.5408089927175,183.30539382366098,186.17831592819113,121.41501508643002,669.7317028339988,704.2144446661305,717.3590193130802,271.2693766910899
2022,8,1,12,471.7722071675918,473.29335711964376,488.1750768428543,169.1398842135378,395.24430315643895,409.6087054099494,417.0093960724318,206.80829073838441
2022,8,1,13,150.89238859654583,161.09286622930537,162.56191568760147,122.33965039177278,588.5228012055647,619.6668574125123,633.1351574120025,229.91339881259427
2022,8,1,14,575.694890589135,668.1392190482194,680.9802987346543,400.8630452500584,297.271928111698,320.7883426011747,329.6637471895457,244.19750675870802
2022,8,1,15,410.8544147412535,536.1211835809878,552.0661864821147,401.71923393510144,400.25861109771733,526.376401913914,541.1070727158381,374.1883882482585
2022,8,1,16,211.07077092201996,265.6079754506194,273.9619577850069,245.32250338032236,220.4063031798839,286.36952772885417,294.26122442971763,250.70065346894262
2022,8,1,17,186.3297531144859,450.78840104286644,493.7073791918702,391.0110098240567,162.25475228237138,584.6152174489868,651.5830208515496,474.0996839871167
2022,8,1,18,45.151031879891306,255.05592184378872,418.1702116330369,181.11667872970136,31.802356256076997,258.3013661564666,468.5112771875093,189.42901029605255
2022,8,1,19,0.0,0.0,0.0,0.0,0.0,0.0,0.0,0.0
2022,8,1,20,0.0,0.0,0.0,0.0,0.0,0.0,0.0,0.0
2022,8,1,21,0.0,0.0,0.0,0.0,0.0,0.0,0.0,0.0
2022,8,1,22,0.0,0.0,0.0,0.0,0.0,0.0,0.0,0.0
2022,8,1,23,0.0,0.0,0.0,0.0,0.0,0.0,0.0,0.0
2022,8,2,0,0.0,0.0,0.0,0.0,0.0,0.0,0.0,0.0
2022,8,2,1,0.0,0.0,0.0,0.0,0.0,0.0,0.0,0.0
2022,8,2,2,0.0,0.0,0.0,0.0,0.0,0.0,0.0,0.0
2022,8,2,3,0.0,0.0,0.0,0.0,0.0,0.0,0.0,0.0
2022,8,2,4,0.0,0.0,0.0,0.0,0.0,0.0,0.0,0.0
2022,8,2,5,0.0,0.0,0.0,0.0,0.0,0.0,0.0,0.0
2022,8,2,6,-0.0,-0.0,0.48222591493155487,-0.0,7.379324859333826,72.42417713432681,117.07920151938387,82.07909314828018
2022,8,2,7,86.0432601039013,296.0601203488593,332.1065433047478,316.0954270721778,130.5549233040298,437.2619788191594,485.89371145532846,461.5340168645697
2022,8,2,8,252.45322245827094,479.5828246003869,499.3185547750806,446.3028062473871,324.5904905964541,610.0905170811612,631.7592003997013,559.5503098662846
2022,8,2,9,417.16002003830306,579.3904605701123,591.6217928136788,476.58602988319865,485.460641624944,679.5097629262349,689.1302898661044,536.5120445149518
2022,8,2,10,514.3656735863303,595.6111244140799,608.1598393228666,404.9884349751889,599.0402864794345,694.6499733819487,705.5134589001747,436.25739012193895
2022,8,2,11,629.8784948564193,656.717955142708,671.6578029359588,290.3144782311261,668.6388427350008,701.4608260017578,715.053266918521,271.72268924977686
2022,8,2,12,496.17288784543416,496.53195644561725,512.2641853693092,158.18091719581466,432.883724396414,441.0897742624391,452.38880730267044,181.84821526924154
2022,8,2,13,337.23969014838815,355.0518659790504,362.61299720383107,190.40586825636876,675.4182880460279,712.6898467368947,726.3971873242376,242.27481270470352
2022,8,2,14,357.0339212822558,405.9402341122985,416.32070088280545,268.5105998859714,610.5853005313171,716.206756039675,727.3190111909299,370.5682544654305
2022,8,2,15,476.80067406967015,644.3497080197717,662.1491233403277,460.8199545127766,504.87092255184393,717.8957049428,728.7325026247462,463.05810511603
2022,8,2,16,382.17150299548024,729.7538547432559,760.6379038295509,545.0762088642816,354.60586262461504,684.178456324059,710.554407298149,502.56740264177444
2022,8,2,17,183.0002416077324,638.0786825116437,713.2776430218869,519.3821973807786,163.10103164278397,579.4664697116777,645.8951330976823,470.94444546943964
2022,8,2,18,41.94029950001111,325.96930710826734,589.5174493567366,235.41208431722262,34.23457682909657,247.31785898752142,452.61424439707275,182.26697024981155
2022,8,2,19,0.0,0.0,0.0,0.0,0.0,0.0,0.0,0.0
2022,8,2,20,0.0,0.0,0.0,0.0,0.0,0.0,0.0,0.0
2022,8,2,21,0.0,0.0,0.0,0.0,0.0,0.0,0.0,0.0
2022,8,2,22,0.0,0.0,0.0,0.0,0.0,0.0,0.0,0.0
2022,8,2,23,0.0,0.0,0.0,0.0,0.0,0.0,0.0,0.0
2022,8,3,0,0.0,0.0,0.0,0.0,0.0,0.0,0.0,0.0
2022,8,3,1,0.0,0.0,0.0,0.0,0.0,0.0,0.0,0.0
2022,8,3,2,0.0,0.0,0.0,0.0,0.0,0.0,0.0,0.0
2022,8,3,3,0.0,0.0,0.0,0.0,0.0,0.0,0.0,0.0
2022,8,3,4,0.0,0.0,0.0,0.0,0.0,0.0,0.0,0.0
2022,8,3,5,0.0,0.0,0.0,0.0,0.0,0.0,0.0,0.0
2022,8,3,6,-0.0,0.19763987161008276,1.3933938896318123,0.6330942946267722,8.619769884390607,51.34540635067801,82.53168678475434,56.94493489436497
2022,8,3,7,82.0080951495135,279.9553591076403,314.67369245905627,300.0555811181437,132.12297800550255,433.53731823988704,481.8557151466746,458.97553285485077
2022,8,3,8,254.6060624549913,478.3476837832483,498.6426896199856,447.34059039402575,328.7040536295683,615.5550057884726,637.7801022978285,565.5016742209706
2022,8,3,9,412.4770975977049,570.8535122746026,583.2916614611729,470.96053908814906,491.0469774153061,686.0068293558222,696.2306385605459,542.351737264935
2022,8,3,10,552.1264797369632,637.9214969585684,651.5411595335704,432.95015038238733,609.2699473259997,707.527355475188,719.7294559326282,443.9823312568622
2022,8,3,11,566.8422998100922,590.4555825555918,604.8735988251417,279.43569490829105,675.0536088279717,707.3311252552312,721.7470274249982,274.5807109783626
2022,8,3,12,361.261972789637,365.44052169274914,375.7564899956993,144.9897151947729,703.0624035172681,713.5160235923029,730.2021745564398,139.8796677592766
2022,8,3,13,665.457524782352,698.2653852845588,714.407973721864,292.2852624552019,326.57915648885194,347.8040026036976,352.0595232642469,232.425888647623
2022,8,3,14,603.0142328890496,696.8986299221576,712.4332966991146,420.34689227734805,618.2740807647638,726.7645694904168,739.2140401407283,374.4321249651844
2022,8,3,15,535.9275475666687,738.8230232604753,756.1225635811652,512.8749995516968,505.53748536533357,716.8408163946651,728.411597279843,463.09158769393747
2022,8,3,16,298.258706069614,481.5633874464654,502.1912127325291,390.28711397958796,353.7774350895189,675.7479144822779,702.4602498723564,498.5180785175141
2022,8,3,17,187.1025547862941,495.8503935653165,546.1350308289558,419.18748733516367,172.7807617088441,493.08028586711094,543.8738758944974,411.8089176309125
2022,8,3,18,54.476877789062925,306.55594248192654,447.9765501592726,195.36064299031304,51.77819499958021,270.63918580307694,394.6855014528219,173.3686280313364
2022,8,3,19,0.0,0.0,0.0,0.0,0.0,0.0,0.0,0.0
2022,8,3,20,0.0,0.0,0.0,0.0,0.0,0.0,0.0,0.0
2022,8,3,21,0.0,0.0,0.0,0.0,0.0,0.0,0.0,0.0
2022,8,3,22,0.0,0.0,0.0,0.0,0.0,0.0,0.0,0.0
2022,8,3,23,0.0,0.0,0.0,0.0,0.0,0.0,0.0,0.0
2022,8,4,0,0.0,0.0,0.0,0.0,0.0,0.0,0.0,0.0
2022,8,4,1,0.0,0.0,0.0,0.0,0.0,0.0,0.0,0.0
2022,8,4,2,0.0,0.0,0.0,0.0,0.0,0.0,0.0,0.0
2022,8,4,3,0.0,0.0,0.0,0.0,0.0,0.0,0.0,0.0
2022,8,4,4,0.0,0.0,0.0,0.0,0.0,0.0,0.0,0.0
2022,8,4,5,0.0,0.0,0.0,0.0,0.0,0.0,0.0,0.0
2022,8,4,6,-0.0,-0.0,-0.0,-0.0,8.85526071271227,27.054114457491767,40.26832483044094,29.660870754554495
2022,8,4,7,65.3379307309164,192.0634782110242,214.59035099765813,208.04526898848007,125.49200505946219,381.9730851718836,422.01243770248385,404.46093608178984
2022,8,4,8,231.06713456686558,414.6013395903297,432.1880410168998,391.8915284203919,319.25448433574115,586.4712008837928,607.9247849996989,541.1913398860136
2022,8,4,9,349.6925801774225,470.6995032772797,483.87994472293826,397.50941907534434,480.92922252947636,665.2873288359607,676.1559402933708,528.3732999831836
2022,8,4,10,465.45242916839334,532.3930610927221,545.1277426591595,375.5592455326377,598.9608892532904,692.395074126612,704.6824763663981,435.5914957288098
2022,8,4,11,590.1445094859026,613.0339681346086,628.3844655591272,286.2679217628006,644.351030247355,671.2618575397443,686.5150633513807,265.40147556493343
2022,8,4,12,504.2123555154228,503.45887034614043,520.345299793837,173.86576557539584,690.690850980048,694.2027312514917,713.589478043764,135.61414324687436
2022,8,4,13,391.48201296924844,410.73044992190745,419.7531981435222,225.28833570336556,489.31406784308024,517.0450518880388,526.2551279110558,288.84989233111946
2022,8,4,14,415.5752529667394,472.54610125173747,484.68421773411967,307.7135587645341,605.6599799625284,707.5944534261181,720.1822897565389,371.51916937400273
2022,8,4,15,329.62022029615156,405.8902354308883,421.75676692301204,320.695104775669,453.6058372414241,633.2145012518407,646.2996618945815,420.96628042231947
2022,8,4,16,285.4662155232333,422.1358947316801,439.03052659955995,357.61032732226283,289.35166486991835,437.6607217414702,452.4604034043031,356.19302995487357
2022,8,4,17,149.62874787081805,252.40626663204424,267.1530790067535,235.38426859608344,177.08495890948296,471.75605837551353,516.3274405761117,397.3019851495381
2022,8,4,18,52.88165151045773,371.4191522909425,513.0521165342484,217.5857865745967,51.95044580341748,171.7017584639834,213.37275098655988,109.5127006959369
2022,8,4,19,0.0,0.0,0.0,0.0,0.0,0.0,0.0,0.0
2022,8,4,20,0.0,0.0,0.0,0.0,0.0,0.0,0.0,0.0
2022,8,4,21,0.0,0.0,0.0,0.0,0.0,0.0,0.0,0.0
2022,8,4,22,0.0,0.0,0.0,0.0,0.0,0.0,0.0,0.0
2022,8,4,23,0.0,0.0,0.0,0.0,0.0,0.0,0.0,0.0
2022,8,5,0,0.0,0.0,0.0,0.0,0.0,0.0,0.0,0.0
2022,8,5,1,0.0,0.0,0.0,0.0,0.0,0.0,0.0,0.0
2022,8,5,2,0.0,0.0,0.0,0.0,0.0,0.0,0.0,0.0
2022,8,5,3,0.0,0.0,0.0,0.0,0.0,0.0,0.0,0.0
2022,8,5,4,0.0,0.0,0.0,0.0,0.0,0.0,0.0,0.0
2022,8,5,5,0.0,0.0,0.0,0.0,0.0,0.0,0.0,0.0
2022,8,5,6,-0.0,-0.0,-0.0,-0.0,7.434753941211728,41.21759262691954,65.83918446843138,46.26996185112692
2022,8,5,7,31.874944423963516,55.33055400581175,57.868141254045426,61.06026103178278,124.9097529375407,387.55847544925035,427.98891417919623,409.85459183978577
2022,8,5,8,198.51312236846542,339.40418952192687,355.09140488875966,327.26983414784314,218.3487232419532,317.05527283569023,326.70248101213633,306.1263031696536
2022,8,5,9,227.3088913326097,252.1104317339459,263.83683319716926,239.68165994871617,315.32176865286,380.63113818524704,394.3207598058327,333.0896406122551
2022,8,5,10,301.32723681958265,329.2967505426685,338.3515271307637,267.50850627847313,80.64834283016458,81.71376134856932,83.64852663206467,75.06184417171744
2022,8,5,11,40.563821152830215,44.2639648698638,44.01769975675513,39.63097934530435,161.14710830215355,174.3356009267734,174.03019211353634,143.68801886480637
2022,8,5,12,52.191224043606724,58.342587697211826,57.33842040118645,50.041775943814486,44.97311591130051,50.58142318714853,49.64339742987378,41.548812658417646
2022,8,5,13,70.19027764621428,75.77743911836399,75.68424087016189,66.99451202318645,63.82193347337363,69.17043007841865,68.99070523368363,58.886140010928976
2022,8,5,14,41.38210262261561,41.43926226133653,42.59859560835634,40.240387074476075,69.61160874798635,69.82606871280983,71.66173324435964,64.59410770684141
2022,8,5,15,56.53751957730557,50.28581065368935,53.69390635932032,55.12332536321126,58.656927840684126,51.962156193127385,55.394001277925376,54.542611896436455
2022,8,5,16,41.143562028179616,35.85386633899977,34.91556136384325,39.85610382143898,56.80086270377207,49.570632790769885,47.900461634512276,52.712714206329274
2022,8,5,17,55.30599273490225,51.70043785404952,45.562499655749555,56.11379722212854,48.71207970424948,44.37091315667246,37.812036658913435,46.47781298586374
2022,8,5,18,35.28623084000591,62.33809717732247,66.09225169852559,48.86647776335891,31.934621895201825,51.705663942687565,52.426547018453995,40.49024032704556
2022,8,5,19,0.0,0.0,0.0,0.0,0.0,0.0,0.0,0.0
2022,8,5,20,0.0,0.0,0.0,0.0,0.0,0.0,0.0,0.0
2022,8,5,21,0.0,0.0,0.0,0.0,0.0,0.0,0.0,0.0
2022,8,5,22,0.0,0.0,0.0,0.0,0.0,0.0,0.0,0.0
2022,8,5,23,0.0,0.0,0.0,0.0,0.0,0.0,0.0,0.0
2022,8,6,0,0.0,0.0,0.0,0.0,0.0,0.0,0.0,0.0
2022,8,6,1,0.0,0.0,0.0,0.0,0.0,0.0,0.0,0.0
2022,8,6,2,0.0,0.0,0.0,0.0,0.0,0.0,0.0,0.0
2022,8,6,3,0.0,0.0,0.0,0.0,0.0,0.0,0.0,0.0
2022,8,6,4,0.0,0.0,0.0,0.0,0.0,0.0,0.0,0.0
2022,8,6,5,0.0,0.0,0.0,0.0,0.0,0.0,0.0,0.0
2022,8,6,6,-0.0,-0.0,-0.0,-0.0,4.487144908799987,3.4168635325074135,1.38888140242798,3.7928781017173168
2022,8,6,7,6.043384422205531,5.09024405643824,3.9938912605730783,5.934542929910205,-0.0,-0.0,-0.0,-0.0
2022,8,6,8,23.880225967049668,20.817015406548954,20.48092242595711,23.185210632236863,102.24805862493854,99.10534320537333,98.36177936178423,103.04399719257977
2022,8,6,9,23.356359620020225,21.111963562317285,22.57586941287893,22.682288712531577,6.27905840883713,5.251444257959844,5.79556516219904,5.533412312622415
2022,8,6,10,188.05564292967358,199.33034945600818,204.64541241357236,173.35694689741607,193.12108720416992,199.41652215038405,204.19092452142166,175.6727678567828
2022,8,6,11,313.1209810705597,328.2624606615306,334.1613985397068,219.0801512712832,337.2502087280526,357.7633294346604,361.8278585437296,246.69812415465648
2022,8,6,12,595.9521140476802,603.4853317340162,619.7092545367816,256.97759636513763,648.5244127660151,653.0286456098097,670.6681869828816,122.7943624833812
2022,8,6,13,719.8771311219385,750.6097776088436,768.419691349331,304.7089738850337,621.1654571908781,648.1002589165134,664.7632203081155,244.16273877249498
2022,8,6,14,430.07883610879145,494.1890274673111,507.3996678689354,309.2730306513233,388.1009952931081,428.6953461567517,440.6793425567014,295.77543387232237
2022,8,6,15,315.5552805609987,373.41265192971593,390.80268015023603,313.3511720360462,197.09178729266458,193.6655642770637,204.9775406882251,183.96607044098715
2022,8,6,16,365.6339442972546,580.6666071261076,605.1070777468988,481.0143819546614,353.48347912072563,667.764462720829,694.4926233775417,496.4922527758548
2022,8,6,17,79.70974428424728,88.11460701296406,82.78495244217903,90.4894653069435,179.07964270025866,490.95412070574275,538.5293394494403,412.40184603629353
2022,8,6,18,39.209631202699796,124.84036869712709,162.51796583308982,82.97918240085146,35.93727819517787,226.24586621777607,409.1958360811388,158.91786475041602
2022,8,6,19,0.0,0.0,0.0,0.0,0.0,0.0,0.0,0.0
2022,8,6,20,0.0,0.0,0.0,0.0,0.0,0.0,0.0,0.0
2022,8,6,21,0.0,0.0,0.0,0.0,0.0,0.0,0.0,0.0
2022,8,6,22,0.0,0.0,0.0,0.0,0.0,0.0,0.0,0.0
2022,8,6,23,0.0,0.0,0.0,0.0,0.0,0.0,0.0,0.0
2022,8,7,0,0.0,0.0,0.0,0.0,0.0,0.0,0.0,0.0
2022,8,7,1,0.0,0.0,0.0,0.0,0.0,0.0,0.0,0.0
2022,8,7,2,0.0,0.0,0.0,0.0,0.0,0.0,0.0,0.0
2022,8,7,3,0.0,0.0,0.0,0.0,0.0,0.0,0.0,0.0
2022,8,7,4,0.0,0.0,0.0,0.0,0.0,0.0,0.0,0.0
2022,8,7,5,0.0,0.0,0.0,0.0,0.0,0.0,0.0,0.0
2022,8,7,6,-0.0,-0.0,1.0556538432658271,-0.0,5.840100517329008,59.478030863200324,98.8954960727718,68.30764871935861
2022,8,7,7,69.13491657236551,228.80022034706258,257.3154082049848,246.95153636716728,132.52292878608452,440.6039952571759,489.3242048766197,466.4731930038433
2022,8,7,8,193.61289929789675,341.86178521802805,356.7239281404604,325.6152761465484,331.0694503463071,611.2193114456267,632.3862228014721,562.2008059024236
2022,8,7,9,324.85883467493085,448.91870913363186,460.143707327628,371.74494322127833,492.54208311281,682.6830294154641,693.3101666802888,538.1550179378271
2022,8,7,10,623.5212071007314,714.5789012084651,729.7788145512353,477.0431720050369,607.6683540447049,697.9317718552876,711.0805733043825,435.40076125438
2022,8,7,11,689.3133618133863,714.4471391766031,732.1984159842171,300.2740984159336,680.491455496348,706.3998027635512,723.5406058083418,267.51176468482134
2022,8,7,12,720.5152411245024,722.8997835598351,743.3693906694041,166.92575067561606,707.7939170172771,711.6971009143729,731.5160470062339,133.5275119454485
2022,8,7,13,715.0989840890037,746.5485249652,765.1207305607742,275.5210363792717,687.6903575153892,719.1400209126504,736.3794947281862,241.04227215959207
2022,8,7,14,662.0403089196183,773.8834433393142,789.7705174266432,420.8428494618161,550.6065115118828,635.1296405067222,650.0724265472024,358.0902097703627
2022,8,7,15,552.3061342383519,777.965620233723,793.7617981232229,525.3860809901817,386.7943447101893,496.2211087279974,513.1523340552253,362.0276936834963
2022,8,7,16,369.00877696004653,692.1478910772747,723.226131607848,525.0696337726466,357.4314182840643,684.842938195985,712.3220953008656,504.4727711420514
2022,8,7,17,181.66036308440678,654.6765064586443,734.5291286546167,535.0005797119242,163.16897900530532,571.9106624787166,638.2986196712687,468.88546034631037
2022,8,7,18,43.47881264489491,254.32156167623228,516.3914270779287,195.125473081893,30.483024417275754,236.29367508274504,448.02601386273733,164.70956092641885
2022,8,7,19,0.0,0.0,0.0,0.0,0.0,0.0,0.0,0.0
2022,8,7,20,0.0,0.0,0.0,0.0,0.0,0.0,0.0,0.0
2022,8,7,21,0.0,0.0,0.0,0.0,0.0,0.0,0.0,0.0
2022,8,7,22,0.0,0.0,0.0,0.0,0.0,0.0,0.0,0.0
2022,8,7,23,0.0,0.0,0.0,0.0,0.0,0.0,0.0,0.0
2022,8,8,0,0.0,0.0,0.0,0.0,0.0,0.0,0.0,0.0
2022,8,8,1,0.0,0.0,0.0,0.0,0.0,0.0,0.0,0.0
2022,8,8,2,0.0,0.0,0.0,0.0,0.0,0.0,0.0,0.0
2022,8,8,3,0.0,0.0,0.0,0.0,0.0,0.0,0.0,0.0
2022,8,8,4,0.0,0.0,0.0,0.0,0.0,0.0,0.0,0.0
2022,8,8,5,0.0,0.0,0.0,0.0,0.0,0.0,0.0,0.0
2022,8,8,6,-0.0,-0.0,0.629532088203899,-0.0,5.362032797532031,63.933492503722064,109.81511251706168,72.44694052164732
2022,8,8,7,48.13835891752013,144.09474749311846,161.54356056135293,156.88800917207612,132.83870324566644,445.24709268314746,493.6715601019757,470.740744111199
2022,8,8,8,313.5400258989395,552.631543488511,574.6521303752568,524.987536070789,253.65504884490488,405.5218354993869,419.5874524189972,385.298860589449
2022,8,8,9,425.92772798362154,556.0795200221733,571.9161029934731,477.995395997275,485.05516416711475,663.199506490422,672.9313856069481,525.9643001884918
2022,8,8,10,668.990215841744,759.2239025616042,775.9348898932516,522.4066097107027,600.6807885683183,686.9497988534223,700.044251672674,431.11363827053367
2022,8,8,11,712.555447182542,734.1644688725473,754.0152963775919,316.67206426605685,675.7396050163593,699.2252088028673,716.7151001887763,264.6668305002166
2022,8,8,12,717.0426752934586,717.0640009726366,738.3992983306122,161.76117026035723,700.903122972477,703.0333420320225,723.1948342395443,132.97751188516668
2022,8,8,13,702.3520257747161,731.3208912375314,750.1807818009277,268.85800967044025,683.1941579259525,712.6403078401174,730.3123603844343,240.23767208705024
2022,8,8,14,641.6333837302685,748.9382606503473,763.8496099354307,402.03656856983804,618.151512080145,718.8319983839021,732.7154915030018,370.5403446111942
2022,8,8,15,533.7874151923543,758.4217677037769,770.6755478430414,499.1179392233062,509.73560797804515,721.1414417947166,733.1193500301248,464.2873060144009
2022,8,8,16,381.62259448808237,742.1605192626408,774.0361616890249,551.4189670019315,355.50769726941616,681.4804870491381,709.0567463472005,502.9887877775548
2022,8,8,17,179.86757286028032,657.2503673010812,737.9641781933204,538.4286756258016,161.59559826924567,567.5817599550958,633.9756952538894,465.9172457442167
2022,8,8,18,45.56629044296195,236.52878012156484,489.848059864369,184.74018385704952,30.40440743983219,230.0069468211267,441.7575070622852,159.64577381870842
2022,8,8,19,0.0,0.0,0.0,0.0,0.0,0.0,0.0,0.0
2022,8,8,20,0.0,0.0,0.0,0.0,0.0,0.0,0.0,0.0
2022,8,8,21,0.0,0.0,0.0,0.0,0.0,0.0,0.0,0.0
2022,8,8,22,0.0,0.0,0.0,0.0,0.0,0.0,0.0,0.0
2022,8,8,23,0.0,0.0,0.0,0.0,0.0,0.0,0.0,0.0
2022,8,9,0,0.0,0.0,0.0,0.0,0.0,0.0,0.0,0.0
2022,8,9,1,0.0,0.0,0.0,0.0,0.0,0.0,0.0,0.0
2022,8,9,2,0.0,0.0,0.0,0.0,0.0,0.0,0.0,0.0
2022,8,9,3,0.0,0.0,0.0,0.0,0.0,0.0,0.0,0.0
2022,8,9,4,0.0,0.0,0.0,0.0,0.0,0.0,0.0,0.0
2022,8,9,5,0.0,0.0,0.0,0.0,0.0,0.0,0.0,0.0
2022,8,9,6,-0.0,-0.0,-0.0,-0.0,5.704373328778829,33.59814772809454,55.601097178010434,38.085391321221046
2022,8,9,7,80.84856917320086,277.5959344732444,311.8036649691996,298.06636117348273,125.88134268140537,393.3156635083813,436.81750578358884,419.79569920175004
2022,8,9,8,311.3272950919564,561.7104487852364,583.6530160102303,529.1735587436712,315.6545168049169,569.9675805392886,591.0364525706055,530.2746425783045
2022,8,9,9,398.8047843964833,533.1599306472941,546.8237613271866,448.3433140987955,473.05675382931673,644.9856520346756,656.4417451750143,518.5820546865681
2022,8,9,10,643.4523564775544,732.7645819051861,749.3915101978753,492.60239209821304,592.4687028976796,676.3385959174385,690.8767089706536,432.9391156256909
2022,8,9,11,693.1065733082834,715.0633076759776,734.1262268590749,304.2879669436322,662.4790256443347,684.3385225932286,702.0235117556255,271.2766536226581
2022,8,9,12,725.5453697650067,724.730477985774,746.9715783654843,168.3862037843979,694.8801900426668,695.4934611909189,716.144510043458,139.4198712713484
2022,8,9,13,701.1976373849254,728.7918727431103,748.4309977959547,270.6241374028043,677.4921302434476,705.0462228542491,723.2000532099361,246.35764901872722
2022,8,9,14,643.7403400054495,750.1245133076617,765.9455759611435,403.63993177873226,616.8168220686339,717.0602875475184,732.272924632431,376.28970681969747
2022,8,9,15,537.7566006548802,762.5075007876002,775.390955921433,502.9285975756592,506.5309341262545,715.277086674564,727.3925269524037,466.49043001389236
2022,8,9,16,389.013815094762,749.5042731213413,781.9205661081019,561.602435111211,353.5126777069137,677.7213490673093,705.6868985059402,504.3171036957076
2022,8,9,17,184.04278294208262,653.8201207828151,733.6557749911901,538.6436149575161,159.52835165456642,565.6851544989652,632.793941564867,467.00731751068525
2022,8,9,18,44.68087888651611,244.41464200089922,417.9090370112161,161.33798308812746,28.58063477466616,225.0219849911711,440.8777575794296,155.39425322350388
2022,8,9,19,0.0,0.0,0.0,0.0,0.0,0.0,0.0,0.0
2022,8,9,20,0.0,0.0,0.0,0.0,0.0,0.0,0.0,0.0
2022,8,9,21,0.0,0.0,0.0,0.0,0.0,0.0,0.0,0.0
2022,8,9,22,0.0,0.0,0.0,0.0,0.0,0.0,0.0,0.0
2022,8,9,23,0.0,0.0,0.0,0.0,0.0,0.0,0.0,0.0
2022,8,10,0,0.0,0.0,0.0,0.0,0.0,0.0,0.0,0.0
2022,8,10,1,0.0,0.0,0.0,0.0,0.0,0.0,0.0,0.0
2022,8,10,2,0.0,0.0,0.0,0.0,0.0,0.0,0.0,0.0
2022,8,10,3,0.0,0.0,0.0,0.0,0.0,0.0,0.0,0.0
2022,8,10,4,0.0,0.0,0.0,0.0,0.0,0.0,0.0,0.0
2022,8,10,5,0.0,0.0,0.0,0.0,0.0,0.0,0.0,0.0
2022,8,10,6,-0.0,-0.0,-0.0,-0.0,4.8330170633378,55.71015802475656,95.97872414123277,64.00810361246326
2022,8,10,7,50.38395436558138,157.085864197428,176.2280731899477,170.42542422452217,130.06613288677087,420.48606767573847,466.6946824635771,447.2540526395096
2022,8,10,8,288.48859711940247,526.9642172671453,548.6130653604909,495.3899212759279,321.2427136203266,581.6409981751418,602.4692669246633,539.8379100938436
2022,8,10,9,422.75134726847455,574.0313567840157,587.7006412620699,477.1819133402506,470.3854829702894,637.0777168907068,648.2755950967111,514.5796178560346
2022,8,10,10,584.6431825788962,663.7693607689968,679.4112400498968,448.7954486408484,578.3411774915501,655.8062303546923,669.9520971277788,426.109411065848
2022,8,10,11,522.1582141506362,533.8438939801921,550.8422273490744,249.93600426995908,639.8938377142152,656.1112433752502,674.2649231601973,267.7987756570258
2022,8,10,12,624.6765747611308,615.3599539246111,639.0738541859045,166.69088886871594,667.515166175948,661.8039263332506,684.1285570545607,138.6400503866283
2022,8,10,13,660.6361390446633,681.9105966414135,701.5397748184167,291.5766718292301,656.6562861793644,679.4241699642592,698.2842118934045,247.42342376393145
2022,8,10,14,562.7370268448598,647.2578860665703,664.4350180304776,385.8688410618752,599.103491868642,691.8146891244915,707.1816081701824,376.4343632243684
2022,8,10,15,520.2174081554385,723.2115159474715,739.8365751261456,500.86489434062696,495.9386875190389,693.3775117925022,707.0750211759362,463.3979023939107
2022,8,10,16,380.3531864339435,698.125070556071,729.7538348043995,539.9078688625777,334.37143097422233,566.4758468789731,590.112720154707,448.8025261218872
2022,8,10,17,207.06571867569778,640.4621606983817,712.9609405694683,538.1624111767547,150.96741607311787,312.55393847824416,336.532909157651,277.0418756851355
2022,8,10,18,46.67002542354673,265.82574390169157,385.42942187215976,151.57751849315633,17.446639395842745,18.444991463178077,14.446384218702482,17.472240393605194
2022,8,10,19,0.0,0.0,0.0,0.0,0.0,0.0,0.0,0.0
2022,8,10,20,0.0,0.0,0.0,0.0,0.0,0.0,0.0,0.0
2022,8,10,21,0.0,0.0,0.0,0.0,0.0,0.0,0.0,0.0
2022,8,10,22,0.0,0.0,0.0,0.0,0.0,0.0,0.0,0.0
2022,8,10,23,0.0,0.0,0.0,0.0,0.0,0.0,0.0,0.0
2022,8,11,0,0.0,0.0,0.0,0.0,0.0,0.0,0.0,0.0
2022,8,11,1,0.0,0.0,0.0,0.0,0.0,0.0,0.0,0.0
2022,8,11,2,0.0,0.0,0.0,0.0,0.0,0.0,0.0,0.0
2022,8,11,3,0.0,0.0,0.0,0.0,0.0,0.0,0.0,0.0
2022,8,11,4,0.0,0.0,0.0,0.0,0.0,0.0,0.0,0.0
2022,8,11,5,0.0,0.0,0.0,0.0,0.0,0.0,0.0,0.0
2022,8,11,6,-0.0,-0.0,-0.0,-0.0,3.222290685559315,2.316343057564042,0.5833085011307333,2.6782073420286197
2022,8,11,7,86.86428389492723,218.65309299687317,239.8715650488134,237.15270355157614,116.87189095086016,260.92690858989096,282.79814623577175,282.06541442603196
2022,8,11,8,275.14987243695504,462.05993414175896,482.4889833723788,445.835577909127,234.04574264984484,357.80293856394593,371.6322560246329,346.3503375911635
2022,8,11,9,444.091622173188,596.2285358715657,611.7914635953113,500.0907064586025,477.78355839342623,651.5216703897262,665.0667636426687,524.2775346402874
2022,8,11,10,593.6981061568222,672.6304365980795,690.5956285718976,460.7243149565015,591.5899341043771,671.4290090441165,687.4902215377764,434.3644436826531
2022,8,11,11,665.8365303701031,680.1315349599104,702.5712491146447,301.09035759565813,658.5928142416602,674.5839187118144,694.8311834303073,275.1555937163515
2022,8,11,12,700.3816439358803,689.6507439026736,717.1155765716979,187.83193463206055,677.3854047330861,670.5559809279466,694.4987544248111,146.21225395809205
2022,8,11,13,647.9171354323271,670.1488972949263,689.7654147181778,320.90045857515827,635.6291770560504,656.696554576773,676.0062989348721,242.3664362723348
2022,8,11,14,600.3300653571428,684.4123556997295,702.5364809067753,422.5437015457171,572.0749267266073,648.3119678310542,665.8069182536155,395.0735740782066
2022,8,11,15,427.6427727636354,536.4021007072708,557.5489753336115,424.2352375384649,267.0720479513779,289.2634557431801,305.6943234978356,256.399319118501
2022,8,11,16,392.02043146216494,717.8078355068295,749.6880907733167,562.8760498538588,347.46990062262205,641.6512237110663,668.946714620965,493.01053874178604
2022,8,11,17,202.54476519767735,639.5486711544283,713.0800963825852,538.8133058979498,160.9498257703774,523.3336243492226,582.9097562316125,439.15014655990063
2022,8,11,18,45.341092084955406,269.6929925909042,479.7687209741148,174.48327951079875,34.71239121841097,199.97636272632016,382.855686206189,137.15316082882458
2022,8,11,19,0.0,0.0,0.0,0.0,0.0,0.0,0.0,0.0
2022,8,11,20,0.0,0.0,0.0,0.0,0.0,0.0,0.0,0.0
2022,8,11,21,0.0,0.0,0.0,0.0,0.0,0.0,0.0,0.0
2022,8,11,22,0.0,0.0,0.0,0.0,0.0,0.0,0.0,0.0
2022,8,11,23,0.0,0.0,0.0,0.0,0.0,0.0,0.0,0.0
2022,8,12,0,0.0,0.0,0.0,0.0,0.0,0.0,0.0,0.0
2022,8,12,1,0.0,0.0,0.0,0.0,0.0,0.0,0.0,0.0
2022,8,12,2,0.0,0.0,0.0,0.0,0.0,0.0,0.0,0.0
2022,8,12,3,0.0,0.0,0.0,0.0,0.0,0.0,0.0,0.0
2022,8,12,4,0.0,0.0,0.0,0.0,0.0,0.0,0.0,0.0
2022,8,12,5,0.0,0.0,0.0,0.0,0.0,0.0,0.0,0.0
2022,8,12,6,-0.0,-0.0,-0.0,-0.0,1.9434279358651343,1.1967425996334302,-0.0,1.4917098127729445
2022,8,12,7,23.412693368186538,28.5866432990218,27.222655991157378,31.668001961903858,128.5960401501504,405.4306190145979,451.64049961191995,434.11495416731566
2022,8,12,8,209.67593407543038,317.58155373189277,331.0821009802839,314.27379005225725,255.33096975128586,400.94784281364576,416.0413468308306,384.6176953643082
2022,8,12,9,283.8071038864696,355.60491006544305,369.2177099582068,313.81302077514493,403.1271031511889,526.8826204942847,542.94374673191,440.7390496955047
2022,8,12,10,496.29737035771524,563.7664361886482,580.338068728486,382.8740155848117,602.2787896557179,684.1888298022983,701.2700677625819,436.3577216819446
2022,8,12,11,674.0485835254011,688.6881804040188,711.3475124057109,303.67123207250677,600.794466586894,613.4255522227619,634.2270099308917,265.6894991317195
2022,8,12,12,654.4548816810612,643.4345408498239,670.3843573509431,184.91675454146178,333.978356917691,349.8494572315042,353.75359957868875,213.3212940905565
2022,8,12,13,580.2315860298942,598.6530220286261,617.8659928638784,283.96579243449906,617.2997804755915,636.7140135238922,657.4951098074115,250.8438057927955
2022,8,12,14,540.8485334637347,616.5619840099442,634.7687881669904,381.2069416796861,617.8006906862372,715.0445290957454,732.3659449992394,378.08027595785796
2022,8,12,15,399.55242698400855,537.6624818400221,554.872643557008,389.4752052713539,446.5425129020281,617.1268147453449,632.7883124063683,418.3602916878358
2022,8,12,16,152.79342875788862,184.95536049428048,188.81845150723404,172.84891883949604,352.33588686961144,669.6630096279046,698.9986401137808,500.81413658975254
2022,8,12,17,102.14914701550734,152.70876747219887,156.7160878524231,146.74368970707908,169.38069114827366,478.5997992173284,530.0090791324702,406.5620637197014
2022,8,12,18,38.86979512917502,115.94490659824082,138.2882279142338,70.10647642742504,27.413880545926766,208.96829882541795,428.96678243761795,141.51963014456686
2022,8,12,19,0.0,0.0,0.0,0.0,0.0,0.0,0.0,0.0
2022,8,12,20,0.0,0.0,0.0,0.0,0.0,0.0,0.0,0.0
2022,8,12,21,0.0,0.0,0.0,0.0,0.0,0.0,0.0,0.0
2022,8,12,22,0.0,0.0,0.0,0.0,0.0,0.0,0.0,0.0
2022,8,12,23,0.0,0.0,0.0,0.0,0.0,0.0,0.0,0.0
2022,8,13,0,0.0,0.0,0.0,0.0,0.0,0.0,0.0,0.0
2022,8,13,1,0.0,0.0,0.0,0.0,0.0,0.0,0.0,0.0
2022,8,13,2,0.0,0.0,0.0,0.0,0.0,0.0,0.0,0.0
2022,8,13,3,0.0,0.0,0.0,0.0,0.0,0.0,0.0,0.0
2022,8,13,4,0.0,0.0,0.0,0.0,0.0,0.0,0.0,0.0
2022,8,13,5,0.0,0.0,0.0,0.0,0.0,0.0,0.0,0.0
2022,8,13,6,-0.0,-0.0,-0.0,-0.0,3.9004090381423686,52.83445278840891,95.08362938086387,60.588808446379865
2022,8,13,7,91.8786812006891,324.3391674738334,364.8620326113954,348.2106897743734,133.53496137312962,444.95018099052373,496.37684386987786,474.54898270028957
2022,8,13,8,319.4527247338947,593.2360500938523,617.7255541236899,554.1809193970364,335.73316117033715,616.0072876493693,639.5215302551675,570.1152365342651
2022,8,13,9,479.11719597622005,656.877155559891,670.0342692058441,531.2984807225638,499.296415094762,686.7644129071521,700.1341397285049,543.7788111200481
2022,8,13,10,623.1067975789655,706.8153462523396,725.0604118704387,461.91789512081215,617.4118600641215,700.3894655315092,717.8866774127541,440.3201444674142
2022,8,13,11,529.5007557217067,538.0317723897329,558.4869875008776,252.7208730809998,690.7937854689503,706.6411513397077,729.231165695817,271.08092180059174
2022,8,13,12,683.6986273307972,668.7712922733831,698.699500783714,177.17738787563036,715.1945958361451,708.8686524102951,734.3364043621673,140.72160781043073
2022,8,13,13,636.4877230300632,654.836339819222,677.5250445468049,282.0060267988129,330.0717447696841,348.1171712623452,353.17706441772003,235.15108687468958
2022,8,13,14,215.43743295681224,225.78812818154307,233.15218823772182,191.88576563223387,190.72251560533186,193.5942481967414,198.94646494744575,172.7272768600939
2022,8,13,15,252.62639331867612,272.54864160025517,288.4572739173959,248.9836702837869,444.36206209564796,602.613628625765,619.6733648447222,415.5465726267565
2022,8,13,16,276.7895228041805,377.9240353281892,392.02559490834307,335.782029160741,294.1697740982216,480.32293717554916,500.04888105444036,382.15353223834757
2022,8,13,17,198.0963040924165,413.7031418445069,452.75445456124794,376.47136249734,157.24803000816956,325.6934258183929,351.66558740009754,289.4213720662478
2022,8,13,18,42.273640889437814,403.16332250493156,544.3128287205462,190.03770337961913,39.38194132386646,219.98562480599688,296.3942247012329,110.6819264406841
2022,8,13,19,0.0,0.0,0.0,0.0,0.0,0.0,0.0,0.0
2022,8,13,20,0.0,0.0,0.0,0.0,0.0,0.0,0.0,0.0
2022,8,13,21,0.0,0.0,0.0,0.0,0.0,0.0,0.0,0.0
2022,8,13,22,0.0,0.0,0.0,0.0,0.0,0.0,0.0,0.0
2022,8,13,23,0.0,0.0,0.0,0.0,0.0,0.0,0.0,0.0
2022,8,14,0,0.0,0.0,0.0,0.0,0.0,0.0,0.0,0.0
2022,8,14,1,0.0,0.0,0.0,0.0,0.0,0.0,0.0,0.0
2022,8,14,2,0.0,0.0,0.0,0.0,0.0,0.0,0.0,0.0
2022,8,14,3,0.0,0.0,0.0,0.0,0.0,0.0,0.0,0.0
2022,8,14,4,0.0,0.0,0.0,0.0,0.0,0.0,0.0,0.0
2022,8,14,5,0.0,0.0,0.0,0.0,0.0,0.0,0.0,0.0
2022,8,14,6,-0.0,-0.0,-0.0,-0.0,4.000456406670803,22.38159740382625,36.720798109124864,25.910968588349725
2022,8,14,7,23.640902201124764,22.901497457044396,20.112279158522668,25.378474215575988,-0.0,-0.0,-0.0,-0.0
2022,8,14,8,141.87818273794997,168.73147110496862,172.34791529780983,174.4517655489172,112.26095163105458,111.8030236909621,110.12753124571944,111.76055238102433
2022,8,14,9,262.6498424582267,325.3732960171467,338.7105073472181,289.99096688353825,425.0836821310473,560.3427104605316,575.8834761634494,449.77146331468504
2022,8,14,10,525.8066426548751,590.9190547781667,609.3336718124635,410.9024254398029,437.48258491842967,484.44149038039245,498.99683877154666,328.8214870716927
2022,8,14,11,661.9566229356535,672.7317940525129,697.0672066492145,319.59295631647177,586.5368772792666,598.2691487921351,619.1243857770007,251.91282451986146
2022,8,14,12,583.6323280832947,570.4950628695226,596.8490777951166,178.50667946226386,549.1100425603303,541.6887243631886,565.3708574516594,154.82738900436564
2022,8,14,13,454.75615532805193,469.6524684238242,484.49949465636314,249.74462068063622,285.92440465645944,302.25231600637824,306.0723710800329,202.42315835768872
2022,8,14,14,404.5887484534167,452.6519098255546,467.8863925092542,302.9605276646667,573.0762268693152,660.8839996635708,678.9167190233255,335.89343378610465
2022,8,14,15,435.3355562460551,556.5960171943163,577.4797858121294,425.2934646776842,467.1500068022117,639.1824765752991,655.2737499033336,420.7240039757556
2022,8,14,16,325.03298103080385,515.2957203227908,538.8320420434475,427.4969239307443,334.2300204004327,580.7200521255292,603.9870818866024,442.0252559811057
2022,8,14,17,196.43395035066212,484.84319381825173,534.8852905943816,426.0806891491816,161.10474408897826,500.518078701492,555.124001165076,417.4680198247783
2022,8,14,18,44.51335024522229,326.9855744749122,475.4117527901523,164.9474042811116,37.18162540550693,126.63140226829454,155.85491833565783,68.5295423303469
2022,8,14,19,0.0,0.0,0.0,0.0,0.0,0.0,0.0,0.0
2022,8,14,20,0.0,0.0,0.0,0.0,0.0,0.0,0.0,0.0
2022,8,14,21,0.0,0.0,0.0,0.0,0.0,0.0,0.0,0.0
2022,8,14,22,0.0,0.0,0.0,0.0,0.0,0.0,0.0,0.0
2022,8,14,23,0.0,0.0,0.0,0.0,0.0,0.0,0.0,0.0
2022,8,15,0,0.0,0.0,0.0,0.0,0.0,0.0,0.0,0.0
2022,8,15,1,0.0,0.0,0.0,0.0,0.0,0.0,0.0,0.0
2022,8,15,2,0.0,0.0,0.0,0.0,0.0,0.0,0.0,0.0
2022,8,15,3,0.0,0.0,0.0,0.0,0.0,0.0,0.0,0.0
2022,8,15,4,0.0,0.0,0.0,0.0,0.0,0.0,0.0,0.0
2022,8,15,5,0.0,0.0,0.0,0.0,0.0,0.0,0.0,0.0
2022,8,15,6,-0.0,-0.0,-0.0,-0.0,4.01705610154726,25.07356866137546,42.99509478370398,28.654078215545272
2022,8,15,7,45.450643888556094,90.97828530531959,96.9933853628508,99.74514437828701,130.13391295295438,407.3692713597562,451.6624922654554,433.4199390793899
2022,8,15,8,278.93263832571114,494.5696923866953,517.5568106664563,471.2915689819576,328.1854506370708,590.7616401039006,612.012827174639,541.7759374211257
2022,8,15,9,481.24322213628176,650.7991548559002,667.2313784859965,536.9551198620844,491.50500733518476,666.1216692031567,678.8648156136603,518.908149950542
2022,8,15,10,586.3046239022979,660.0745751148405,679.7520987077017,443.10886770878267,606.1757741205479,682.18290570218,699.4971805636607,413.1908536695695
2022,8,15,11,685.3652203526176,693.1258347570923,719.9211590288837,307.7123207698998,678.5296018877615,691.3198122715485,714.2292431090158,240.47819573394625
2022,8,15,12,737.3365016156397,720.752030172264,752.2994520062574,172.43925529047232,701.8891138105718,693.8732115830868,719.8828172243387,109.82747587544847
2022,8,15,13,715.2440155847739,734.6813496390693,759.6255292015608,286.7567619675866,681.0246985074141,701.1376381010778,723.8565011305593,219.73979785708704
2022,8,15,14,670.7944630025961,771.5667676336915,794.0991084569671,439.53774472736904,615.1067445221227,706.9820906465195,724.4535582703902,351.6581160816645
2022,8,15,15,404.4246823004266,537.7488564359181,556.7879394999388,395.1749296593155,434.56733013580816,585.7375929193448,601.9894476628278,392.1642496117492
2022,8,15,16,323.63215376413956,528.2964558385588,552.5144749912355,430.4499736177434,314.0827646833337,570.8421009580338,594.3730988313923,425.4955620836136
2022,8,15,17,179.808751620145,462.4661184220243,512.1234641413616,401.38881402991024,159.08417692209898,382.5779056289566,416.8195147164862,329.4606739032463
2022,8,15,18,37.081695119891954,235.2365776889516,333.78518957523266,117.11458368166106,39.92926478731823,210.40124915632245,355.1026911596219,121.64335585602846
2022,8,15,19,0.0,0.0,0.0,0.0,0.0,0.0,0.0,0.0
2022,8,15,20,0.0,0.0,0.0,0.0,0.0,0.0,0.0,0.0
2022,8,15,21,0.0,0.0,0.0,0.0,0.0,0.0,0.0,0.0
2022,8,15,22,0.0,0.0,0.0,0.0,0.0,0.0,0.0,0.0
2022,8,15,23,0.0,0.0,0.0,0.0,0.0,0.0,0.0,0.0
2022,8,16,0,0.0,0.0,0.0,0.0,0.0,0.0,0.0,0.0
2022,8,16,1,0.0,0.0,0.0,0.0,0.0,0.0,0.0,0.0
2022,8,16,2,0.0,0.0,0.0,0.0,0.0,0.0,0.0,0.0
2022,8,16,3,0.0,0.0,0.0,0.0,0.0,0.0,0.0,0.0
2022,8,16,4,0.0,0.0,0.0,0.0,0.0,0.0,0.0,0.0
2022,8,16,5,0.0,0.0,0.0,0.0,0.0,0.0,0.0,0.0
2022,8,16,6,-0.0,-0.0,-0.0,-0.0,3.3578914507004147,43.78502572392415,78.47709802915531,50.932864207767786
2022,8,16,7,85.72790680601163,281.01199603601816,316.2048701549289,304.1825789019476,135.39880217608572,441.4757016316126,489.4392411180995,468.04874378233853
2022,8,16,8,305.4472905670929,551.6016085044877,574.4504990227222,519.1861115277297,337.8003598231099,606.5611574859333,627.1317366040042,555.581825907253
2022,8,16,9,483.2146346156202,653.6551142017893,667.732996175054,532.5512736134982,491.44834558893217,658.042889092953,669.6605968019727,514.4931032988949
2022,8,16,10,470.5589195322882,528.551256892152,546.1677222912574,360.7464613245293,604.5840932667493,677.5253170061058,694.8416145227018,411.7267964338578
2022,8,16,11,531.4286577800231,535.3202567004264,556.9886680214225,250.48971995871509,673.8773574534733,684.2156410601342,707.4487184175554,237.20643398165817
2022,8,16,12,614.7792855280493,595.6417100550701,625.753079750634,153.24287773670417,698.3885675296502,688.1370658557693,714.7268254257374,106.50994918129614
2022,8,16,13,705.7260659554485,723.0810851165635,748.6973156230138,282.09928079266984,679.417836586943,697.4932519272127,720.7891423744024,218.66403704164244
2022,8,16,14,638.3012585681743,733.8465844778493,754.3339008189929,408.0046264318553,613.1298564143442,703.2105236560334,720.9519928676391,351.69202989557317
2022,8,16,15,525.6390302894096,734.8239146584232,752.1902325672536,501.51692998124406,505.6456450186472,707.8162298335536,721.3415467070898,449.4699767746623
2022,8,16,16,380.34195590726597,723.3698617837188,759.3200894284329,551.4101413683933,351.34512815531883,669.9005904736579,698.0702944667316,492.842767934252
2022,8,16,17,177.63806763377983,614.499942233593,692.9639275219466,514.1886383161373,155.8492867430512,556.8902931279628,623.7690013910145,461.231632501597
2022,8,16,18,35.263854621215174,221.2869777925705,496.90406995376173,150.88717849026335,25.388386926592414,186.451980110601,412.86763568319907,121.19724791150904
2022,8,16,19,0.0,0.0,0.0,0.0,0.0,0.0,0.0,0.0
2022,8,16,20,0.0,0.0,0.0,0.0,0.0,0.0,0.0,0.0
2022,8,16,21,0.0,0.0,0.0,0.0,0.0,0.0,0.0,0.0
2022,8,16,22,0.0,0.0,0.0,0.0,0.0,0.0,0.0,0.0
2022,8,16,23,0.0,0.0,0.0,0.0,0.0,0.0,0.0,0.0
2022,8,17,0,0.0,0.0,0.0,0.0,0.0,0.0,0.0,0.0
2022,8,17,1,0.0,0.0,0.0,0.0,0.0,0.0,0.0,0.0
2022,8,17,2,0.0,0.0,0.0,0.0,0.0,0.0,0.0,0.0
2022,8,17,3,0.0,0.0,0.0,0.0,0.0,0.0,0.0,0.0
2022,8,17,4,0.0,0.0,0.0,0.0,0.0,0.0,0.0,0.0
2022,8,17,5,0.0,0.0,0.0,0.0,0.0,0.0,0.0,0.0
2022,8,17,6,-0.0,-0.0,-0.0,-0.0,3.4923802830894175,27.38892565519244,50.54719781970965,30.897949213474767
2022,8,17,7,48.11445017041397,136.3615295308595,153.2980325929795,150.28156775604072,133.71854973893784,426.095801891217,473.84647995787856,454.56451892789306
2022,8,17,8,269.1984079840179,467.98212059430347,490.2226385784983,448.95799187497147,262.34941360254817,428.49203830143887,446.4742727816165,406.3704475181149
2022,8,17,9,320.04608495163586,401.0955725766804,416.5305908568631,351.3434614163042,498.33881824189854,672.6870776339538,686.6443739582669,529.2585467399041
2022,8,17,10,425.8119018956627,472.2174229158881,489.7547801449877,342.4078441123447,551.4660088457883,615.7022110382587,635.2467027117809,396.3364571235601
2022,8,17,11,444.34954467757956,448.044934804449,466.98537858692026,237.11219196034628,673.4032550789325,681.7357740971594,705.9817130916164,247.60633026803828
2022,8,17,12,640.4177960159582,620.2423395905793,651.5143648147886,166.294256906442,691.2477888006987,679.2273345494414,706.2606430414718,117.3842739991381
2022,8,17,13,566.7699626422284,577.999802063976,600.2828180010729,268.36095928399504,671.8661185877505,687.7387054046317,711.4997234582846,228.71108157045649
2022,8,17,14,408.6752081325747,461.85436821065656,478.80454795398595,295.53414269869376,609.8844165223051,697.845697878296,716.4255475389411,359.5609616346775
2022,8,17,15,538.9491607943797,743.3313869788508,763.4934822729376,520.008820391699,504.8937764385839,706.9983821501058,721.2206652809642,455.536973856372
2022,8,17,16,363.3566528722443,672.1374415661882,706.626505319679,520.0791417140144,350.4864386233847,669.7720715181113,699.5348824486563,495.69208515718566
2022,8,17,17,181.590448017744,507.72100058804654,565.7154283019938,434.0671182184142,164.40845835695538,465.736285602988,515.8463081018838,394.77366907069114
2022,8,17,18,34.68217551960459,266.8119988611371,375.308371830565,120.12686435094929,33.32850419086016,219.12589583654034,297.2317186725907,96.9403165943652
2022,8,17,19,0.0,0.0,0.0,0.0,0.0,0.0,0.0,0.0
2022,8,17,20,0.0,0.0,0.0,0.0,0.0,0.0,0.0,0.0
2022,8,17,21,0.0,0.0,0.0,0.0,0.0,0.0,0.0,0.0
2022,8,17,22,0.0,0.0,0.0,0.0,0.0,0.0,0.0,0.0
2022,8,17,23,0.0,0.0,0.0,0.0,0.0,0.0,0.0,0.0
2022,8,18,0,0.0,0.0,0.0,0.0,0.0,0.0,0.0,0.0
2022,8,18,1,0.0,0.0,0.0,0.0,0.0,0.0,0.0,0.0
2022,8,18,2,0.0,0.0,0.0,0.0,0.0,0.0,0.0,0.0
2022,8,18,3,0.0,0.0,0.0,0.0,0.0,0.0,0.0,0.0
2022,8,18,4,0.0,0.0,0.0,0.0,0.0,0.0,0.0,0.0
2022,8,18,5,0.0,0.0,0.0,0.0,0.0,0.0,0.0,0.0
2022,8,18,6,-0.0,-0.0,-0.0,-0.0,0.63953556464511,0.03326684963491963,-0.0,0.08602602565414161
2022,8,18,7,24.032680288652905,26.35919583689751,24.339823171403772,29.44829583609693,134.93207753256692,433.40196705959664,481.5345714813715,461.3057563918586
2022,8,18,8,151.26508760094939,257.0489747118911,270.6990626652843,249.70346760943463,339.79058510785956,609.0865789086906,631.1188567231751,558.556043147701
2022,8,18,9,398.54913431361155,533.1012967920462,549.9531660820022,446.22658779718626,418.5343522260718,543.7919215273823,560.0340543995079,440.4726079916536
2022,8,18,10,568.7230336866583,633.5810386404439,656.1389977952509,437.15095152903,605.1225780370143,674.8143009385233,693.8967213985319,410.93566494570194
2022,8,18,11,609.1060797778899,612.2149421230134,638.7498379874509,291.4511842475901,431.67878521878794,441.05807409206625,455.3187316263179,235.83829589839453
2022,8,18,12,485.3347231591113,479.50373089748655,499.6230764075415,208.5031234449798,254.52359386464917,275.8328582349317,272.84766818408406,191.98686996166393
2022,8,18,13,507.3195932647519,517.0683151435887,537.4024122918999,261.52030677201805,659.173785415742,673.8516587197138,697.5033576877178,220.53831798752276
2022,8,18,14,423.36152418459244,470.2444208117028,487.2383766973347,320.01091979636163,233.3189485592588,238.5982505135891,245.16916111988667,195.9193010832104
2022,8,18,15,355.7603116766576,451.7540314830194,470.65953989752285,348.92104682953095,160.00377039369485,150.87040903730977,159.73835929859652,144.0018250727155
2022,8,18,16,15.779905667209,14.34920676182184,13.699328630814625,15.466908556454628,4.300483037307348,3.229241131164377,2.7726804821983717,3.358406017856712
2022,8,18,17,17.083731854071587,16.23421767407971,13.632092572171704,17.479179504288236,41.24710970205588,36.97927803828365,29.771865214653292,37.46541750669552
2022,8,18,18,3.097642850303078,2.369949045454283,0.9264263554433599,2.9126126932015732,0.750747929722481,0.13389402886238308,-0.0,0.2196610936735139
2022,8,18,19,0.0,0.0,0.0,0.0,0.0,0.0,0.0,0.0
2022,8,18,20,0.0,0.0,0.0,0.0,0.0,0.0,0.0,0.0
2022,8,18,21,0.0,0.0,0.0,0.0,0.0,0.0,0.0,0.0
2022,8,18,22,0.0,0.0,0.0,0.0,0.0,0.0,0.0,0.0
2022,8,18,23,0.0,0.0,0.0,0.0,0.0,0.0,0.0,0.0
2022,8,19,0,0.0,0.0,0.0,0.0,0.0,0.0,0.0,0.0
2022,8,19,1,0.0,0.0,0.0,0.0,0.0,0.0,0.0,0.0
2022,8,19,2,0.0,0.0,0.0,0.0,0.0,0.0,0.0,0.0
2022,8,19,3,0.0,0.0,0.0,0.0,0.0,0.0,0.0,0.0
2022,8,19,4,0.0,0.0,0.0,0.0,0.0,0.0,0.0,0.0
2022,8,19,5,0.0,0.0,0.0,0.0,0.0,0.0,0.0,0.0
2022,8,19,6,-0.0,-0.0,-0.0,-0.0,2.336834113916922,20.87763188070385,39.09802450579904,23.832932799018337
2022,8,19,7,22.906936083425965,21.229254233991675,18.23782678954926,23.59770243409173,43.22621379241213,39.2163377296413,32.73746218518573,40.597135933698766
2022,8,19,8,26.75321746862415,23.211994660527807,22.554158583117264,25.869139589973553,180.01398021334856,236.05224783772022,242.74099123878256,231.9332477653348
2022,8,19,9,67.50022241663589,61.462264650512104,65.20417576029871,66.11255394297162,113.85644097462863,105.38251839702401,111.39866642359398,104.76893559235685
2022,8,19,10,104.9916513045208,106.5453373561426,108.6040919095549,101.03955477108198,82.61458488072556,83.50990533204113,84.8336951837868,74.23619701101212
2022,8,19,11,141.7553691571928,152.7142525534931,151.34919918457987,132.50167532128225,175.7277009648462,189.36041656742893,187.8005955038657,149.40109244530285
2022,8,19,12,225.41097275462764,245.490975850235,241.8343788148978,197.31501623597174,244.12346522851038,265.38809867007683,261.91245963134213,189.85969985679174
2022,8,19,13,180.45459564367798,192.45733449957092,191.93444479415754,165.0390548841879,183.32018783663463,196.09796821468916,195.28027856418203,154.1333502691641
2022,8,19,14,111.25825686804855,110.97209212945722,113.92547226116623,106.77522067732475,172.68273319164584,173.9242700106752,178.43182543320452,150.54539208493748
2022,8,19,15,71.26243097451943,63.12065084927862,67.11486920631069,69.51469207618032,49.286253486757545,42.66915061611239,45.274143700846956,44.176031139253865
2022,8,19,16,141.19075657945757,144.7761575533476,143.58468751479543,148.29939761161407,115.41033086142777,113.22515052842549,109.53548291262322,110.23827879774578
2022,8,19,17,126.41526204703507,177.7110865977792,180.02626330737507,174.86313684252244,141.84849863449585,217.19737851874976,220.7537446055233,201.11545066897568
2022,8,19,18,35.607804287061136,214.15921125291945,278.21180312374736,93.3461126989196,23.066161093222455,132.96424435487364,283.67294431726276,80.98073129289614
2022,8,19,19,0.0,0.0,0.0,0.0,0.0,0.0,0.0,0.0
2022,8,19,20,0.0,0.0,0.0,0.0,0.0,0.0,0.0,0.0
2022,8,19,21,0.0,0.0,0.0,0.0,0.0,0.0,0.0,0.0
2022,8,19,22,0.0,0.0,0.0,0.0,0.0,0.0,0.0,0.0
2022,8,19,23,0.0,0.0,0.0,0.0,0.0,0.0,0.0,0.0
2022,8,20,0,0.0,0.0,0.0,0.0,0.0,0.0,0.0,0.0
2022,8,20,1,0.0,0.0,0.0,0.0,0.0,0.0,0.0,0.0
2022,8,20,2,0.0,0.0,0.0,0.0,0.0,0.0,0.0,0.0
2022,8,20,3,0.0,0.0,0.0,0.0,0.0,0.0,0.0,0.0
2022,8,20,4,0.0,0.0,0.0,0.0,0.0,0.0,0.0,0.0
2022,8,20,5,0.0,0.0,0.0,0.0,0.0,0.0,0.0,0.0
2022,8,20,6,-0.0,-0.0,-0.0,-0.0,-0.0,-0.0,-0.0,-0.0
2022,8,20,7,42.55111821361706,76.34194652266427,80.52065202385212,84.64106613998244,38.5072596105627,33.11682938301223,26.7620235573277,33.9192989731481
2022,8,20,8,89.36746129241796,94.83292336067683,95.7596011081959,101.39472310747338,126.10374925118037,125.31286836655212,123.32334633335695,125.83595335166325
2022,8,20,9,184.21287786925288,194.59723944547463,205.29008443505433,190.82337674300234,488.1772930307018,650.0325297166416,666.386808872731,511.6763035136852
2022,8,20,10,365.5164903723794,393.4798559855275,407.4687105455179,308.68253348060733,405.7922336206394,441.3128380449346,457.3066094961357,308.9847723858496
2022,8,20,11,297.9014309481977,305.9881423315956,314.36394925730286,208.743600786531,358.02846072245967,374.1609393965745,379.93644117742645,244.33906999720406
2022,8,20,12,81.33206765389914,90.38989110419104,87.96942784765488,77.41265652766383,50.015230763442496,56.33098233634753,54.53179687243006,44.295623255328586
2022,8,20,13,443.8731779196849,458.115342609208,471.62397177299255,289.1252255581032,574.5893176527302,583.1249161443401,609.3441279113343,205.53362349321856
2022,8,20,14,122.78455840228729,126.31095242493278,130.47267846883148,111.72284702139373,82.86880353226925,82.07646488253633,83.91964580232722,73.54337140233994
2022,8,20,15,41.87032281798503,36.81933806115099,39.16197313270375,40.607786039861175,93.7753419716787,83.95040822600102,88.72131591675176,83.92133909746497
2022,8,20,16,112.679017483769,113.88553621666017,112.04827259003851,117.02235655354532,91.29657580012119,85.83519654166426,81.8541334052449,84.5961612248077
2022,8,20,17,179.4894992223655,357.30018038511133,392.5099346630043,331.72262836015625,84.06004015159907,100.47026463122434,93.481242116496,95.88154180250359
2022,8,20,18,32.0040559445639,186.48531148840772,243.21550469340377,79.51237044773265,27.137171155231723,179.07262490323657,253.4895403653981,75.2119705050539
2022,8,20,19,0.0,0.0,0.0,0.0,0.0,0.0,0.0,0.0
2022,8,20,20,0.0,0.0,0.0,0.0,0.0,0.0,0.0,0.0
2022,8,20,21,0.0,0.0,0.0,0.0,0.0,0.0,0.0,0.0
2022,8,20,22,0.0,0.0,0.0,0.0,0.0,0.0,0.0,0.0
2022,8,20,23,0.0,0.0,0.0,0.0,0.0,0.0,0.0,0.0
2022,8,21,0,0.0,0.0,0.0,0.0,0.0,0.0,0.0,0.0
2022,8,21,1,0.0,0.0,0.0,0.0,0.0,0.0,0.0,0.0
2022,8,21,2,0.0,0.0,0.0,0.0,0.0,0.0,0.0,0.0
2022,8,21,3,0.0,0.0,0.0,0.0,0.0,0.0,0.0,0.0
2022,8,21,4,0.0,0.0,0.0,0.0,0.0,0.0,0.0,0.0
2022,8,21,5,0.0,0.0,0.0,0.0,0.0,0.0,0.0,0.0
2022,8,21,6,-0.0,-0.0,-0.0,-0.0,2.013388361672366,6.510348269020728,10.890012899585674,7.399413736509189
2022,8,21,7,42.65990434157553,77.81245353632295,82.27178920421812,86.18648682439535,89.44682475251706,137.32935953214735,138.12033471983068,145.55606914704168
2022,8,21,8,219.6629895192822,340.1461402718837,355.49222674161655,333.62616089999494,194.69365502809592,260.64887105236363,268.0993237838914,253.1100734281475
2022,8,21,9,385.17486835729767,473.9633397473945,494.5451000727324,418.89261126021455,236.40187744458547,255.21799331639872,267.98030419528766,229.9601616665137
2022,8,21,10,476.16721510053316,519.4636627609431,539.6308855308799,381.1906080848774,495.4192672402412,544.1766611254593,565.0301678203608,359.9759711664696
2022,8,21,11,500.8540350290667,501.05880164695424,525.0321697328992,266.4784074899759,683.5102409984945,685.7085077607933,714.8579288834766,240.49485666256004
2022,8,21,12,617.528049860938,597.1954654015558,630.4268625403989,208.45523371029145,438.8047118674121,441.0783790231713,455.6408465369841,190.94873758716477
2022,8,21,13,491.6904042576556,501.6446399625186,521.7957662147925,264.0868182428337,179.89850854610668,192.3506216720847,191.28189076509128,149.80980962980485
2022,8,21,14,210.10680383018862,218.608607957282,226.28116252141987,186.2570982212283,150.77026113553796,151.01069078405314,154.69285925539975,131.19188107211156
2022,8,21,15,292.13048774006984,327.427573875257,344.91301308684154,286.31534212268593,353.6185016755897,428.01879979479,445.97824146317896,321.03113697713553
2022,8,21,16,416.3384676559918,660.8302219531304,693.1973296565774,550.0009937955898,221.63282364163283,292.66583748266373,298.74894188714165,249.06407284484087
2022,8,21,17,216.35681015655175,489.87355792497755,548.2144993270497,447.21760092985545,113.10473721596078,158.8605342883776,156.57480603542686,147.70301903669883
2022,8,21,18,29.594448652550437,536.2830208252705,737.109508315015,184.7383833340912,24.931815436239702,102.1649219498289,129.21347941937742,45.805716302398736
2022,8,21,19,0.0,0.0,0.0,0.0,0.0,0.0,0.0,0.0
2022,8,21,20,0.0,0.0,0.0,0.0,0.0,0.0,0.0,0.0
2022,8,21,21,0.0,0.0,0.0,0.0,0.0,0.0,0.0,0.0
2022,8,21,22,0.0,0.0,0.0,0.0,0.0,0.0,0.0,0.0
2022,8,21,23,0.0,0.0,0.0,0.0,0.0,0.0,0.0,0.0
2022,8,22,0,0.0,0.0,0.0,0.0,0.0,0.0,0.0,0.0
2022,8,22,1,0.0,0.0,0.0,0.0,0.0,0.0,0.0,0.0
2022,8,22,2,0.0,0.0,0.0,0.0,0.0,0.0,0.0,0.0
2022,8,22,3,0.0,0.0,0.0,0.0,0.0,0.0,0.0,0.0
2022,8,22,4,0.0,0.0,0.0,0.0,0.0,0.0,0.0,0.0
2022,8,22,5,0.0,0.0,0.0,0.0,0.0,0.0,0.0,0.0
2022,8,22,6,-0.0,-0.0,-0.0,-0.0,-0.0,-0.0,-0.0,-0.0
2022,8,22,7,44.05259853848839,96.99292530216648,106.27758425592677,107.7998923488972,111.1933295965225,247.90999890542557,268.86793127702856,267.9831291988306
2022,8,22,8,156.32322526883456,215.67969022587167,223.72493005722976,216.90688461121994,212.14147596978617,300.7134160323299,310.03802673860736,289.5722300933055
2022,8,22,9,249.23229250097197,290.39784528527997,304.50272278262116,266.4096302352834,337.5085618565228,410.3120921156876,428.38299105614533,350.28050685117654
2022,8,22,10,334.1576334757901,362.858209572185,377.93481646360243,272.3109527597319,507.35696401863316,556.6737592947023,578.9951307561303,370.6701443941498
2022,8,22,11,728.1354447880351,723.5030715387761,760.0273133223543,327.39607718749517,696.9960905452963,696.6020867485746,728.1901713890418,249.91736900468698
2022,8,22,12,589.4459686733561,569.0859683571598,601.9520364854033,206.1651388643327,330.64614201987234,343.8324475547971,348.2720780914249,203.85056388376273
2022,8,22,13,381.742127904811,389.464752015988,405.23455816117104,223.86863944982434,584.5920268019075,593.7282702028872,619.9666936702072,255.6568420714375
2022,8,22,14,290.9100437405023,305.06383515803066,316.552314068821,252.47308825300885,455.53153970888695,503.27229579794374,522.9949150383943,315.8488330424757
2022,8,22,15,440.15597251296856,529.6729784697206,556.8147904222436,431.3210935787915,344.0799702297445,414.14092573354355,432.48382272217026,316.77998648537044
2022,8,22,16,333.9103956648394,496.19825832871925,520.1828791637917,425.52212164220117,296.99511451204484,494.55858985115236,515.8150175070014,386.6935842718565
2022,8,22,17,186.0414438511969,518.3410438176567,580.5021261429004,447.2509761279636,153.09420257375388,528.5112364495759,596.367104784031,444.0077655292655
2022,8,22,18,28.002257976452952,314.55834241418586,481.1437051791593,118.64244549124771,24.303070109886104,250.57747846333723,372.36643789824427,92.35332968539691
2022,8,22,19,0.0,0.0,0.0,0.0,0.0,0.0,0.0,0.0
2022,8,22,20,0.0,0.0,0.0,0.0,0.0,0.0,0.0,0.0
2022,8,22,21,0.0,0.0,0.0,0.0,0.0,0.0,0.0,0.0
2022,8,22,22,0.0,0.0,0.0,0.0,0.0,0.0,0.0,0.0
2022,8,22,23,0.0,0.0,0.0,0.0,0.0,0.0,0.0,0.0
2022,8,23,0,0.0,0.0,0.0,0.0,0.0,0.0,0.0,0.0
2022,8,23,1,0.0,0.0,0.0,0.0,0.0,0.0,0.0,0.0
2022,8,23,2,0.0,0.0,0.0,0.0,0.0,0.0,0.0,0.0
2022,8,23,3,0.0,0.0,0.0,0.0,0.0,0.0,0.0,0.0
2022,8,23,4,0.0,0.0,0.0,0.0,0.0,0.0,0.0,0.0
2022,8,23,5,0.0,0.0,0.0,0.0,0.0,0.0,0.0,0.0
2022,8,23,6,-0.0,-0.0,-0.0,-0.0,-0.0,-0.0,-0.0,-0.0
2022,8,23,7,12.230991650855009,10.74671751246598,8.786528919930042,12.134719117664158,35.23073786978008,30.246868093678867,24.26481704041051,30.970137116689255
2022,8,23,8,211.44215053837436,312.059648681365,326.92355855410335,311.24743980490837,64.48534115333241,56.67610523533063,54.23874759399348,58.08048056939103
2022,8,23,9,165.68292445614384,160.4838404518899,169.71061767033194,165.48574001336186,225.46260083151398,236.87220656440257,249.75738710591642,218.29798989863872
2022,8,23,10,305.1550525422241,319.02860823243236,329.5979381319938,275.95086349087654,507.59131198543287,555.3273332340545,577.6949152273688,363.9780147147997
2022,8,23,11,357.4682773306229,371.42452405505605,378.03352371174134,274.3471384689222,339.1330164396609,352.758285561451,358.64063350979046,226.51325159297295
2022,8,23,12,346.5071516267951,371.11544704410124,368.3429699738045,279.500983225118,356.14350061923176,369.0377465641536,374.3603443004971,210.50978693787295
2022,8,23,13,251.81030181006605,266.59714329239415,266.8610909551616,222.52720598607286,167.4537306866546,178.74620461306665,177.59274985766154,140.75854176947038
2022,8,23,14,326.64592833076216,335.3392919691236,346.3489910178081,294.9309392835153,457.6102988772137,504.74943180925925,524.1138698166206,313.1319428651112
2022,8,23,15,350.2084446143256,367.69027978043636,389.49763561493074,344.903161297418,275.22609853507487,299.46649843272854,315.1851931304035,253.7250364070983
2022,8,23,16,360.39478083917,528.7060874072882,555.2010049780079,462.0990008134855,266.03656215414054,367.64286659553085,377.8162953297397,312.94680189512115
2022,8,23,17,165.36724229991685,397.4224482429854,440.60162909061785,352.3247259699743,151.82513343627508,411.05540845289426,454.1003847728113,357.9222312424224
2022,8,23,18,36.996040013595675,299.80321946449703,550.1230843155034,133.30068375052588,22.53217663041985,171.1950031995421,264.90989355598356,66.98316172254863
2022,8,23,19,0.0,0.0,0.0,0.0,0.0,0.0,0.0,0.0
2022,8,23,20,0.0,0.0,0.0,0.0,0.0,0.0,0.0,0.0
2022,8,23,21,0.0,0.0,0.0,0.0,0.0,0.0,0.0,0.0
2022,8,23,22,0.0,0.0,0.0,0.0,0.0,0.0,0.0,0.0
2022,8,23,23,0.0,0.0,0.0,0.0,0.0,0.0,0.0,0.0
2022,8,24,0,0.0,0.0,0.0,0.0,0.0,0.0,0.0,0.0
2022,8,24,1,0.0,0.0,0.0,0.0,0.0,0.0,0.0,0.0
2022,8,24,2,0.0,0.0,0.0,0.0,0.0,0.0,0.0,0.0
2022,8,24,3,0.0,0.0,0.0,0.0,0.0,0.0,0.0,0.0
2022,8,24,4,0.0,0.0,0.0,0.0,0.0,0.0,0.0,0.0
2022,8,24,5,0.0,0.0,0.0,0.0,0.0,0.0,0.0,0.0
2022,8,24,6,-0.0,-0.0,-0.0,-0.0,-0.0,-0.0,-0.0,-0.0
2022,8,24,7,11.20365166787409,10.570527442433296,8.878669838750834,11.915147824446528,28.941148084958197,24.738069159155813,19.662861911473627,25.315858937290354
2022,8,24,8,136.0072777908088,165.1239054234344,168.65531380232304,169.56816932808488,82.04654808678063,74.48188365164363,71.80465847478409,75.96481385679475
2022,8,24,9,172.77168216578067,165.10851576452697,174.9567696493829,172.1623720679526,3.7590927694429994,2.8795836940709463,3.246270313011151,2.912206697191531
2022,8,24,10,52.80660337414632,53.16254306339303,53.908658241182785,51.36646981449356,77.64190496865402,78.3588518363104,79.28373126250828,69.01349955347924
2022,8,24,11,187.26939022093248,200.80535775806015,198.91586833937617,171.82918477636838,129.49650155371228,140.1831031764861,137.9798514154328,111.19824165557993
2022,8,24,12,410.9581153656153,421.73918114748295,429.97959969876996,263.67008589671667,386.83079431344527,388.9867708753717,402.04245944911446,186.0001976684581
2022,8,24,13,219.8781027731398,233.05128667261528,232.71141248757738,197.41802766288762,102.27934617455558,109.67452121473907,108.36796829123182,88.74636522837997
2022,8,24,14,147.76319610800718,147.50331311561132,151.68058323750827,139.95417333024747,52.40992865523217,51.327266449145874,52.399052606332944,46.792136854073654
2022,8,24,15,212.63460275590853,212.51613482678522,223.84703417303245,208.48335907667794,279.6146377693008,309.7694598074978,324.9255222491164,255.3288379798026
2022,8,24,16,137.82739853787953,141.27398315755767,139.42712511563357,144.5152839292915,52.22986592091086,45.171390450828284,41.60863653418555,46.37309688454014
2022,8,24,17,99.09214474414321,124.22892517873963,121.50272095174142,126.08967101719396,87.13840826602865,111.28315724746108,105.72548628163976,105.5263582234976
2022,8,24,18,16.872557129177697,320.53706997000415,453.2657002655522,99.05206279458248,19.22581379980287,160.36556151795648,272.81238678754255,63.28044100168825
2022,8,24,19,0.0,0.0,0.0,0.0,0.0,0.0,0.0,0.0
2022,8,24,20,0.0,0.0,0.0,0.0,0.0,0.0,0.0,0.0
2022,8,24,21,0.0,0.0,0.0,0.0,0.0,0.0,0.0,0.0
2022,8,24,22,0.0,0.0,0.0,0.0,0.0,0.0,0.0,0.0
2022,8,24,23,0.0,0.0,0.0,0.0,0.0,0.0,0.0,0.0
2022,8,25,0,0.0,0.0,0.0,0.0,0.0,0.0,0.0,0.0
2022,8,25,1,0.0,0.0,0.0,0.0,0.0,0.0,0.0,0.0
2022,8,25,2,0.0,0.0,0.0,0.0,0.0,0.0,0.0,0.0
2022,8,25,3,0.0,0.0,0.0,0.0,0.0,0.0,0.0,0.0
2022,8,25,4,0.0,0.0,0.0,0.0,0.0,0.0,0.0,0.0
2022,8,25,5,0.0,0.0,0.0,0.0,0.0,0.0,0.0,0.0
2022,8,25,6,-0.0,-0.0,-0.0,-0.0,-0.0,-0.0,-0.0,-0.0
2022,8,25,7,23.674401495238154,32.79290005230552,32.14337961091879,36.24148629030172,131.32972273474962,393.6472049501988,438.5685071423956,423.0221980632823
2022,8,25,8,162.17682179929238,239.53914066816915,251.2845509151067,239.3200940246937,333.29026050432435,579.0210384348566,603.3066925950077,536.1374518093587
2022,8,25,9,343.3691464758636,423.741794096413,442.2799325140568,371.51813235692083,493.05059979149894,646.9166686541232,665.3629482775838,510.9505420962724
2022,8,25,10,602.4643608605832,657.0566724729251,685.0326359680967,451.93426315729874,605.0234572100015,661.2373760788801,686.4324854149371,405.9514817206315
2022,8,25,11,605.9710579704308,598.8845799531904,630.1775843188246,299.29332324234457,669.0109271640109,663.1541392981258,695.1209757802635,234.04723056700294
2022,8,25,12,351.3488390209114,350.5288920674321,363.44434906848227,193.48309500510848,659.6521013224346,634.8941341430027,669.3774455663411,103.03925943472021
2022,8,25,13,273.6059570409466,279.9311675497822,289.66033551821175,178.91998811550422,92.04340559708442,98.74821877451718,97.3823777104644,80.7091311865009
2022,8,25,14,474.972125813981,523.6519911047109,546.8933949885051,353.9172013381361,608.9050121767683,688.5077442246738,713.7953120578879,359.85518027872246
2022,8,25,15,481.9560034959445,640.076876155798,664.4038427726692,474.26025293053084,306.0187961428725,358.0627902397358,375.08828125452914,282.89653958383144
2022,8,25,16,405.72659060823037,700.600017628295,738.4899366270296,567.8185084434499,328.1256247857618,566.4378080819608,593.3422313304488,445.20037679007817
2022,8,25,17,184.3527592710947,518.4634401939765,581.9883669224212,453.0839238686877,147.46843742370007,339.0626853102396,369.9910620011491,298.86705923695723
2022,8,25,18,27.89328788541976,218.70664516951192,406.6205140194082,91.10983035467198,15.707309674830128,167.54064276520353,254.3725553464484,54.99601250751743
2022,8,25,19,0.0,0.0,0.0,0.0,0.0,0.0,0.0,0.0
2022,8,25,20,0.0,0.0,0.0,0.0,0.0,0.0,0.0,0.0
2022,8,25,21,0.0,0.0,0.0,0.0,0.0,0.0,0.0,0.0
2022,8,25,22,0.0,0.0,0.0,0.0,0.0,0.0,0.0,0.0
2022,8,25,23,0.0,0.0,0.0,0.0,0.0,0.0,0.0,0.0
2022,8,26,0,0.0,0.0,0.0,0.0,0.0,0.0,0.0,0.0
2022,8,26,1,0.0,0.0,0.0,0.0,0.0,0.0,0.0,0.0
2022,8,26,2,0.0,0.0,0.0,0.0,0.0,0.0,0.0,0.0
2022,8,26,3,0.0,0.0,0.0,0.0,0.0,0.0,0.0,0.0
2022,8,26,4,0.0,0.0,0.0,0.0,0.0,0.0,0.0,0.0
2022,8,26,5,0.0,0.0,0.0,0.0,0.0,0.0,0.0,0.0
2022,8,26,6,-0.0,-0.0,-0.0,-0.0,-0.0,-0.0,-0.0,-0.0
2022,8,26,7,44.635356289199606,110.16912088208244,121.99045388796378,121.43089152903946,131.43340516736015,392.60683719437895,437.95099079370965,422.4049380058643
2022,8,26,8,137.54820723277692,188.25352436029988,195.39599943337865,189.93352935959072,333.42900264676217,575.9378206163101,600.6321323003389,534.249223939608
2022,8,26,9,414.94630951084247,528.3162788915707,549.0574334334758,452.90665172265494,488.9389242046231,637.216196053893,655.9170741174725,505.7187781768997
2022,8,26,10,561.0621952942482,607.9804195790098,635.1314069641193,431.3126114455827,600.5941231884445,654.3327267978631,680.8400571411827,405.23981083739574
2022,8,26,11,381.80731345401654,380.7694942623,398.7356269583485,221.7998505209943,76.57910647915554,83.45900185011644,81.56480272264908,67.70329656114059
2022,8,26,12,234.51594024574854,243.51786303772295,246.09519890605057,164.7642663691907,17.456626453607882,20.04808740165692,19.122863299934753,15.320908350835095
2022,8,26,13,202.831275001403,211.51127632421546,214.48065678006907,163.9729579346763,604.8274400080084,610.0480871092683,639.2524660057306,265.0085687872042
2022,8,26,14,308.71832673084793,331.79621288935175,346.17193692349997,250.37254023802052,167.8432627544556,167.8727612554374,172.09216923129705,144.50515548520616
2022,8,26,15,193.78231139998942,187.80108067100196,197.96632633819115,189.91225790255902,230.59908706736687,245.9160803068933,258.59019872322705,211.21541301300957
2022,8,26,16,206.67146064650413,272.61164082919566,281.17989467014337,247.25541574822955,180.69782083376987,200.4200230080353,197.99082408922843,184.10572635101084
2022,8,26,17,167.22758936619377,421.782487124888,471.69886013907745,373.29495783127203,146.9818292410315,524.9615497645775,595.2686629821866,440.2495466640118
2022,8,26,18,16.811998632283217,158.39857404229986,271.9994262045493,57.37661682137148,13.963240919228348,78.15234462668133,231.15182861921232,46.22831616749405
2022,8,26,19,0.0,0.0,0.0,0.0,0.0,0.0,0.0,0.0
2022,8,26,20,0.0,0.0,0.0,0.0,0.0,0.0,0.0,0.0
2022,8,26,21,0.0,0.0,0.0,0.0,0.0,0.0,0.0,0.0
2022,8,26,22,0.0,0.0,0.0,0.0,0.0,0.0,0.0,0.0
2022,8,26,23,0.0,0.0,0.0,0.0,0.0,0.0,0.0,0.0
2022,8,27,0,0.0,0.0,0.0,0.0,0.0,0.0,0.0,0.0
2022,8,27,1,0.0,0.0,0.0,0.0,0.0,0.0,0.0,0.0
2022,8,27,2,0.0,0.0,0.0,0.0,0.0,0.0,0.0,0.0
2022,8,27,3,0.0,0.0,0.0,0.0,0.0,0.0,0.0,0.0
2022,8,27,4,0.0,0.0,0.0,0.0,0.0,0.0,0.0,0.0
2022,8,27,5,0.0,0.0,0.0,0.0,0.0,0.0,0.0,0.0
2022,8,27,6,-0.0,-0.0,-0.0,-0.0,-0.0,-0.0,-0.0,-0.0
2022,8,27,7,50.185753262674815,148.0704538465507,167.47868142075342,162.86727092688628,136.67087327289752,419.7954151754686,468.2729997852501,450.16166927314146
2022,8,27,8,305.47303632942646,526.0572960893193,553.0808684978438,502.3346848102752,342.8514916702657,593.9232967254162,618.593229114277,548.1866697199957
2022,8,27,9,310.01229807843976,379.24081253006415,397.1097708006109,334.62250285951524,269.49461393475343,289.50993333497104,304.70273633370647,260.82192912660764
2022,8,27,10,155.57693636551906,164.22577661870417,170.90929675204893,134.1529021449639,45.327388919369994,45.58180293941363,45.9017613403732,40.08802515861919
2022,8,27,11,153.60706300061685,164.50133807547076,162.60860030212797,139.97837078553837,197.1926246767174,211.58916200824507,209.02675711171966,162.31723874004285
2022,8,27,12,553.4169649292753,528.0505420605742,562.2984015736824,195.42300560079403,659.932917093166,625.8545905754728,668.2156256086008,113.5346626061686
2022,8,27,13,673.9649463421484,675.6503193472214,710.37527940347,334.5972994913751,95.00634607647726,101.80426661409373,100.25166728541785,82.011618018935
2022,8,27,14,196.07669198275553,197.4259417371867,203.30603986005494,181.70010913771094,150.65606377171758,149.84279770057336,153.35781463451121,129.85595046124786
2022,8,27,15,404.2195891715659,515.468214874321,537.779010459847,399.8461871988464,503.6893746817265,698.0167493391247,717.8626086559461,452.01991130207006
2022,8,27,16,369.2952461412658,612.410183807275,645.1255473992778,507.16906257744495,344.7896958318886,655.9102528578154,690.9041002500252,490.92152968248524
2022,8,27,17,213.65127202731577,653.5163122146997,737.5893604388632,555.2684264081331,144.15129885754152,530.0674673773984,602.7979912891109,436.63073961355246
2022,8,27,18,22.25629333852995,147.74227182455942,273.7906118390197,59.30029052737412,12.840211177400882,74.14925508911126,233.43810552831582,43.42116060894664
2022,8,27,19,0.0,0.0,0.0,0.0,0.0,0.0,0.0,0.0
2022,8,27,20,0.0,0.0,0.0,0.0,0.0,0.0,0.0,0.0
2022,8,27,21,0.0,0.0,0.0,0.0,0.0,0.0,0.0,0.0
2022,8,27,22,0.0,0.0,0.0,0.0,0.0,0.0,0.0,0.0
2022,8,27,23,0.0,0.0,0.0,0.0,0.0,0.0,0.0,0.0
2022,8,28,0,0.0,0.0,0.0,0.0,0.0,0.0,0.0,0.0
2022,8,28,1,0.0,0.0,0.0,0.0,0.0,0.0,0.0,0.0
2022,8,28,2,0.0,0.0,0.0,0.0,0.0,0.0,0.0,0.0
2022,8,28,3,0.0,0.0,0.0,0.0,0.0,0.0,0.0,0.0
2022,8,28,4,0.0,0.0,0.0,0.0,0.0,0.0,0.0,0.0
2022,8,28,5,0.0,0.0,0.0,0.0,0.0,0.0,0.0,0.0
2022,8,28,6,-0.0,-0.0,-0.0,-0.0,-0.0,-0.0,-0.0,-0.0
2022,8,28,7,79.72003575293671,261.25681307374293,296.9940762485321,284.5166035580812,134.16319237734015,405.1477360155754,452.88147416832464,435.88861557945864
2022,8,28,8,307.92333544305717,539.5696288589617,567.8014803187028,511.943393822866,342.998071912798,594.0946266524696,620.1161204571605,548.7650368607106
2022,8,28,9,544.950704090783,710.7528216989259,736.0440402962231,588.2481542716455,510.80831920250114,670.7162968866643,691.8683814619386,522.0976642527589
2022,8,28,10,665.4464254150272,721.6910994408502,756.4137987548919,484.7820932769533,630.4363666864406,685.2238142815124,715.4934589856947,408.833010208355
2022,8,28,11,730.2703245925928,712.7839354546957,756.8998193152929,303.81174401853,702.3247009678157,689.3446664099484,728.5411098474425,227.93544898787965
2022,8,28,12,757.9550325932368,720.5741719250799,767.1344444365361,174.74440568071577,728.9905999015123,694.6142278442629,738.3965615307401,101.80391942448999
2022,8,28,13,728.0543219725018,725.9391453765982,767.8525108005679,285.5135224269861,704.3105818281682,704.2819950841626,742.6515592186558,222.27442324624286
2022,8,28,14,660.3185330790244,747.0912014002417,779.9443626530293,421.2461712038027,631.1463375553093,713.0087503504506,742.1215668917041,357.73820484240196
2022,8,28,15,534.0876366843098,748.1963434005919,773.8595971573652,509.5861748558393,511.2965354007706,713.0357938511472,734.3188272635442,454.14078724687374
2022,8,28,16,364.8845616066977,693.5800078410548,738.3679933050666,534.9051906300588,347.0595691853115,665.0066530179893,702.0010737276485,492.3876128953659
2022,8,28,17,153.97798041855734,499.0755167679562,570.825738149927,410.96581977035254,144.75043676566307,526.7212076353096,600.2952142822401,425.7693949359265
2022,8,28,18,18.11078157610106,122.92060873938706,285.0005514422246,54.33458948293806,14.213859017719065,65.35819790716229,206.54316816443355,38.515354461614436
2022,8,28,19,0.0,0.0,0.0,0.0,0.0,0.0,0.0,0.0
2022,8,28,20,0.0,0.0,0.0,0.0,0.0,0.0,0.0,0.0
2022,8,28,21,0.0,0.0,0.0,0.0,0.0,0.0,0.0,0.0
2022,8,28,22,0.0,0.0,0.0,0.0,0.0,0.0,0.0,0.0
2022,8,28,23,0.0,0.0,0.0,0.0,0.0,0.0,0.0,0.0
2022,8,29,0,0.0,0.0,0.0,0.0,0.0,0.0,0.0,0.0
2022,8,29,1,0.0,0.0,0.0,0.0,0.0,0.0,0.0,0.0
2022,8,29,2,0.0,0.0,0.0,0.0,0.0,0.0,0.0,0.0
2022,8,29,3,0.0,0.0,0.0,0.0,0.0,0.0,0.0,0.0
2022,8,29,4,0.0,0.0,0.0,0.0,0.0,0.0,0.0,0.0
2022,8,29,5,0.0,0.0,0.0,0.0,0.0,0.0,0.0,0.0
2022,8,29,6,-0.0,-0.0,-0.0,-0.0,-0.0,-0.0,-0.0,-0.0
2022,8,29,7,0.7730660350125041,0.2673165390709178,-0.0,0.6622672786329705,56.151196839106575,59.37896560890848,52.43956645024817,61.256450445954435
2022,8,29,8,56.928242179921924,50.71662382836795,49.09289866533172,55.946652774116615,156.9085221510774,188.30742453993136,190.47380514358792,183.5440692792408
2022,8,29,9,221.22780350065554,253.87731930410607,267.0168536895334,234.82007774953072,3.138422300410252,2.3094360178798556,2.624275354215428,2.306111578909695
2022,8,29,10,91.28753062080594,92.00972341695585,93.08422956879373,88.41689007836682,623.6697015080564,676.3605334040825,709.2467423985781,407.4974178970574
2022,8,29,11,189.13695779510817,202.30791408793334,199.88767079851763,171.96477005859066,552.4586817089922,550.475317052267,577.1942941957659,272.3096658060045
2022,8,29,12,534.7535038123652,528.7091136124219,551.5412902989992,271.20268612687073,484.3001866527548,471.5000833108312,497.7325423136721,177.45609973777735
2022,8,29,13,446.79606190344515,458.65368731644315,472.28336358356864,312.0494735826618,22.281461025663525,24.196571724203128,23.580587249726335,19.42939092594032
2022,8,29,14,211.64017268891743,211.75360017514882,218.10299652643658,197.4183173120758,243.46407956561558,245.88909801543258,252.73720084614018,201.59645047355045
2022,8,29,15,64.7032384250854,56.967089417433066,59.562794060145094,62.98097268059381,26.638520393663494,22.734932778138614,23.66829461622626,23.13858513206636
2022,8,29,16,39.1595226772685,34.078531580692314,31.691108015186796,37.8558197081049,30.442695801051705,26.029103186448538,23.403802327870835,26.433941344780603
2022,8,29,17,24.28283866548818,20.915266518078706,16.44216629045287,23.334069217456257,7.205112177483997,5.740201642577538,3.535825630994623,5.820679364053913
2022,8,29,18,6.4062872264475805,14.602102320209378,16.223266136119687,7.88258687260352,8.35468972176617,25.481449766772915,30.355699928380965,10.856291751203099
2022,8,29,19,0.0,0.0,0.0,0.0,0.0,0.0,0.0,0.0
2022,8,29,20,0.0,0.0,0.0,0.0,0.0,0.0,0.0,0.0
2022,8,29,21,0.0,0.0,0.0,0.0,0.0,0.0,0.0,0.0
2022,8,29,22,0.0,0.0,0.0,0.0,0.0,0.0,0.0,0.0
2022,8,29,23,0.0,0.0,0.0,0.0,0.0,0.0,0.0,0.0
2022,8,30,0,0.0,0.0,0.0,0.0,0.0,0.0,0.0,0.0
2022,8,30,1,0.0,0.0,0.0,0.0,0.0,0.0,0.0,0.0
2022,8,30,2,0.0,0.0,0.0,0.0,0.0,0.0,0.0,0.0
2022,8,30,3,0.0,0.0,0.0,0.0,0.0,0.0,0.0,0.0
2022,8,30,4,0.0,0.0,0.0,0.0,0.0,0.0,0.0,0.0
2022,8,30,5,0.0,0.0,0.0,0.0,0.0,0.0,0.0,0.0
2022,8,30,6,-0.0,-0.0,-0.0,-0.0,-0.0,-0.0,-0.0,-0.0
2022,8,30,7,20.519038435445342,21.462933326252582,19.334257871289616,24.145330732601728,23.45207782666754,20.022843601710537,15.913790569999227,21.16597563255354
2022,8,30,8,76.36221279393703,70.18604384360886,68.46880007297686,76.8932570499262,219.51335964849994,295.01922528791727,305.7397914613545,291.1836720135798
2022,8,30,9,257.69465215063616,297.37856000401484,313.096072722709,272.4129837105352,515.0834525782544,669.4758155320652,692.0964716649163,533.1682893633468
2022,8,30,10,500.98235350547014,537.5437417327199,567.2324363539891,381.56268283380217,11.958438910581108,12.008950131037105,12.116034516622374,10.741494601471354
2022,8,30,11,92.48619479495532,99.95455065476695,97.81699032679163,87.65661447067302,138.40688450204777,149.22847719536873,146.35278828994848,122.45045145145711
2022,8,30,12,208.10370585806484,224.63097666385153,220.39410894431845,176.06686154535257,439.8514409993171,435.9204994405731,453.9510776869846,212.39071321393675
2022,8,30,13,348.9577631210239,359.49238834308983,368.4148743260979,258.2754139163705,363.8913643762861,374.7663783564146,383.96759801922946,247.61870339789843
2022,8,30,14,207.54888349931505,207.33351504864254,213.88617510273934,193.50226201335386,274.61218358922537,283.67320887099345,295.33962769393696,229.62939434482143
2022,8,30,15,186.50845235265794,180.130606728886,189.10651183743477,182.9622683337192,298.5938901759555,347.36760548470033,364.72525825395167,287.30002677212116
2022,8,30,16,241.69660794906184,316.9213081514838,330.0759271901184,295.28428653772085,241.08921835028275,351.0725518701806,365.28419164043913,301.563758834559
2022,8,30,17,84.89711895959579,109.35885668775809,106.93964497172558,107.50116108221142,119.07571235407546,209.67318249460274,223.51641807864328,189.99473916056974
2022,8,30,18,13.534505747494167,105.68925345997391,144.48600613645831,29.734426875077325,12.590283052195861,84.84662250396617,115.9308529268178,24.433701898412842
2022,8,30,19,0.0,0.0,0.0,0.0,0.0,0.0,0.0,0.0
2022,8,30,20,0.0,0.0,0.0,0.0,0.0,0.0,0.0,0.0
2022,8,30,21,0.0,0.0,0.0,0.0,0.0,0.0,0.0,0.0
2022,8,30,22,0.0,0.0,0.0,0.0,0.0,0.0,0.0,0.0
2022,8,30,23,0.0,0.0,0.0,0.0,0.0,0.0,0.0,0.0
2022,8,31,0,0.0,0.0,0.0,0.0,0.0,0.0,0.0,0.0
2022,8,31,1,0.0,0.0,0.0,0.0,0.0,0.0,0.0,0.0
2022,8,31,2,0.0,0.0,0.0,0.0,0.0,0.0,0.0,0.0
2022,8,31,3,0.0,0.0,0.0,0.0,0.0,0.0,0.0,0.0
2022,8,31,4,0.0,0.0,0.0,0.0,0.0,0.0,0.0,0.0
2022,8,31,5,0.0,0.0,0.0,0.0,0.0,0.0,0.0,0.0
2022,8,31,6,-0.0,-0.0,-0.0,-0.0,-0.0,-0.0,-0.0,-0.0
2022,8,31,7,76.26415380227193,232.54644540653567,265.36918915812026,255.81010805043485,140.41824996571148,426.8460977803098,480.24750849108375,461.44224798360057
2022,8,31,8,305.6958805971673,523.995241170393,552.3223887658257,499.5783861072036,352.9763734539948,606.5214277586807,636.4219320827374,567.5810720699392
2022,8,31,9,498.67945404714857,637.653296569781,662.5166282893136,536.183408737329,514.5437754431747,667.8041650521898,692.1225805097953,534.0142165245852
2022,8,31,10,500.52090049803303,535.4953135878905,565.5781337424702,379.1434613948636,536.5734959859006,575.0734706490325,606.7961549755139,381.85194306214686
2022,8,31,11,693.5006880308745,671.5314034614531,716.8633587205144,295.0958071342544,549.8478759709674,536.2328265632168,570.6066326362602,252.7210826189004
2022,8,31,12,745.356397073331,698.0018139701072,752.4384003363372,191.48267566136502,707.2055051317545,669.7580170434175,714.9459196415078,135.73406083330156
2022,8,31,13,742.8149585039803,736.0260407210869,782.2125867624104,321.2598141705513,633.987937958695,628.5181856546429,668.1168396741757,258.99647876065535
2022,8,31,14,527.6372305948419,585.6482805894391,616.9521037158341,375.122617112276,475.1486870779351,516.8580497569172,542.5592123209959,342.3226831074714
2022,8,31,15,205.5588246834387,223.52967575837206,234.8621368429021,201.8446575962996,388.22064201013694,490.6462170608312,512.4918933296586,369.47495385344115
2022,8,31,16,259.1670511365032,382.939733216635,402.35973372051285,331.9881293892982,181.52864339567435,225.63192372172168,229.84169991098983,205.30001692056285
2022,8,31,17,87.992846036376,120.46928335248911,119.93361436003656,115.67991506076606,5.1755934182496,4.011223104068496,2.3030830307959245,4.364102422492556
2022,8,31,18,19.53819566082343,148.06550171795698,312.7161647886535,50.40084047406376,9.007442764961693,38.635489977992115,49.17923122452337,13.06300512208575
2022,8,31,19,0.0,0.0,0.0,0.0,0.0,0.0,0.0,0.0
2022,8,31,20,0.0,0.0,0.0,0.0,0.0,0.0,0.0,0.0
2022,8,31,21,0.0,0.0,0.0,0.0,0.0,0.0,0.0,0.0
2022,8,31,22,0.0,0.0,0.0,0.0,0.0,0.0,0.0,0.0
2022,8,31,23,0.0,0.0,0.0,0.0,0.0,0.0,0.0,0.0
2022,9,1,0,0.0,0.0,0.0,0.0,0.0,0.0,0.0,0.0
2022,9,1,1,0.0,0.0,0.0,0.0,0.0,0.0,0.0,0.0
2022,9,1,2,0.0,0.0,0.0,0.0,0.0,0.0,0.0,0.0
2022,9,1,3,0.0,0.0,0.0,0.0,0.0,0.0,0.0,0.0
2022,9,1,4,0.0,0.0,0.0,0.0,0.0,0.0,0.0,0.0
2022,9,1,5,0.0,0.0,0.0,0.0,0.0,0.0,0.0,0.0
2022,9,1,6,-0.0,-0.0,-0.0,-0.0,-0.0,-0.0,-0.0,-0.0
2022,9,1,7,66.53217257244586,190.60551167879387,216.00210111072766,209.5849418824663,133.65658105720107,385.6579955256953,434.3245876182035,419.66558787533756
2022,9,1,8,295.75308116596227,505.6119937417223,534.3009589485123,482.96764147590505,341.26966881825746,577.5150877745436,607.6835077958574,545.0660944685203
2022,9,1,9,472.3242547007768,610.9019362750113,635.2433901419867,504.49224187392923,501.4906371635477,643.7698833614536,668.5637817612557,522.4180415238812
2022,9,1,10,569.7298003456174,609.8389764465221,643.9933310478712,411.79047525867367,614.0346061384197,656.9442805415763,691.8391209733302,423.14457918698963
2022,9,1,11,569.2971873393627,551.197051620965,589.4576364670337,273.60785550575093,674.9577897606249,655.0983573451931,696.4447430820135,255.35646905770898
2022,9,1,12,794.110847855147,743.8034170878512,801.2362588031024,205.55093802908388,696.0339478830127,657.8678607665672,702.816578205178,139.57841079159718
2022,9,1,13,566.7028375226455,560.9550008984655,597.8514124218134,272.95605802456635,102.5514360699258,109.17586703943051,107.35492385830736,93.29445893698987
2022,9,1,14,192.55025517695591,192.4646697368384,198.41881656228273,178.04099199118477,424.52262531888573,454.61934194316603,476.3494681982615,322.9007761815304
2022,9,1,15,276.6884385333438,323.02504742951476,340.6733436780631,275.1101346003663,422.9454302321992,550.1086519611268,574.2469574462831,410.9573138780362
2022,9,1,16,165.10084945475384,204.66918627847943,209.5221698496499,192.29552602285412,305.3265524030046,515.6728800349135,545.8423888226009,424.9264798098594
2022,9,1,17,91.21292735499775,120.20473825659913,119.06545127824877,117.00243502250764,86.6404802316185,115.67122068093045,113.06873432925362,108.77575513542838
2022,9,1,18,20.5718741701004,18.026173685556767,11.937752465241049,18.764579995603636,7.6982077053327895,6.33028925551108,2.4411356929305543,6.5805691225569705
2022,9,1,19,0.0,0.0,0.0,0.0,0.0,0.0,0.0,0.0
2022,9,1,20,0.0,0.0,0.0,0.0,0.0,0.0,0.0,0.0
2022,9,1,21,0.0,0.0,0.0,0.0,0.0,0.0,0.0,0.0
2022,9,1,22,0.0,0.0,0.0,0.0,0.0,0.0,0.0,0.0
2022,9,1,23,0.0,0.0,0.0,0.0,0.0,0.0,0.0,0.0
2022,9,2,0,0.0,0.0,0.0,0.0,0.0,0.0,0.0,0.0
2022,9,2,1,0.0,0.0,0.0,0.0,0.0,0.0,0.0,0.0
2022,9,2,2,0.0,0.0,0.0,0.0,0.0,0.0,0.0,0.0
2022,9,2,3,0.0,0.0,0.0,0.0,0.0,0.0,0.0,0.0
2022,9,2,4,0.0,0.0,0.0,0.0,0.0,0.0,0.0,0.0
2022,9,2,5,0.0,0.0,0.0,0.0,0.0,0.0,0.0,0.0
2022,9,2,6,-0.0,-0.0,-0.0,-0.0,-0.0,-0.0,-0.0,-0.0
2022,9,2,7,48.0620913087477,115.39542213290858,128.40124570171017,127.72058814025742,125.0473289344364,338.0940003232921,379.2531564509821,368.88236753512916
2022,9,2,8,254.429420745059,405.22709438096706,429.3736764193817,397.2229389120341,282.0499249313015,438.45820248210504,462.5956599488856,426.33509020298277
2022,9,2,9,412.57022278187435,523.3799713772327,548.2476921646511,445.3468955977564,499.2798294489209,638.0401885439255,664.0680635433397,521.4968042417619
2022,9,2,10,594.1187329612682,633.6649135579805,670.6760641895416,430.6855984378853,614.7918832997121,655.8283190632234,692.516689197343,426.012399942657
2022,9,2,11,687.7851444042136,661.6033073194889,709.665127523251,288.36259200426974,684.0754174688291,658.5654444150515,705.2583146552043,259.88810912177104
2022,9,2,12,725.6796646351683,677.1848153943024,732.0887088659495,179.00093178119408,707.3847824052044,661.1382848840778,713.3676095672075,145.69647733893908
2022,9,2,13,716.0265136504721,705.1800036966439,753.9820661035066,299.69987609442313,681.6897333646185,672.2168410111155,717.038789674136,267.29725699847324
2022,9,2,14,446.64321878561196,500.2539256878061,530.2480295984159,306.1757596015673,89.55690939870404,87.34564906031032,89.18619552391431,83.32611797159277
2022,9,2,15,105.46138786602914,96.20367814601389,100.11928159009908,102.9492582091604,39.07322114304331,33.86088455075988,35.02293169197524,36.382581448707995
2022,9,2,16,94.5475300351421,91.06861910655684,87.18265276253587,96.09968546729527,241.98961759928696,334.84438563314455,347.2854566155252,293.5856609095581
2022,9,2,17,62.7757227830236,75.27521104962618,71.11738329459706,74.46051181105824,25.75855294025473,22.09825583665944,16.709187111487335,23.735958551163684
2022,9,2,18,3.2624213254821037,2.431634179984537,0.13737379190983393,2.666903145786022,6.897735536362004,5.623189509042456,1.974748344490104,5.827724230535912
2022,9,2,19,0.0,0.0,0.0,0.0,0.0,0.0,0.0,0.0
2022,9,2,20,0.0,0.0,0.0,0.0,0.0,0.0,0.0,0.0
2022,9,2,21,0.0,0.0,0.0,0.0,0.0,0.0,0.0,0.0
2022,9,2,22,0.0,0.0,0.0,0.0,0.0,0.0,0.0,0.0
2022,9,2,23,0.0,0.0,0.0,0.0,0.0,0.0,0.0,0.0
2022,9,3,0,0.0,0.0,0.0,0.0,0.0,0.0,0.0,0.0
2022,9,3,1,0.0,0.0,0.0,0.0,0.0,0.0,0.0,0.0
2022,9,3,2,0.0,0.0,0.0,0.0,0.0,0.0,0.0,0.0
2022,9,3,3,0.0,0.0,0.0,0.0,0.0,0.0,0.0,0.0
2022,9,3,4,0.0,0.0,0.0,0.0,0.0,0.0,0.0,0.0
2022,9,3,5,0.0,0.0,0.0,0.0,0.0,0.0,0.0,0.0
2022,9,3,6,-0.0,-0.0,-0.0,-0.0,-0.0,-0.0,-0.0,-0.0
2022,9,3,7,26.32714204724656,24.22470650198082,20.507451856271484,26.938483314791807,100.02648829513612,191.6992932275203,205.35725119412848,209.5598797725235
2022,9,3,8,81.09458686403256,75.86851694216043,74.06593296362126,82.82696985868792,130.18020529679356,144.4204252716085,145.9754882991407,148.56036502337778
2022,9,3,9,124.56082419663345,115.96785146486866,122.44505062192485,123.30456605739907,129.92185477240793,121.41900171189462,127.89586945170586,123.4631734632691
2022,9,3,10,309.90207645215776,319.8959672309279,332.5635347170825,271.39641928370634,457.2327703173715,480.84055770589373,506.9196066284591,346.72906984427283
2022,9,3,11,340.9598299521538,341.69477353001645,355.90615528352464,232.91874241869135,30.291783520666087,33.329989551120576,32.07716846671871,28.09642233301809
2022,9,3,12,82.13240374441031,91.20284272043531,87.39277330957621,78.34041433363666,68.15977768811712,76.14511390943842,72.68398296186544,62.556625600792174
2022,9,3,13,100.80704164465625,107.03969045316595,105.21573636041903,96.07565710072332,101.55831219928312,108.02776200896503,105.9873176302749,92.40862782344881
2022,9,3,14,105.75898748654575,103.6056817001768,106.07585285917266,101.26934499493697,137.25326591447856,134.93782031154848,138.1275136760636,124.89174446296228
2022,9,3,15,80.33053198254073,72.14075257872179,74.76878860053239,78.32174425607774,83.24013859941594,74.39539721663239,76.80804283671405,77.57388126472024
2022,9,3,16,105.1229917518607,102.381275859969,98.3585690185217,107.66634960030251,54.31506836659716,47.57269256428859,43.316526452023055,50.462132276648376
2022,9,3,17,33.419243413866035,29.447853799733227,23.379509047769677,32.56471945995031,71.31979980521099,86.0206555108675,80.71938420965579,82.3030278418466
2022,9,3,18,5.821251859129471,4.674323644947399,1.3677454016502495,5.000742846685393,6.593579981093704,5.35555123636928,1.7863846679286681,5.553779340471254
2022,9,3,19,0.0,0.0,0.0,0.0,0.0,0.0,0.0,0.0
2022,9,3,20,0.0,0.0,0.0,0.0,0.0,0.0,0.0,0.0
2022,9,3,21,0.0,0.0,0.0,0.0,0.0,0.0,0.0,0.0
2022,9,3,22,0.0,0.0,0.0,0.0,0.0,0.0,0.0,0.0
2022,9,3,23,0.0,0.0,0.0,0.0,0.0,0.0,0.0,0.0
2022,9,4,0,0.0,0.0,0.0,0.0,0.0,0.0,0.0,0.0
2022,9,4,1,0.0,0.0,0.0,0.0,0.0,0.0,0.0,0.0
2022,9,4,2,0.0,0.0,0.0,0.0,0.0,0.0,0.0,0.0
2022,9,4,3,0.0,0.0,0.0,0.0,0.0,0.0,0.0,0.0
2022,9,4,4,0.0,0.0,0.0,0.0,0.0,0.0,0.0,0.0
2022,9,4,5,0.0,0.0,0.0,0.0,0.0,0.0,0.0,0.0
2022,9,4,6,-0.0,-0.0,-0.0,-0.0,-0.0,-0.0,-0.0,-0.0
2022,9,4,7,20.257326611755847,18.89564988550654,15.97114148697475,21.073900678958836,9.451678941705293,7.76715953178551,5.709568497747137,8.383776142175975
2022,9,4,8,67.80913098325468,62.39168460903841,60.53328735959932,68.32609109032217,84.40081247484508,80.31098725231614,77.90660964772968,83.88148960459083
2022,9,4,9,146.27463525395652,137.46412079661962,145.21957217613584,144.89897167963562,52.238588213512045,45.983250536985054,48.37466728298648,48.510199341820176
2022,9,4,10,93.54485015893688,94.10885322499557,94.97389198216712,90.35446345049002,29.443167887946554,29.536656629347032,29.60082606402158,27.21163919007316
2022,9,4,11,113.54652304594848,122.33084883774582,119.32410452704357,107.03961662159703,319.6282990586699,327.7825556628497,334.27489746667845,231.4828778098584
2022,9,4,12,241.8728996571004,260.07527263113747,254.65664972062405,207.11229043853274,265.4181468483881,284.4879866026934,279.2596429979486,209.46338565470955
2022,9,4,13,130.21950702719383,137.69332543391306,135.77670079553468,121.92257062992428,177.98670576984486,187.7665234888265,185.72374012697665,155.40947464949002
2022,9,4,14,115.86187667566823,113.21855778363798,116.11844440710223,111.14962397158506,281.28925677922945,288.9074267343127,301.98154725571476,236.38313791563536
2022,9,4,15,140.48907454483026,131.63489298181412,136.91759630021778,137.9611870008364,105.9060115704691,96.24807920999035,99.3989277818145,98.99078499684897
2022,9,4,16,148.67806477290802,157.05206399983135,154.77894287537214,159.4411443625662,76.64607039626205,70.87253600548469,65.8539332723035,73.29393944075191
2022,9,4,17,76.14166512612617,93.21308800706797,89.60161050958804,91.53749894318318,40.1427697364387,38.27604588737517,31.286907208758358,39.294259397361564
2022,9,4,18,26.42599529105931,22.905628884675444,12.821542495004046,23.932493026810153,10.943184562618185,9.24286775117365,4.60641671332267,9.512474769053748
2022,9,4,19,0.0,0.0,0.0,0.0,0.0,0.0,0.0,0.0
2022,9,4,20,0.0,0.0,0.0,0.0,0.0,0.0,0.0,0.0
2022,9,4,21,0.0,0.0,0.0,0.0,0.0,0.0,0.0,0.0
2022,9,4,22,0.0,0.0,0.0,0.0,0.0,0.0,0.0,0.0
2022,9,4,23,0.0,0.0,0.0,0.0,0.0,0.0,0.0,0.0
2022,9,5,0,0.0,0.0,0.0,0.0,0.0,0.0,0.0,0.0
2022,9,5,1,0.0,0.0,0.0,0.0,0.0,0.0,0.0,0.0
2022,9,5,2,0.0,0.0,0.0,0.0,0.0,0.0,0.0,0.0
2022,9,5,3,0.0,0.0,0.0,0.0,0.0,0.0,0.0,0.0
2022,9,5,4,0.0,0.0,0.0,0.0,0.0,0.0,0.0,0.0
2022,9,5,5,0.0,0.0,0.0,0.0,0.0,0.0,0.0,0.0
2022,9,5,6,-0.0,-0.0,-0.0,-0.0,-0.0,-0.0,-0.0,-0.0
2022,9,5,7,10.982829897013115,10.23602027898786,8.428477625535578,11.562804884795796,47.48270385335671,45.37092075379638,38.79183931672986,48.45364884833632
2022,9,5,8,66.95212772155162,61.06214266642896,59.09082177483579,67.01914815206631,128.9829878305156,140.71317031693536,141.9741030959467,145.1310903138566
2022,9,5,9,163.523386313503,165.44693079900904,175.51615460064934,166.78901844041928,202.0004938560549,208.14782404687145,220.44615650034098,199.0369143169698
2022,9,5,10,279.1850438145999,286.61295055963217,297.75684954932694,247.04118098957787,407.85364630358777,426.6026291937881,451.7570841663837,309.7722856466346
2022,9,5,11,510.746532082218,499.2744901924259,530.0004989990688,297.7330644853994,389.5405965403975,388.37500971140145,405.6693576993627,241.2170466710467
2022,9,5,12,400.2967325911624,404.5972277570435,415.1342132727292,257.2836797443515,602.675753643442,562.6301183282286,610.8122548020053,176.9076830587068
2022,9,5,13,542.3604534127411,539.481279574558,572.6084816956306,310.1731234168106,441.3183318832447,444.1752158124792,464.9549378262695,265.88728534893517
2022,9,5,14,358.27690180550803,373.3870939510312,392.46747250544735,299.9684441567252,511.92521930054943,562.1284942168069,595.8762698077585,353.26479665012977
2022,9,5,15,457.25537291232814,567.8403976820189,599.2201960952112,454.5088788496522,337.3402635850401,400.3702668088618,421.09909733941817,323.41626257701427
2022,9,5,16,341.2179590768497,520.294555818374,552.0348584382957,449.25625659322674,217.66500471147265,293.41531134413805,303.0993849767938,259.3118822512587
2022,9,5,17,166.3272089044159,379.8450554499064,437.8858670093938,318.4590503448929,-0.0,-0.0,-0.0,-0.0
2022,9,5,18,50.48352403027125,49.9211149514208,100.20327267879604,50.102069202941514,13.108344769563622,11.187823900352296,6.2286546908596465,11.491854636736742
2022,9,5,19,0.0,0.0,0.0,0.0,0.0,0.0,0.0,0.0
2022,9,5,20,0.0,0.0,0.0,0.0,0.0,0.0,0.0,0.0
2022,9,5,21,0.0,0.0,0.0,0.0,0.0,0.0,0.0,0.0
2022,9,5,22,0.0,0.0,0.0,0.0,0.0,0.0,0.0,0.0
2022,9,5,23,0.0,0.0,0.0,0.0,0.0,0.0,0.0,0.0
2022,9,6,0,0.0,0.0,0.0,0.0,0.0,0.0,0.0,0.0
2022,9,6,1,0.0,0.0,0.0,0.0,0.0,0.0,0.0,0.0
2022,9,6,2,0.0,0.0,0.0,0.0,0.0,0.0,0.0,0.0
2022,9,6,3,0.0,0.0,0.0,0.0,0.0,0.0,0.0,0.0
2022,9,6,4,0.0,0.0,0.0,0.0,0.0,0.0,0.0,0.0
2022,9,6,5,0.0,0.0,0.0,0.0,0.0,0.0,0.0,0.0
2022,9,6,6,-0.0,-0.0,-0.0,-0.0,-0.0,-0.0,-0.0,-0.0
2022,9,6,7,52.15635691008949,155.85035541362683,179.54703671576928,172.73658423827698,143.55848222074394,411.6434900382679,464.90217187674085,447.27576811548835
2022,9,6,8,316.9317419023444,531.1315103940364,563.3690290219415,508.52816603875254,354.42686030596786,583.9257821442595,615.5838607444225,553.2906403653226
2022,9,6,9,491.1811338695523,623.6867731049502,653.07359321581,517.0707868736984,510.07115006070785,639.3549756112346,666.3743101060429,521.3376391051052
2022,9,6,10,492.93778999294693,517.410554275424,552.3008891252484,368.6690090237369,251.25706548407422,257.2410501273648,266.4234194095815,214.3441222656215
2022,9,6,11,336.51386043139496,333.71536009142505,350.0953735157574,217.611201652265,310.4137561322111,317.3466200128901,324.01003587665485,222.30491751132925
2022,9,6,12,568.9248959146018,529.4290519220659,577.6402477120507,201.79912299651934,633.1221970704918,584.4112542403324,639.4876611059439,153.80627585748854
2022,9,6,13,517.8529719433303,513.5746592696183,546.4907409665919,292.88581516620934,516.7232791198164,512.9777071378062,544.882817261434,270.8484579538723
2022,9,6,14,461.2086607173673,497.34405693802773,527.9087252529561,355.09224822809085,615.7697929247018,686.1065858837704,726.5750088511974,386.08762101569164
2022,9,6,15,453.3017229787879,600.447032240598,631.3798425710157,451.69508106939,512.3779118419708,705.945231792259,736.5867600329922,486.435532325407
2022,9,6,16,221.96560597485984,395.4265851876486,427.176458010625,320.4245773874609,345.0775278086119,656.1384526198733,704.0767758124683,514.4987271797194
2022,9,6,17,153.4863528600027,538.7937813133858,664.5854412371737,420.79812674420174,135.03786254130216,487.2311884435603,599.0986003749614,380.4385526835242
2022,9,6,18,19.322257173499697,32.13986882619447,257.83672329341516,28.293157051678584,11.323100428121084,20.276482291649234,177.34914334412213,17.360949884729326
2022,9,6,19,0.0,0.0,0.0,0.0,0.0,0.0,0.0,0.0
2022,9,6,20,0.0,0.0,0.0,0.0,0.0,0.0,0.0,0.0
2022,9,6,21,0.0,0.0,0.0,0.0,0.0,0.0,0.0,0.0
2022,9,6,22,0.0,0.0,0.0,0.0,0.0,0.0,0.0,0.0
2022,9,6,23,0.0,0.0,0.0,0.0,0.0,0.0,0.0,0.0
2022,9,7,0,0.0,0.0,0.0,0.0,0.0,0.0,0.0,0.0
2022,9,7,1,0.0,0.0,0.0,0.0,0.0,0.0,0.0,0.0
2022,9,7,2,0.0,0.0,0.0,0.0,0.0,0.0,0.0,0.0
2022,9,7,3,0.0,0.0,0.0,0.0,0.0,0.0,0.0,0.0
2022,9,7,4,0.0,0.0,0.0,0.0,0.0,0.0,0.0,0.0
2022,9,7,5,0.0,0.0,0.0,0.0,0.0,0.0,0.0,0.0
2022,9,7,6,-0.0,-0.0,-0.0,-0.0,-0.0,-0.0,-0.0,-0.0
2022,9,7,7,66.6266213870616,200.56382818286326,230.70332782523863,221.0734172775641,145.52454296453945,417.1776847296404,472.7204723536498,454.3511908315487
2022,9,7,8,317.0682802457043,532.2288815713838,565.3858105530996,508.90799637560133,361.0859204200391,599.6003459840574,634.3066725334781,567.2529439205966
2022,9,7,9,499.9789422890726,634.4897645764404,665.2763892959567,522.3306973115467,519.7955905458775,655.2992440376707,685.9235921820282,531.778688841436
2022,9,7,10,622.4296589318254,653.8876537586395,698.1005042508283,432.5463419155474,624.1202014373654,654.4002221756274,695.6968408288596,421.26818372628196
2022,9,7,11,697.655814660708,661.3272176813031,716.7961354201973,269.98346825053716,683.4843484480486,651.0293836352463,701.7566385473849,249.76988281608433
2022,9,7,12,720.8538978140715,667.255096538855,725.9670171716093,171.15135075278667,703.2945866811899,654.0047548258424,708.7015503519186,144.28625798779268
2022,9,7,13,666.9568323930527,650.0043389564723,701.7310102643656,290.1428828579287,681.2933712936605,664.6402450569617,715.9427833084893,266.2197135476353
2022,9,7,14,593.0804081618415,658.031433944535,700.4427767607747,406.53041341013596,607.4333428170622,672.1860200260658,711.7215090297868,395.68927198571333
2022,9,7,15,537.8458025147077,727.580688416746,763.6808801370186,534.6582658896405,352.03821042790133,422.0754316272758,443.69840272844203,339.3479783397616
2022,9,7,16,300.02717137302227,459.1963032423369,487.04983303958323,398.2195528183253,124.73427869610954,129.5690862738984,124.98676114968107,127.3119330668611
2022,9,7,17,29.781377784102414,25.844341430040885,19.964083982505915,28.76054958708937,45.14371742415978,46.17448226816741,39.34294103061273,46.02868999413144
2022,9,7,18,29.47940716392422,27.479973127554807,51.48610492870167,28.08423119937875,16.89066740480313,14.577004367925362,9.626400928053457,14.942954822578374
2022,9,7,19,0.0,0.0,0.0,0.0,0.0,0.0,0.0,0.0
2022,9,7,20,0.0,0.0,0.0,0.0,0.0,0.0,0.0,0.0
2022,9,7,21,0.0,0.0,0.0,0.0,0.0,0.0,0.0,0.0
2022,9,7,22,0.0,0.0,0.0,0.0,0.0,0.0,0.0,0.0
2022,9,7,23,0.0,0.0,0.0,0.0,0.0,0.0,0.0,0.0
2022,9,8,0,0.0,0.0,0.0,0.0,0.0,0.0,0.0,0.0
2022,9,8,1,0.0,0.0,0.0,0.0,0.0,0.0,0.0,0.0
2022,9,8,2,0.0,0.0,0.0,0.0,0.0,0.0,0.0,0.0
2022,9,8,3,0.0,0.0,0.0,0.0,0.0,0.0,0.0,0.0
2022,9,8,4,0.0,0.0,0.0,0.0,0.0,0.0,0.0,0.0
2022,9,8,5,0.0,0.0,0.0,0.0,0.0,0.0,0.0,0.0
2022,9,8,6,-0.0,-0.0,-0.0,-0.0,-0.0,-0.0,-0.0,-0.0
2022,9,8,7,13.478254684291151,14.248497481956688,12.690491944650814,16.169460175153898,125.41401533964667,324.41830605664757,366.0056617612041,355.9283339482967
2022,9,8,8,68.74116881612767,73.02782300915968,73.28625555046453,77.86392394469726,340.09109407026847,554.8203875399244,589.7772810308086,529.8711521453448
2022,9,8,9,352.80585722602837,434.45903496858233,461.2158195878007,374.99284192633064,514.3258959534543,647.461787482457,681.608622618031,527.1242776877682
2022,9,8,10,601.5292463252268,629.5865553625028,676.6784402299746,428.5009742735739,639.2381214870276,669.3279603284589,716.6683037927224,428.64838037255646
2022,9,8,11,698.8288822107604,658.7820922824753,718.6077523974277,281.7321980325457,712.7278637131587,672.462528242972,732.2325842829212,253.3680666340658
2022,9,8,12,722.8439748224578,661.5173457191345,728.5621129084079,187.58289962877052,731.0558541074586,671.0747706674664,735.9494027951375,142.39709570403483
2022,9,8,13,569.3209755725469,556.2044347444403,601.2437186414231,283.9121985758125,501.99795927696,502.23011080279946,528.297762516274,300.1763099456792
2022,9,8,14,392.50010347918254,425.11015367088646,452.9164209200499,294.17943816125137,621.7943287841007,688.5455592835681,730.9117869176647,400.1955222117247
2022,9,8,15,542.9910684574486,726.5759372462915,763.7883347693735,542.0578480974258,18.59478837669694,15.811818124706333,16.12408364657425,16.94335146648285
2022,9,8,16,330.78648252264145,548.4731878103535,586.7806073213364,460.27091159238535,331.1517596082834,603.6096823798385,648.4793701152839,487.6634119192206
2022,9,8,17,155.81645217758506,430.22320741781374,528.2452606268896,347.20372225790885,133.59004522792165,414.0453758514838,514.6355806357847,326.2178088315017
2022,9,8,18,23.504572839424526,23.259383386807592,92.12713068101536,23.31886386884686,13.834782254867818,15.161218110309596,100.05985203183542,14.489518510696014
2022,9,8,19,0.0,0.0,0.0,0.0,0.0,0.0,0.0,0.0
2022,9,8,20,0.0,0.0,0.0,0.0,0.0,0.0,0.0,0.0
2022,9,8,21,0.0,0.0,0.0,0.0,0.0,0.0,0.0,0.0
2022,9,8,22,0.0,0.0,0.0,0.0,0.0,0.0,0.0,0.0
2022,9,8,23,0.0,0.0,0.0,0.0,0.0,0.0,0.0,0.0
2022,9,9,0,0.0,0.0,0.0,0.0,0.0,0.0,0.0,0.0
2022,9,9,1,0.0,0.0,0.0,0.0,0.0,0.0,0.0,0.0
2022,9,9,2,0.0,0.0,0.0,0.0,0.0,0.0,0.0,0.0
2022,9,9,3,0.0,0.0,0.0,0.0,0.0,0.0,0.0,0.0
2022,9,9,4,0.0,0.0,0.0,0.0,0.0,0.0,0.0,0.0
2022,9,9,5,0.0,0.0,0.0,0.0,0.0,0.0,0.0,0.0
2022,9,9,6,-0.0,-0.0,-0.0,-0.0,-0.0,-0.0,-0.0,-0.0
2022,9,9,7,63.30555890740386,181.24266946912454,209.46427857981678,201.67390048360352,135.48677242988504,363.43148111705005,412.63136243505113,399.16028084127527
2022,9,9,8,298.8724307966153,494.82808717538495,528.9647401109864,476.9789700676515,350.0563532624043,572.4867563651287,608.5500270954639,545.068182243806
2022,9,9,9,484.17601774446354,605.9098646505701,638.4704172337449,507.2878569324587,517.7841807243655,646.8522747497218,680.6995247740692,528.2471168299336
2022,9,9,10,608.3844864925813,631.6030132983368,675.9140650546218,454.8898974416462,296.6892397128207,302.6952991695183,314.7240746097429,250.79989763695542
2022,9,9,11,480.39477442242423,461.94190974605885,496.33620619823745,258.4869945986042,708.0785157759501,666.5172542375842,726.6882672205894,252.52139513438277
2022,9,9,12,500.4881967051082,471.0257879575527,509.40234322381036,204.79014308721443,362.54978154372526,366.96337219171437,375.4937447747683,226.23491915841765
2022,9,9,13,545.876187553978,533.732055676471,576.7234171022748,286.4725373247474,696.9847862177455,677.0298055236592,732.8710954892691,273.8019294816332
2022,9,9,14,642.0146545959797,698.7646926981611,744.9291373480528,469.1536093045784,621.1034081785426,685.8525472088529,729.2009113574109,403.5459743264978
2022,9,9,15,555.8816550931595,722.6373514358489,761.0572682809651,556.3786743424794,503.4521168235553,685.8610005515454,719.5978175398343,487.0292029946072
2022,9,9,16,339.13047407988836,603.7231576798919,651.4024790359268,494.8260477487104,336.92942457538305,623.7491120362901,671.8941302752827,500.9097432779875
2022,9,9,17,155.42996741899788,480.73886662647004,609.5274631677419,377.36525206738804,132.33710367700095,430.38516962791874,546.4851847000509,335.0737054749641
2022,9,9,18,23.578189992159807,24.867761404682277,205.0433755627593,24.463986581546326,12.145768412014311,13.00004043038145,123.41598099277944,12.491372116521017
2022,9,9,19,0.0,0.0,0.0,0.0,0.0,0.0,0.0,0.0
2022,9,9,20,0.0,0.0,0.0,0.0,0.0,0.0,0.0,0.0
2022,9,9,21,0.0,0.0,0.0,0.0,0.0,0.0,0.0,0.0
2022,9,9,22,0.0,0.0,0.0,0.0,0.0,0.0,0.0,0.0
2022,9,9,23,0.0,0.0,0.0,0.0,0.0,0.0,0.0,0.0
2022,9,10,0,0.0,0.0,0.0,0.0,0.0,0.0,0.0,0.0
2022,9,10,1,0.0,0.0,0.0,0.0,0.0,0.0,0.0,0.0
2022,9,10,2,0.0,0.0,0.0,0.0,0.0,0.0,0.0,0.0
2022,9,10,3,0.0,0.0,0.0,0.0,0.0,0.0,0.0,0.0
2022,9,10,4,0.0,0.0,0.0,0.0,0.0,0.0,0.0,0.0
2022,9,10,5,0.0,0.0,0.0,0.0,0.0,0.0,0.0,0.0
2022,9,10,6,-0.0,-0.0,-0.0,-0.0,-0.0,-0.0,-0.0,-0.0
2022,9,10,7,60.30181612498721,172.6042432605611,199.5967372133523,191.86474668251458,137.40777049548024,369.2774373918844,419.81384553645944,405.41808702538447
2022,9,10,8,300.0579310064659,495.8834138050287,530.394499752576,477.4046292602641,351.9606262524706,572.9471579464154,609.6969190732016,545.9328897467032
2022,9,10,9,494.7119131493428,621.9050984911372,657.2383165971663,515.8648960627556,517.3517200966618,644.0521493536355,678.7041596042923,526.2318879936015
2022,9,10,10,626.0063581564002,651.3982289827643,702.8393303538046,432.7503545136512,634.3392431059985,659.2651215541947,708.2172273981233,424.5079028178441
2022,9,10,11,711.2073034757738,665.0446003090098,730.2545574367757,275.3937917051868,700.02876813504,657.1778929547273,718.1414287771809,251.65031481389119
2022,9,10,12,760.0098822958288,692.106413455001,765.7724420045992,194.63424383502104,713.0332925099692,657.1845917350556,718.0173537768842,146.4602796267646
2022,9,10,13,435.209497641963,429.24935711789334,459.4634358729976,258.900732528045,685.0238323534618,664.045893200363,720.0080149457048,270.35843334486646
2022,9,10,14,577.4091504822028,630.4689543327612,674.1209300899277,418.0200483657474,608.4075968815805,670.0302144378344,713.0501495448196,399.88577394001214
2022,9,10,15,394.20978584824866,512.8830434036608,543.6757877450584,397.55270144193753,489.11314146810753,660.2951068667105,693.8769889895688,478.2035240763075
2022,9,10,16,252.98808065395497,411.3080278755484,441.4923099475392,347.4758644037542,326.1458181478179,588.8761678922157,634.2487167335858,480.4088420783607
2022,9,10,17,118.18404538928063,308.03676593217796,384.69843848978815,245.87239960844076,130.18206758161963,391.8367227283246,499.16549792282837,307.2490914568301
2022,9,10,18,22.80669578285149,20.96903195330406,135.3711306823349,21.498371105336812,12.487753743429025,11.45710708867849,91.35865470119586,11.50535086680086
2022,9,10,19,0.0,0.0,0.0,0.0,0.0,0.0,0.0,0.0
2022,9,10,20,0.0,0.0,0.0,0.0,0.0,0.0,0.0,0.0
2022,9,10,21,0.0,0.0,0.0,0.0,0.0,0.0,0.0,0.0
2022,9,10,22,0.0,0.0,0.0,0.0,0.0,0.0,0.0,0.0
2022,9,10,23,0.0,0.0,0.0,0.0,0.0,0.0,0.0,0.0
2022,9,11,0,0.0,0.0,0.0,0.0,0.0,0.0,0.0,0.0
2022,9,11,1,0.0,0.0,0.0,0.0,0.0,0.0,0.0,0.0
2022,9,11,2,0.0,0.0,0.0,0.0,0.0,0.0,0.0,0.0
2022,9,11,3,0.0,0.0,0.0,0.0,0.0,0.0,0.0,0.0
2022,9,11,4,0.0,0.0,0.0,0.0,0.0,0.0,0.0,0.0
2022,9,11,5,0.0,0.0,0.0,0.0,0.0,0.0,0.0,0.0
2022,9,11,6,-0.0,-0.0,-0.0,-0.0,-0.0,-0.0,-0.0,-0.0
2022,9,11,7,57.15158524241833,161.95702126223327,187.9340117543895,180.7077462464606,135.3713306168708,362.59978116644373,413.20009909469564,398.6730029546848
2022,9,11,8,290.7132524875389,481.3282213526709,516.7357195413765,463.9454484779224,350.2297939290644,571.0240321596125,609.245596284072,544.0086541333584
2022,9,11,9,481.6429858680509,603.7487775965992,640.1265179706752,501.69278917505903,519.072198061752,646.2287116225052,683.0403169527417,526.3431462176959
2022,9,11,10,619.5883809548977,642.5367959220387,695.4105436794661,427.2405742312246,637.275555166371,660.4518276569185,712.177222664797,422.9500771006213
2022,9,11,11,678.2187267270326,632.8330254099959,696.7600983207776,270.83171401069836,700.6211532284462,655.0508123995379,718.7277567815592,249.3174715560514
2022,9,11,12,696.3155749758515,631.5505850773682,702.276863958232,185.68036594575466,712.9388574697492,649.8861667481262,717.6118279914232,144.69635980743135
2022,9,11,13,648.1511211723384,625.8875204736071,685.2359814571979,291.86908733764324,673.6291031359358,652.053779727002,708.57442612257,272.8020236926387
2022,9,11,14,629.3411316216913,691.274619889312,741.1458937315878,441.04864632872915,596.2272392880046,655.2924054625198,699.3159900210796,397.6815102675945
2022,9,11,15,550.5463080742437,736.4329624861607,778.0063456504832,548.3592441982182,471.6175778741049,627.730538132877,660.5038019335095,467.6521527671098
2022,9,11,16,301.4175285294885,540.4732259834223,586.5645204398718,440.60499148918933,311.59165629143354,543.8277213249218,584.2174502583496,454.98688721798936
2022,9,11,17,113.71895746497108,304.25980596658735,387.589697399736,240.083178469766,127.80629285734521,348.8486908775539,441.1132026017841,277.9079760382033
2022,9,11,18,22.97980375074774,19.83024096495945,10.235866598865481,20.74477039947305,11.985197863325682,10.118680910889452,4.436171784871009,10.467072586855187
2022,9,11,19,0.0,0.0,0.0,0.0,0.0,0.0,0.0,0.0
2022,9,11,20,0.0,0.0,0.0,0.0,0.0,0.0,0.0,0.0
2022,9,11,21,0.0,0.0,0.0,0.0,0.0,0.0,0.0,0.0
2022,9,11,22,0.0,0.0,0.0,0.0,0.0,0.0,0.0,0.0
2022,9,11,23,0.0,0.0,0.0,0.0,0.0,0.0,0.0,0.0
2022,9,12,0,0.0,0.0,0.0,0.0,0.0,0.0,0.0,0.0
2022,9,12,1,0.0,0.0,0.0,0.0,0.0,0.0,0.0,0.0
2022,9,12,2,0.0,0.0,0.0,0.0,0.0,0.0,0.0,0.0
2022,9,12,3,0.0,0.0,0.0,0.0,0.0,0.0,0.0,0.0
2022,9,12,4,0.0,0.0,0.0,0.0,0.0,0.0,0.0,0.0
2022,9,12,5,0.0,0.0,0.0,0.0,0.0,0.0,0.0,0.0
2022,9,12,6,-0.0,-0.0,-0.0,-0.0,-0.0,-0.0,-0.0,-0.0
2022,9,12,7,50.86062576301171,139.14192465813915,160.39776423658503,154.6702290456388,133.87866420597084,354.05292818915825,404.49041788820557,390.47103234264006
2022,9,12,8,287.53303299054085,470.5922828482284,506.25638851513094,455.7543799231501,347.88306907912596,563.9841596970388,603.5737864576708,539.8803853091873
2022,9,12,9,453.13720718624523,557.9800624823107,594.8248933633778,475.3373073379586,519.654410020649,646.532594591216,686.0325888894945,528.5853360913031
2022,9,12,10,609.3879922487935,629.2521912121169,681.8670213884528,424.18214259633066,639.4803932454853,660.4309106875784,714.371230022065,427.36417944699986
2022,9,12,11,707.8881426457003,657.3843888957547,726.5869925868369,273.4000596910668,706.1368333024321,657.7679643297287,724.3079649432459,255.19636448263495
2022,9,12,12,734.773203885195,665.8285562227717,740.1913035503248,182.7141146277806,725.2839410543514,658.1599200028674,729.9304229620669,148.94144824148177
2022,9,12,13,707.8869041753753,682.3498644624196,746.9582059528559,308.6413813026039,689.1870703683487,664.7424050961818,725.6097335510881,275.88388236307435
2022,9,12,14,628.4450793484515,692.6463593975539,744.6868443993468,431.29321555835736,607.5264748340527,668.1119214314629,714.379107926036,401.92157114804775
2022,9,12,15,493.0253027116545,663.5347748822182,703.7224271429676,490.9525614697045,485.2698741229966,656.9831779493213,692.6708075418327,478.24030335249694
2022,9,12,16,309.42694556567557,549.2657733269351,596.6473192894117,450.0732251117671,320.0283305792638,584.1169655939833,631.8948825270961,482.8901895527076
2022,9,12,17,143.60569885058027,430.69750375290863,569.747346601118,334.3988838485596,123.6460401477993,378.1508859364618,496.59374335768297,298.05738418089413
2022,9,12,18,0.0,0.0,0.0,0.0,0.0,0.0,0.0,0.0
2022,9,12,19,0.0,0.0,0.0,0.0,0.0,0.0,0.0,0.0
2022,9,12,20,0.0,0.0,0.0,0.0,0.0,0.0,0.0,0.0
2022,9,12,21,0.0,0.0,0.0,0.0,0.0,0.0,0.0,0.0
2022,9,12,22,0.0,0.0,0.0,0.0,0.0,0.0,0.0,0.0
2022,9,12,23,0.0,0.0,0.0,0.0,0.0,0.0,0.0,0.0
2022,9,13,0,0.0,0.0,0.0,0.0,0.0,0.0,0.0,0.0
2022,9,13,1,0.0,0.0,0.0,0.0,0.0,0.0,0.0,0.0
2022,9,13,2,0.0,0.0,0.0,0.0,0.0,0.0,0.0,0.0
2022,9,13,3,0.0,0.0,0.0,0.0,0.0,0.0,0.0,0.0
2022,9,13,4,0.0,0.0,0.0,0.0,0.0,0.0,0.0,0.0
2022,9,13,5,0.0,0.0,0.0,0.0,0.0,0.0,0.0,0.0
2022,9,13,6,-0.0,-0.0,-0.0,-0.0,-0.0,-0.0,-0.0,-0.0
2022,9,13,7,62.229413804303476,177.1958476109909,206.08484353784155,197.25942517514886,136.84001543910864,362.2677527333421,413.9866400573635,399.0341835447871
2022,9,13,8,299.5941208154204,491.16169146246847,528.6351442636505,474.08504187441105,357.95535148934107,578.9440597537623,619.4722297820301,552.3309342862618
2022,9,13,9,487.76585999534876,606.0754914353837,644.7311570800375,505.08159442121877,533.3719242405415,660.0589201169474,699.8380849697979,537.118818104342
2022,9,13,10,530.1371401924374,544.488298986483,591.1890417422487,387.66657203130967,655.2972619705902,674.5249673378493,730.7720342921344,429.115336701993
2022,9,13,11,694.0473730530338,644.2526886495867,712.3533140619076,277.6580368475218,719.035425011032,670.5939636293637,736.4170296355438,249.23072253864973
2022,9,13,12,717.4802919029491,648.5186682276931,723.4936039534609,192.4543963343601,735.8208618142426,666.6631366975737,740.6915209541576,149.71099482388658
2022,9,13,13,681.1027217217892,655.7058863840205,719.4341834894178,313.21399692599647,706.6389335290432,680.2574905728605,744.2357511711151,280.02250607197294
2022,9,13,14,645.1882693569148,710.4207769068724,764.3889810473285,442.35524413163307,628.6130885727317,690.7552821637848,740.2755544000855,410.18507357835347
2022,9,13,15,523.0375461503032,711.1075369426883,753.8924332190701,522.374285931259,504.5185689007975,685.849568573644,724.8061339953409,489.47842973151756
2022,9,13,16,356.5459620278293,646.7981915836676,703.7913513524114,530.4018893762127,335.29825459720627,622.9039968768645,676.3319181487798,501.72520281747387
2022,9,13,17,151.14946436478058,446.8520109535745,599.089311428397,346.36752101265614,127.13201859560843,405.95379015280696,548.4174730338315,311.09909367129256
2022,9,13,18,0.0,0.0,0.0,0.0,0.0,0.0,0.0,0.0
2022,9,13,19,0.0,0.0,0.0,0.0,0.0,0.0,0.0,0.0
2022,9,13,20,0.0,0.0,0.0,0.0,0.0,0.0,0.0,0.0
2022,9,13,21,0.0,0.0,0.0,0.0,0.0,0.0,0.0,0.0
2022,9,13,22,0.0,0.0,0.0,0.0,0.0,0.0,0.0,0.0
2022,9,13,23,0.0,0.0,0.0,0.0,0.0,0.0,0.0,0.0
2022,9,14,0,0.0,0.0,0.0,0.0,0.0,0.0,0.0,0.0
2022,9,14,1,0.0,0.0,0.0,0.0,0.0,0.0,0.0,0.0
2022,9,14,2,0.0,0.0,0.0,0.0,0.0,0.0,0.0,0.0
2022,9,14,3,0.0,0.0,0.0,0.0,0.0,0.0,0.0,0.0
2022,9,14,4,0.0,0.0,0.0,0.0,0.0,0.0,0.0,0.0
2022,9,14,5,0.0,0.0,0.0,0.0,0.0,0.0,0.0,0.0
2022,9,14,6,-0.0,-0.0,-0.0,-0.0,-0.0,-0.0,-0.0,-0.0
2022,9,14,7,78.88575716597008,230.97969013729633,268.2307692031862,254.78057648286855,154.7893228974767,422.5916369285378,483.66746610784566,463.2012247310959
2022,9,14,8,345.9299556280198,566.3162488666146,607.5872262901133,542.7372670130538,384.75851069949334,622.3592235717578,665.8730355004341,592.0941163347474
2022,9,14,9,536.6005374977908,666.2709683042783,707.7359717812286,548.1505117987621,559.9910570742865,692.459497168489,735.2833325193325,560.9219785795993
2022,9,14,10,669.5170479735497,686.9953723215787,746.7497440373511,448.4813143423963,680.9905923739559,698.5159378248972,757.2754359702377,441.5926694266467
2022,9,14,11,743.7437141164388,687.7811465749703,761.3378314995346,268.7675040598424,754.0118689215022,699.5776176682596,772.0218259549667,253.73981004652117
2022,9,14,12,760.9606530769968,688.2906944444018,765.1505544908196,169.4405826611089,775.2876701573898,702.4093381266238,779.9810186622482,147.2695850775037
2022,9,14,13,737.1769236851557,707.1125640245147,776.9633428854985,304.3275509215304,741.3751588139872,712.2614000196692,780.8765165325574,281.7026707958478
2022,9,14,14,662.7823175172224,730.3725030079697,785.4974304210655,439.4435075147999,656.9429489577464,722.6001069978147,776.0421590202784,415.2183605685194
2022,9,14,15,531.4723991697041,731.1836220576353,774.9489584281255,527.2209391345312,529.2952534594435,728.6908406379184,771.0166608249824,504.8811860362477
2022,9,14,16,357.7066986888222,677.587354043941,741.1859131865612,548.1742877706619,348.11887206432004,669.556739955385,730.6857386855609,525.8756479106186
2022,9,14,17,141.90095325310233,452.77749541262625,631.3962394605361,347.67703345241694,126.90930174788019,427.8787678284431,597.5801341945396,323.852571644634
2022,9,14,18,0.0,0.0,0.0,0.0,0.0,0.0,0.0,0.0
2022,9,14,19,0.0,0.0,0.0,0.0,0.0,0.0,0.0,0.0
2022,9,14,20,0.0,0.0,0.0,0.0,0.0,0.0,0.0,0.0
2022,9,14,21,0.0,0.0,0.0,0.0,0.0,0.0,0.0,0.0
2022,9,14,22,0.0,0.0,0.0,0.0,0.0,0.0,0.0,0.0
2022,9,14,23,0.0,0.0,0.0,0.0,0.0,0.0,0.0,0.0
2022,9,15,0,0.0,0.0,0.0,0.0,0.0,0.0,0.0,0.0
2022,9,15,1,0.0,0.0,0.0,0.0,0.0,0.0,0.0,0.0
2022,9,15,2,0.0,0.0,0.0,0.0,0.0,0.0,0.0,0.0
2022,9,15,3,0.0,0.0,0.0,0.0,0.0,0.0,0.0,0.0
2022,9,15,4,0.0,0.0,0.0,0.0,0.0,0.0,0.0,0.0
2022,9,15,5,0.0,0.0,0.0,0.0,0.0,0.0,0.0,0.0
2022,9,15,6,-0.0,-0.0,-0.0,-0.0,-0.0,-0.0,-0.0,-0.0
2022,9,15,7,60.3960828173258,171.62580691992727,200.3709783715902,191.09258085164458,143.6309389480178,386.08200702765595,443.16065088511766,424.7439781443272
2022,9,15,8,309.35690909083377,479.0879330837329,516.0372895032909,469.7985163396648,141.97175935085866,144.10611986323752,142.29356273084375,149.01999427762294
2022,9,15,9,477.15945212634904,583.7481727864705,625.9497776724522,495.10799138323154,537.3939263967683,663.0225198564376,706.7185619222308,537.6126564030677
2022,9,15,10,574.7965486382047,587.6859654276371,644.6914974658998,395.77590297787856,661.2538437248829,676.2396488661262,738.1110267145792,426.7292983893166
2022,9,15,11,725.3735813721374,666.5293115946359,743.9502947262334,274.2025076171014,727.0355085058502,672.0610411295532,744.6005124657364,245.15475557313678
2022,9,15,12,588.7413860809775,536.4608928882408,597.58673146941,209.16830969451703,513.6355729299224,493.64827199662045,525.9033136305474,240.90623376162793
2022,9,15,13,586.4394960929123,571.1426588956674,619.1596197097907,326.2206791167142,521.6422970070661,514.9354450463411,548.5024504496575,304.174390201053
2022,9,15,14,550.4215090847985,595.563977296443,644.4226636300791,402.1500834264165,636.9388864370638,701.1874314893803,756.8069800240492,403.5796161518797
2022,9,15,15,523.2500428764208,707.7717586059408,754.5921060123346,518.9412358455834,507.05367458120946,695.1961530749318,737.7683396476601,484.57104649222623
2022,9,15,16,314.01780066444155,541.1496205291045,589.5437137889547,448.834578809556,333.1329600597419,636.6076132519685,696.5431744775631,501.51742594394005
2022,9,15,17,138.42556867061182,431.09390917121203,605.9855688486382,326.74657595532705,120.73479906853558,395.3646495036669,560.6486171006908,298.5885982592199
2022,9,15,18,0.0,0.0,0.0,0.0,0.0,0.0,0.0,0.0
2022,9,15,19,0.0,0.0,0.0,0.0,0.0,0.0,0.0,0.0
2022,9,15,20,0.0,0.0,0.0,0.0,0.0,0.0,0.0,0.0
2022,9,15,21,0.0,0.0,0.0,0.0,0.0,0.0,0.0,0.0
2022,9,15,22,0.0,0.0,0.0,0.0,0.0,0.0,0.0,0.0
2022,9,15,23,0.0,0.0,0.0,0.0,0.0,0.0,0.0,0.0
2022,9,16,0,0.0,0.0,0.0,0.0,0.0,0.0,0.0,0.0
2022,9,16,1,0.0,0.0,0.0,0.0,0.0,0.0,0.0,0.0
2022,9,16,2,0.0,0.0,0.0,0.0,0.0,0.0,0.0,0.0
2022,9,16,3,0.0,0.0,0.0,0.0,0.0,0.0,0.0,0.0
2022,9,16,4,0.0,0.0,0.0,0.0,0.0,0.0,0.0,0.0
2022,9,16,5,0.0,0.0,0.0,0.0,0.0,0.0,0.0,0.0
2022,9,16,6,-0.0,-0.0,-0.0,-0.0,-0.0,-0.0,-0.0,-0.0
2022,9,16,7,13.047164887995194,14.26034605179366,12.83660464141956,16.182937276883443,141.4673989178463,382.04459478763704,439.3445077774582,420.06446058327185
2022,9,16,8,145.69412727136182,204.38450233598408,218.9264887401162,206.90797185573143,360.1792304587815,579.127641555718,622.3169082416545,553.1580181829435
2022,9,16,9,450.8529081409042,546.471916127553,587.2605943616007,467.73640038794554,508.076294519478,621.5629948209195,664.444361396821,511.08794967242017
2022,9,16,10,725.5288035043667,737.9870275913771,804.7963254824145,515.6874352038111,631.2551815561272,642.8730314431665,702.3483201148737,415.79361472837337
2022,9,16,11,780.7102332520137,716.8735218540874,800.7070007960849,308.19819269817583,703.6989536200256,646.242460307925,720.5092564683234,243.6681182146224
2022,9,16,12,751.9183227383326,675.2816490974025,759.4262344324197,209.66488356074674,431.7657968605314,413.979428342607,441.62351979870425,209.25005290686082
2022,9,16,13,251.5771227784328,249.47704887459125,264.08433054973267,173.94331018821782,316.1355975025381,319.2205449848069,329.53424467741945,230.62796188409283
2022,9,16,14,549.4464215958035,582.795990410305,628.5287493164532,426.79904871507136,533.9945446654834,578.4171363047342,625.3470215082813,372.9917317412305
2022,9,16,15,413.598659524439,549.1576133616074,587.5196529612928,413.80337155581293,491.280521424485,669.3759750727462,712.4899101006343,478.6716052685192
2022,9,16,16,93.93008907001749,106.2609030964882,105.73766265801048,105.02327219131104,320.92644266157674,598.9378346330975,655.9486879068622,481.59517331112835
2022,9,16,17,122.05558796187327,334.2926247589994,463.3522161199946,256.92917325457256,117.35955847832753,362.44168871840486,514.8737447522764,273.16662005154416
2022,9,16,18,0.0,0.0,0.0,0.0,0.0,0.0,0.0,0.0
2022,9,16,19,0.0,0.0,0.0,0.0,0.0,0.0,0.0,0.0
2022,9,16,20,0.0,0.0,0.0,0.0,0.0,0.0,0.0,0.0
2022,9,16,21,0.0,0.0,0.0,0.0,0.0,0.0,0.0,0.0
2022,9,16,22,0.0,0.0,0.0,0.0,0.0,0.0,0.0,0.0
2022,9,16,23,0.0,0.0,0.0,0.0,0.0,0.0,0.0,0.0
2022,9,17,0,0.0,0.0,0.0,0.0,0.0,0.0,0.0,0.0
2022,9,17,1,0.0,0.0,0.0,0.0,0.0,0.0,0.0,0.0
2022,9,17,2,0.0,0.0,0.0,0.0,0.0,0.0,0.0,0.0
2022,9,17,3,0.0,0.0,0.0,0.0,0.0,0.0,0.0,0.0
2022,9,17,4,0.0,0.0,0.0,0.0,0.0,0.0,0.0,0.0
2022,9,17,5,0.0,0.0,0.0,0.0,0.0,0.0,0.0,0.0
2022,9,17,6,-0.0,-0.0,-0.0,-0.0,-0.0,-0.0,-0.0,-0.0
2022,9,17,7,61.929905897427076,175.08587435413315,204.86381028629785,194.67369936399243,134.39985275729572,351.0903345211436,404.2642551199395,387.7682070007844
2022,9,17,8,312.29222389071134,504.9092251538979,546.3971708455349,487.60647607066335,351.77178477646,562.8537062866941,607.0226188333904,539.1448651927591
2022,9,17,9,358.1332429445568,431.7887766865829,466.0095003781828,369.9619610306646,524.0815045217821,641.1738771895831,686.1781620793084,523.5401710951401
2022,9,17,10,579.9629439089772,588.3869184992881,647.5160010642878,405.6437976058925,646.2694866054925,656.0894442723899,719.9070950326852,418.3667563237192
2022,9,17,11,769.1304900179098,703.6301909258443,788.9517560852116,302.7105391592622,711.1954992364517,653.2136679086748,727.8882075231602,243.48486953145786
2022,9,17,12,767.4216423432355,684.9084681264156,773.646553074479,189.82802963317957,736.7996878541135,661.0653491404493,741.7289046174791,149.0261066454045
2022,9,17,13,732.3340373653239,697.9849512915199,775.1283235859815,321.10139121034956,706.9078702396075,674.4027732292733,746.0943849794063,277.3760953360308
2022,9,17,14,640.0625693282842,703.8236686079413,765.2267848206503,427.08215418903615,630.7227789875006,692.7895541590153,751.1296030018862,404.23852053179604
2022,9,17,15,527.964908361758,728.5858269156416,778.8927828890734,518.2744336102423,499.7768273429089,685.4751892650454,731.4188722885206,483.1700730847463
2022,9,17,16,376.37930421859954,710.3068818353864,782.2409102023145,571.7400477365877,325.968369700113,620.4097134676479,682.1397282789695,493.8369903420823
2022,9,17,17,158.32448903392583,462.1558507762077,664.5515701721731,352.17365098325,116.39119722885921,368.4563048646433,540.6356555149054,278.03084504562275
2022,9,17,18,0.0,0.0,0.0,0.0,0.0,0.0,0.0,0.0
2022,9,17,19,0.0,0.0,0.0,0.0,0.0,0.0,0.0,0.0
2022,9,17,20,0.0,0.0,0.0,0.0,0.0,0.0,0.0,0.0
2022,9,17,21,0.0,0.0,0.0,0.0,0.0,0.0,0.0,0.0
2022,9,17,22,0.0,0.0,0.0,0.0,0.0,0.0,0.0,0.0
2022,9,17,23,0.0,0.0,0.0,0.0,0.0,0.0,0.0,0.0
2022,9,18,0,0.0,0.0,0.0,0.0,0.0,0.0,0.0,0.0
2022,9,18,1,0.0,0.0,0.0,0.0,0.0,0.0,0.0,0.0
2022,9,18,2,0.0,0.0,0.0,0.0,0.0,0.0,0.0,0.0
2022,9,18,3,0.0,0.0,0.0,0.0,0.0,0.0,0.0,0.0
2022,9,18,4,0.0,0.0,0.0,0.0,0.0,0.0,0.0,0.0
2022,9,18,5,0.0,0.0,0.0,0.0,0.0,0.0,0.0,0.0
2022,9,18,6,-0.0,-0.0,-0.0,-0.0,-0.0,-0.0,-0.0,-0.0
2022,9,18,7,61.917603196009665,173.11816959935544,202.8992151948086,192.69230062069764,136.04285608390106,350.7275693030253,403.3035743827104,386.91089859612305
2022,9,18,8,320.0526724941363,513.6365699179696,556.6371787299439,496.896066202933,352.91566967205176,557.1864957069662,599.7374192030395,533.4765113574832
2022,9,18,9,497.29458161974304,608.5962845507719,653.3546548979857,505.07437751261165,519.6308934473823,629.8937189236995,672.5311686132268,514.8671532987942
2022,9,18,10,557.6835431412636,563.5697622392488,619.9462764208881,397.3579353689439,630.567481528076,637.5514981474078,696.4309950022603,407.239166810856
2022,9,18,11,718.4011796608914,657.5704881067684,735.2745146309994,268.84645121521936,699.9407526627266,641.5588477528519,715.0881461530256,231.4606137528067
2022,9,18,12,749.4511612970618,668.5795763155492,754.3056030555722,168.58635841869818,723.3799807742898,648.33942967448,727.7897885165768,139.4860344486975
2022,9,18,13,722.8621777861082,686.654586278771,763.8784271919227,298.93791980017494,698.3710241866876,664.8807108265783,736.4201609880267,269.5811943933206
2022,9,18,14,649.7096358643286,713.4254341180629,775.1404996341474,428.72879445893193,623.9917467904208,682.9175922263871,739.5451806879912,397.9432802630307
2022,9,18,15,528.2284942366257,728.6927478945399,778.6711521675401,517.944699007851,501.797362372264,690.0450131648508,735.9430260555134,482.95656143536877
2022,9,18,16,362.30781161210297,696.1279276717167,768.9582420376017,557.5166309090405,327.04300427247887,629.6439566112658,692.9745259510353,499.48726358075214
2022,9,18,17,156.06724782325784,442.9375026930279,661.6705206198588,344.60743308356587,113.29015500735548,378.2937914917705,571.0512235682296,281.77503982009966
2022,9,18,18,0.0,0.0,0.0,0.0,0.0,0.0,0.0,0.0
2022,9,18,19,0.0,0.0,0.0,0.0,0.0,0.0,0.0,0.0
2022,9,18,20,0.0,0.0,0.0,0.0,0.0,0.0,0.0,0.0
2022,9,18,21,0.0,0.0,0.0,0.0,0.0,0.0,0.0,0.0
2022,9,18,22,0.0,0.0,0.0,0.0,0.0,0.0,0.0,0.0
2022,9,18,23,0.0,0.0,0.0,0.0,0.0,0.0,0.0,0.0
2022,9,19,0,0.0,0.0,0.0,0.0,0.0,0.0,0.0,0.0
2022,9,19,1,0.0,0.0,0.0,0.0,0.0,0.0,0.0,0.0
2022,9,19,2,0.0,0.0,0.0,0.0,0.0,0.0,0.0,0.0
2022,9,19,3,0.0,0.0,0.0,0.0,0.0,0.0,0.0,0.0
2022,9,19,4,0.0,0.0,0.0,0.0,0.0,0.0,0.0,0.0
2022,9,19,5,0.0,0.0,0.0,0.0,0.0,0.0,0.0,0.0
2022,9,19,6,-0.0,-0.0,-0.0,-0.0,-0.0,-0.0,-0.0,-0.0
2022,9,19,7,13.779873271817427,17.399048876178608,16.615322558989025,19.595394049168647,143.41158444007266,380.93319675129334,439.843461391711,419.10014079971927
2022,9,19,8,300.98657784921136,470.17805969727954,510.84589692617845,460.3950217317605,362.29582918204665,574.4018219676474,619.9297673335391,549.8050743143797
2022,9,19,9,514.3702504175191,618.482403860448,666.8472483868817,526.0242265297168,523.9208179500035,633.492461282093,678.2165228985565,517.7724517213538
2022,9,19,10,586.825681150412,590.9733936182981,650.05404443788,421.62961791559655,637.779563946954,642.7384485868267,705.8073601587623,410.1601561442209
2022,9,19,11,666.4774593422799,612.2471296885307,685.0945031202625,297.3933697808769,707.1246087843145,644.6842098359737,722.7105263858872,234.22981461246943
2022,9,19,12,727.6186842064973,651.1627499340132,732.8875629038902,177.85190314115113,719.5603249858435,638.9832513905353,724.989925382155,149.90977527849182
2022,9,19,13,700.1979701428133,665.9136659237981,741.5853349200654,327.4406451124466,691.3607988347932,655.8109104880789,731.1592606864978,278.75899856265306
2022,9,19,14,656.2776007152713,717.4747182985114,782.9065295770135,449.2545860716196,385.0813797167936,401.477830736899,432.3132100081662,295.88886263236094
2022,9,19,15,404.4090415523686,532.3308912714159,572.9506566510397,406.1872730412129,494.6944936715366,677.9419249630071,725.3393356849972,479.7332676481711
2022,9,19,16,356.35469039650224,686.8978263424685,761.543163642475,550.7142521158993,321.6480072024939,619.317427026374,684.5809883442146,493.0507887375214
2022,9,19,17,128.30292320490778,425.84023034657184,659.8427929732342,318.78602995807614,111.02954209754448,357.38584414366784,548.1561605555813,266.47659165541194
2022,9,19,18,0.0,0.0,0.0,0.0,0.0,0.0,0.0,0.0
2022,9,19,19,0.0,0.0,0.0,0.0,0.0,0.0,0.0,0.0
2022,9,19,20,0.0,0.0,0.0,0.0,0.0,0.0,0.0,0.0
2022,9,19,21,0.0,0.0,0.0,0.0,0.0,0.0,0.0,0.0
2022,9,19,22,0.0,0.0,0.0,0.0,0.0,0.0,0.0,0.0
2022,9,19,23,0.0,0.0,0.0,0.0,0.0,0.0,0.0,0.0
2022,9,20,0,0.0,0.0,0.0,0.0,0.0,0.0,0.0,0.0
2022,9,20,1,0.0,0.0,0.0,0.0,0.0,0.0,0.0,0.0
2022,9,20,2,0.0,0.0,0.0,0.0,0.0,0.0,0.0,0.0
2022,9,20,3,0.0,0.0,0.0,0.0,0.0,0.0,0.0,0.0
2022,9,20,4,0.0,0.0,0.0,0.0,0.0,0.0,0.0,0.0
2022,9,20,5,0.0,0.0,0.0,0.0,0.0,0.0,0.0,0.0
2022,9,20,6,-0.0,-0.0,-0.0,-0.0,-0.0,-0.0,-0.0,-0.0
2022,9,20,7,61.032925597433966,167.38612644536883,196.80719650563475,186.64561645056827,144.11903567208427,376.8620266270628,435.1809661144234,414.9247803858598
2022,9,20,8,312.6728456892741,495.2873298735507,538.0432606659928,480.22181149856283,364.600675719952,572.2393538841741,617.7028748638093,547.9137545039716
2022,9,20,9,396.657508497121,476.49778809362675,516.0824562194229,407.3857969191998,528.1909654149493,634.5945290232786,679.879030977929,518.616039291408
2022,9,20,10,304.32560313227407,305.4199127533941,334.3553338110123,229.1979062283531,641.2868146653803,643.9826889568634,707.9763810983378,409.6939567778228
2022,9,20,11,444.6957252403887,405.20194751849283,457.738374373499,201.9599827459312,708.029341359492,644.3850809388448,723.1823017358098,231.0637062149326
2022,9,20,12,782.0869765665066,694.8617085788122,789.2773725536334,205.31520703012097,728.6756449121649,649.1650209187377,733.3762729275533,140.7140649071607
2022,9,20,13,736.4603791358048,696.9513230102501,779.3412303447436,320.57103584740764,701.1309326713686,664.514495426548,739.9863035375835,272.96292873511476
2022,9,20,14,638.4871156745596,696.4517171623169,758.3786185689206,434.57827363043896,623.3621219861973,679.7288679804526,739.1401045857268,401.27464625948255
2022,9,20,15,517.0857485263668,707.3689710323148,759.1775683460273,518.0468017370688,493.7907696713905,671.9759093794944,719.4496519181513,480.6775274623284
2022,9,20,16,344.1342260923129,655.6510784989653,727.1165380557835,535.5225671567349,321.2751105011288,610.0394212095002,674.1678488686217,491.46705259084825
2022,9,20,17,123.27386991719571,365.6911364914461,558.8940885666849,274.60649889638626,111.58503482766996,335.67883325626684,519.2542843823327,252.5885818435896
2022,9,20,18,0.0,0.0,0.0,0.0,0.0,0.0,0.0,0.0
2022,9,20,19,0.0,0.0,0.0,0.0,0.0,0.0,0.0,0.0
2022,9,20,20,0.0,0.0,0.0,0.0,0.0,0.0,0.0,0.0
2022,9,20,21,0.0,0.0,0.0,0.0,0.0,0.0,0.0,0.0
2022,9,20,22,0.0,0.0,0.0,0.0,0.0,0.0,0.0,0.0
2022,9,20,23,0.0,0.0,0.0,0.0,0.0,0.0,0.0,0.0
2022,9,21,0,0.0,0.0,0.0,0.0,0.0,0.0,0.0,0.0
2022,9,21,1,0.0,0.0,0.0,0.0,0.0,0.0,0.0,0.0
2022,9,21,2,0.0,0.0,0.0,0.0,0.0,0.0,0.0,0.0
2022,9,21,3,0.0,0.0,0.0,0.0,0.0,0.0,0.0,0.0
2022,9,21,4,0.0,0.0,0.0,0.0,0.0,0.0,0.0,0.0
2022,9,21,5,0.0,0.0,0.0,0.0,0.0,0.0,0.0,0.0
2022,9,21,6,-0.0,-0.0,-0.0,-0.0,-0.0,-0.0,-0.0,-0.0
2022,9,21,7,54.63595079967023,147.57091986341266,174.18838072630376,165.38270525947075,149.62489015092515,391.68141317317577,453.8134983747604,431.65941202200014
2022,9,21,8,306.91017693301916,483.9559083209393,527.2664258579138,470.3617972601605,375.56039120973685,590.6474173723835,639.9707634490986,565.394742780253
2022,9,21,9,503.5462061481179,609.2204408982449,658.7438120648424,507.252972360798,544.4819806539475,656.1244767701088,707.0607387073024,534.3003738000746
2022,9,21,10,636.1431588436,636.5656210330642,705.2044150751086,423.2011030360033,655.6072166151256,656.0875172657984,724.1465016301394,417.0153270717905
2022,9,21,11,699.8825573348938,631.8000628137248,716.8919665025583,263.33936497791666,715.1332534215423,648.8871514947679,730.439107940949,233.67934868473827
2022,9,21,12,704.4263554853937,619.626373213372,711.495792634839,179.00948822464116,730.7130228113834,650.0183996739698,735.716687111705,144.84458073977024
2022,9,21,13,719.9108471529642,678.8807528653442,763.6893702262076,310.5395191275596,700.1909670922477,662.6820445493958,738.9634621964881,277.16751741147647
2022,9,21,14,640.6520436131924,699.9379927016097,767.0251231992326,432.9860848364621,622.4909302985429,677.166853380438,737.4035473916257,404.6330445526012
2022,9,21,15,514.1939790261121,701.8980847675032,756.0959209507538,512.9858989590688,495.5725711128819,673.1352514813473,721.8523229112099,484.5974396066517
2022,9,21,16,342.0972206243455,648.7455974987503,721.7850280871068,527.5047667170772,321.16035811651335,609.3728684481508,674.7324554267647,493.49515332791924
2022,9,21,17,126.39657723399537,369.6173461691608,587.1130306173768,282.481782856948,109.92101152131868,326.3026393566824,514.2512216379722,245.57669586618076
2022,9,21,18,0.0,0.0,0.0,0.0,0.0,0.0,0.0,0.0
2022,9,21,19,0.0,0.0,0.0,0.0,0.0,0.0,0.0,0.0
2022,9,21,20,0.0,0.0,0.0,0.0,0.0,0.0,0.0,0.0
2022,9,21,21,0.0,0.0,0.0,0.0,0.0,0.0,0.0,0.0
2022,9,21,22,0.0,0.0,0.0,0.0,0.0,0.0,0.0,0.0
2022,9,21,23,0.0,0.0,0.0,0.0,0.0,0.0,0.0,0.0
2022,9,22,0,0.0,0.0,0.0,0.0,0.0,0.0,0.0,0.0
2022,9,22,1,0.0,0.0,0.0,0.0,0.0,0.0,0.0,0.0
2022,9,22,2,0.0,0.0,0.0,0.0,0.0,0.0,0.0,0.0
2022,9,22,3,0.0,0.0,0.0,0.0,0.0,0.0,0.0,0.0
2022,9,22,4,0.0,0.0,0.0,0.0,0.0,0.0,0.0,0.0
2022,9,22,5,0.0,0.0,0.0,0.0,0.0,0.0,0.0,0.0
2022,9,22,6,-0.0,-0.0,-0.0,-0.0,-0.0,-0.0,-0.0,-0.0
2022,9,22,7,52.82541978371099,142.20984782148258,168.46053027231804,159.82826059430178,147.50062303493948,382.42747912494156,444.68676906926754,422.77136866358774
2022,9,22,8,302.8659156026351,481.3892436443778,527.3234176871603,467.3887000036528,374.9282480166385,588.4088827333785,639.7825330497402,565.3494057016289
2022,9,22,9,499.2168761588086,602.7199398686165,654.0510825062256,501.5901765876851,543.8458237243714,654.834094788509,708.4645282993328,534.0359592232454
2022,9,22,10,629.699248807182,627.8680671807901,698.8776592386713,415.74389742296756,656.6688795523527,654.8133656378074,726.5260401489286,416.8376456206054
2022,9,22,11,710.0695002537858,639.0849294394119,726.7795325666755,254.30434138946225,719.1809888403347,649.0224799791072,734.9421861976681,235.36919866357448
2022,9,22,12,730.4867046290808,645.0074616247023,736.8358526749836,175.59115311795566,727.6297990330731,644.6813591432002,733.1382865225336,150.72483645579413
2022,9,22,13,704.9231773577708,663.6049051309034,747.8838429777693,306.74937175077446,690.3622202187171,652.100434144413,729.2214404303504,280.7728924394442
2022,9,22,14,631.5660472033692,686.9689178063092,753.991783031438,438.862995670637,613.2095162568419,666.9399815629794,728.9803713197158,406.1355142613438
2022,9,22,15,498.48018503957104,665.0220057099616,717.2705435643576,506.77627032441546,486.6581699659633,660.331011825325,710.3060537111576,481.8834595508424
2022,9,22,16,318.93916493959426,566.8009452535034,626.4742379748986,480.12311620982496,313.32539647013175,589.6934954903462,654.2525224852117,483.64526270073253
2022,9,22,17,121.725940743475,313.8716528821914,477.7835855989677,239.16418617435002,106.7977961173085,316.97709505170064,502.7068173065856,234.4197810121649
2022,9,22,18,0.0,0.0,0.0,0.0,0.0,0.0,0.0,0.0
2022,9,22,19,0.0,0.0,0.0,0.0,0.0,0.0,0.0,0.0
2022,9,22,20,0.0,0.0,0.0,0.0,0.0,0.0,0.0,0.0
2022,9,22,21,0.0,0.0,0.0,0.0,0.0,0.0,0.0,0.0
2022,9,22,22,0.0,0.0,0.0,0.0,0.0,0.0,0.0,0.0
2022,9,22,23,0.0,0.0,0.0,0.0,0.0,0.0,0.0,0.0
2022,9,23,0,0.0,0.0,0.0,0.0,0.0,0.0,0.0,0.0
2022,9,23,1,0.0,0.0,0.0,0.0,0.0,0.0,0.0,0.0
2022,9,23,2,0.0,0.0,0.0,0.0,0.0,0.0,0.0,0.0
2022,9,23,3,0.0,0.0,0.0,0.0,0.0,0.0,0.0,0.0
2022,9,23,4,0.0,0.0,0.0,0.0,0.0,0.0,0.0,0.0
2022,9,23,5,0.0,0.0,0.0,0.0,0.0,0.0,0.0,0.0
2022,9,23,6,-0.0,-0.0,-0.0,-0.0,-0.0,-0.0,-0.0,-0.0
2022,9,23,7,42.222306135702745,105.11791561137693,123.44286525313137,118.53206222299285,130.91355316904216,324.7601273996418,377.82668755647785,361.37090543160906
2022,9,23,8,276.466798396457,431.61420940115806,473.3982589307534,422.16782864753367,348.6659171348016,538.8463108792924,587.2255385367399,521.0299768965257
2022,9,23,9,476.608384683257,570.9634325277605,620.9283179682096,479.3085611183663,508.5546977264964,605.6335416292933,656.6446177503018,501.44053773838255
2022,9,23,10,602.3754135785628,598.5129252662512,667.7652417066281,403.71356980698295,623.556956965134,619.6299151719508,689.3457727293973,404.31236870999464
2022,9,23,11,675.5680934800074,605.6788753870653,692.01079707049,251.79317359760054,694.5249793348779,623.7033245361027,710.5877451945581,236.06559821313596
2022,9,23,12,709.9318667535744,624.0824815607567,717.2828507660587,183.3354875834569,715.0993736381325,628.6162206741493,721.7105713446679,155.45536026309702
2022,9,23,13,701.6412839985613,659.3458216823582,744.766626206433,308.3410628195993,690.4945303598515,649.4608422659095,732.1103744632692,284.14710742218335
2022,9,23,14,631.2942719170032,686.9202223000084,755.9128271779867,431.57706318089015,612.0158150072599,664.3170882976979,729.8388186290268,405.22780351906863
2022,9,23,15,510.80300089556937,697.8774579713071,756.0379203430973,511.21494955932474,487.48110012116,662.3176849410621,715.8678274526075,477.6198172761697
2022,9,23,16,337.49903043124255,641.898347967471,718.1051234874676,521.9544187122639,312.99085576106273,588.6397132199623,655.8143041869275,476.42450198308165
2022,9,23,17,122.23331547390372,345.3367690182283,576.1569315106358,261.75828899837006,106.07235622665506,309.72323569256173,502.0643816415141,225.90546092324055
2022,9,23,18,0.0,0.0,0.0,0.0,0.0,0.0,0.0,0.0
2022,9,23,19,0.0,0.0,0.0,0.0,0.0,0.0,0.0,0.0
2022,9,23,20,0.0,0.0,0.0,0.0,0.0,0.0,0.0,0.0
2022,9,23,21,0.0,0.0,0.0,0.0,0.0,0.0,0.0,0.0
2022,9,23,22,0.0,0.0,0.0,0.0,0.0,0.0,0.0,0.0
2022,9,23,23,0.0,0.0,0.0,0.0,0.0,0.0,0.0,0.0
2022,9,24,0,0.0,0.0,0.0,0.0,0.0,0.0,0.0,0.0
2022,9,24,1,0.0,0.0,0.0,0.0,0.0,0.0,0.0,0.0
2022,9,24,2,0.0,0.0,0.0,0.0,0.0,0.0,0.0,0.0
2022,9,24,3,0.0,0.0,0.0,0.0,0.0,0.0,0.0,0.0
2022,9,24,4,0.0,0.0,0.0,0.0,0.0,0.0,0.0,0.0
2022,9,24,5,0.0,0.0,0.0,0.0,0.0,0.0,0.0,0.0
2022,9,24,6,-0.0,-0.0,-0.0,-0.0,-0.0,-0.0,-0.0,-0.0
2022,9,24,7,60.09073341640448,162.06405447844085,192.01304675033634,180.41650342751095,152.58112116423845,391.5363373767644,455.240067888575,430.235846759584
2022,9,24,8,324.0835854942931,501.8066166428397,547.6583903004217,487.935249082066,377.82332324644796,584.4931345949967,635.969722529817,562.1963080982008
2022,9,24,9,552.0783837479297,651.8925767988624,708.1049260517509,554.6924359029231,542.3432774861757,643.4335587197385,696.0855133741417,528.2312528323569
2022,9,24,10,623.7318524408392,617.5396434406243,690.714884681273,410.43598192450116,658.7771745457359,652.3324267326193,726.6915111193068,415.27115379647296
2022,9,24,11,714.5664277096096,638.4067648564164,730.7891752115005,247.31538173367366,729.0878192403184,652.92523441266,744.6872147564688,230.5772647312375
2022,9,24,12,750.2313670635505,656.7573580688052,756.8131018396465,170.9322722429449,746.2984777594692,655.5017657824487,752.2122397088801,147.96866796959443
2022,9,24,13,720.683700251019,675.0257115287949,764.8460889859275,304.23787346446767,713.5268618528431,669.3286340107613,755.6202236612928,282.4072745418323
2022,9,24,14,636.4822872934338,692.3586817366984,763.2634397643455,427.3159930857498,630.5807694877225,684.5021123932011,752.1813628292725,409.7596774140853
2022,9,24,15,522.538518577978,717.5545438265298,778.1782958423337,520.9990204471891,502.027835558678,686.2640680755864,741.9771049090816,491.2137954860169
2022,9,24,16,346.3098308260405,670.4673725618399,752.7641103579725,539.4758680954708,261.1336132900754,435.8433135529926,478.4974260012129,366.71707313776375
2022,9,24,17,96.60892720839766,228.66406849207928,322.34027875520826,161.68689316792293,96.67252527706883,220.47945242935157,279.6357876674218,147.80713131694594
2022,9,24,18,0.0,0.0,0.0,0.0,0.0,0.0,0.0,0.0
2022,9,24,19,0.0,0.0,0.0,0.0,0.0,0.0,0.0,0.0
2022,9,24,20,0.0,0.0,0.0,0.0,0.0,0.0,0.0,0.0
2022,9,24,21,0.0,0.0,0.0,0.0,0.0,0.0,0.0,0.0
2022,9,24,22,0.0,0.0,0.0,0.0,0.0,0.0,0.0,0.0
2022,9,24,23,0.0,0.0,0.0,0.0,0.0,0.0,0.0,0.0
2022,9,25,0,0.0,0.0,0.0,0.0,0.0,0.0,0.0,0.0
2022,9,25,1,0.0,0.0,0.0,0.0,0.0,0.0,0.0,0.0
2022,9,25,2,0.0,0.0,0.0,0.0,0.0,0.0,0.0,0.0
2022,9,25,3,0.0,0.0,0.0,0.0,0.0,0.0,0.0,0.0
2022,9,25,4,0.0,0.0,0.0,0.0,0.0,0.0,0.0,0.0
2022,9,25,5,0.0,0.0,0.0,0.0,0.0,0.0,0.0,0.0
2022,9,25,6,-0.0,-0.0,-0.0,-0.0,-0.0,-0.0,-0.0,-0.0
2022,9,25,7,33.758080836737975,85.54431291710453,101.21379443538461,95.93323721296268,139.10373470859125,347.6239686033432,405.2001477336203,382.266206213291
2022,9,25,8,201.34822842389605,304.5635380267341,335.0581655300582,301.1420986428817,358.92952526069485,551.6657490106481,602.3240139078588,532.4508863576199
2022,9,25,9,301.62944901385936,351.5813163202636,386.9892135191331,307.2366033488731,516.7762187057821,610.3750938720053,663.1198786043195,505.4358231329827
2022,9,25,10,538.8756801090041,531.6185425806655,598.8637297797313,364.1497868813643,621.5942102658182,613.539862236928,684.6749182505565,399.3695742811293
2022,9,25,11,686.2204770673771,612.2903975202566,702.6349753026051,254.41772489579887,662.3224742028701,596.9662395207448,675.8039361464029,227.73897203685175
2022,9,25,12,700.4510250000627,616.220015163631,707.1044925090076,174.71043840193812,674.0489420735945,597.6033458330348,679.5948674961074,151.49154725584577
2022,9,25,13,527.9082396206649,504.95114821873767,558.0394057558332,308.01714069097596,664.3440179698583,623.3114680314458,702.8768383328473,279.06477451436075
2022,9,25,14,629.5429473705206,677.2375820930705,745.7317296819309,456.7573997598232,596.0594453325886,644.2751665109877,707.9354422316619,404.00759880995236
2022,9,25,15,514.9669037787362,692.3672251549582,751.5987755083813,524.5339074212415,478.8136410411601,646.9166555974781,700.1238182884557,478.74983349743644
2022,9,25,16,341.6963816796832,624.3296183662346,697.4888046347215,520.6112185491636,307.2599599947384,578.5716286728193,646.596949973358,478.88179922064927
2022,9,25,17,115.76647500135272,300.4378015864843,472.8319539490808,216.47793587307902,100.7468297404052,276.745710476706,473.3912361905547,207.6277161298391
2022,9,25,18,0.0,0.0,0.0,0.0,0.0,0.0,0.0,0.0
2022,9,25,19,0.0,0.0,0.0,0.0,0.0,0.0,0.0,0.0
2022,9,25,20,0.0,0.0,0.0,0.0,0.0,0.0,0.0,0.0
2022,9,25,21,0.0,0.0,0.0,0.0,0.0,0.0,0.0,0.0
2022,9,25,22,0.0,0.0,0.0,0.0,0.0,0.0,0.0,0.0
2022,9,25,23,0.0,0.0,0.0,0.0,0.0,0.0,0.0,0.0
2022,9,26,0,0.0,0.0,0.0,0.0,0.0,0.0,0.0,0.0
2022,9,26,1,0.0,0.0,0.0,0.0,0.0,0.0,0.0,0.0
2022,9,26,2,0.0,0.0,0.0,0.0,0.0,0.0,0.0,0.0
2022,9,26,3,0.0,0.0,0.0,0.0,0.0,0.0,0.0,0.0
2022,9,26,4,0.0,0.0,0.0,0.0,0.0,0.0,0.0,0.0
2022,9,26,5,0.0,0.0,0.0,0.0,0.0,0.0,0.0,0.0
2022,9,26,6,-0.0,-0.0,-0.0,-0.0,-0.0,-0.0,-0.0,-0.0
2022,9,26,7,54.477557595031335,135.69117115203014,160.28281111487024,150.63879437923546,141.50804624861487,355.4008338304523,416.67370165570486,390.0171922862193
2022,9,26,8,299.53260010825386,465.8626800216043,514.4730026344165,454.76579641990924,367.47141174239107,568.1338278112876,623.6351713050642,547.8434342159007
2022,9,26,9,499.2186961180912,594.9523518403746,652.4962190465433,494.8250060717422,537.851263571684,637.1130451355351,696.2903420726118,522.9086450299327
2022,9,26,10,633.6039358220642,622.6106879122299,702.9557773731916,409.58164318243973,649.9498647131983,638.9946340578349,717.4776593132291,408.6033559701508
2022,9,26,11,707.6383265986647,627.1007997179394,724.5353181243256,244.901273945339,714.1877669567422,635.8925113913032,730.0038411251879,230.30364782669693
2022,9,26,12,737.0738839187907,640.4513445737502,744.7551619997582,171.6454116637344,728.119000434518,636.8415839579668,734.8662292937665,151.88077910179882
2022,9,26,13,709.5795829268105,661.3942729627872,755.0565127812075,302.4431120258798,695.5162545388978,650.2054658625798,737.3730587449986,282.92439019363917
2022,9,26,14,633.3271425602215,688.1302106488014,764.9494979659709,426.749945360807,617.42894117218,668.726206182279,739.2391538750041,407.3581373662337
2022,9,26,15,505.5240652177614,691.997693371866,756.2477388557554,503.9455061947432,487.62091442341915,661.1520707844813,717.840969215279,481.725946551235
2022,9,26,16,328.68599857037213,628.2240344183524,709.4015410876775,510.07247520144193,310.9800080788524,593.8796304851862,667.1252271922771,484.9880445592994
2022,9,26,17,114.18074161235577,308.51110763769105,554.2474099209708,232.62361908410406,99.85294479023709,280.80648996902806,495.80070969485917,208.15151343915306
2022,9,26,18,0.0,0.0,0.0,0.0,0.0,0.0,0.0,0.0
2022,9,26,19,0.0,0.0,0.0,0.0,0.0,0.0,0.0,0.0
2022,9,26,20,0.0,0.0,0.0,0.0,0.0,0.0,0.0,0.0
2022,9,26,21,0.0,0.0,0.0,0.0,0.0,0.0,0.0,0.0
2022,9,26,22,0.0,0.0,0.0,0.0,0.0,0.0,0.0,0.0
2022,9,26,23,0.0,0.0,0.0,0.0,0.0,0.0,0.0,0.0
2022,9,27,0,0.0,0.0,0.0,0.0,0.0,0.0,0.0,0.0
2022,9,27,1,0.0,0.0,0.0,0.0,0.0,0.0,0.0,0.0
2022,9,27,2,0.0,0.0,0.0,0.0,0.0,0.0,0.0,0.0
2022,9,27,3,0.0,0.0,0.0,0.0,0.0,0.0,0.0,0.0
2022,9,27,4,0.0,0.0,0.0,0.0,0.0,0.0,0.0,0.0
2022,9,27,5,0.0,0.0,0.0,0.0,0.0,0.0,0.0,0.0
2022,9,27,6,-0.0,-0.0,-0.0,-0.0,-0.0,-0.0,-0.0,-0.0
2022,9,27,7,72.60338615071028,194.36943058064094,231.88137073795366,212.98467514886312,170.3013803629991,435.01364770632085,510.81694344255703,472.50758800956737
2022,9,27,8,365.66513456570937,568.4960738118277,626.563795834191,550.9165630718512,417.93008281949835,648.1405613971248,712.4695740063978,622.4772987995655
2022,9,27,9,565.7880659109608,671.0812782272349,735.7666151510915,555.1272784621736,598.64103512559,708.1555442624137,775.3388945478449,575.7773102502931
2022,9,27,10,697.9847582227634,683.2436263623281,774.0568667252952,442.86715946894066,722.9245019527965,707.7213425454253,800.001419168529,442.8471383245485
2022,9,27,11,770.9707913068354,679.2136797963072,789.0051717794191,252.94031862844466,789.3113731202454,696.9633056398328,806.9949284641299,239.57687851901292
2022,9,27,12,796.2319528835493,688.355460687851,804.2554407369412,172.46147446932216,799.2795846466036,693.2777244632314,806.7754000571626,153.89504390431435
2022,9,27,13,758.1061571562982,704.2066952174944,807.0143707403747,314.6060588519453,756.1253639746649,703.4876108699862,803.2409250847395,295.95153924053045
2022,9,27,14,663.6791186098967,719.1649670221252,797.7617560355782,447.0382078737905,662.15109811087,716.6004065621657,793.6993259796915,428.4464992158499
2022,9,27,15,528.840232949906,722.0659111948772,787.0978524529168,528.9937980609784,523.6303623229866,715.6186539122632,779.215843920857,513.2330790682985
2022,9,27,16,344.63758858584686,667.3808036406574,754.4142401966362,545.1952715247842,332.01838235866256,642.304168622213,723.5028103966803,520.9888056283266
2022,9,27,17,116.41358418119248,332.0344322664059,611.839750195941,247.54866518114653,103.57964571860917,307.72651047161486,565.4174214109847,224.1545583042719
2022,9,27,18,0.0,0.0,0.0,0.0,0.0,0.0,0.0,0.0
2022,9,27,19,0.0,0.0,0.0,0.0,0.0,0.0,0.0,0.0
2022,9,27,20,0.0,0.0,0.0,0.0,0.0,0.0,0.0,0.0
2022,9,27,21,0.0,0.0,0.0,0.0,0.0,0.0,0.0,0.0
2022,9,27,22,0.0,0.0,0.0,0.0,0.0,0.0,0.0,0.0
2022,9,27,23,0.0,0.0,0.0,0.0,0.0,0.0,0.0,0.0
2022,9,28,0,0.0,0.0,0.0,0.0,0.0,0.0,0.0,0.0
2022,9,28,1,0.0,0.0,0.0,0.0,0.0,0.0,0.0,0.0
2022,9,28,2,0.0,0.0,0.0,0.0,0.0,0.0,0.0,0.0
2022,9,28,3,0.0,0.0,0.0,0.0,0.0,0.0,0.0,0.0
2022,9,28,4,0.0,0.0,0.0,0.0,0.0,0.0,0.0,0.0
2022,9,28,5,0.0,0.0,0.0,0.0,0.0,0.0,0.0,0.0
2022,9,28,6,-0.0,-0.0,-0.0,-0.0,-0.0,-0.0,-0.0,-0.0
2022,9,28,7,68.19526451075086,182.62181960796843,218.58835598318413,199.21835491680744,167.85434116068888,429.10543508047436,505.4475185719066,463.8584839581403
2022,9,28,8,343.7831575327101,535.1065029538951,593.0124267059816,519.750206381973,408.39567532143116,632.4777987206396,697.5398329149482,607.8746016530188
2022,9,28,9,537.026257928577,633.8029443561636,697.5963191348337,526.8504958905482,582.7066372930502,687.1860243915927,755.2013307394978,558.9412575392372
2022,9,28,10,672.9502538075317,656.3273940229491,746.6626074372725,428.51086670744206,704.9606644867487,687.535427800317,780.5375500442865,431.0072272356316
2022,9,28,11,747.2952375051404,656.4828543170265,765.3002206836494,250.50254413228896,771.1581772208444,678.3315757415007,788.9321855481254,236.3168118366317
2022,9,28,12,765.3330643652154,660.8460609492396,773.8484260435936,174.12928276135602,782.73215566409,676.7210637339014,790.8606746854477,155.54031807117795
2022,9,28,13,731.8635121367994,679.1202724518937,779.3741097566887,311.5365428968568,739.552691248723,686.6841193096167,786.5742372374432,293.8471058439888
2022,9,28,14,642.3563563699431,693.6715407790813,770.971037728997,440.0274199781729,646.008618749118,697.2796538998829,774.4812603698462,422.06041364321277
2022,9,28,15,510.8783098195402,691.2800164971524,755.7503410385408,518.8817704695932,508.2481216482252,690.7572398799178,753.8303072279151,501.3378952414148
2022,9,28,16,335.9433620472729,639.6767528274578,724.0637647395499,530.6275564890997,322.03506276169463,619.0044082460355,699.0493881254937,507.5246999424392
2022,9,28,17,114.88168140500555,304.87263428945516,578.382661748355,229.7838261999991,99.15524402225675,277.4227849266014,515.9169066271817,204.03524428990482
2022,9,28,18,0.0,0.0,0.0,0.0,0.0,0.0,0.0,0.0
2022,9,28,19,0.0,0.0,0.0,0.0,0.0,0.0,0.0,0.0
2022,9,28,20,0.0,0.0,0.0,0.0,0.0,0.0,0.0,0.0
2022,9,28,21,0.0,0.0,0.0,0.0,0.0,0.0,0.0,0.0
2022,9,28,22,0.0,0.0,0.0,0.0,0.0,0.0,0.0,0.0
2022,9,28,23,0.0,0.0,0.0,0.0,0.0,0.0,0.0,0.0
2022,9,29,0,0.0,0.0,0.0,0.0,0.0,0.0,0.0,0.0
2022,9,29,1,0.0,0.0,0.0,0.0,0.0,0.0,0.0,0.0
2022,9,29,2,0.0,0.0,0.0,0.0,0.0,0.0,0.0,0.0
2022,9,29,3,0.0,0.0,0.0,0.0,0.0,0.0,0.0,0.0
2022,9,29,4,0.0,0.0,0.0,0.0,0.0,0.0,0.0,0.0
2022,9,29,5,0.0,0.0,0.0,0.0,0.0,0.0,0.0,0.0
2022,9,29,6,-0.0,-0.0,-0.0,-0.0,-0.0,-0.0,-0.0,-0.0
2022,9,29,7,51.42285021636012,132.85148948915585,160.05684049103382,146.59034214758955,159.2084921006328,401.3184778530363,474.7292334945334,433.5132826804361
2022,9,29,8,319.59134250115994,493.4465871148557,549.2709470655528,482.24928137554133,405.9319678383455,624.1063478469919,690.6763387635622,602.9941818707717
2022,9,29,9,531.2373244387819,626.6924201920589,693.7282467937592,521.4818451333149,589.6247080503754,691.7219877412716,762.1729166365257,567.1157709843985
2022,9,29,10,676.0200890098131,657.089427762891,749.1933145213317,431.10236317072804,713.0713448130052,693.1086465950448,788.785414365055,440.3197474071083
2022,9,29,11,760.3713286476295,665.6016445361414,778.8514083341456,252.97725687525678,778.2958443478539,683.0538518771805,796.3677691397372,243.79018027059615
2022,9,29,12,779.4337157346533,670.4664740429583,788.6639154492412,176.89697802911567,788.9553668198763,680.8787997530171,797.6375913215344,162.92226419807724
2022,9,29,13,748.449078721995,692.531787230483,798.1261020844462,317.2533450790521,747.7418390454073,692.8880105672919,795.795144729814,302.98844185570414
2022,9,29,14,659.4069229164013,712.0646877208745,794.6240694958501,447.52562645056526,653.310449487309,704.5036432874311,784.5680958957404,430.87555387090873
2022,9,29,15,528.0576882552117,720.2298144508909,790.6077139904872,531.5634303228204,513.4200055791931,697.1847058980468,763.3806845554095,508.77002774399
2022,9,29,16,342.159821496236,659.7610092073866,750.1547678685127,543.5286810652894,323.55114646317986,623.0766514222597,706.9124769351586,509.3088048225751
2022,9,29,17,113.5428896901649,299.16401692895715,582.9783510265626,224.94857283107433,99.22374153167044,268.1707864363747,514.0713227183769,197.28587136981915
2022,9,29,18,0.0,0.0,0.0,0.0,0.0,0.0,0.0,0.0
2022,9,29,19,0.0,0.0,0.0,0.0,0.0,0.0,0.0,0.0
2022,9,29,20,0.0,0.0,0.0,0.0,0.0,0.0,0.0,0.0
2022,9,29,21,0.0,0.0,0.0,0.0,0.0,0.0,0.0,0.0
2022,9,29,22,0.0,0.0,0.0,0.0,0.0,0.0,0.0,0.0
2022,9,29,23,0.0,0.0,0.0,0.0,0.0,0.0,0.0,0.0
2022,9,30,0,0.0,0.0,0.0,0.0,0.0,0.0,0.0,0.0
2022,9,30,1,0.0,0.0,0.0,0.0,0.0,0.0,0.0,0.0
2022,9,30,2,0.0,0.0,0.0,0.0,0.0,0.0,0.0,0.0
2022,9,30,3,0.0,0.0,0.0,0.0,0.0,0.0,0.0,0.0
2022,9,30,4,0.0,0.0,0.0,0.0,0.0,0.0,0.0,0.0
2022,9,30,5,0.0,0.0,0.0,0.0,0.0,0.0,0.0,0.0
2022,9,30,6,-0.0,-0.0,-0.0,-0.0,-0.0,-0.0,-0.0,-0.0
2022,9,30,7,64.7134669837182,170.55032333771922,205.45213101905236,184.97820602794238,165.80793308053393,415.74997504905946,492.45517379279886,446.4705847043718
2022,9,30,8,354.17880039111157,546.3986564865094,608.1256667460938,531.4148953453263,416.43253003158793,636.3596200828977,704.9715222215777,615.1241165061075
2022,9,30,9,568.3093055693996,666.6327732546721,737.1329473888984,552.7473221905399,599.5175301049195,700.6249298667957,773.2580290649348,574.6480031327208
2022,9,30,10,705.2301456357002,682.8636707652234,781.2209243852157,443.0710099219516,726.2357261499492,703.3779368181603,802.7478266112569,445.5018916844317
2022,9,30,11,780.7025841229164,680.5064096063352,799.5734102747398,252.25754978045867,796.9532731514622,696.6003038959064,815.383595486356,243.60787012209553
2022,9,30,12,796.1176170211576,683.4248603958788,805.4664737344041,173.9148398581262,806.1444570398352,693.2531043098281,815.2388651422538,161.96404014918326
2022,9,30,13,749.2995780886263,692.7209151882624,798.0032555256946,319.8554835376808,761.8021847246182,704.1634981721232,811.0550394914046,307.2339804072875
2022,9,30,14,672.4071149947404,725.4244652222432,810.4159322518242,456.32373196837386,668.4545107468448,719.6515382937883,802.0964239831246,443.4090271851891
2022,9,30,15,534.6770230078929,725.0927787648545,794.7906699690499,542.0334501339519,529.2811809339996,718.8799471438922,787.7634145479725,527.7900466287243
2022,9,30,16,350.66457631158494,677.564712867441,770.383129135576,564.9876152255324,334.4101195209491,643.9616838599991,730.7284627881729,532.0598492296489
2022,9,30,17,114.88589559158069,322.1784580243231,648.1483882521237,236.3697275993749,100.90970992994352,280.46157363431684,555.8976004883124,203.9378938467741
2022,9,30,18,0.0,0.0,0.0,0.0,0.0,0.0,0.0,0.0
2022,9,30,19,0.0,0.0,0.0,0.0,0.0,0.0,0.0,0.0
2022,9,30,20,0.0,0.0,0.0,0.0,0.0,0.0,0.0,0.0
2022,9,30,21,0.0,0.0,0.0,0.0,0.0,0.0,0.0,0.0
2022,9,30,22,0.0,0.0,0.0,0.0,0.0,0.0,0.0,0.0
2022,9,30,23,0.0,0.0,0.0,0.0,0.0,0.0,0.0,0.0
