Month,Day,Hour,SGP_ARM_Fixed_Tilt,SGP_ARM_Single-Axis,SGP_ARM_Dual-Axis,SGP_ARM_Vertical_Bifacial,SGP_NSRDB_Fixed_Tilt,SGP_NSRDB_Single-Axis,SGP_NSRDB_Dual-Axis,SGP_NSRDB_Vertical_Bifacial
1,1,0,0.0,0.0,0.0,0.0,0.0,0.0,0.0,0.0
1,1,1,0.0,0.0,0.0,0.0,0.0,0.0,0.0,0.0
1,1,2,0.0,0.0,0.0,0.0,0.0,0.0,0.0,0.0
1,1,3,0.0,0.0,0.0,0.0,0.0,0.0,0.0,0.0
1,1,4,0.0,0.0,0.0,0.0,0.0,0.0,0.0,0.0
1,1,5,0.0,0.0,0.0,0.0,0.0,0.0,0.0,0.0
1,1,6,0.0,0.0,0.0,0.0,0.0,0.0,0.0,0.0
1,1,7,0.0,0.0,0.0,0.0,0.0,0.0,0.0,0.0
1,1,8,8.580656974277959,7.710517262992022,5.3162747148299525,8.769202211060604,132.00820663378937,143.5108643684796,307.05395302402064,155.6151561739053
1,1,9,39.629241082385924,36.65175185403603,30.33526124307115,40.56732713649446,460.4531192848937,476.6429562412917,705.2579974348338,487.8215295235765
1,1,10,81.3655723737255,74.27970392415193,71.01251525991611,80.85212338567578,48.38409766700711,44.62617356348408,39.13208962599642,48.40465928619924
1,1,11,126.6348218300115,126.32924776518571,116.48060088130308,117.67329747612924,89.00469439974697,92.14427167710379,78.74108791692495,85.08983129907661
1,1,12,129.69321340095962,140.86230861870757,119.84288371637103,116.19634305980671,97.53372330851393,110.35931932699495,87.70110732564152,90.59066729152123
1,1,13,151.92865435413913,150.94531597570713,141.94640028886792,133.59726144004438,104.27332066614026,108.26394637875822,93.62481742929877,96.21986291442049
1,1,14,149.67917166335755,133.17392785378362,141.49779710455354,135.60771777347892,120.70963981131527,108.16036883566466,109.92919661236503,109.95226874344091
1,1,15,84.85937399962414,79.58694346497386,77.2412137202893,83.32794373120049,87.64182596453473,82.07956894117741,79.36611123985806,84.17740788496592
1,1,16,24.64544206348765,23.199936671904073,18.548051722961446,24.84011514884195,348.19918954340716,374.1050297400519,693.7458855854751,279.75729953222475
1,1,17,0.0,0.0,0.0,0.0,0.0,0.0,0.0,0.0
1,1,18,0.0,0.0,0.0,0.0,0.0,0.0,0.0,0.0
1,1,19,0.0,0.0,0.0,0.0,0.0,0.0,0.0,0.0
1,1,20,0.0,0.0,0.0,0.0,0.0,0.0,0.0,0.0
1,1,21,0.0,0.0,0.0,0.0,0.0,0.0,0.0,0.0
1,1,22,0.0,0.0,0.0,0.0,0.0,0.0,0.0,0.0
1,1,23,0.0,0.0,0.0,0.0,0.0,0.0,0.0,0.0
1,2,0,0.0,0.0,0.0,0.0,0.0,0.0,0.0,0.0
1,2,1,0.0,0.0,0.0,0.0,0.0,0.0,0.0,0.0
1,2,2,0.0,0.0,0.0,0.0,0.0,0.0,0.0,0.0
1,2,3,0.0,0.0,0.0,0.0,0.0,0.0,0.0,0.0
1,2,4,0.0,0.0,0.0,0.0,0.0,0.0,0.0,0.0
1,2,5,0.0,0.0,0.0,0.0,0.0,0.0,0.0,0.0
1,2,6,0.0,0.0,0.0,0.0,0.0,0.0,0.0,0.0
1,2,7,0.0,0.0,0.0,0.0,0.0,0.0,0.0,0.0
1,2,8,50.715491806038216,56.23492134366485,101.22820746700458,64.36484736408272,136.9426747986203,148.31692144388688,319.6271222868099,159.8466759529134
1,2,9,204.10045567649664,207.8624734237226,289.68286293909364,219.92621494479857,457.94438121469966,475.63432660536034,700.9685850794074,486.23970415642674
1,2,10,282.7394391597816,239.4398028327927,322.7323897457903,233.24222203921724,394.1088683273418,325.7323554449175,473.62569447793624,297.03599372913806
1,2,11,176.96618942130863,169.54570138101639,168.17827524924795,155.03307381561623,322.85317342223874,255.08201562976004,343.4274013212367,200.87615333016882
1,2,12,130.28437086766044,141.16369323729427,120.59972541532086,116.30757233521221,248.69100575658013,215.62059031055043,250.47436960711957,145.39388248769876
1,2,13,88.03233271940557,92.36072422558036,78.93110442863555,84.68031022759835,193.37685522297775,181.45132959284686,185.92297063416387,147.89563942419846
1,2,14,56.48186887832262,52.01803540437044,47.41499629602535,57.121427043469716,93.39355675299149,84.33422146622041,82.78476398331082,87.14042692694335
1,2,15,55.76297372414079,51.84124288297037,46.116372068638796,55.988005378290055,35.596855386380405,32.73687197010474,26.465557470589285,35.56356220303361
1,2,16,142.95989324099503,159.11338476080238,261.088251834328,123.2516462015443,3.8088853031253485,3.231109877242968,1.3570720406646426,3.7436354773328815
1,2,17,0.0,0.0,0.0,0.0,0.0,0.0,0.0,0.0
1,2,18,0.0,0.0,0.0,0.0,0.0,0.0,0.0,0.0
1,2,19,0.0,0.0,0.0,0.0,0.0,0.0,0.0,0.0
1,2,20,0.0,0.0,0.0,0.0,0.0,0.0,0.0,0.0
1,2,21,0.0,0.0,0.0,0.0,0.0,0.0,0.0,0.0
1,2,22,0.0,0.0,0.0,0.0,0.0,0.0,0.0,0.0
1,2,23,0.0,0.0,0.0,0.0,0.0,0.0,0.0,0.0
1,3,0,0.0,0.0,0.0,0.0,0.0,0.0,0.0,0.0
1,3,1,0.0,0.0,0.0,0.0,0.0,0.0,0.0,0.0
1,3,2,0.0,0.0,0.0,0.0,0.0,0.0,0.0,0.0
1,3,3,0.0,0.0,0.0,0.0,0.0,0.0,0.0,0.0
1,3,4,0.0,0.0,0.0,0.0,0.0,0.0,0.0,0.0
1,3,5,0.0,0.0,0.0,0.0,0.0,0.0,0.0,0.0
1,3,6,0.0,0.0,0.0,0.0,0.0,0.0,0.0,0.0
1,3,7,0.0,0.0,0.0,0.0,0.0,0.0,0.0,0.0
1,3,8,12.309770480549503,11.197944858260518,8.309181058628885,12.58286849860015,1.9600768131902455,1.660216947853877,1.263865997678235,3.7887362838633205
1,3,9,25.08010569866959,23.107199411022474,19.03326256199475,25.637143259618263,55.71563684503767,53.318107380118185,55.16113191983808,73.67081087582436
1,3,10,13.003142760006869,11.713177935588956,10.330109494043283,13.089229695920459,21.21019787864996,19.969946508376843,19.8945839408823,29.052942482533492
1,3,11,15.4235697797826,16.249289805112582,13.156698758074679,15.085847798690011,5.649645327536887,6.10676500425337,5.319189225233907,8.645772298342388
1,3,12,17.805233348488866,21.018268088164334,15.55357074552856,17.119989437326087,7.759810042495687,9.432745757061477,7.445208554052726,11.417837557868651
1,3,13,35.17767694209373,37.92798818309224,30.6609397453447,34.83322171738983,10.65065699297118,11.609335821598027,10.181614728172782,15.208317708067506
1,3,14,19.503109368822184,17.61278905849019,16.20191007463522,19.174405476203308,18.8151338362673,17.69130172775411,17.70166864056518,25.91491293022747
1,3,15,7.806722123329546,6.98348283762221,5.446136499020174,7.85426202981203,6.451934511342089,5.9299528131927595,5.645179636228549,9.681010611479076
1,3,16,5.1886775972687245,4.563139361366229,2.7962462617262522,5.247255501666185,39.643944697235625,40.38824100817555,44.04545391010527,50.436691219942006
1,3,17,0.0,0.0,0.0,0.0,0.0,0.0,0.0,0.0
1,3,18,0.0,0.0,0.0,0.0,0.0,0.0,0.0,0.0
1,3,19,0.0,0.0,0.0,0.0,0.0,0.0,0.0,0.0
1,3,20,0.0,0.0,0.0,0.0,0.0,0.0,0.0,0.0
1,3,21,0.0,0.0,0.0,0.0,0.0,0.0,0.0,0.0
1,3,22,0.0,0.0,0.0,0.0,0.0,0.0,0.0,0.0
1,3,23,0.0,0.0,0.0,0.0,0.0,0.0,0.0,0.0
1,4,0,0.0,0.0,0.0,0.0,0.0,0.0,0.0,0.0
1,4,1,0.0,0.0,0.0,0.0,0.0,0.0,0.0,0.0
1,4,2,0.0,0.0,0.0,0.0,0.0,0.0,0.0,0.0
1,4,3,0.0,0.0,0.0,0.0,0.0,0.0,0.0,0.0
1,4,4,0.0,0.0,0.0,0.0,0.0,0.0,0.0,0.0
1,4,5,0.0,0.0,0.0,0.0,0.0,0.0,0.0,0.0
1,4,6,0.0,0.0,0.0,0.0,0.0,0.0,0.0,0.0
1,4,7,0.0,0.0,0.0,0.0,0.0,0.0,0.0,0.0
1,4,8,234.25848665540434,249.486246897729,527.5654582486758,264.73351585436905,146.07297913457438,155.19434199898495,341.2065634859986,164.39970892877403
1,4,9,520.6187381737558,543.4207041172644,783.2901026653003,555.7161340389686,473.22957457835474,494.8099742302477,724.5573006631992,504.9538541993812
1,4,10,675.7236721528888,553.2854439985239,833.3333333333334,475.06804706741593,661.2168156466931,537.842062606518,829.6654141457344,455.5156910860387
1,4,11,757.2602617444006,498.94830630873724,833.3333333333334,288.70862260284866,770.1164129937421,500.9059894363101,833.3333333333334,278.91325330031646
1,4,12,779.4726355785112,461.8168560639546,833.3333333333334,114.38167546788266,810.0106913448293,472.90904056287377,833.3333333333334,106.4101514253032
1,4,13,747.067354679776,478.91519554009045,833.3333333333334,203.0341313489721,783.4081126438458,496.0765513735532,833.3333333333334,198.15167238353777
1,4,14,661.023531822754,520.4646272174515,806.2206147229035,333.1826018720603,698.8528832433313,546.7510171364656,833.3333333333334,337.93280591770986
1,4,15,510.6717566980713,510.8547746826935,739.0649443435024,389.374819225852,559.8254735732927,559.8348205339526,808.8208654161419,424.0989804048357
1,4,16,285.3085028688684,317.8140738033343,571.6930928186038,236.96569280081474,352.1949341118778,389.55976761476705,689.1048652470351,294.32895366134574
1,4,17,0.0,0.0,0.0,0.0,0.0,0.0,0.0,0.0
1,4,18,0.0,0.0,0.0,0.0,0.0,0.0,0.0,0.0
1,4,19,0.0,0.0,0.0,0.0,0.0,0.0,0.0,0.0
1,4,20,0.0,0.0,0.0,0.0,0.0,0.0,0.0,0.0
1,4,21,0.0,0.0,0.0,0.0,0.0,0.0,0.0,0.0
1,4,22,0.0,0.0,0.0,0.0,0.0,0.0,0.0,0.0
1,4,23,0.0,0.0,0.0,0.0,0.0,0.0,0.0,0.0
1,5,0,0.0,0.0,0.0,0.0,0.0,0.0,0.0,0.0
1,5,1,0.0,0.0,0.0,0.0,0.0,0.0,0.0,0.0
1,5,2,0.0,0.0,0.0,0.0,0.0,0.0,0.0,0.0
1,5,3,0.0,0.0,0.0,0.0,0.0,0.0,0.0,0.0
1,5,4,0.0,0.0,0.0,0.0,0.0,0.0,0.0,0.0
1,5,5,0.0,0.0,0.0,0.0,0.0,0.0,0.0,0.0
1,5,6,0.0,0.0,0.0,0.0,0.0,0.0,0.0,0.0
1,5,7,0.0,0.0,0.0,0.0,0.0,0.0,0.0,0.0
1,5,8,237.80054222417482,253.26030783368375,535.9996265251136,268.344857656344,142.40982459021336,153.86599999080372,332.5810026317639,164.72351992965145
1,5,9,494.8691950153298,518.2608507230572,746.8853785541316,530.4418762503968,443.57124476381927,464.92748899736125,674.802146898088,475.38554154130776
1,5,10,648.7273444705795,532.7066605402453,809.2061228767449,458.35901602073295,618.005282082494,507.32431225496737,769.0617293923256,433.3850500222546
1,5,11,733.2399645677342,484.54048554805195,827.3497303201856,281.392977626484,726.769266203926,480.1760343653534,818.7670607777649,273.2262740992446
1,5,12,757.4371153785737,450.2880768515882,825.3554053982211,111.64751483805962,774.207182200403,458.69276728005303,833.3333333333334,108.88025017933576
1,5,13,725.2270203071415,465.5396104414196,809.2545474925166,196.14953242658567,760.0032510176096,485.69904631676997,833.3333333333334,198.07144825711262
1,5,14,643.3451193622518,506.46449324181583,782.9177690301809,323.4706787385664,684.9466817031471,537.6360892567492,833.3333333333334,336.7773863155029
1,5,15,506.9410897898317,506.8555524058186,731.2769216549589,385.94072369460315,545.9887412166618,545.4581600700378,781.7710521525728,417.9443780931158
1,5,16,273.5515588319978,307.760486857144,545.7299258151453,230.16773535631637,348.36887156978344,388.3060930586076,675.9607996887969,294.8107652590101
1,5,17,0.0,0.0,0.0,0.0,0.0,0.0,0.0,0.0
1,5,18,0.0,0.0,0.0,0.0,0.0,0.0,0.0,0.0
1,5,19,0.0,0.0,0.0,0.0,0.0,0.0,0.0,0.0
1,5,20,0.0,0.0,0.0,0.0,0.0,0.0,0.0,0.0
1,5,21,0.0,0.0,0.0,0.0,0.0,0.0,0.0,0.0
1,5,22,0.0,0.0,0.0,0.0,0.0,0.0,0.0,0.0
1,5,23,0.0,0.0,0.0,0.0,0.0,0.0,0.0,0.0
1,6,0,0.0,0.0,0.0,0.0,0.0,0.0,0.0,0.0
1,6,1,0.0,0.0,0.0,0.0,0.0,0.0,0.0,0.0
1,6,2,0.0,0.0,0.0,0.0,0.0,0.0,0.0,0.0
1,6,3,0.0,0.0,0.0,0.0,0.0,0.0,0.0,0.0
1,6,4,0.0,0.0,0.0,0.0,0.0,0.0,0.0,0.0
1,6,5,0.0,0.0,0.0,0.0,0.0,0.0,0.0,0.0
1,6,6,0.0,0.0,0.0,0.0,0.0,0.0,0.0,0.0
1,6,7,0.0,0.0,0.0,0.0,0.0,0.0,0.0,0.0
1,6,8,52.288322723858336,57.15838957680634,78.56870019905038,66.57659744750897,-0.0,-0.0,-0.0,-0.0
1,6,9,63.080622739770824,59.43276851555791,55.619090147766585,65.55471593083179,52.820245457247644,49.249088263329114,43.15607116384127,53.35682505187057
1,6,10,96.95652772970622,88.04404772004135,87.36233382809668,95.16217168192783,24.309875591517457,22.24568503714976,19.270977480660445,24.223640273443387
1,6,11,230.8854651635211,198.73027770223874,236.23959907570958,171.54838576035257,61.991625784558515,64.99922173772252,54.03407468966937,60.38236043325362
1,6,12,62.417730781686295,73.12373441836222,55.5159356189165,62.81240342046558,12.730771825195841,15.826377860035194,10.729210470687745,12.673036673454986
1,6,13,71.80056162763415,76.854990854893,63.86925947566037,70.67725687589757,31.693353296779556,35.103341322062185,27.078771912277887,31.649848625355535
1,6,14,336.8238020506002,275.31735091958296,385.8904771767581,218.26969163920023,69.88387423174927,63.78912354436631,59.7956250048713,67.60761413707579
1,6,15,172.94416401181235,168.4182105346774,218.22213031173385,148.81126904551488,528.515006943158,527.579418436129,772.3370012917252,389.27359537729177
1,6,16,89.5206020543926,99.82816545491896,146.69295977873935,81.8839699344979,116.33263519730953,132.51229309293015,165.1220602057172,108.42773072315335
1,6,17,0.0,0.0,0.0,0.0,0.0,0.0,0.0,0.0
1,6,18,0.0,0.0,0.0,0.0,0.0,0.0,0.0,0.0
1,6,19,0.0,0.0,0.0,0.0,0.0,0.0,0.0,0.0
1,6,20,0.0,0.0,0.0,0.0,0.0,0.0,0.0,0.0
1,6,21,0.0,0.0,0.0,0.0,0.0,0.0,0.0,0.0
1,6,22,0.0,0.0,0.0,0.0,0.0,0.0,0.0,0.0
1,6,23,0.0,0.0,0.0,0.0,0.0,0.0,0.0,0.0
1,7,0,0.0,0.0,0.0,0.0,0.0,0.0,0.0,0.0
1,7,1,0.0,0.0,0.0,0.0,0.0,0.0,0.0,0.0
1,7,2,0.0,0.0,0.0,0.0,0.0,0.0,0.0,0.0
1,7,3,0.0,0.0,0.0,0.0,0.0,0.0,0.0,0.0
1,7,4,0.0,0.0,0.0,0.0,0.0,0.0,0.0,0.0
1,7,5,0.0,0.0,0.0,0.0,0.0,0.0,0.0,0.0
1,7,6,0.0,0.0,0.0,0.0,0.0,0.0,0.0,0.0
1,7,7,0.0,0.0,0.0,0.0,0.0,0.0,0.0,0.0
1,7,8,180.3802344290891,194.7794659065575,407.9197692787244,209.48407642248569,143.2905382535806,152.582225161392,335.43510823437396,161.54506332521967
1,7,9,481.9660704429577,508.0058052275937,728.0576041136432,520.0466890087685,452.21239661152174,477.72441809609205,696.3383937957685,487.85076297981755
1,7,10,641.8873273184635,530.55617161491,800.2367941450736,456.6781910843251,641.0159634314653,525.5445279341043,807.0546221267358,446.02373325832207
1,7,11,725.7844881966819,482.9049022068192,818.0114903791725,281.79113259461036,742.9481722012815,486.1917312020976,833.3333333333334,273.78423433106457
1,7,12,753.2058633992842,450.3924608178975,819.3319311514065,111.54403151063775,780.6093420949117,459.43141698386944,833.3333333333334,104.68674737628432
1,7,13,729.8309490280125,469.6203927104674,812.246371028423,195.45104243656684,753.6526610681935,479.76299166001513,833.3333333333334,189.61656006287697
1,7,14,650.7344354307426,512.1875350036795,788.9451457947824,325.667980527457,679.8148665729757,531.9942844359347,827.3036012864759,328.0044016778052
1,7,15,505.559211307106,504.9789908468523,725.8401728773474,384.4874254705746,545.1994403201979,544.2937293096024,783.4767803158674,409.32138751698403
1,7,16,289.3905447110861,331.7999523256766,571.7512336333092,249.17463540662192,348.94188891457367,397.4211279714599,672.6798407165893,302.7228393015805
1,7,17,-0.0,-0.0,-0.0,-0.0,6.6421327806282005,5.881585483947236,1.9077739890751793,6.171388799515537
1,7,18,0.0,0.0,0.0,0.0,0.0,0.0,0.0,0.0
1,7,19,0.0,0.0,0.0,0.0,0.0,0.0,0.0,0.0
1,7,20,0.0,0.0,0.0,0.0,0.0,0.0,0.0,0.0
1,7,21,0.0,0.0,0.0,0.0,0.0,0.0,0.0,0.0
1,7,22,0.0,0.0,0.0,0.0,0.0,0.0,0.0,0.0
1,7,23,0.0,0.0,0.0,0.0,0.0,0.0,0.0,0.0
1,8,0,0.0,0.0,0.0,0.0,0.0,0.0,0.0,0.0
1,8,1,0.0,0.0,0.0,0.0,0.0,0.0,0.0,0.0
1,8,2,0.0,0.0,0.0,0.0,0.0,0.0,0.0,0.0
1,8,3,0.0,0.0,0.0,0.0,0.0,0.0,0.0,0.0
1,8,4,0.0,0.0,0.0,0.0,0.0,0.0,0.0,0.0
1,8,5,0.0,0.0,0.0,0.0,0.0,0.0,0.0,0.0
1,8,6,0.0,0.0,0.0,0.0,0.0,0.0,0.0,0.0
1,8,7,0.0,0.0,0.0,0.0,0.0,0.0,0.0,0.0
1,8,8,224.38981438915823,240.13841540198723,502.74311153448537,255.44637074294064,144.40770865355262,153.92531601120976,336.4989861123811,163.02486440630352
1,8,9,492.89800254449915,521.2054613678258,744.9877688884125,533.5449654929249,452.93113673530996,480.01951922201687,697.281523521807,490.43577597904033
1,8,10,647.7747467606222,537.1314225769416,808.0591718374712,463.3448503266389,642.2360771845713,527.6463965259366,810.5630576159322,448.19973391756287
1,8,11,734.9552356130904,490.6188187907037,828.4527817896984,288.33174020942243,757.9148908684642,496.08106440288196,833.3333333333334,280.40847720502416
1,8,12,765.7873914712559,458.9319600927191,832.6942094057179,115.20622491532573,799.3884490556371,468.33737214260697,833.3333333333334,107.31962017097179
1,8,13,735.4148887083621,473.12196323772025,818.1202943972368,196.31955483858079,780.6566442072723,493.3101962132376,833.3333333333334,192.25751391561118
1,8,14,657.4966718212916,517.0773675106949,796.7214753872835,327.6012441041005,704.0547455545382,548.0544005454191,833.3333333333334,332.0489427296391
1,8,15,519.189701884908,518.430624158702,744.1495840748382,393.94190136725126,569.5640324066983,568.5009097570215,824.8940126975983,418.85615318941655
1,8,16,304.1737817992012,352.1969189663195,598.0308887601041,264.919729715235,365.72041465563507,421.59781073030763,710.7353432252476,317.60776335625
1,8,17,-0.0,-0.0,-0.0,-0.0,7.45706137033206,6.63989498428526,2.3856119472894406,6.950634336003581
1,8,18,0.0,0.0,0.0,0.0,0.0,0.0,0.0,0.0
1,8,19,0.0,0.0,0.0,0.0,0.0,0.0,0.0,0.0
1,8,20,0.0,0.0,0.0,0.0,0.0,0.0,0.0,0.0
1,8,21,0.0,0.0,0.0,0.0,0.0,0.0,0.0,0.0
1,8,22,0.0,0.0,0.0,0.0,0.0,0.0,0.0,0.0
1,8,23,0.0,0.0,0.0,0.0,0.0,0.0,0.0,0.0
1,9,0,0.0,0.0,0.0,0.0,0.0,0.0,0.0,0.0
1,9,1,0.0,0.0,0.0,0.0,0.0,0.0,0.0,0.0
1,9,2,0.0,0.0,0.0,0.0,0.0,0.0,0.0,0.0
1,9,3,0.0,0.0,0.0,0.0,0.0,0.0,0.0,0.0
1,9,4,0.0,0.0,0.0,0.0,0.0,0.0,0.0,0.0
1,9,5,0.0,0.0,0.0,0.0,0.0,0.0,0.0,0.0
1,9,6,0.0,0.0,0.0,0.0,0.0,0.0,0.0,0.0
1,9,7,0.0,0.0,0.0,0.0,0.0,0.0,0.0,0.0
1,9,8,250.35518858420374,267.1072432193473,559.2154175956299,282.5408546077709,153.94309785523214,163.85076748000924,356.63357506847854,173.02827002628098
1,9,9,508.29069571374197,539.3040052298309,769.0419813774182,551.7755243891783,466.0616845527663,495.38549404851125,714.8338694194954,505.9917985628582
1,9,10,671.0107319525566,559.2533565293777,833.3333333333334,485.5853891239906,642.7238761016755,532.5273851572214,804.7440862920994,454.87452304046946
1,9,11,744.2296873826992,503.11330478156725,833.3333333333334,308.2126287944301,742.5587614098478,495.6349262109007,833.3333333333334,285.3946216668566
1,9,12,792.7818339518047,478.2633207820015,833.3333333333334,123.68688403528971,786.6469319934823,470.6720938807909,833.3333333333334,111.59058291200225
1,9,13,764.2136900305239,494.920188518166,833.3333333333334,208.3631519465139,768.4089161249799,493.248306285201,833.3333333333334,195.68260526987368
1,9,14,576.614943788463,455.3008390823405,698.4592186232433,302.12838075107055,695.0439606825322,545.6254400494082,833.3333333333334,338.53439664741035
1,9,15,427.68798063757896,424.0711895406491,595.1734166963354,339.14273278951714,367.6808768520475,361.6806463113846,491.54210062967275,298.46698080534935
1,9,16,256.3655768274559,298.1409552361117,482.4778285129672,231.4090845959,233.69753659187245,271.0438086900885,403.9186870061705,216.34651579095978
1,9,17,0.9052537596860005,0.5879490672057259,25.953865979944254,0.7041176985718008,15.372647771703454,13.998796050652404,12.073599488457342,14.524629942619834
1,9,18,0.0,0.0,0.0,0.0,0.0,0.0,0.0,0.0
1,9,19,0.0,0.0,0.0,0.0,0.0,0.0,0.0,0.0
1,9,20,0.0,0.0,0.0,0.0,0.0,0.0,0.0,0.0
1,9,21,0.0,0.0,0.0,0.0,0.0,0.0,0.0,0.0
1,9,22,0.0,0.0,0.0,0.0,0.0,0.0,0.0,0.0
1,9,23,0.0,0.0,0.0,0.0,0.0,0.0,0.0,0.0
1,10,0,0.0,0.0,0.0,0.0,0.0,0.0,0.0,0.0
1,10,1,0.0,0.0,0.0,0.0,0.0,0.0,0.0,0.0
1,10,2,0.0,0.0,0.0,0.0,0.0,0.0,0.0,0.0
1,10,3,0.0,0.0,0.0,0.0,0.0,0.0,0.0,0.0
1,10,4,0.0,0.0,0.0,0.0,0.0,0.0,0.0,0.0
1,10,5,0.0,0.0,0.0,0.0,0.0,0.0,0.0,0.0
1,10,6,0.0,0.0,0.0,0.0,0.0,0.0,0.0,0.0
1,10,7,0.0,0.0,0.0,0.0,0.0,0.0,0.0,0.0
1,10,8,31.595604282929298,32.35201127126708,30.85542020060573,37.54377639990956,-0.0,-0.0,-0.0,-0.0
1,10,9,42.98036461354579,39.902903862709486,33.79940230609607,44.17287152396208,63.46358007033411,59.66562904654943,54.40812951407963,64.59781460265336
1,10,10,96.98765343236812,88.33062202632361,87.26291264477668,95.5233447286768,102.97705915909364,93.36876422307783,92.75701979387836,98.51169761210153
1,10,11,97.28712028638923,99.15397969223795,88.16161350405552,93.91513322788231,68.44067056576107,71.88517576217805,59.86231588207607,67.19793172551672
1,10,12,53.64332625854301,63.578200113785016,47.59942336835479,54.91674514670925,33.30813042513531,40.041141382842795,29.07720920190885,33.27865870762137
1,10,13,102.16903196783721,107.14313178247701,93.20932956551354,96.4693616122041,2.3337281549382443,2.9859712705276413,1.5351150883780909,2.3018970960925684
1,10,14,91.44870105806999,83.04646204954719,81.61455932553399,88.41019703957848,70.11932275255377,64.13592792832712,60.071152901059996,68.18424181899701
1,10,15,67.52328617788025,62.924418486775814,58.128214114151426,67.3179781402275,35.93235512055468,33.03997959171694,27.139495563589193,35.880380361851806
1,10,16,34.06216811838128,32.98013633880029,28.56845490652194,34.43589858224254,32.20862970112926,30.929884697131946,26.06036355493025,31.817690795101036
1,10,17,-0.0,-0.0,-0.0,-0.0,2.0336555529276605,1.6033707960673185,-0.0,1.7646495392254697
1,10,18,0.0,0.0,0.0,0.0,0.0,0.0,0.0,0.0
1,10,19,0.0,0.0,0.0,0.0,0.0,0.0,0.0,0.0
1,10,20,0.0,0.0,0.0,0.0,0.0,0.0,0.0,0.0
1,10,21,0.0,0.0,0.0,0.0,0.0,0.0,0.0,0.0
1,10,22,0.0,0.0,0.0,0.0,0.0,0.0,0.0,0.0
1,10,23,0.0,0.0,0.0,0.0,0.0,0.0,0.0,0.0
1,11,0,0.0,0.0,0.0,0.0,0.0,0.0,0.0,0.0
1,11,1,0.0,0.0,0.0,0.0,0.0,0.0,0.0,0.0
1,11,2,0.0,0.0,0.0,0.0,0.0,0.0,0.0,0.0
1,11,3,0.0,0.0,0.0,0.0,0.0,0.0,0.0,0.0
1,11,4,0.0,0.0,0.0,0.0,0.0,0.0,0.0,0.0
1,11,5,0.0,0.0,0.0,0.0,0.0,0.0,0.0,0.0
1,11,6,0.0,0.0,0.0,0.0,0.0,0.0,0.0,0.0
1,11,7,0.0,0.0,0.0,0.0,0.0,0.0,0.0,0.0
1,11,8,-0.0,-0.0,-0.0,-0.0,-0.0,-0.0,-0.0,-0.0
1,11,9,7.47679866324065,6.677838077390123,4.979248419834142,7.657007929986843,3.873300283869007,3.2913525535640082,1.9589991967844147,3.812222721461149
1,11,10,9.070111562571391,8.099246376440432,7.012920746118237,9.182002164359835,1.8102086987295203,1.3829040002929165,0.7844972916516884,1.7723924070888686
1,11,11,18.28550228859107,19.46538776310173,15.631380357648757,18.423086172170244,2.4310897803026053,2.8330422054242956,1.5817443125942239,2.3978493984667324
1,11,12,19.492268584414294,23.410257536095028,17.075866327684334,19.524134389270973,33.7207143249579,40.50859833076697,29.495514227142547,33.69861798595446
1,11,13,16.928825264309694,18.839445930074003,14.581323889931443,16.98149713519056,3.730667933144363,4.5342241958063285,2.768134748239844,3.6939649314279768
1,11,14,19.698484460497056,17.959513747640667,16.2746061108852,19.837279216680212,11.964604395066518,10.819312210828098,9.386832947519927,11.893002236792086
1,11,15,8.99265178466942,8.074407487779737,6.40700909825275,9.105457203224205,3.1261431579571357,2.5997730970573003,1.5333042507135264,3.07325153085191
1,11,16,1.8960325951868735,1.51520567985578,0.42641054646413257,1.937145812191197,14.624288689013587,13.258376868405135,9.059548882895562,14.53191031737398
1,11,17,-0.0,-0.0,-0.0,-0.0,2.0678900604805106,1.6353378841964208,-0.0,1.7974823059338605
1,11,18,0.0,0.0,0.0,0.0,0.0,0.0,0.0,0.0
1,11,19,0.0,0.0,0.0,0.0,0.0,0.0,0.0,0.0
1,11,20,0.0,0.0,0.0,0.0,0.0,0.0,0.0,0.0
1,11,21,0.0,0.0,0.0,0.0,0.0,0.0,0.0,0.0
1,11,22,0.0,0.0,0.0,0.0,0.0,0.0,0.0,0.0
1,11,23,0.0,0.0,0.0,0.0,0.0,0.0,0.0,0.0
1,12,0,0.0,0.0,0.0,0.0,0.0,0.0,0.0,0.0
1,12,1,0.0,0.0,0.0,0.0,0.0,0.0,0.0,0.0
1,12,2,0.0,0.0,0.0,0.0,0.0,0.0,0.0,0.0
1,12,3,0.0,0.0,0.0,0.0,0.0,0.0,0.0,0.0
1,12,4,0.0,0.0,0.0,0.0,0.0,0.0,0.0,0.0
1,12,5,0.0,0.0,0.0,0.0,0.0,0.0,0.0,0.0
1,12,6,0.0,0.0,0.0,0.0,0.0,0.0,0.0,0.0
1,12,7,0.0,0.0,0.0,0.0,0.0,0.0,0.0,0.0
1,12,8,11.11375121453519,10.065352315349639,7.029250813521005,11.363277453907674,-0.0,-0.0,-0.0,-0.0
1,12,9,33.74429518111743,31.15751095181043,25.654969022081772,34.54462756420577,21.712516495602607,19.83450857444782,15.556673683928233,21.60391455267153
1,12,10,85.74910520433164,78.44687226345496,75.81429448159363,85.2757244991814,40.33661251056865,37.13609725539419,32.726803293184,40.296543520841446
1,12,11,186.0040413930764,178.3497776676575,177.94612140166208,164.11454150540925,159.83684694128672,155.33424212380487,150.08590659419355,139.68946198181033
1,12,12,107.22929764780147,119.5120320336183,98.66131417919485,100.5250316267121,124.02111120195923,136.62116006127292,114.23019752826384,110.59952043534571
1,12,13,69.02811622565103,75.10054980910776,61.51266600629803,68.96773009561518,62.67015537208344,69.00847344738624,55.00245098270077,62.08146620926541
1,12,14,61.82604902342104,57.094544821520174,52.953260673966334,62.3421637117662,45.744346322791664,42.32110471386375,37.9616079457056,45.74086788320706
1,12,15,40.465225974761104,37.34244929791169,31.38651380985643,41.38993321582333,62.14920806415773,57.66610736746374,51.50789819630598,60.946235288622084
1,12,16,7.558038439037054,6.742621082061719,4.34048504800819,7.710553052492266,341.75916943900444,408.08620445775614,641.9618145960031,310.49204708159965
1,12,17,-0.0,-0.0,-0.0,-0.0,18.47811987652542,17.961787119747296,185.60964657546447,16.791038855809596
1,12,18,0.0,0.0,0.0,0.0,0.0,0.0,0.0,0.0
1,12,19,0.0,0.0,0.0,0.0,0.0,0.0,0.0,0.0
1,12,20,0.0,0.0,0.0,0.0,0.0,0.0,0.0,0.0
1,12,21,0.0,0.0,0.0,0.0,0.0,0.0,0.0,0.0
1,12,22,0.0,0.0,0.0,0.0,0.0,0.0,0.0,0.0
1,12,23,0.0,0.0,0.0,0.0,0.0,0.0,0.0,0.0
1,13,0,0.0,0.0,0.0,0.0,0.0,0.0,0.0,0.0
1,13,1,0.0,0.0,0.0,0.0,0.0,0.0,0.0,0.0
1,13,2,0.0,0.0,0.0,0.0,0.0,0.0,0.0,0.0
1,13,3,0.0,0.0,0.0,0.0,0.0,0.0,0.0,0.0
1,13,4,0.0,0.0,0.0,0.0,0.0,0.0,0.0,0.0
1,13,5,0.0,0.0,0.0,0.0,0.0,0.0,0.0,0.0
1,13,6,0.0,0.0,0.0,0.0,0.0,0.0,0.0,0.0
1,13,7,0.0,0.0,0.0,0.0,0.0,0.0,0.0,0.0
1,13,8,8.682857755337178,7.822202896494433,5.527927237873095,8.886467741013146,103.52926147954572,118.85210226502257,238.7748250843298,131.93586951851802
1,13,9,47.00770044494614,43.761178162434405,37.58313220650112,48.41640009602237,21.090495030098378,19.258424906810276,15.10176552318369,20.986295744437662
1,13,10,74.74047409640852,68.61478464484456,64.91209387736048,74.98397489284729,96.33397964056262,87.7950964651579,85.5524597647514,93.16461321458382
1,13,11,67.23639578987391,70.40194480009522,59.532429903491476,67.46815736057286,89.92547472663408,92.73920113191792,80.357490376388,86.22611048942305
1,13,12,106.02895056445244,118.22856232264638,97.61927157834961,99.44252559675567,63.73915178084259,75.15357128504816,56.66613869227727,63.251997703331874
1,13,13,121.77651869590575,126.42337251989436,112.61431420848106,112.23781765396242,150.39598415395736,150.52311996733098,141.258369363247,125.8858013133445
1,13,14,108.08950597687493,98.17405250500013,98.27711257191174,102.82758642763369,138.7288578290432,123.68778316297015,130.3016874795461,121.98956613265659
1,13,15,42.45717773730786,39.22168896340215,33.29062664343605,43.31786333466371,57.05125011520198,52.85082316854277,46.397850721459044,56.29220937987613
1,13,16,13.475774750477697,12.302450656559266,8.887457447973205,13.713812907514216,24.234487517919117,22.1862170054378,15.974980026770037,24.17626949216151
1,13,17,-0.0,-0.0,-0.0,-0.0,20.62388151707158,20.520144066685788,217.17141017891745,18.483885721160558
1,13,18,0.0,0.0,0.0,0.0,0.0,0.0,0.0,0.0
1,13,19,0.0,0.0,0.0,0.0,0.0,0.0,0.0,0.0
1,13,20,0.0,0.0,0.0,0.0,0.0,0.0,0.0,0.0
1,13,21,0.0,0.0,0.0,0.0,0.0,0.0,0.0,0.0
1,13,22,0.0,0.0,0.0,0.0,0.0,0.0,0.0,0.0
1,13,23,0.0,0.0,0.0,0.0,0.0,0.0,0.0,0.0
1,14,0,0.0,0.0,0.0,0.0,0.0,0.0,0.0,0.0
1,14,1,0.0,0.0,0.0,0.0,0.0,0.0,0.0,0.0
1,14,2,0.0,0.0,0.0,0.0,0.0,0.0,0.0,0.0
1,14,3,0.0,0.0,0.0,0.0,0.0,0.0,0.0,0.0
1,14,4,0.0,0.0,0.0,0.0,0.0,0.0,0.0,0.0
1,14,5,0.0,0.0,0.0,0.0,0.0,0.0,0.0,0.0
1,14,6,0.0,0.0,0.0,0.0,0.0,0.0,0.0,0.0
1,14,7,0.0,0.0,0.0,0.0,0.0,0.0,0.0,0.0
1,14,8,26.295802863996194,25.894803217826283,22.836418607866975,29.566601085079828,-0.0,-0.0,-0.0,-0.0
1,14,9,67.31141208238616,63.596060955439796,58.973682821792934,70.17700595053479,22.543393522671003,20.60864386201788,16.238648137449708,22.449451964480655
1,14,10,113.82283459708654,103.59206150908834,104.44634606085016,111.44361403289359,129.76250129867714,117.21313106429238,121.38226158471431,122.34807836652027
1,14,11,196.97519338820433,188.03403343335108,189.49164057069655,172.55003274209528,94.37182881595047,96.93568316990667,84.76844439721054,90.10273043313325
1,14,12,239.26596893147288,237.86998095165248,232.54392270085802,185.6295233752454,156.85061758879425,167.26963003758956,147.12806408220325,133.30990923162312
1,14,13,338.04954380178447,283.8270784449191,350.3905662297059,207.8378124600458,337.56459633228235,285.1216568819782,348.26986108633855,204.37446167489517
1,14,14,604.9603088061499,482.7952492219586,717.5813953328918,330.59704892589366,695.1796586291937,546.4757454093545,833.3333333333334,338.0371188912523
1,14,15,498.47894591099964,496.8635564934279,699.6764333234252,385.3323548180714,567.0442930751534,565.8194452988059,800.4235222577804,425.3206641814306
1,14,16,280.4357680142573,343.9649380142988,527.778189434343,266.19199867183846,369.0909716340307,451.91172683787664,689.8702220117658,348.81081178975364
1,14,17,3.0466125942715974,2.986508397422064,47.05219475388509,2.479185805263903,22.257735827898045,22.88757643998656,268.5557795115395,19.46961786643734
1,14,18,0.0,0.0,0.0,0.0,0.0,0.0,0.0,0.0
1,14,19,0.0,0.0,0.0,0.0,0.0,0.0,0.0,0.0
1,14,20,0.0,0.0,0.0,0.0,0.0,0.0,0.0,0.0
1,14,21,0.0,0.0,0.0,0.0,0.0,0.0,0.0,0.0
1,14,22,0.0,0.0,0.0,0.0,0.0,0.0,0.0,0.0
1,14,23,0.0,0.0,0.0,0.0,0.0,0.0,0.0,0.0
1,15,0,0.0,0.0,0.0,0.0,0.0,0.0,0.0,0.0
1,15,1,0.0,0.0,0.0,0.0,0.0,0.0,0.0,0.0
1,15,2,0.0,0.0,0.0,0.0,0.0,0.0,0.0,0.0
1,15,3,0.0,0.0,0.0,0.0,0.0,0.0,0.0,0.0
1,15,4,0.0,0.0,0.0,0.0,0.0,0.0,0.0,0.0
1,15,5,0.0,0.0,0.0,0.0,0.0,0.0,0.0,0.0
1,15,6,0.0,0.0,0.0,0.0,0.0,0.0,0.0,0.0
1,15,7,0.0,0.0,0.0,0.0,0.0,0.0,0.0,0.0
1,15,8,168.57711260832963,193.47683612075866,353.6618771855097,215.3091767545072,103.05307087265717,120.16956002005779,237.7044496150012,132.83857947642932
1,15,9,417.7569063950598,448.4457010512347,621.763435961186,467.17511109980916,412.1840972916079,446.67281124860153,633.2429660298674,457.5924311498403
1,15,10,578.6778526492384,493.8171628740747,712.8734318878569,442.5183384976261,617.4365017680653,520.5913010393884,774.7974383003688,443.92235566174116
1,15,11,608.4096959917556,436.21172784619785,678.3923638810079,299.114563176918,505.25915959684636,363.5110543163411,561.6445708444357,243.9452417786906
1,15,12,519.4140501569843,361.93482200019236,554.1014919520051,176.52359749648934,553.0264386845628,369.06426712216444,592.5835011562717,152.10484913228694
1,15,13,697.6910364572858,464.947454423241,769.485590181285,214.25422223791,588.1160953917018,400.7679266018526,644.3699826838427,187.17148304230284
1,15,14,591.5622569181811,471.5533231949801,704.4931403428791,318.8196249021003,686.8154339611708,537.3471924682633,825.2974740084288,319.83560875132525
1,15,15,421.37450073360765,418.27959519756604,579.2706554743851,333.3539303353381,553.851833099217,552.4244489891281,784.0309392506146,404.998200108975
1,15,16,240.44923637759769,295.5330920708241,440.87042385688113,231.9712396510213,353.39010466947263,436.67958139705485,657.090293580303,335.05121921993265
1,15,17,6.321741202441692,6.154324997410771,52.912935498338506,5.540464448655669,23.816539058460794,24.38535398925887,235.8216357670223,20.72702017765063
1,15,18,0.0,0.0,0.0,0.0,0.0,0.0,0.0,0.0
1,15,19,0.0,0.0,0.0,0.0,0.0,0.0,0.0,0.0
1,15,20,0.0,0.0,0.0,0.0,0.0,0.0,0.0,0.0
1,15,21,0.0,0.0,0.0,0.0,0.0,0.0,0.0,0.0
1,15,22,0.0,0.0,0.0,0.0,0.0,0.0,0.0,0.0
1,15,23,0.0,0.0,0.0,0.0,0.0,0.0,0.0,0.0
1,16,0,0.0,0.0,0.0,0.0,0.0,0.0,0.0,0.0
1,16,1,0.0,0.0,0.0,0.0,0.0,0.0,0.0,0.0
1,16,2,0.0,0.0,0.0,0.0,0.0,0.0,0.0,0.0
1,16,3,0.0,0.0,0.0,0.0,0.0,0.0,0.0,0.0
1,16,4,0.0,0.0,0.0,0.0,0.0,0.0,0.0,0.0
1,16,5,0.0,0.0,0.0,0.0,0.0,0.0,0.0,0.0
1,16,6,0.0,0.0,0.0,0.0,0.0,0.0,0.0,0.0
1,16,7,0.0,0.0,0.0,0.0,0.0,0.0,0.0,0.0
1,16,8,50.492169822717194,54.9300119918128,63.96432419353796,63.76330551926728,7.583865337425101,6.69861038864693,3.6025491948755817,7.093560499196952
1,16,9,40.12879840954781,37.13114955833159,30.892020293135484,41.15411513284802,26.110929056267242,23.93384547122101,18.94670692433547,25.03212083209127
1,16,10,74.23502420473464,68.19087433248376,64.69576403345368,74.5135743968503,102.54729226786436,92.6943250550539,93.05887826394388,93.82204687525197
1,16,11,78.96351321300185,81.7621303210718,70.8655759170004,78.29068105874029,1.6841979518646069,2.0335278069826628,0.9058059891958852,1.453887422341224
1,16,12,80.0695935916762,91.87573544505324,72.93044847100845,78.54825043431687,46.55395269017138,55.72793805759943,40.801325587769135,44.84318066165165
1,16,13,65.77750471956436,72.29031513936913,58.80436297055574,66.28467310800863,89.73452812630984,96.7709621635633,80.13386093243464,81.68185894504533
1,16,14,41.06922536859754,38.42353401509739,34.6545834996119,42.06608228255882,42.318197551245454,39.432499753766685,34.78400852814064,40.69604504741249
1,16,15,30.23584587556635,27.809985274953828,23.38121829696456,30.89886106215304,20.01968269820586,18.19781285937628,14.513811105049587,19.073379429927723
1,16,16,9.336348790799088,8.39440678437597,5.682828925780644,9.527177363881083,352.93541033943916,439.958437198477,651.8202119464482,337.8871850113426
1,16,17,-0.0,-0.0,-0.0,-0.0,1.5289600676092499,1.1348090619866558,-0.0,1.2131552499316098
1,16,18,0.0,0.0,0.0,0.0,0.0,0.0,0.0,0.0
1,16,19,0.0,0.0,0.0,0.0,0.0,0.0,0.0,0.0
1,16,20,0.0,0.0,0.0,0.0,0.0,0.0,0.0,0.0
1,16,21,0.0,0.0,0.0,0.0,0.0,0.0,0.0,0.0
1,16,22,0.0,0.0,0.0,0.0,0.0,0.0,0.0,0.0
1,16,23,0.0,0.0,0.0,0.0,0.0,0.0,0.0,0.0
1,17,0,0.0,0.0,0.0,0.0,0.0,0.0,0.0,0.0
1,17,1,0.0,0.0,0.0,0.0,0.0,0.0,0.0,0.0
1,17,2,0.0,0.0,0.0,0.0,0.0,0.0,0.0,0.0
1,17,3,0.0,0.0,0.0,0.0,0.0,0.0,0.0,0.0
1,17,4,0.0,0.0,0.0,0.0,0.0,0.0,0.0,0.0
1,17,5,0.0,0.0,0.0,0.0,0.0,0.0,0.0,0.0
1,17,6,0.0,0.0,0.0,0.0,0.0,0.0,0.0,0.0
1,17,7,0.0,0.0,0.0,0.0,0.0,0.0,0.0,0.0
1,17,8,15.73480103422258,14.365903224508264,10.162264361810825,16.105824664876263,116.73039698370773,137.12143354666063,271.6241990495086,149.55579925955712
1,17,9,81.44933287014628,77.66575473465328,74.68042076766739,85.65067733954017,425.0704901093176,464.3205457593017,654.2474922882518,474.7517540100173
1,17,10,122.77137972894948,111.77097730530285,113.95382612403125,119.90974174942123,98.39931760684459,89.59345257958275,86.9638798545578,92.56995024581688
1,17,11,135.15910906339582,134.27571131119439,126.11972702539398,126.07732845636909,127.74672942032889,127.70834790190239,116.95502449305604,113.65749052805548
1,17,12,131.71180516035005,143.52122108844395,123.25747094088986,119.33825884838613,127.46861631674307,140.39288862342687,117.41223519079038,110.12041694867338
1,17,13,124.29306569646731,129.49151508288108,115.5424923037264,114.51527899174522,125.9985454279352,131.6402632130893,115.55356930130272,109.58938903823213
1,17,14,138.5624184413275,125.72789761257626,129.85722969865864,127.95919836629403,99.00433028410947,90.78632425354809,87.79303791884055,90.5033809917291
1,17,15,92.33533858817138,86.50191263791494,84.08275850549126,90.77514931383152,132.1188817640693,124.32602692455245,127.98318368334839,120.65546036520986
1,17,16,21.270656810008784,19.581822654356262,14.725355269066387,21.700668538311344,378.537917425737,476.6909114593729,694.542856418264,370.792695547028
1,17,17,-0.0,-0.0,-0.0,-0.0,30.651547941364466,32.41896661286581,291.978008097777,26.084039677133433
1,17,18,0.0,0.0,0.0,0.0,0.0,0.0,0.0,0.0
1,17,19,0.0,0.0,0.0,0.0,0.0,0.0,0.0,0.0
1,17,20,0.0,0.0,0.0,0.0,0.0,0.0,0.0,0.0
1,17,21,0.0,0.0,0.0,0.0,0.0,0.0,0.0,0.0
1,17,22,0.0,0.0,0.0,0.0,0.0,0.0,0.0,0.0
1,17,23,0.0,0.0,0.0,0.0,0.0,0.0,0.0,0.0
1,18,0,0.0,0.0,0.0,0.0,0.0,0.0,0.0,0.0
1,18,1,0.0,0.0,0.0,0.0,0.0,0.0,0.0,0.0
1,18,2,0.0,0.0,0.0,0.0,0.0,0.0,0.0,0.0
1,18,3,0.0,0.0,0.0,0.0,0.0,0.0,0.0,0.0
1,18,4,0.0,0.0,0.0,0.0,0.0,0.0,0.0,0.0
1,18,5,0.0,0.0,0.0,0.0,0.0,0.0,0.0,0.0
1,18,6,0.0,0.0,0.0,0.0,0.0,0.0,0.0,0.0
1,18,7,0.0,0.0,0.0,0.0,0.0,0.0,0.0,0.0
1,18,8,11.005056181067111,9.956246919106853,6.720675156985758,11.260094430084203,2.980718191991964,2.444390563853318,0.5809543136743247,2.6700220762618545
1,18,9,44.42216329011928,41.26384349507996,35.050246732250805,45.70336966359424,402.2644882176209,441.0413655605869,622.7643952766994,451.26504680541524
1,18,10,56.369334447588486,52.00556672166734,47.67993097264217,57.36714361851097,48.45070395551006,44.475007365218694,39.43436421644146,46.4108699669796
1,18,11,127.96754521150812,127.53134941326341,119.21903257730169,119.89109315244232,3.0292376897997486,3.4596739590075005,2.0881661390682575,2.745606914599315
1,18,12,174.4507454829359,182.74555163476924,166.42335883831782,148.2051683675836,4.2763052243697235,5.822324159397355,3.3377944784739886,3.9484119385418524
1,18,13,218.87849784394703,194.91151069552785,221.2720631054457,150.805740894282,42.62930342962063,47.99302727181985,37.00877799113395,41.003942161281245
1,18,14,316.89508614405804,261.8617060062153,356.8022737132159,205.67371461902817,6.0836518538062005,5.479001365820714,4.442584233881,5.6731619499109724
1,18,15,181.321859737212,174.63958822909999,208.01091455168793,162.82369036452968,427.6942039718769,423.946642480543,579.1176825462343,326.0617590758319
1,18,16,56.15311456606781,60.65206843816305,68.3274252955882,57.07461803508511,108.80981606564406,119.13149740501952,133.7388119900666,107.34576570317252
1,18,17,-0.0,-0.0,-0.0,-0.0,4.744287372219311,4.11968045303495,1.0103269700151922,4.246681900614694
1,18,18,0.0,0.0,0.0,0.0,0.0,0.0,0.0,0.0
1,18,19,0.0,0.0,0.0,0.0,0.0,0.0,0.0,0.0
1,18,20,0.0,0.0,0.0,0.0,0.0,0.0,0.0,0.0
1,18,21,0.0,0.0,0.0,0.0,0.0,0.0,0.0,0.0
1,18,22,0.0,0.0,0.0,0.0,0.0,0.0,0.0,0.0
1,18,23,0.0,0.0,0.0,0.0,0.0,0.0,0.0,0.0
1,19,0,0.0,0.0,0.0,0.0,0.0,0.0,0.0,0.0
1,19,1,0.0,0.0,0.0,0.0,0.0,0.0,0.0,0.0
1,19,2,0.0,0.0,0.0,0.0,0.0,0.0,0.0,0.0
1,19,3,0.0,0.0,0.0,0.0,0.0,0.0,0.0,0.0
1,19,4,0.0,0.0,0.0,0.0,0.0,0.0,0.0,0.0
1,19,5,0.0,0.0,0.0,0.0,0.0,0.0,0.0,0.0
1,19,6,0.0,0.0,0.0,0.0,0.0,0.0,0.0,0.0
1,19,7,0.0,0.0,0.0,0.0,0.0,0.0,0.0,0.0
1,19,8,14.455342828307531,13.188557129566716,9.338578137571881,14.794932622511023,131.9352463290161,157.80928111813725,307.46129746306485,171.44641835355011
1,19,9,63.49131909935855,59.80145725847342,54.12326851139151,66.0196210064877,30.544332027438102,27.946452550335405,21.9303387515933,29.22416988906298
1,19,10,199.28940405762876,179.45448016431092,198.96029368635462,187.05410637165704,141.62597908630593,127.90943913556913,132.00407582885967,128.76088178734045
1,19,11,303.6239054399581,259.0008819820098,315.26332428376674,218.7495970971284,142.29284543680546,141.7394714977051,130.85916097486086,124.54167223197108
1,19,12,392.00661613427786,328.00713362363354,403.44974103379303,216.23290933868998,333.5514629890793,291.55521206246385,336.634742712328,186.35335252809975
1,19,13,318.62544049393,276.2710639866442,327.21476788211265,207.20336320171836,418.19176461672,345.33281305167293,432.59609120375364,220.03631357435907
1,19,14,364.1412482034981,303.13383209637095,407.70479194177585,241.65615223189891,376.55833525029243,316.67846697099907,407.82209484379206,250.4477021983891
1,19,15,448.99507197175024,445.97692960113085,605.4156111772273,359.3981888441593,636.3908119328531,637.0365690561506,833.3333333333334,454.49649307039925
1,19,16,226.39972646650472,282.810024273846,392.4110236103556,228.32272981425754,424.7252150496007,551.6439407050099,795.5760888944785,414.5908703777698
1,19,17,7.937535347839993,7.791245490148451,40.01986708034564,6.968487589021135,40.85406993087173,44.01664132442702,352.43111971423224,34.13075695109451
1,19,18,0.0,0.0,0.0,0.0,0.0,0.0,0.0,0.0
1,19,19,0.0,0.0,0.0,0.0,0.0,0.0,0.0,0.0
1,19,20,0.0,0.0,0.0,0.0,0.0,0.0,0.0,0.0
1,19,21,0.0,0.0,0.0,0.0,0.0,0.0,0.0,0.0
1,19,22,0.0,0.0,0.0,0.0,0.0,0.0,0.0,0.0
1,19,23,0.0,0.0,0.0,0.0,0.0,0.0,0.0,0.0
1,20,0,0.0,0.0,0.0,0.0,0.0,0.0,0.0,0.0
1,20,1,0.0,0.0,0.0,0.0,0.0,0.0,0.0,0.0
1,20,2,0.0,0.0,0.0,0.0,0.0,0.0,0.0,0.0
1,20,3,0.0,0.0,0.0,0.0,0.0,0.0,0.0,0.0
1,20,4,0.0,0.0,0.0,0.0,0.0,0.0,0.0,0.0
1,20,5,0.0,0.0,0.0,0.0,0.0,0.0,0.0,0.0
1,20,6,0.0,0.0,0.0,0.0,0.0,0.0,0.0,0.0
1,20,7,0.0,0.0,0.0,0.0,0.0,0.0,0.0,0.0
1,20,8,251.59905295558403,294.00754866054484,547.8654412081124,314.4431489858713,159.15375934550104,188.63289063513812,371.6747940903785,200.4155075685907
1,20,9,372.67387557619503,400.25742155990935,532.0045505616022,420.1154659229723,185.40469256419027,194.19874320249085,244.23644051728684,202.55571440494455
1,20,10,396.9564408963707,348.0228545880479,462.16757187787664,331.9977650088172,281.64546835168613,246.5893730759175,320.55806834326836,229.72384949585694
1,20,11,649.3222971460921,473.98358870274353,721.0695344598377,326.1689229893888,266.84636588593406,226.93975792935925,273.6082536459704,177.10815712571375
1,20,12,571.4862154517111,409.0004921601081,606.2149432851314,205.90132934727134,524.8860325409194,368.10405756086465,555.0428029286696,158.31391818909992
1,20,13,675.3597700184035,459.2552367371504,739.8716544908201,217.8552980750147,538.1355381479747,389.5806002923286,577.9317842363579,197.20548084702605
1,20,14,677.434993835249,538.1003357118225,804.6149270367196,339.28465835641504,736.0578552427128,577.3366211457906,833.3333333333334,330.0933385914859
1,20,15,546.39624031211,547.9579008529805,760.7585050704957,415.4919074722614,597.0573781477968,598.3363552692092,833.3333333333334,429.67795303457166
1,20,16,340.9466207159111,445.964258507719,632.2489654175185,346.80895725265793,395.5994350655565,516.5424348004614,726.9977763132687,397.4281635401493
1,20,17,3.2433292996925482,3.1625537852785675,21.184266770987087,2.64119744817881,41.3358622563675,44.35086555863627,315.6312388188411,34.635483552811976
1,20,18,0.0,0.0,0.0,0.0,0.0,0.0,0.0,0.0
1,20,19,0.0,0.0,0.0,0.0,0.0,0.0,0.0,0.0
1,20,20,0.0,0.0,0.0,0.0,0.0,0.0,0.0,0.0
1,20,21,0.0,0.0,0.0,0.0,0.0,0.0,0.0,0.0
1,20,22,0.0,0.0,0.0,0.0,0.0,0.0,0.0,0.0
1,20,23,0.0,0.0,0.0,0.0,0.0,0.0,0.0,0.0
1,21,0,0.0,0.0,0.0,0.0,0.0,0.0,0.0,0.0
1,21,1,0.0,0.0,0.0,0.0,0.0,0.0,0.0,0.0
1,21,2,0.0,0.0,0.0,0.0,0.0,0.0,0.0,0.0
1,21,3,0.0,0.0,0.0,0.0,0.0,0.0,0.0,0.0
1,21,4,0.0,0.0,0.0,0.0,0.0,0.0,0.0,0.0
1,21,5,0.0,0.0,0.0,0.0,0.0,0.0,0.0,0.0
1,21,6,0.0,0.0,0.0,0.0,0.0,0.0,0.0,0.0
1,21,7,0.0,0.0,0.0,0.0,0.0,0.0,0.0,0.0
1,21,8,178.26606173698212,214.3356552296341,378.5612532521556,235.92899299176375,9.262401384202358,8.25102237072684,4.769867670057802,8.704006742699168
1,21,9,431.41964358486473,470.23665102096527,634.4438509541552,489.01614498871123,207.13529242447748,219.14791213096527,279.50110229973194,227.1954460126796
1,21,10,601.935041758828,524.7700465112899,735.1346610145731,473.3044478687491,653.0279526003615,559.984544447519,822.4388329063291,472.24416659470097
1,21,11,542.2941188040572,408.5636485810268,595.6085908538346,294.3593236561722,776.60933649564,532.7246016202506,833.3333333333334,300.8757203983929
1,21,12,520.1570246450295,376.61487437954094,550.9327967512982,196.06711995840547,590.9660089657395,395.82983945313606,630.8770560995096,153.9219341497841
1,21,13,520.7077783260207,400.2808190662486,553.8519048297825,245.41292660907908,399.33442366045,315.90874812905264,418.6186629780641,188.98089375392166
1,21,14,673.7847260047079,539.1962293311756,795.0841729927648,349.8949644587238,488.62322164999097,394.843485365127,562.3547748740978,264.63908229090237
1,21,15,538.1144764367116,540.0773061277745,745.2837404413958,411.83624610642073,590.6458425167664,592.4586060314265,831.5375146318506,419.9927038286693
1,21,16,296.9965199414507,391.62668523524957,548.3054282662291,306.5690162196699,394.3920344009653,524.8400222112277,738.8625909967932,393.3858093885837
1,21,17,8.569521433130754,8.45850079625694,37.930333972411525,7.49658189168671,26.171717970776182,24.09763336792611,16.781748469828813,24.401197156203658
1,21,18,0.0,0.0,0.0,0.0,0.0,0.0,0.0,0.0
1,21,19,0.0,0.0,0.0,0.0,0.0,0.0,0.0,0.0
1,21,20,0.0,0.0,0.0,0.0,0.0,0.0,0.0,0.0
1,21,21,0.0,0.0,0.0,0.0,0.0,0.0,0.0,0.0
1,21,22,0.0,0.0,0.0,0.0,0.0,0.0,0.0,0.0
1,21,23,0.0,0.0,0.0,0.0,0.0,0.0,0.0,0.0
1,22,0,0.0,0.0,0.0,0.0,0.0,0.0,0.0,0.0
1,22,1,0.0,0.0,0.0,0.0,0.0,0.0,0.0,0.0
1,22,2,0.0,0.0,0.0,0.0,0.0,0.0,0.0,0.0
1,22,3,0.0,0.0,0.0,0.0,0.0,0.0,0.0,0.0
1,22,4,0.0,0.0,0.0,0.0,0.0,0.0,0.0,0.0
1,22,5,0.0,0.0,0.0,0.0,0.0,0.0,0.0,0.0
1,22,6,0.0,0.0,0.0,0.0,0.0,0.0,0.0,0.0
1,22,7,0.0,0.0,0.0,0.0,0.0,0.0,0.0,0.0
1,22,8,10.44559540061622,9.445068985938635,6.3782722896433794,10.700890061690892,5.383741337322939,4.668242627438144,2.2379282023392557,5.043243643983212
1,22,9,6.593249325691321,5.828495124259734,4.24101746830345,6.748350423216104,22.212255585274228,20.240216529540145,15.813451901661322,21.37224118892974
1,22,10,8.104426044651307,7.230020639061357,6.265894763010078,8.274453316043816,-0.0,-0.0,-0.0,-0.0
1,22,11,19.980446147378874,21.188107876549886,17.471928210107777,20.151333883275417,3.098972991167769,3.5312083128778173,2.2121328924951276,2.8646654216651353
1,22,12,31.125460229105155,36.8237970984132,28.112302399235837,31.223951478009248,8.534422726995759,10.842598944412588,7.234871019327225,8.136484439505448
1,22,13,26.800796369373636,30.16683425659276,23.837640494670293,27.22245462901914,100.6414136218785,107.7602150343595,91.76967109801544,89.98971052493194
1,22,14,21.758308572604736,20.486887936058697,18.412601687388328,22.092380400123847,4.497075179862623,4.06877355156697,3.207832328609414,4.211613072454327
1,22,15,19.84295839574859,18.174530891404192,15.540784942515474,20.11681360435934,0.5076647256332502,0.16603378660511134,-0.0,0.34603603549454
1,22,16,4.735212047805226,4.254550254971686,2.788246822018163,4.835415770723959,2.5284150167372816,2.030786423281053,0.572671854631382,2.2848583380187146
1,22,17,-0.0,-0.0,-0.0,-0.0,9.306280454455983,8.358338088702657,3.736278736732979,8.580051503472895
1,22,18,0.0,0.0,0.0,0.0,0.0,0.0,0.0,0.0
1,22,19,0.0,0.0,0.0,0.0,0.0,0.0,0.0,0.0
1,22,20,0.0,0.0,0.0,0.0,0.0,0.0,0.0,0.0
1,22,21,0.0,0.0,0.0,0.0,0.0,0.0,0.0,0.0
1,22,22,0.0,0.0,0.0,0.0,0.0,0.0,0.0,0.0
1,22,23,0.0,0.0,0.0,0.0,0.0,0.0,0.0,0.0
1,23,0,0.0,0.0,0.0,0.0,0.0,0.0,0.0,0.0
1,23,1,0.0,0.0,0.0,0.0,0.0,0.0,0.0,0.0
1,23,2,0.0,0.0,0.0,0.0,0.0,0.0,0.0,0.0
1,23,3,0.0,0.0,0.0,0.0,0.0,0.0,0.0,0.0
1,23,4,0.0,0.0,0.0,0.0,0.0,0.0,0.0,0.0
1,23,5,0.0,0.0,0.0,0.0,0.0,0.0,0.0,0.0
1,23,6,0.0,0.0,0.0,0.0,0.0,0.0,0.0,0.0
1,23,7,0.0,0.0,0.0,0.0,0.0,0.0,0.0,0.0
1,23,8,261.4755543381147,315.2844515162524,586.1226117505535,331.88652099270234,185.93880501036213,224.80074887097308,433.0495372517598,235.12432112390144
1,23,9,526.8614828477658,586.3458225461012,799.7707594752244,599.1877817797821,498.60142582863796,557.7015352702914,769.9288378145926,564.3831907394177
1,23,10,685.9018368802996,598.7775069428197,833.3333333333334,522.0573959593845,700.3613109226059,605.8382665515744,833.3333333333334,508.5812855034118
1,23,11,771.254624278259,547.7929774196701,833.3333333333334,339.28890445838107,819.6392802661212,569.3780999143763,833.3333333333334,319.5503263037959
1,23,12,827.6786826583927,526.1674803296968,833.3333333333334,143.67224305656893,833.3333333333334,540.8753732345533,833.3333333333334,115.56070955306828
1,23,13,804.1740922082425,537.1651143825795,833.3333333333334,210.19092029657443,833.3333333333334,559.3917069958702,833.3333333333334,189.09219254069012
1,23,14,725.5654105089737,578.5630877173676,833.3333333333334,356.34222506048604,771.38611283519,609.0988384238825,833.3333333333334,347.65743541585624
1,23,15,584.5364596209805,588.5295335387088,807.0405507100363,442.852841551173,632.0854390156043,635.8732248559872,833.3333333333334,458.4111926980351
1,23,16,373.7292524692831,501.34014969288677,689.6639896665196,394.1643694031946,425.67812255765085,568.0567176436836,773.015809881975,447.2769652781332
1,23,17,21.599534153027836,23.78624828461246,159.6151787470015,17.47454975468957,55.862312378073014,60.75957936524463,359.7290718625691,46.2388917078999
1,23,18,0.0,0.0,0.0,0.0,0.0,0.0,0.0,0.0
1,23,19,0.0,0.0,0.0,0.0,0.0,0.0,0.0,0.0
1,23,20,0.0,0.0,0.0,0.0,0.0,0.0,0.0,0.0
1,23,21,0.0,0.0,0.0,0.0,0.0,0.0,0.0,0.0
1,23,22,0.0,0.0,0.0,0.0,0.0,0.0,0.0,0.0
1,23,23,0.0,0.0,0.0,0.0,0.0,0.0,0.0,0.0
1,24,0,0.0,0.0,0.0,0.0,0.0,0.0,0.0,0.0
1,24,1,0.0,0.0,0.0,0.0,0.0,0.0,0.0,0.0
1,24,2,0.0,0.0,0.0,0.0,0.0,0.0,0.0,0.0
1,24,3,0.0,0.0,0.0,0.0,0.0,0.0,0.0,0.0
1,24,4,0.0,0.0,0.0,0.0,0.0,0.0,0.0,0.0
1,24,5,0.0,0.0,0.0,0.0,0.0,0.0,0.0,0.0
1,24,6,0.0,0.0,0.0,0.0,0.0,0.0,0.0,0.0
1,24,7,0.0,0.0,0.0,0.0,0.0,0.0,0.0,0.0
1,24,8,45.69023299347279,49.060116616410745,49.32455275105378,57.021281558173136,6.505528599973091,5.713045848458696,3.065942702880568,6.202409071703623
1,24,9,97.80003844972276,94.34214547953985,92.96987326845777,103.78603580553593,71.70227675198322,67.9871100241661,62.32791457759762,72.07953287689676
1,24,10,280.78607482199334,251.38533990760953,306.857344308359,253.5432583011422,127.50189905368535,116.06631878131635,117.8201580101332,119.15472408880869
1,24,11,539.6025024274714,427.1014031756492,582.5986095069954,324.8197255394834,385.15534065405734,309.6480024236253,410.6499142726748,231.3783734621136
1,24,12,574.1733870347891,438.5604129713719,601.5805479248875,241.032605164093,468.04369142594015,357.4418187202071,487.256225191426,183.99124403336327
1,24,13,240.24182326316748,233.15989903093384,235.23988948910076,190.82387470487228,359.60989150137397,302.17756413784883,369.8209032147822,196.35995091055656
1,24,14,109.33495810627922,102.16048253043502,100.17839882651646,105.05309692208094,91.59918485265415,85.76715327909281,81.58758286269195,85.0161512364783
1,24,15,89.7320447867654,84.01499183371044,80.66318909723067,88.8133422137009,130.74571004374877,123.34883359691247,126.45815327120387,119.3407348626896
1,24,16,22.112143031060835,20.281556283095675,15.339346813374966,22.585274943468704,21.437223756912918,19.54023292076152,14.128641210623266,20.799406563323924
1,24,17,12.9392123503806,18.36768390828112,21.79366479393651,10.14860000412216,42.33904882152516,75.55296054468363,106.9910008572416,25.25521619147289
1,24,18,0.0,0.0,0.0,0.0,0.0,0.0,0.0,0.0
1,24,19,0.0,0.0,0.0,0.0,0.0,0.0,0.0,0.0
1,24,20,0.0,0.0,0.0,0.0,0.0,0.0,0.0,0.0
1,24,21,0.0,0.0,0.0,0.0,0.0,0.0,0.0,0.0
1,24,22,0.0,0.0,0.0,0.0,0.0,0.0,0.0,0.0
1,24,23,0.0,0.0,0.0,0.0,0.0,0.0,0.0,0.0
1,25,0,0.0,0.0,0.0,0.0,0.0,0.0,0.0,0.0
1,25,1,0.0,0.0,0.0,0.0,0.0,0.0,0.0,0.0
1,25,2,0.0,0.0,0.0,0.0,0.0,0.0,0.0,0.0
1,25,3,0.0,0.0,0.0,0.0,0.0,0.0,0.0,0.0
1,25,4,0.0,0.0,0.0,0.0,0.0,0.0,0.0,0.0
1,25,5,0.0,0.0,0.0,0.0,0.0,0.0,0.0,0.0
1,25,6,0.0,0.0,0.0,0.0,0.0,0.0,0.0,0.0
1,25,7,0.0,0.0,0.0,0.0,0.0,0.0,0.0,0.0
1,25,8,19.75067040535171,18.27763794097472,14.010378440691808,20.33684051475586,3.9668296877407423,3.3651487204257,1.3647728053431811,3.7291767923100605
1,25,9,70.34346787435314,66.7147514390245,61.58807841179185,73.47594652032402,59.75504231874173,56.34181214045767,50.307399854199645,59.60014403941872
1,25,10,129.16898509405186,118.27417628319061,120.66008189141141,126.70048006615067,87.21088155283084,79.80679243089459,77.41470484044315,82.81089529760526
1,25,11,540.2787628640694,411.25796775941603,592.4721606426283,294.9184528134722,215.30754077326964,204.08149689010068,208.46813574857876,174.60355116413174
1,25,12,634.8995190010961,428.0355194166595,678.0254420000966,176.20207967515688,487.84745511046617,385.436375790524,506.1834853035675,213.12037892654052
1,25,13,321.122934025134,274.21492001710345,330.62223561584375,194.7585969994696,822.1739065144511,545.2240185166294,833.3333333333334,196.65971111768425
1,25,14,709.4778847293474,570.2467359100314,833.0687427237596,361.9523895998572,346.3693865999415,297.42896509370354,370.60361587906897,242.10578822550457
1,25,15,563.5726216917951,568.617550344225,774.6790759354232,430.98901789026775,626.3889831648455,631.8833226805178,833.3333333333334,454.45117830194175
1,25,16,357.2572161669555,477.63152469904924,650.9919171060266,387.0155690624903,422.3556933731998,564.8078560347524,766.0058916447596,452.0076932378499
1,25,17,32.49484882584499,45.78090875985572,181.98230304473134,25.004181688197555,64.83561861635037,70.60531946585576,361.86963843003605,55.6142117074336
1,25,18,0.0,0.0,0.0,0.0,0.0,0.0,0.0,0.0
1,25,19,0.0,0.0,0.0,0.0,0.0,0.0,0.0,0.0
1,25,20,0.0,0.0,0.0,0.0,0.0,0.0,0.0,0.0
1,25,21,0.0,0.0,0.0,0.0,0.0,0.0,0.0,0.0
1,25,22,0.0,0.0,0.0,0.0,0.0,0.0,0.0,0.0
1,25,23,0.0,0.0,0.0,0.0,0.0,0.0,0.0,0.0
1,26,0,0.0,0.0,0.0,0.0,0.0,0.0,0.0,0.0
1,26,1,0.0,0.0,0.0,0.0,0.0,0.0,0.0,0.0
1,26,2,0.0,0.0,0.0,0.0,0.0,0.0,0.0,0.0
1,26,3,0.0,0.0,0.0,0.0,0.0,0.0,0.0,0.0
1,26,4,0.0,0.0,0.0,0.0,0.0,0.0,0.0,0.0
1,26,5,0.0,0.0,0.0,0.0,0.0,0.0,0.0,0.0
1,26,6,0.0,0.0,0.0,0.0,0.0,0.0,0.0,0.0
1,26,7,0.0,0.0,0.0,0.0,0.0,0.0,0.0,0.0
1,26,8,253.80427534429512,319.2895886429141,564.1148052853389,338.7664078031453,163.1440976368415,208.2982526010855,381.9180664462252,220.85742617535053
1,26,9,479.40313574761757,537.946486268006,725.045223473069,550.8152903613684,463.38480404072266,523.2767899278551,714.2985558391806,530.1759097633629
1,26,10,621.2756889478851,547.9472289303935,770.1339330244123,480.8237709498823,650.2392096297713,569.8416433035261,810.28615755132,482.9821007059985
1,26,11,728.8691960639225,529.1900886874564,810.5388677505578,341.3877095429421,770.3651481036496,544.6212666486515,833.3333333333334,315.33901209678135
1,26,12,753.7522235110301,495.64249425279286,804.8295221667494,170.70841335730597,515.9782398863048,395.36177326338316,537.0878688555977,200.84017370677543
1,26,13,636.545437136973,451.1424283278787,688.3810208926986,223.80575587726696,807.4205106207905,538.0066013007752,833.3333333333334,189.78566822674532
1,26,14,359.93266364011913,305.47506409954264,397.5624645472769,247.48039180092834,558.3460302950226,453.634303934472,646.0990993473841,298.66776409533867
1,26,15,488.36991068602083,492.168092393185,665.1011700966551,381.6036270803948,349.76581666685735,344.4216927009311,435.02680934699447,286.0484162869821
1,26,16,275.5334742068494,365.13548690220927,495.4722920149345,303.01270917301713,414.06039817898704,552.6485122802845,743.0020245659249,452.8343961451901
1,26,17,8.07389212749837,9.795780476671036,12.43556104290745,7.113288928670962,69.4251070079945,131.04427132802036,192.06469903046252,41.092598055244785
1,26,18,0.0,0.0,0.0,0.0,0.0,0.0,0.0,0.0
1,26,19,0.0,0.0,0.0,0.0,0.0,0.0,0.0,0.0
1,26,20,0.0,0.0,0.0,0.0,0.0,0.0,0.0,0.0
1,26,21,0.0,0.0,0.0,0.0,0.0,0.0,0.0,0.0
1,26,22,0.0,0.0,0.0,0.0,0.0,0.0,0.0,0.0
1,26,23,0.0,0.0,0.0,0.0,0.0,0.0,0.0,0.0
1,27,0,0.0,0.0,0.0,0.0,0.0,0.0,0.0,0.0
1,27,1,0.0,0.0,0.0,0.0,0.0,0.0,0.0,0.0
1,27,2,0.0,0.0,0.0,0.0,0.0,0.0,0.0,0.0
1,27,3,0.0,0.0,0.0,0.0,0.0,0.0,0.0,0.0
1,27,4,0.0,0.0,0.0,0.0,0.0,0.0,0.0,0.0
1,27,5,0.0,0.0,0.0,0.0,0.0,0.0,0.0,0.0
1,27,6,0.0,0.0,0.0,0.0,0.0,0.0,0.0,0.0
1,27,7,0.0,0.0,0.0,0.0,0.0,0.0,0.0,0.0
1,27,8,261.2357836881115,331.8057209372702,589.1045769235883,347.5697938665023,168.83526432023993,218.13720029346135,396.05260291414226,230.17669470707244
1,27,9,486.14270564796897,547.235520464253,733.9364928772849,559.5881060419566,458.0703504578161,519.0470204320459,704.3077449176276,524.7621548961639
1,27,10,647.5066425452021,572.5701138974437,801.9928159134038,495.26610034916183,630.3793618912981,555.3198165853938,781.8593944227188,470.3238280847504
1,27,11,616.2984679917,464.08329927060623,679.5091035024975,324.1737022015313,747.9658828580236,532.5486803919976,831.3903901473708,307.80299634588295
1,27,12,751.9371411429333,492.397641399654,801.7895258276526,160.08970862653294,803.6932769927497,511.2393451077312,833.3333333333334,117.02439358193165
1,27,13,758.6255772620241,513.7873953464649,821.3882230899984,198.68797366800592,794.589118358424,529.7365940331348,833.3333333333334,180.7516748254686
1,27,14,629.2640694583722,510.67234011168915,734.5480961879856,335.7919379125669,724.1869588511395,575.9932086638205,833.3333333333334,327.7434553895078
1,27,15,551.5786498591211,558.7508318963503,755.6975234437518,418.51968245667683,599.1924257227414,606.7018946881224,827.8352356641451,434.77737030402426
1,27,16,359.92804219113384,485.0581830161444,657.4516932483336,400.4205869444274,410.0540299169551,551.0708802848571,743.1395156828252,450.5974310896995
1,27,17,31.871792065998108,45.517822153842836,168.2545539397927,24.428776961535064,69.71418990159046,76.24479634998838,357.79358333599515,59.2275551070611
1,27,18,0.0,0.0,0.0,0.0,0.0,0.0,0.0,0.0
1,27,19,0.0,0.0,0.0,0.0,0.0,0.0,0.0,0.0
1,27,20,0.0,0.0,0.0,0.0,0.0,0.0,0.0,0.0
1,27,21,0.0,0.0,0.0,0.0,0.0,0.0,0.0,0.0
1,27,22,0.0,0.0,0.0,0.0,0.0,0.0,0.0,0.0
1,27,23,0.0,0.0,0.0,0.0,0.0,0.0,0.0,0.0
1,28,0,0.0,0.0,0.0,0.0,0.0,0.0,0.0,0.0
1,28,1,0.0,0.0,0.0,0.0,0.0,0.0,0.0,0.0
1,28,2,0.0,0.0,0.0,0.0,0.0,0.0,0.0,0.0
1,28,3,0.0,0.0,0.0,0.0,0.0,0.0,0.0,0.0
1,28,4,0.0,0.0,0.0,0.0,0.0,0.0,0.0,0.0
1,28,5,0.0,0.0,0.0,0.0,0.0,0.0,0.0,0.0
1,28,6,0.0,0.0,0.0,0.0,0.0,0.0,0.0,0.0
1,28,7,0.0,0.0,0.0,0.0,0.0,0.0,0.0,0.0
1,28,8,28.85824637807954,28.195831161943648,23.368976025425013,31.999478359158978,2.325280509945535,1.8455384480981063,0.2758426531775734,2.13233318038713
1,28,9,85.74090217555141,82.44352859153865,79.43777318157618,90.55594405669085,14.894887334018394,13.477434242128309,10.490594626274794,14.391235155680663
1,28,10,261.0794142368024,233.93211843499498,299.75803796097404,224.72167805252033,124.86014431965165,113.63338632932546,118.23875657004916,114.83666715227109
1,28,11,748.3580123350066,546.670625800151,829.9139065125942,349.50749652349106,818.453485891099,577.8958493593562,833.3333333333334,326.4545571460278
1,28,12,649.3852213588658,449.7649088577506,689.6590035708567,193.72420967818618,833.3333333333334,553.486867478153,833.3333333333334,124.14647661441542
1,28,13,518.2000219550637,391.00534413930365,553.3240204118918,225.3459671394182,833.3333333333334,574.757471368561,833.3333333333334,194.070954690818
1,28,14,343.7326580889917,290.7787884058208,381.74935995220386,226.83902970205054,789.4979794303069,627.4759723670938,833.3333333333334,353.19182375154577
1,28,15,405.79676141636816,408.3105697717025,544.0594930732251,322.67181209966094,304.14017549682274,296.07001740094984,358.91572720189987,257.3422161539089
1,28,16,335.1841205307903,447.1686425916162,602.2018238696785,377.0493743816855,450.21457893719787,609.6629089056077,826.5480956492004,491.72600785945633
1,28,17,46.5566879474961,60.00555538818117,206.24078041998553,38.72999915600583,82.4110478687508,90.47296844946842,408.2810413605146,69.5529067015327
1,28,18,0.0,0.0,0.0,0.0,0.0,0.0,0.0,0.0
1,28,19,0.0,0.0,0.0,0.0,0.0,0.0,0.0,0.0
1,28,20,0.0,0.0,0.0,0.0,0.0,0.0,0.0,0.0
1,28,21,0.0,0.0,0.0,0.0,0.0,0.0,0.0,0.0
1,28,22,0.0,0.0,0.0,0.0,0.0,0.0,0.0,0.0
1,28,23,0.0,0.0,0.0,0.0,0.0,0.0,0.0,0.0
1,29,0,0.0,0.0,0.0,0.0,0.0,0.0,0.0,0.0
1,29,1,0.0,0.0,0.0,0.0,0.0,0.0,0.0,0.0
1,29,2,0.0,0.0,0.0,0.0,0.0,0.0,0.0,0.0
1,29,3,0.0,0.0,0.0,0.0,0.0,0.0,0.0,0.0
1,29,4,0.0,0.0,0.0,0.0,0.0,0.0,0.0,0.0
1,29,5,0.0,0.0,0.0,0.0,0.0,0.0,0.0,0.0
1,29,6,0.0,0.0,0.0,0.0,0.0,0.0,0.0,0.0
1,29,7,0.0,0.0,0.0,0.0,0.0,0.0,0.0,0.0
1,29,8,278.60818606665543,362.71153438182904,624.7950576861443,379.20400589941494,195.02533340018184,257.9634498238282,454.5935015463853,270.62777391595455
1,29,9,529.7681478627673,601.2665615886774,799.6107635580345,610.5711340794985,494.77721478266767,563.8079103590201,755.9939745850774,568.1365926367773
1,29,10,687.9524637744412,612.6888280351932,833.3333333333334,527.6568016364935,690.6355301765379,611.10596488681,833.3333333333334,512.7825962736513
1,29,11,731.289355679488,541.1245767343539,809.4553688146566,356.853527056674,802.4361779075666,574.0010285915605,833.3333333333334,329.07134615425576
1,29,12,508.05180740041743,381.67832494641823,534.1459020468078,207.3989142121091,525.268323930876,409.40308809801394,545.3072592748075,212.34902535151065
1,29,13,386.6598842858977,328.1200722342208,400.4577421682403,226.84196964319526,409.9850478462673,349.02996997051866,422.6907397870602,226.994169639125
1,29,14,530.1291267055091,437.7308165361593,610.0010557321748,309.2314130680252,600.2407322333534,488.54624904077616,694.7998726588733,311.1953875993871
1,29,15,509.3403819775721,513.3269258332803,676.0185766327472,406.6323523755616,441.9872833827588,442.07795564087627,574.0764426553416,344.7047303872427
1,29,16,315.029651865972,415.7486724863957,553.0948833604684,356.9184730898893,432.84836620728805,580.0063931831481,770.8166178336206,491.20116393682287
1,29,17,12.487134524433605,17.075138686963506,36.334597700751715,10.635648556292004,86.53792781055284,98.96866779479957,390.99144820213047,72.46496753387221
1,29,18,0.0,0.0,0.0,0.0,0.0,0.0,0.0,0.0
1,29,19,0.0,0.0,0.0,0.0,0.0,0.0,0.0,0.0
1,29,20,0.0,0.0,0.0,0.0,0.0,0.0,0.0,0.0
1,29,21,0.0,0.0,0.0,0.0,0.0,0.0,0.0,0.0
1,29,22,0.0,0.0,0.0,0.0,0.0,0.0,0.0,0.0
1,29,23,0.0,0.0,0.0,0.0,0.0,0.0,0.0,0.0
1,30,0,0.0,0.0,0.0,0.0,0.0,0.0,0.0,0.0
1,30,1,0.0,0.0,0.0,0.0,0.0,0.0,0.0,0.0
1,30,2,0.0,0.0,0.0,0.0,0.0,0.0,0.0,0.0
1,30,3,0.0,0.0,0.0,0.0,0.0,0.0,0.0,0.0
1,30,4,0.0,0.0,0.0,0.0,0.0,0.0,0.0,0.0
1,30,5,0.0,0.0,0.0,0.0,0.0,0.0,0.0,0.0
1,30,6,0.0,0.0,0.0,0.0,0.0,0.0,0.0,0.0
1,30,7,0.0,0.0,0.0,0.0,0.0,0.0,0.0,0.0
1,30,8,258.6336054133949,340.82500468802755,576.1191490286285,358.41770850010624,190.5649173968358,256.0057550871744,444.8751405438429,269.21190081172335
1,30,9,528.984420407106,602.3745667020585,800.1319767465014,612.3571540238659,498.86926012370907,571.0184440671215,765.647960709447,574.8788859386285
1,30,10,702.4093475455431,627.5970809774188,833.3333333333334,541.4462621724018,699.4964010420802,621.2132729669166,833.3333333333334,521.4412134743991
1,30,11,808.7633879993684,589.3521134012265,833.3333333333334,361.6493288960131,819.1623306034707,589.8690006629466,833.3333333333334,339.6192740597183
1,30,12,833.3333333333334,555.122511481928,833.3333333333334,156.76949548504095,833.3333333333334,562.8191845945378,833.3333333333334,130.43763011394515
1,30,13,822.0959597929915,564.1000898882882,833.3333333333334,220.61914003949576,833.3333333333334,579.7579219654616,833.3333333333334,197.77510766295103
1,30,14,742.5344349737155,601.3913316778555,833.3333333333334,369.3942271257034,772.1895734259964,622.4045751617944,833.3333333333334,358.7803680399823
1,30,15,606.5418740277787,617.6506268582411,827.0766408431638,462.09716444878393,638.1634787422586,649.309627594272,833.3333333333334,472.9356543415959
1,30,16,394.32740725252484,529.9564177469944,707.682059007563,448.0359095047808,441.80426780178703,593.2995867602067,786.4648121746624,499.7483962996201
1,30,17,52.09732905672039,70.77926290373762,231.07553834541935,41.77276677767108,93.23688878769198,108.31149954591561,401.22028056095706,77.6822659636926
1,30,18,0.0,0.0,0.0,0.0,0.0,0.0,0.0,0.0
1,30,19,0.0,0.0,0.0,0.0,0.0,0.0,0.0,0.0
1,30,20,0.0,0.0,0.0,0.0,0.0,0.0,0.0,0.0
1,30,21,0.0,0.0,0.0,0.0,0.0,0.0,0.0,0.0
1,30,22,0.0,0.0,0.0,0.0,0.0,0.0,0.0,0.0
1,30,23,0.0,0.0,0.0,0.0,0.0,0.0,0.0,0.0
1,31,0,0.0,0.0,0.0,0.0,0.0,0.0,0.0,0.0
1,31,1,0.0,0.0,0.0,0.0,0.0,0.0,0.0,0.0
1,31,2,0.0,0.0,0.0,0.0,0.0,0.0,0.0,0.0
1,31,3,0.0,0.0,0.0,0.0,0.0,0.0,0.0,0.0
1,31,4,0.0,0.0,0.0,0.0,0.0,0.0,0.0,0.0
1,31,5,0.0,0.0,0.0,0.0,0.0,0.0,0.0,0.0
1,31,6,0.0,0.0,0.0,0.0,0.0,0.0,0.0,0.0
1,31,7,0.0,0.0,0.0,0.0,0.0,0.0,0.0,0.0
1,31,8,218.04173973108811,294.4604570416456,489.47487004264264,313.2691948120403,146.99070567161652,201.81390709978115,338.94961360708635,216.86287115738259
1,31,9,502.8620001754145,573.6130497356049,759.043134944286,584.156068983784,442.05764087649,506.448358177217,676.98267367945,512.7122551788525
1,31,10,635.1922179323515,569.7358150004181,783.0709056793974,498.71247712804114,631.2341687336883,562.6413026783356,785.5299357298699,478.0772703890153
1,31,11,523.1369385106382,409.39406548380055,569.831672020192,298.1355574610959,748.2146065166245,543.4040448334066,830.6603947821437,327.5988876033612
1,31,12,202.27463347007648,212.00045826278915,196.2924672704881,171.65803939905072,195.66226620572093,201.00698517953197,189.2067535512283,149.8632938898368
1,31,13,90.97746618691971,99.550128445233,84.87049796598538,88.91122763635283,6.366066795608439,7.69073508044409,5.438551709150753,6.186232571420459
1,31,14,63.65112454024693,61.33877142997913,56.61343880745795,64.42157352494334,35.800972658129396,34.561712721524316,30.84232616652113,35.24916781646756
1,31,15,378.17061503083744,379.78251015452554,490.0022072382059,308.1440424076907,88.39754025623414,82.53258225675835,77.85924742823236,85.00906870727685
1,31,16,313.12713810357883,417.2854430102465,554.3619066534528,355.8756477530538,400.1479645430179,531.3089562112841,697.1188314414974,453.12501377572755
1,31,17,42.61888128051006,60.837062693485045,163.68873547675076,34.460041198336334,79.27572887058797,85.05800423594567,297.21124216227435,68.31616841526682
1,31,18,0.0,0.0,0.0,0.0,0.0,0.0,0.0,0.0
1,31,19,0.0,0.0,0.0,0.0,0.0,0.0,0.0,0.0
1,31,20,0.0,0.0,0.0,0.0,0.0,0.0,0.0,0.0
1,31,21,0.0,0.0,0.0,0.0,0.0,0.0,0.0,0.0
1,31,22,0.0,0.0,0.0,0.0,0.0,0.0,0.0,0.0
1,31,23,0.0,0.0,0.0,0.0,0.0,0.0,0.0,0.0
2,1,0,0.0,0.0,0.0,0.0,0.0,0.0,0.0,0.0
2,1,1,0.0,0.0,0.0,0.0,0.0,0.0,0.0,0.0
2,1,2,0.0,0.0,0.0,0.0,0.0,0.0,0.0,0.0
2,1,3,0.0,0.0,0.0,0.0,0.0,0.0,0.0,0.0
2,1,4,0.0,0.0,0.0,0.0,0.0,0.0,0.0,0.0
2,1,5,0.0,0.0,0.0,0.0,0.0,0.0,0.0,0.0
2,1,6,0.0,0.0,0.0,0.0,0.0,0.0,0.0,0.0
2,1,7,0.0,0.0,0.0,0.0,0.0,0.0,0.0,0.0
2,1,8,35.354871685323424,35.46004421370402,31.463518010468057,40.13422582081688,119.9890873901801,164.8600622602896,267.6998190392854,177.68469742639556
2,1,9,91.89127249052135,88.53593727399046,85.36832280980981,97.19637925762076,75.97926883016282,72.24980145455291,66.48258167562614,77.06178999207224
2,1,10,136.76921248691636,125.75084023454711,129.3915815922515,134.31947349361351,92.63026639931516,85.23380477814686,82.46551011635825,89.80518401832573
2,1,11,214.05060268644343,208.06112023719973,209.01103679751964,190.3537638767961,89.41316898320052,93.31761173012352,81.80519355157803,85.63964063957795
2,1,12,523.1922613748956,390.05454849130206,549.3908804649501,200.50579379363384,231.44446326956873,236.60731573158324,225.22202722689065,177.8139010332368
2,1,13,225.40351869875815,225.5225208655865,220.62756926398282,187.04285430603915,310.8405888058061,279.6169381794844,316.0316860811906,198.76124203568025
2,1,14,130.45685765054426,123.28475806455211,122.72500080009854,123.40657481758781,133.96764413880913,126.44520315912796,124.75277310261761,121.96836382651561
2,1,15,92.56802928442305,86.82631038813494,83.93353816423699,91.89928822860985,92.55928975622143,86.53898887034299,82.31217587749718,88.85490393962296
2,1,16,84.78604541096564,92.84423078857941,101.00343765790709,91.75170419175767,29.733706118139413,27.25455593270312,20.7778968597082,29.220834105477024
2,1,17,1.7071616439096164,1.2946995530007306,-0.0,1.7880134061415445,92.7622605654178,117.86365367966499,315.2988343367832,76.58353029403374
2,1,18,0.0,0.0,0.0,0.0,0.0,0.0,0.0,0.0
2,1,19,0.0,0.0,0.0,0.0,0.0,0.0,0.0,0.0
2,1,20,0.0,0.0,0.0,0.0,0.0,0.0,0.0,0.0
2,1,21,0.0,0.0,0.0,0.0,0.0,0.0,0.0,0.0
2,1,22,0.0,0.0,0.0,0.0,0.0,0.0,0.0,0.0
2,1,23,0.0,0.0,0.0,0.0,0.0,0.0,0.0,0.0
2,2,0,0.0,0.0,0.0,0.0,0.0,0.0,0.0,0.0
2,2,1,0.0,0.0,0.0,0.0,0.0,0.0,0.0,0.0
2,2,2,0.0,0.0,0.0,0.0,0.0,0.0,0.0,0.0
2,2,3,0.0,0.0,0.0,0.0,0.0,0.0,0.0,0.0
2,2,4,0.0,0.0,0.0,0.0,0.0,0.0,0.0,0.0
2,2,5,0.0,0.0,0.0,0.0,0.0,0.0,0.0,0.0
2,2,6,0.0,0.0,0.0,0.0,0.0,0.0,0.0,0.0
2,2,7,0.0,0.0,0.0,0.0,0.0,0.0,0.0,0.0
2,2,8,12.888485289379622,11.755368178895807,8.333394343579815,13.231816207884671,128.77592257130343,181.81471455824413,295.6215103038677,196.67473453925552
2,2,9,29.753737726623243,27.42236708288983,23.14524595027047,30.46568604324518,13.646816980630843,12.329934284707482,9.736733541443108,13.303871282563131
2,2,10,108.3020745101365,99.53310958718262,102.51702486467249,105.58808926773297,45.628619068076446,41.99941099348285,38.411126055074334,44.958322194586565
2,2,11,470.03578845059076,377.9788298539189,508.5923723394248,286.83996637565974,710.5697331482821,517.0242637768637,788.845527284376,307.98846834833716
2,2,12,499.8406225630553,377.63207406902285,524.0201876247197,199.9852323966928,292.98899737831977,266.7535118120318,295.6726980940961,179.88376909098227
2,2,13,571.1961843733509,419.3341571872115,611.9576689110041,215.99666555990754,764.9962831924455,521.420441751895,825.0113177773445,187.95925057427854
2,2,14,310.0633908548243,268.5421617629756,339.1930186675373,217.40781969976345,699.0585436244904,564.4769075683785,817.4214186526015,325.12603650741625
2,2,15,345.613681261257,348.55257190478767,447.77489361631706,281.3440836936778,576.7802483959098,590.5116628668128,790.91637784748,420.28983835790007
2,2,16,248.04016763140012,327.27101214340996,428.85275401958904,280.5500463934678,394.6512037292556,534.595504079534,708.4525125576137,437.1211417253605
2,2,17,53.43988191880679,74.60285976010516,198.3596184008302,44.431409986813094,99.5581077421066,111.06958102492176,361.85246449664254,84.63554664276633
2,2,18,0.0,0.0,0.0,0.0,0.0,0.0,0.0,0.0
2,2,19,0.0,0.0,0.0,0.0,0.0,0.0,0.0,0.0
2,2,20,0.0,0.0,0.0,0.0,0.0,0.0,0.0,0.0
2,2,21,0.0,0.0,0.0,0.0,0.0,0.0,0.0,0.0
2,2,22,0.0,0.0,0.0,0.0,0.0,0.0,0.0,0.0
2,2,23,0.0,0.0,0.0,0.0,0.0,0.0,0.0,0.0
2,3,0,0.0,0.0,0.0,0.0,0.0,0.0,0.0,0.0
2,3,1,0.0,0.0,0.0,0.0,0.0,0.0,0.0,0.0
2,3,2,0.0,0.0,0.0,0.0,0.0,0.0,0.0,0.0
2,3,3,0.0,0.0,0.0,0.0,0.0,0.0,0.0,0.0
2,3,4,0.0,0.0,0.0,0.0,0.0,0.0,0.0,0.0
2,3,5,0.0,0.0,0.0,0.0,0.0,0.0,0.0,0.0
2,3,6,0.0,0.0,0.0,0.0,0.0,0.0,0.0,0.0
2,3,7,-0.0,-0.0,-0.0,-0.0,-0.0,-0.0,-0.0,-0.0
2,3,8,76.90094266703534,93.7517944758112,117.28350524376971,106.19712048163711,155.57072746103594,222.44496127477257,362.2043173643218,236.407729874178
2,3,9,336.3975282004358,379.5985868030423,488.2878790559512,393.6933992279582,436.6042481973201,507.0512500848467,673.5039913163458,509.749954350854
2,3,10,607.9351593008043,551.1927320650908,743.8990292605039,482.57332074359624,627.3991689266014,563.3791537111787,783.6704875985162,470.8318682560144
2,3,11,680.5824300896642,506.43977159337845,751.466500262385,320.7658842321022,738.661155605408,536.8565702099274,818.2125324265085,310.60953543626056
2,3,12,721.7233936063875,487.7768964773051,762.6532154466674,159.8578775007253,792.2408124915783,516.4714035822135,833.3333333333334,126.36450716631524
2,3,13,705.5191066833967,494.3151387429804,757.4329204962173,202.51162005737515,785.3042983694153,534.9564716585407,833.3333333333334,183.38732714928614
2,3,14,641.4068261042697,525.5771761233945,743.449997065715,325.87288956062736,716.5222697716355,578.256840973448,833.3333333333334,324.1137910161843
2,3,15,509.1917864970049,522.1799744675048,687.9225353844023,394.96951682976146,590.8469552302614,607.0251391283651,811.953403036802,426.06615337244847
2,3,16,317.57723838453234,427.0651378208184,561.4665417940392,361.37388124115654,404.2124453272549,550.7004917256946,728.5170070429517,445.24798564793565
2,3,17,60.256391791575865,83.58852921448542,218.35779489697288,50.31977693154587,114.26371653416074,132.46955314433825,409.50828867554435,95.93225333969077
2,3,18,0.0,0.0,0.0,0.0,0.0,0.0,0.0,0.0
2,3,19,0.0,0.0,0.0,0.0,0.0,0.0,0.0,0.0
2,3,20,0.0,0.0,0.0,0.0,0.0,0.0,0.0,0.0
2,3,21,0.0,0.0,0.0,0.0,0.0,0.0,0.0,0.0
2,3,22,0.0,0.0,0.0,0.0,0.0,0.0,0.0,0.0
2,3,23,0.0,0.0,0.0,0.0,0.0,0.0,0.0,0.0
2,4,0,0.0,0.0,0.0,0.0,0.0,0.0,0.0,0.0
2,4,1,0.0,0.0,0.0,0.0,0.0,0.0,0.0,0.0
2,4,2,0.0,0.0,0.0,0.0,0.0,0.0,0.0,0.0
2,4,3,0.0,0.0,0.0,0.0,0.0,0.0,0.0,0.0
2,4,4,0.0,0.0,0.0,0.0,0.0,0.0,0.0,0.0
2,4,5,0.0,0.0,0.0,0.0,0.0,0.0,0.0,0.0
2,4,6,0.0,0.0,0.0,0.0,0.0,0.0,0.0,0.0
2,4,7,-0.0,-0.0,-0.0,-0.0,-0.0,-0.0,-0.0,-0.0
2,4,8,18.92089777330273,17.2898612755392,12.466985561321456,19.33574684219,164.37793133658664,238.0542993757968,382.39116079658464,252.81063468212588
2,4,9,73.16476883272628,69.43304357394987,64.04789765853667,76.46901983351003,29.76123138785958,27.30615391419077,22.71726118653694,29.672764279096253
2,4,10,155.34795622468894,143.04480714370473,149.03254242947338,152.1473302028745,82.52483237882086,76.10558123685308,73.25956741086912,81.44256093652923
2,4,11,217.35331849543425,212.6108967790604,212.61819140391947,194.58043700099364,172.9205682186865,172.30992785886136,165.9583500411787,155.03399839703087
2,4,12,283.50606136470344,282.44722428374064,280.8998716264971,217.38015977235287,194.50704924383683,206.64371872645435,188.3665258233015,162.9323572440132
2,4,13,507.46443825324997,414.0965589093268,532.2049974110336,260.39607532676683,316.7466401413217,280.9999934388073,323.5412986610958,194.74163534420134
2,4,14,718.7508086517195,590.8062271278324,831.2839212747772,364.73518916987524,761.8318087538483,620.1604556733506,833.3333333333334,359.23701542401164
2,4,15,585.2797999949711,601.9472477835263,788.272994488738,452.69249412483816,634.2930092126835,653.1128912907953,833.3333333333334,468.71775213960774
2,4,16,322.3367567459174,430.70678996676224,561.8069270100154,365.42630352666674,440.8110138907164,599.1695665833133,785.3661814655535,491.48039047602504
2,4,17,36.26041684390113,52.44548816812329,87.60958689103772,32.042582564719844,107.7042875594933,196.60915401960682,273.22080806128497,86.16798124050358
2,4,18,0.0,0.0,0.0,0.0,0.0,0.0,0.0,0.0
2,4,19,0.0,0.0,0.0,0.0,0.0,0.0,0.0,0.0
2,4,20,0.0,0.0,0.0,0.0,0.0,0.0,0.0,0.0
2,4,21,0.0,0.0,0.0,0.0,0.0,0.0,0.0,0.0
2,4,22,0.0,0.0,0.0,0.0,0.0,0.0,0.0,0.0
2,4,23,0.0,0.0,0.0,0.0,0.0,0.0,0.0,0.0
2,5,0,0.0,0.0,0.0,0.0,0.0,0.0,0.0,0.0
2,5,1,0.0,0.0,0.0,0.0,0.0,0.0,0.0,0.0
2,5,2,0.0,0.0,0.0,0.0,0.0,0.0,0.0,0.0
2,5,3,0.0,0.0,0.0,0.0,0.0,0.0,0.0,0.0
2,5,4,0.0,0.0,0.0,0.0,0.0,0.0,0.0,0.0
2,5,5,0.0,0.0,0.0,0.0,0.0,0.0,0.0,0.0
2,5,6,0.0,0.0,0.0,0.0,0.0,0.0,0.0,0.0
2,5,7,-0.0,-0.0,-0.0,-0.0,-0.0,-0.0,-0.0,-0.0
2,5,8,11.071700544537089,10.229788754435315,7.573927009264866,11.503938298572542,1.889640288599647,1.4533741484304024,0.1348907669597557,1.835590524388779
2,5,9,32.487652493060246,30.109269427737118,25.95488140152019,33.32663290564596,10.277375562776998,9.229000455554468,7.290950409689586,10.1953589380203
2,5,10,41.235659456900805,38.02118164427355,35.90846230075569,41.89762372845657,42.32403844501615,38.995924447848104,36.10440091888863,42.36091132018208
2,5,11,51.19012918311527,54.24605198656361,46.99566257157488,51.74867037870704,26.937357605321726,28.95441234072882,24.25045494756636,26.927789763175788
2,5,12,60.21847383782279,70.58620045579079,56.50956451821139,61.118220899196935,36.951044197577104,44.081683214466175,34.29773619143125,37.007401610036254
2,5,13,65.17973596902036,73.04683116415374,60.79271075901182,65.83973584114835,65.63939353888131,74.11118769257754,60.78876518519367,65.48905189246854
2,5,14,60.795279851747246,59.22080371426359,54.57860871451058,61.70835860340295,15.037234923201867,14.619413272876502,12.935444446420114,14.987366580952129
2,5,15,36.87526672846083,34.08416309107041,30.766150336446945,37.432551737218084,67.72549142309329,62.9512667972847,57.916115713077495,66.91308435956793
2,5,16,14.792036914129726,13.608412247648717,10.636340761886254,15.106648821587372,68.403116840817,68.26145739721937,63.364519846539594,70.12272250171624
2,5,17,-0.0,-0.0,-0.0,-0.0,7.234991526223726,6.41240929457196,3.3786088119821343,7.178806821103359
2,5,18,0.0,0.0,0.0,0.0,0.0,0.0,0.0,0.0
2,5,19,0.0,0.0,0.0,0.0,0.0,0.0,0.0,0.0
2,5,20,0.0,0.0,0.0,0.0,0.0,0.0,0.0,0.0
2,5,21,0.0,0.0,0.0,0.0,0.0,0.0,0.0,0.0
2,5,22,0.0,0.0,0.0,0.0,0.0,0.0,0.0,0.0
2,5,23,0.0,0.0,0.0,0.0,0.0,0.0,0.0,0.0
2,6,0,0.0,0.0,0.0,0.0,0.0,0.0,0.0,0.0
2,6,1,0.0,0.0,0.0,0.0,0.0,0.0,0.0,0.0
2,6,2,0.0,0.0,0.0,0.0,0.0,0.0,0.0,0.0
2,6,3,0.0,0.0,0.0,0.0,0.0,0.0,0.0,0.0
2,6,4,0.0,0.0,0.0,0.0,0.0,0.0,0.0,0.0
2,6,5,0.0,0.0,0.0,0.0,0.0,0.0,0.0,0.0
2,6,6,0.0,0.0,0.0,0.0,0.0,0.0,0.0,0.0
2,6,7,-0.0,-0.0,-0.0,-0.0,-0.0,-0.0,-0.0,-0.0
2,6,8,14.737838390486445,13.74769165141387,10.550467677673247,15.340855794000866,4.647003172215918,4.007726607296738,2.09010469219536,4.576084185512512
2,6,9,38.28246142276853,35.556514672094,30.867869668593684,39.30716978306472,-0.0,-0.0,-0.0,-0.0
2,6,10,67.83954939383642,62.74711019694547,60.13717929591543,68.84860856334281,31.085601025706033,28.552251016810253,26.416901271466593,31.05749243767204
2,6,11,71.38221881948643,75.28777785982814,66.10207126298455,71.79029043361922,29.370220323870225,31.578336027955665,26.55356171477563,29.365212737242942
2,6,12,69.66773352546127,81.10003695802908,65.71841314040056,70.09448419676421,39.94710939035556,47.58430094154518,37.20899484654687,40.01701274736745
2,6,13,64.3352044472976,72.22291650756269,60.11957377703812,65.1374435633963,107.66268880514748,117.1808696116677,101.80831782621105,100.58762799911965
2,6,14,75.9018753633084,73.81869021676468,69.15432234190578,75.87599910800904,21.908319981558467,21.42735457659925,19.12029580444944,21.86664507984228
2,6,15,43.502551976014075,40.2716537509206,36.518696310056164,44.211690260458006,40.7795056748348,37.553992647419925,33.29363937832434,40.78553303337624
2,6,16,23.126660065139628,21.51362811910974,17.410463110084656,23.638308382341286,8.036362814565196,7.148761083857005,4.997664839114793,7.95395521440398
2,6,17,1.4325315388567987,1.082400462261944,0.3288127866386582,1.4479281431650806,3.0436112224279466,2.523188786561873,0.6185763238192453,2.9880830034398627
2,6,18,0.0,0.0,0.0,0.0,0.0,0.0,0.0,0.0
2,6,19,0.0,0.0,0.0,0.0,0.0,0.0,0.0,0.0
2,6,20,0.0,0.0,0.0,0.0,0.0,0.0,0.0,0.0
2,6,21,0.0,0.0,0.0,0.0,0.0,0.0,0.0,0.0
2,6,22,0.0,0.0,0.0,0.0,0.0,0.0,0.0,0.0
2,6,23,0.0,0.0,0.0,0.0,0.0,0.0,0.0,0.0
2,7,0,0.0,0.0,0.0,0.0,0.0,0.0,0.0,0.0
2,7,1,0.0,0.0,0.0,0.0,0.0,0.0,0.0,0.0
2,7,2,0.0,0.0,0.0,0.0,0.0,0.0,0.0,0.0
2,7,3,0.0,0.0,0.0,0.0,0.0,0.0,0.0,0.0
2,7,4,0.0,0.0,0.0,0.0,0.0,0.0,0.0,0.0
2,7,5,0.0,0.0,0.0,0.0,0.0,0.0,0.0,0.0
2,7,6,0.0,0.0,0.0,0.0,0.0,0.0,0.0,0.0
2,7,7,-0.0,-0.0,-0.0,-0.0,-0.0,-0.0,-0.0,-0.0
2,7,8,129.9829610213213,174.6087681258426,236.00478696752032,191.95033245216837,226.62962220892655,339.62932306531917,543.600112284971,363.47254700494994
2,7,9,513.1871033159802,595.8011015877585,764.2124796319773,602.6299090019583,552.7435479667938,651.8399310776734,833.3333333333334,706.801050215572
2,7,10,585.4758905954709,536.6811900299786,708.8140482291769,475.4221395237983,776.1351448380451,716.0589211652028,833.3333333333334,709.7750653529365
2,7,11,737.5772266497407,567.7051893419577,807.920748713218,378.7018800667672,833.3333333333334,673.3804892269317,833.3333333333334,580.5507525448571
2,7,12,833.3333333333334,584.9345437380481,833.3333333333334,193.31915652497824,664.0680288299187,511.216248727789,719.3072909584757,456.06342177978473
2,7,13,615.2693639294803,476.80081568063156,650.6182520024507,263.747043583446,833.3333333333334,661.9671933656791,833.3333333333334,473.61531584646826
2,7,14,487.5654541069103,419.3332398083801,545.2245956528592,313.520399150689,584.3477694158323,512.7280312478285,679.8761471520572,547.7952328349363
2,7,15,465.6915449412193,479.14542969219855,617.515008079474,369.885751061146,729.8019945559927,762.5579283725593,833.3333333333334,660.67516463145
2,7,16,390.7143921056984,531.5683815536654,687.5003097245756,442.0228718378678,507.58455598990827,693.6296108031681,833.3333333333334,576.8489643973605
2,7,17,125.59977126294103,158.23445444217816,411.4908346771692,107.80592992248125,201.17328210966767,240.05865052050652,657.9996866956807,183.2020365385004
2,7,18,0.0,0.0,0.0,0.0,0.0,0.0,0.0,0.0
2,7,19,0.0,0.0,0.0,0.0,0.0,0.0,0.0,0.0
2,7,20,0.0,0.0,0.0,0.0,0.0,0.0,0.0,0.0
2,7,21,0.0,0.0,0.0,0.0,0.0,0.0,0.0,0.0
2,7,22,0.0,0.0,0.0,0.0,0.0,0.0,0.0,0.0
2,7,23,0.0,0.0,0.0,0.0,0.0,0.0,0.0,0.0
2,8,0,0.0,0.0,0.0,0.0,0.0,0.0,0.0,0.0
2,8,1,0.0,0.0,0.0,0.0,0.0,0.0,0.0,0.0
2,8,2,0.0,0.0,0.0,0.0,0.0,0.0,0.0,0.0
2,8,3,0.0,0.0,0.0,0.0,0.0,0.0,0.0,0.0
2,8,4,0.0,0.0,0.0,0.0,0.0,0.0,0.0,0.0
2,8,5,0.0,0.0,0.0,0.0,0.0,0.0,0.0,0.0
2,8,6,0.0,0.0,0.0,0.0,0.0,0.0,0.0,0.0
2,8,7,2.467230876131041,2.7084439598259458,69.76493800732517,2.8745663508854054,-0.0,-0.0,-0.0,-0.0
2,8,8,309.65719221237345,460.89431212920704,681.8144008536941,478.5756162119672,35.218121776418755,34.557425786148286,29.299371080236565,37.755233491202894
2,8,9,557.9470211851391,651.9976923799039,832.9090996077623,654.2176692757038,526.6629969768925,618.5609015218549,795.1943191366788,616.0077638315078
2,8,10,682.9702118008514,627.9862540108049,833.3333333333334,541.372926103959,721.8351184083566,661.7657258271051,833.3333333333334,554.0482495485986
2,8,11,755.8545974343398,579.4775872818938,828.2839614842654,377.594849037608,833.3333333333334,628.8013678198117,833.3333333333334,369.30987551991797
2,8,12,797.2045446332814,562.1897621317429,833.3333333333334,212.47097341511846,666.4018570427344,479.92731188382453,698.6158170281418,195.5208346165198
2,8,13,741.8116575378227,544.3605373626635,790.4841939185914,255.12348842277314,688.1849607115167,507.77812124197203,731.6437134056974,231.2044900774164
2,8,14,623.1034017662419,526.1128279760983,709.9786691032165,356.03392730881427,640.4288051394517,536.3905005622403,732.4736434324299,340.9776549654501
2,8,15,509.6087533961741,525.1005330849248,670.8102963909093,408.09389707661046,425.59193229368344,427.4727753768919,521.6060091629026,357.6197816654631
2,8,16,326.27341991390523,429.14316487710767,542.1473046107907,367.7821789222338,349.37884425499345,452.98094983554535,565.0303175146867,386.8062655423837
2,8,17,55.52130928690717,80.33813741254689,130.03967109339484,51.605976073268344,165.53185108733803,311.74742011677995,442.9343241723895,145.06493195621047
2,8,18,0.0,0.0,0.0,0.0,0.0,0.0,0.0,0.0
2,8,19,0.0,0.0,0.0,0.0,0.0,0.0,0.0,0.0
2,8,20,0.0,0.0,0.0,0.0,0.0,0.0,0.0,0.0
2,8,21,0.0,0.0,0.0,0.0,0.0,0.0,0.0,0.0
2,8,22,0.0,0.0,0.0,0.0,0.0,0.0,0.0,0.0
2,8,23,0.0,0.0,0.0,0.0,0.0,0.0,0.0,0.0
2,9,0,0.0,0.0,0.0,0.0,0.0,0.0,0.0,0.0
2,9,1,0.0,0.0,0.0,0.0,0.0,0.0,0.0,0.0
2,9,2,0.0,0.0,0.0,0.0,0.0,0.0,0.0,0.0
2,9,3,0.0,0.0,0.0,0.0,0.0,0.0,0.0,0.0
2,9,4,0.0,0.0,0.0,0.0,0.0,0.0,0.0,0.0
2,9,5,0.0,0.0,0.0,0.0,0.0,0.0,0.0,0.0
2,9,6,0.0,0.0,0.0,0.0,0.0,0.0,0.0,0.0
2,9,7,1.881472822873827,1.494912493672027,1.6564853467691512,1.6942916964569374,-0.0,-0.0,-0.0,-0.0
2,9,8,91.93716576688409,107.03969636600202,113.7428815288275,123.98718120666605,30.259746290343767,28.446376320222203,22.07667421009032,31.00981904811098
2,9,9,144.93075593412198,143.90986205591224,147.27982780942125,156.41465474437481,122.44012714648156,124.69276908031824,132.8099094072887,132.82463474497965
2,9,10,132.53620718934008,122.58437854382957,125.00895978840758,131.5013229922653,47.23405512475678,43.54301648512451,41.09086337262451,47.06504622180466
2,9,11,147.68107977558563,150.55445148378334,141.7805221841597,140.47432964120145,110.20921109100686,113.63833260392433,104.24712724442313,103.60241923411378
2,9,12,132.93899156132034,147.99018909643098,128.34303774257302,124.72018243446365,83.27869092867834,96.24342918970456,79.0853820143044,80.53032067368363
2,9,13,160.7727021387637,170.0252059613892,155.76747903881076,146.28636782424306,38.85393657935626,44.38139937713629,36.156991461537565,38.901737761453084
2,9,14,200.0236739909302,189.14412571221362,195.83155475604596,181.4845790163813,206.78248129105037,193.25316031469734,204.1973388988987,175.1797289086815
2,9,15,181.17847665015697,173.5974641524622,182.4147292993378,174.06583510709874,176.8799857116481,169.91929239506285,179.5714378156563,163.27306505558417
2,9,16,237.42259766487695,303.33683369325405,374.66565740147973,265.9502008178248,334.43823667008223,434.4095606110068,540.256262150889,368.83762435483624
2,9,17,11.791086921175637,10.699347742184141,7.07936943460031,12.054655785983025,58.14013013401118,88.30151773611585,106.38538989512686,54.24916908311505
2,9,18,0.0,0.0,0.0,0.0,0.0,0.0,0.0,0.0
2,9,19,0.0,0.0,0.0,0.0,0.0,0.0,0.0,0.0
2,9,20,0.0,0.0,0.0,0.0,0.0,0.0,0.0,0.0
2,9,21,0.0,0.0,0.0,0.0,0.0,0.0,0.0,0.0
2,9,22,0.0,0.0,0.0,0.0,0.0,0.0,0.0,0.0
2,9,23,0.0,0.0,0.0,0.0,0.0,0.0,0.0,0.0
2,10,0,0.0,0.0,0.0,0.0,0.0,0.0,0.0,0.0
2,10,1,0.0,0.0,0.0,0.0,0.0,0.0,0.0,0.0
2,10,2,0.0,0.0,0.0,0.0,0.0,0.0,0.0,0.0
2,10,3,0.0,0.0,0.0,0.0,0.0,0.0,0.0,0.0
2,10,4,0.0,0.0,0.0,0.0,0.0,0.0,0.0,0.0
2,10,5,0.0,0.0,0.0,0.0,0.0,0.0,0.0,0.0
2,10,6,0.0,0.0,0.0,0.0,0.0,0.0,0.0,0.0
2,10,7,-0.0,-0.0,-0.0,-0.0,-0.0,-0.0,-0.0,-0.0
2,10,8,11.184538865128378,10.346598285948444,7.6583366221057245,11.638065358429277,4.629945860145905,3.991575129162592,2.1399854277782815,4.558271377096595
2,10,9,37.46115309175939,34.691224854409676,30.185767468987592,38.41391919480124,14.54593514008419,13.187706134357006,10.866156375875175,14.452959113065072
2,10,10,66.24410884998616,61.30945771813126,59.032746180507424,67.41789555501457,4.5596016912018955,3.9335067429729076,3.4777786426156614,4.51908675737016
2,10,11,126.49817171250116,130.17475791084672,120.8749009065626,121.9730256395645,85.86393583908941,90.19033789017237,80.37862599575735,83.23539005233015
2,10,12,124.55014875426055,139.33256922422527,120.30087347793747,117.74678568117461,185.3469201275493,196.4016886289151,181.02129796196513,152.69658159302696
2,10,13,90.17018544238846,99.65627118198957,85.84195947827452,88.79631397040933,72.71091949804389,81.50157378281027,68.5027412206218,71.27941680986625
2,10,14,101.33013313528109,98.39689494765616,94.61659575582588,99.3312349116626,175.13005792522344,166.00109455454157,169.867564538468,155.2697430578718
2,10,15,50.62606887760096,46.81755006878638,42.529262621459296,51.870108031565465,35.68044585584274,32.81695660911795,29.379846284828645,35.669132340771625
2,10,16,26.201146488050505,24.13169278432323,19.433512044646015,26.77707082643416,22.2993862912612,20.38264293732063,15.953055594620372,22.215049064827678
2,10,17,7.613319401357679,6.799139532209493,4.0699374326426865,7.7858258977611,21.517412514178467,23.892679638132698,21.27700733517064,21.081627208664493
2,10,18,0.0,0.0,0.0,0.0,0.0,0.0,0.0,0.0
2,10,19,0.0,0.0,0.0,0.0,0.0,0.0,0.0,0.0
2,10,20,0.0,0.0,0.0,0.0,0.0,0.0,0.0,0.0
2,10,21,0.0,0.0,0.0,0.0,0.0,0.0,0.0,0.0
2,10,22,0.0,0.0,0.0,0.0,0.0,0.0,0.0,0.0
2,10,23,0.0,0.0,0.0,0.0,0.0,0.0,0.0,0.0
2,11,0,0.0,0.0,0.0,0.0,0.0,0.0,0.0,0.0
2,11,1,0.0,0.0,0.0,0.0,0.0,0.0,0.0,0.0
2,11,2,0.0,0.0,0.0,0.0,0.0,0.0,0.0,0.0
2,11,3,0.0,0.0,0.0,0.0,0.0,0.0,0.0,0.0
2,11,4,0.0,0.0,0.0,0.0,0.0,0.0,0.0,0.0
2,11,5,0.0,0.0,0.0,0.0,0.0,0.0,0.0,0.0
2,11,6,0.0,0.0,0.0,0.0,0.0,0.0,0.0,0.0
2,11,7,-0.0,-0.0,-0.0,-0.0,-0.0,-0.0,-0.0,-0.0
2,11,8,13.226769065081426,12.123492993001955,8.863146498511178,13.618574180941,1.8416067945428607,1.4087317008358167,0.16463509753182043,1.788943455308556
2,11,9,39.253393188309325,36.34448058293658,31.692384654424217,40.25454402351703,2.541577313794068,2.0598848169048347,1.249245623333448,2.496558148819267
2,11,10,78.08236365083886,72.2908741555094,70.57013943279699,79.13018100931576,15.568458091762894,14.143570580191103,13.156599102732756,15.51096123620747
2,11,11,53.83514310427876,57.56386664697911,50.0649754427358,54.99129248267474,35.85842428383413,38.62036171151808,32.98048252492731,35.896793143468294
2,11,12,55.25507254002339,65.13060535362132,52.576832192395955,56.55713527969004,57.81520613985068,68.42374333701994,54.76171820761573,58.07358608189074
2,11,13,56.88655367617341,64.43480335558847,53.68922948923189,58.275654611376595,42.66934581286354,48.69868679096374,39.973039370092,42.777726873717725
2,11,14,40.27261969200447,39.7752701959856,36.384473831621136,41.16439618684452,37.76538363987852,37.31907342387804,33.81282602211875,37.81077142109888
2,11,15,38.9932620852425,36.03867396959065,32.93466475067633,39.723053058044144,22.46166782166674,20.538162618965803,18.281203435720258,22.407479664387598
2,11,16,34.088165475901405,31.520916665698774,25.737781057799477,34.88828705725604,24.061937172145797,22.018797720837643,17.354860012850796,23.99033541834995
2,11,17,22.20349620797129,24.8042839951832,22.733238240919775,22.337830390368982,13.175888361935069,11.966349402277,7.570109439990614,13.124792524772872
2,11,18,0.0,0.0,0.0,0.0,0.0,0.0,0.0,0.0
2,11,19,0.0,0.0,0.0,0.0,0.0,0.0,0.0,0.0
2,11,20,0.0,0.0,0.0,0.0,0.0,0.0,0.0,0.0
2,11,21,0.0,0.0,0.0,0.0,0.0,0.0,0.0,0.0
2,11,22,0.0,0.0,0.0,0.0,0.0,0.0,0.0,0.0
2,11,23,0.0,0.0,0.0,0.0,0.0,0.0,0.0,0.0
2,12,0,0.0,0.0,0.0,0.0,0.0,0.0,0.0,0.0
2,12,1,0.0,0.0,0.0,0.0,0.0,0.0,0.0,0.0
2,12,2,0.0,0.0,0.0,0.0,0.0,0.0,0.0,0.0
2,12,3,0.0,0.0,0.0,0.0,0.0,0.0,0.0,0.0
2,12,4,0.0,0.0,0.0,0.0,0.0,0.0,0.0,0.0
2,12,5,0.0,0.0,0.0,0.0,0.0,0.0,0.0,0.0
2,12,6,0.0,0.0,0.0,0.0,0.0,0.0,0.0,0.0
2,12,7,7.204012079636992,8.475202900373421,94.97070490995621,8.699127351249965,-0.0,-0.0,-0.0,-0.0
2,12,8,293.90357015768313,462.78757735193375,643.6640532576241,481.43868291251505,232.68913552474552,374.0111852845619,530.4039707333865,388.6477356724884
2,12,9,523.178390533112,616.6593140961752,774.1189416106748,616.4823889062113,523.9816636886491,625.4474048891939,797.3310809168601,617.3388404486108
2,12,10,688.7842938418949,641.1578364480498,833.3333333333334,545.9541906625668,714.0391498883602,661.4239477184722,833.3333333333334,546.5836664317436
2,12,11,786.6683188896164,605.7901558856794,833.3333333333334,372.8614273637411,830.2282101460114,629.0620853025199,833.3333333333334,362.1857121026488
2,12,12,818.5882416701769,576.2678123594511,833.3333333333334,173.81449088569443,833.3333333333334,605.0880279508692,833.3333333333334,150.94067573811193
2,12,13,798.46212605248,582.0749278448712,833.3333333333334,228.45593756557255,833.3333333333334,620.1538041520457,833.3333333333334,213.84111649638407
2,12,14,726.7314339469108,612.4720654360332,831.0466910860443,371.9894760164894,788.4146829872635,658.1514619833445,833.3333333333334,372.08636224197704
2,12,15,589.7385575739534,619.0898456192244,783.8321092129487,463.66016307165444,653.3341608455639,687.3611834682783,833.3333333333334,487.7652575729691
2,12,16,395.83584452352096,546.0933557989654,690.1783069149542,452.15336050538224,462.63792762097523,640.4983869905896,807.6092384054485,523.4353145501101
2,12,17,114.59786774843852,167.9275959673473,366.06728767322915,114.07583540067196,195.73220622869206,260.86001913079724,605.5351096053736,194.0397380389972
2,12,18,0.0,0.0,0.0,0.0,0.0,0.0,0.0,0.0
2,12,19,0.0,0.0,0.0,0.0,0.0,0.0,0.0,0.0
2,12,20,0.0,0.0,0.0,0.0,0.0,0.0,0.0,0.0
2,12,21,0.0,0.0,0.0,0.0,0.0,0.0,0.0,0.0
2,12,22,0.0,0.0,0.0,0.0,0.0,0.0,0.0,0.0
2,12,23,0.0,0.0,0.0,0.0,0.0,0.0,0.0,0.0
2,13,0,0.0,0.0,0.0,0.0,0.0,0.0,0.0,0.0
2,13,1,0.0,0.0,0.0,0.0,0.0,0.0,0.0,0.0
2,13,2,0.0,0.0,0.0,0.0,0.0,0.0,0.0,0.0
2,13,3,0.0,0.0,0.0,0.0,0.0,0.0,0.0,0.0
2,13,4,0.0,0.0,0.0,0.0,0.0,0.0,0.0,0.0
2,13,5,0.0,0.0,0.0,0.0,0.0,0.0,0.0,0.0
2,13,6,0.0,0.0,0.0,0.0,0.0,0.0,0.0,0.0
2,13,7,9.513394138316237,9.984888280230653,59.0898630666501,10.342928371640802,-0.0,-0.0,-0.0,-0.0
2,13,8,163.4062981741173,242.00669477705642,317.9217709043651,261.1942431460394,36.983059405093414,37.41145469579865,32.94564778164511,40.17830501555227
2,13,9,497.46593803203183,583.1750521800233,725.1845186124079,585.9912632886043,510.2851513149684,612.0311368439803,779.0051508978232,601.0935549100383
2,13,10,446.0425823798616,414.5496024211927,513.7104281789173,384.1050560401438,390.7648032745256,362.20131279531046,458.22029490431623,325.82925733187454
2,13,11,327.518673455869,310.8500127604639,331.97996513143084,271.5082787967472,240.1075317978028,223.3053505135666,244.77016777307387,185.03696264216367
2,13,12,404.6608770940311,360.0328408402918,414.6562864614317,239.6227503638786,323.1052348188686,293.1036176325986,327.9331411394508,188.2709559051034
2,13,13,253.03927698364305,252.88157088829036,252.06762718438966,203.78057375990957,304.2062783224594,280.615592827387,309.93102908242207,197.11949070060766
2,13,14,188.48758189419328,179.84846827058792,185.11761352768312,171.79152072268698,123.78287982876047,119.820221441096,117.21267021165667,114.22382020954035
2,13,15,213.08209086417335,210.28043049182574,237.2504378551286,196.5721355846177,270.5000654583503,268.70819153713245,309.2768520057747,235.96799156439454
2,13,16,190.5226829688612,240.5186958625338,287.5645074651536,211.3829648967248,156.1794851808952,174.27693254838908,186.50117463893562,164.66204136147647
2,13,17,141.3069247415084,199.50940397283955,422.4203472398523,144.83260540298764,148.62567572287597,248.5823206761285,388.48227689327103,146.19755919701487
2,13,18,0.0,0.0,0.0,0.0,0.0,0.0,0.0,0.0
2,13,19,0.0,0.0,0.0,0.0,0.0,0.0,0.0,0.0
2,13,20,0.0,0.0,0.0,0.0,0.0,0.0,0.0,0.0
2,13,21,0.0,0.0,0.0,0.0,0.0,0.0,0.0,0.0
2,13,22,0.0,0.0,0.0,0.0,0.0,0.0,0.0,0.0
2,13,23,0.0,0.0,0.0,0.0,0.0,0.0,0.0,0.0
2,14,0,0.0,0.0,0.0,0.0,0.0,0.0,0.0,0.0
2,14,1,0.0,0.0,0.0,0.0,0.0,0.0,0.0,0.0
2,14,2,0.0,0.0,0.0,0.0,0.0,0.0,0.0,0.0
2,14,3,0.0,0.0,0.0,0.0,0.0,0.0,0.0,0.0
2,14,4,0.0,0.0,0.0,0.0,0.0,0.0,0.0,0.0
2,14,5,0.0,0.0,0.0,0.0,0.0,0.0,0.0,0.0
2,14,6,0.0,0.0,0.0,0.0,0.0,0.0,0.0,0.0
2,14,7,2.5417250105576987,2.0748815125129645,-0.0,2.301091234569878,-0.0,-0.0,-0.0,-0.0
2,14,8,78.40338160295097,88.4350101612886,89.67046117259454,100.8338465436841,27.931337013808346,26.743919382800673,21.5462336396461,28.90469727735599
2,14,9,144.14332328506472,143.7196031083208,146.91664821641695,155.71308980833217,97.74624685107571,96.5318936385663,95.58012478176728,102.2009833834128
2,14,10,213.826859384104,198.29316172259226,216.88027886265937,203.76191597111884,120.91269139798824,111.83146965442278,115.15112119865381,116.21234368353966
2,14,11,348.7156170731635,315.471522562491,362.9850952192628,262.06384665810583,431.28761825682585,359.6106425922346,462.4660894146921,262.7917744718676
2,14,12,346.72567167428184,337.9465144338656,349.02714224150907,248.71509526185417,238.8613150414473,230.30831867458156,240.82687123864872,166.33500733917947
2,14,13,535.9318981872482,434.21754466339905,562.684197698142,253.45436552690958,391.08807949261364,334.31973904610805,406.16508793984514,210.456464378844
2,14,14,655.5523052583453,559.8845096991507,746.2133337398476,358.34378947769665,519.9346247386904,449.28312975263344,583.5948265390457,301.1331464967268
2,14,15,528.8996627407902,557.2982029581914,700.2312587680203,422.0704193403725,472.95433737910037,493.724769287875,616.669596321561,374.9978222058308
2,14,16,346.18379039717365,479.40364861206916,602.0884283115164,397.3507644555206,433.1232497558152,604.9348072267475,759.5575924960148,489.424390356223
2,14,17,78.57321776265927,122.57782070941563,234.70372040870149,82.48518059183846,147.36437193417953,243.79028062456598,383.57507797908846,149.13487473663596
2,14,18,0.0,0.0,0.0,0.0,0.0,0.0,0.0,0.0
2,14,19,0.0,0.0,0.0,0.0,0.0,0.0,0.0,0.0
2,14,20,0.0,0.0,0.0,0.0,0.0,0.0,0.0,0.0
2,14,21,0.0,0.0,0.0,0.0,0.0,0.0,0.0,0.0
2,14,22,0.0,0.0,0.0,0.0,0.0,0.0,0.0,0.0
2,14,23,0.0,0.0,0.0,0.0,0.0,0.0,0.0,0.0
2,15,0,0.0,0.0,0.0,0.0,0.0,0.0,0.0,0.0
2,15,1,0.0,0.0,0.0,0.0,0.0,0.0,0.0,0.0
2,15,2,0.0,0.0,0.0,0.0,0.0,0.0,0.0,0.0
2,15,3,0.0,0.0,0.0,0.0,0.0,0.0,0.0,0.0
2,15,4,0.0,0.0,0.0,0.0,0.0,0.0,0.0,0.0
2,15,5,0.0,0.0,0.0,0.0,0.0,0.0,0.0,0.0
2,15,6,0.0,0.0,0.0,0.0,0.0,0.0,0.0,0.0
2,15,7,-0.0,-0.0,-0.0,-0.0,-0.0,-0.0,-0.0,-0.0
2,15,8,29.09743701649246,27.112342126865506,21.216112770298718,30.068181279807703,11.843697413915493,10.670802881417048,7.395725918451967,11.63081740458525
2,15,9,82.83589507378622,78.96078568638222,74.0292716475307,86.61103036484748,22.726918480112552,20.766902051015634,17.67552733044012,22.444080547667202
2,15,10,110.9409508217122,102.90007810744679,103.5819812343558,111.30785485251526,79.02650364841442,73.04030398620864,71.6345115800035,77.44146188289206
2,15,11,116.18413306548518,121.38572681797379,111.48081035119063,113.86569905188185,81.21468428354643,86.38059012333295,76.53840121485098,79.08387582941323
2,15,12,97.65132933248965,111.90360052741099,94.70222557870693,96.02806623168908,193.62529361541738,206.57279628987152,190.3804031367364,159.1819827269961
2,15,13,63.35435074862031,71.64706077874975,60.515695601139385,64.58806334706998,58.94338108372799,67.21123002900086,55.89045763744089,58.70294217202876
2,15,14,53.7619045888454,53.32659686939679,49.310363740722885,54.91011202153154,174.45786555457593,167.23000750533453,169.66738074439104,154.15605951149192
2,15,15,53.06239203973875,49.1511151423794,45.43473973890666,54.22701936721887,20.92255228852091,19.095730957577086,17.142264764043553,20.666999890675285
2,15,16,34.151939588002335,31.647173178211123,26.209976813072736,34.93400152733916,1.2801950225165348,0.8877951889333052,0.024872157843093694,1.1998283867175126
2,15,17,7.124597963581457,6.403662270040073,4.075659103705479,7.286987692428869,39.24521629929817,48.96140683615733,49.75901772077242,39.114850854695746
2,15,18,0.0,0.0,0.0,0.0,0.0,0.0,0.0,0.0
2,15,19,0.0,0.0,0.0,0.0,0.0,0.0,0.0,0.0
2,15,20,0.0,0.0,0.0,0.0,0.0,0.0,0.0,0.0
2,15,21,0.0,0.0,0.0,0.0,0.0,0.0,0.0,0.0
2,15,22,0.0,0.0,0.0,0.0,0.0,0.0,0.0,0.0
2,15,23,0.0,0.0,0.0,0.0,0.0,0.0,0.0,0.0
2,16,0,0.0,0.0,0.0,0.0,0.0,0.0,0.0,0.0
2,16,1,0.0,0.0,0.0,0.0,0.0,0.0,0.0,0.0
2,16,2,0.0,0.0,0.0,0.0,0.0,0.0,0.0,0.0
2,16,3,0.0,0.0,0.0,0.0,0.0,0.0,0.0,0.0
2,16,4,0.0,0.0,0.0,0.0,0.0,0.0,0.0,0.0
2,16,5,0.0,0.0,0.0,0.0,0.0,0.0,0.0,0.0
2,16,6,0.0,0.0,0.0,0.0,0.0,0.0,0.0,0.0
2,16,7,-0.0,-0.0,-0.0,-0.0,-0.0,-0.0,-0.0,-0.0
2,16,8,25.323105600369345,23.767834180468686,18.7622329433164,26.339527214251834,31.454548843794488,29.83599373059544,23.635927404214787,32.04377277721289
2,16,9,45.791061693945394,42.60513003360115,37.987175678738275,47.04403088239867,19.943481534865963,18.186248835462454,15.469303686696229,19.6832150412779
2,16,10,67.19142058324353,62.248061425950695,60.779002591846684,68.37015914709112,17.502395328680567,15.93047564164292,15.077696168653768,17.29592673294934
2,16,11,86.8245067531784,92.00704731293557,82.69933870263527,86.91836939721134,41.936855741919686,45.37014834880566,39.147877713216694,41.6916792932479
2,16,12,70.57695459146558,82.15029427882169,68.27182751755585,70.9529111960004,40.16560733278625,47.87741753062407,38.4641640765693,39.94576846346046
2,16,13,55.747195361368,62.89087878692509,53.414872661945054,56.283957700301336,45.794881072114784,52.3825596456806,43.485454906697896,45.56783547744692
2,16,14,46.24619109121789,45.7248747907559,42.738656346262125,46.505645797741096,26.338691779617832,26.17023637588509,23.760848804802002,26.104924034107476
2,16,15,36.12306565136402,33.44473367046956,31.12959978261838,36.62268406684972,22.212076557917733,20.29322575202543,18.301521432363888,21.95915262356037
2,16,16,17.54799766508937,16.413856398591424,13.645716455021331,17.94836824659127,6.051899774514529,5.305647098597655,3.68592805132893,5.910566565789589
2,16,17,3.2671002185309503,2.9503379679109707,2.0440912028826785,3.3754978050873983,186.27150037133103,281.32309928792336,534.1407852722838,201.50374989280277
2,16,18,0.0,0.0,0.0,0.0,0.0,0.0,0.0,0.0
2,16,19,0.0,0.0,0.0,0.0,0.0,0.0,0.0,0.0
2,16,20,0.0,0.0,0.0,0.0,0.0,0.0,0.0,0.0
2,16,21,0.0,0.0,0.0,0.0,0.0,0.0,0.0,0.0
2,16,22,0.0,0.0,0.0,0.0,0.0,0.0,0.0,0.0
2,16,23,0.0,0.0,0.0,0.0,0.0,0.0,0.0,0.0
2,17,0,0.0,0.0,0.0,0.0,0.0,0.0,0.0,0.0
2,17,1,0.0,0.0,0.0,0.0,0.0,0.0,0.0,0.0
2,17,2,0.0,0.0,0.0,0.0,0.0,0.0,0.0,0.0
2,17,3,0.0,0.0,0.0,0.0,0.0,0.0,0.0,0.0
2,17,4,0.0,0.0,0.0,0.0,0.0,0.0,0.0,0.0
2,17,5,0.0,0.0,0.0,0.0,0.0,0.0,0.0,0.0
2,17,6,0.0,0.0,0.0,0.0,0.0,0.0,0.0,0.0
2,17,7,5.62151966277069,5.922426269081201,25.089614258217285,6.1762669971135775,-0.0,-0.0,-0.0,-0.0
2,17,8,288.6473129157168,479.67676853033583,617.5076333506664,499.980385301643,245.7793575150871,421.2997729550755,550.0786512708114,436.26387088736067
2,17,9,545.1209427557606,651.6537830020252,802.6250382019786,643.2554056283278,531.9179675733795,642.9667014383352,801.56197954598,626.6487984844041
2,17,10,649.3648469442409,612.5483760979209,778.6732328642385,529.2742423677969,724.3850634556544,680.6322357977735,833.3333333333334,553.8586795048896
2,17,11,710.176579165271,574.1604378009924,766.1351912636635,386.03844266138924,416.6722406874064,373.5090198378051,434.68687385540136,289.4302509701579
2,17,12,822.8192308320931,592.3476434180203,833.3333333333334,187.62669630832016,833.3333333333334,634.9950100450019,833.3333333333334,154.50895795410887
2,17,13,825.5540004177936,613.9175362696789,833.3333333333334,235.23499655559877,833.3333333333334,652.4007907072169,833.3333333333334,220.54751566942775
2,17,14,751.9779921948449,644.9795038186171,833.3333333333334,386.97087372657126,820.3543163588946,696.7139914873183,833.3333333333334,386.32750848139295
2,17,15,621.4588581492923,662.764041232476,821.9795179898861,489.3049465455573,683.4174723190503,730.8307080715691,833.3333333333334,506.89621219361493
2,17,16,431.53108280445105,606.7881114015303,751.5824132643262,498.35079886708166,489.848414241287,695.4889166703582,833.3333333333334,548.1583697501138
2,17,17,155.72002910696364,245.39018816192004,501.68376250721104,176.47595730921796,216.70032646146348,327.37518892125956,676.302607147514,241.82700069534334
2,17,18,0.0,0.0,0.0,0.0,0.0,0.0,0.0,0.0
2,17,19,0.0,0.0,0.0,0.0,0.0,0.0,0.0,0.0
2,17,20,0.0,0.0,0.0,0.0,0.0,0.0,0.0,0.0
2,17,21,0.0,0.0,0.0,0.0,0.0,0.0,0.0,0.0
2,17,22,0.0,0.0,0.0,0.0,0.0,0.0,0.0,0.0
2,17,23,0.0,0.0,0.0,0.0,0.0,0.0,0.0,0.0
2,18,0,0.0,0.0,0.0,0.0,0.0,0.0,0.0,0.0
2,18,1,0.0,0.0,0.0,0.0,0.0,0.0,0.0,0.0
2,18,2,0.0,0.0,0.0,0.0,0.0,0.0,0.0,0.0
2,18,3,0.0,0.0,0.0,0.0,0.0,0.0,0.0,0.0
2,18,4,0.0,0.0,0.0,0.0,0.0,0.0,0.0,0.0
2,18,5,0.0,0.0,0.0,0.0,0.0,0.0,0.0,0.0
2,18,6,0.0,0.0,0.0,0.0,0.0,0.0,0.0,0.0
2,18,7,4.74392371646516,4.73803939660453,14.33585054401,4.990316326460177,-0.0,-0.0,-0.0,-0.0
2,18,8,192.7179828484688,301.9304165702889,374.11644866921995,321.786230169053,49.81698366345885,50.442358118804165,44.123411179149095,54.86772045692934
2,18,9,510.505039018381,603.8518831723603,736.4537539899527,602.9602190029788,528.6392155233651,639.5886122172312,793.6341568790573,623.2770786934593
2,18,10,719.226804988091,680.4652804834785,833.3333333333334,569.2931021385536,725.1196103608098,683.4803500955223,833.3333333333334,557.1350876166294
2,18,11,768.3027566009288,608.2044303041525,832.0745142158827,381.74136560319045,832.4273837872705,649.1987922302371,833.3333333333334,372.0489650979133
2,18,12,697.715078962158,530.7607871703295,723.9893124306476,233.84844718624277,833.3333333333334,627.7292455624984,833.3333333333334,166.00231700538913
2,18,13,627.7196599110421,508.8575618866548,657.5332509334182,282.78434080496413,662.7824286883223,516.8459498685191,697.3844495761264,247.2861234177361
2,18,14,469.8322744053543,423.69069376775184,512.9950118250403,329.99650634177357,568.5784165805843,499.30053872851806,634.7006272808914,333.9704101931315
2,18,15,340.2370866296698,347.73466084201283,408.64991384077473,300.42636478717446,446.9956017836123,464.4904424172139,559.2457220158318,368.63786504927873
2,18,16,121.03632450266733,129.0681811290061,130.615424227534,129.10469879870345,199.3421588396036,235.18465732723067,263.16196613772814,217.54781380303496
2,18,17,19.135213105886816,18.123413006629637,13.455047680646404,19.620337025333935,72.38576185306404,105.31004602926619,121.2484751078269,75.19415116021808
2,18,18,0.0,0.0,0.0,0.0,0.0,0.0,0.0,0.0
2,18,19,0.0,0.0,0.0,0.0,0.0,0.0,0.0,0.0
2,18,20,0.0,0.0,0.0,0.0,0.0,0.0,0.0,0.0
2,18,21,0.0,0.0,0.0,0.0,0.0,0.0,0.0,0.0
2,18,22,0.0,0.0,0.0,0.0,0.0,0.0,0.0,0.0
2,18,23,0.0,0.0,0.0,0.0,0.0,0.0,0.0,0.0
2,19,0,0.0,0.0,0.0,0.0,0.0,0.0,0.0,0.0
2,19,1,0.0,0.0,0.0,0.0,0.0,0.0,0.0,0.0
2,19,2,0.0,0.0,0.0,0.0,0.0,0.0,0.0,0.0
2,19,3,0.0,0.0,0.0,0.0,0.0,0.0,0.0,0.0
2,19,4,0.0,0.0,0.0,0.0,0.0,0.0,0.0,0.0
2,19,5,0.0,0.0,0.0,0.0,0.0,0.0,0.0,0.0
2,19,6,0.0,0.0,0.0,0.0,0.0,0.0,0.0,0.0
2,19,7,-0.0,-0.0,-0.0,-0.0,-0.0,-0.0,-0.0,-0.0
2,19,8,18.38893537464052,17.18139439211296,13.389861289902944,19.128954623328823,16.22056844797183,15.237980425319389,14.536714286932739,22.74760573189607
2,19,9,23.377180401520715,21.576151935519295,19.121398763318304,23.959549399973746,5.804617850757103,5.327272630459427,5.343432185166945,8.967692085011588
2,19,10,29.133600638477834,26.844442192462257,26.22068750221741,29.578870550251217,21.10781770728426,19.9257417440554,20.755005114386485,29.26828375511987
2,19,11,73.09589630348893,77.99683659879985,69.9033161969763,73.61214504814687,16.48952319673103,17.5981110983947,16.659577990977013,23.16528598133156
2,19,12,38.74901346501547,45.783793559974114,37.65356814406842,39.253488293747075,32.635322772316194,37.42684768197889,33.321357230125884,44.61233670026198
2,19,13,47.64017528685598,53.95446748121393,45.96048508615727,48.20943531988071,57.40392004876516,63.2007578208015,58.35499079365819,77.52342821511505
2,19,14,41.67964325300763,41.59569610981623,38.54025186869713,42.548371658352494,53.0826481300799,53.038565391929055,53.01495861113028,71.7480861579753
2,19,15,66.82110780629283,62.198234843823094,58.81078898681966,68.00274654343339,7.113185742090976,6.5744899660257365,6.768457819303434,10.710705522786872
2,19,16,54.16351631394596,51.49604227317672,44.99514143394027,55.88141413352389,13.088512855342092,12.256779081669125,11.958150557293834,18.60926452357006
2,19,17,11.596808965448236,10.702782491570494,7.76371936362933,11.889926306523805,36.601901079773626,42.75987658342739,46.710890149450435,49.231975199765856
2,19,18,0.0,0.0,0.0,0.0,0.0,0.0,0.0,0.0
2,19,19,0.0,0.0,0.0,0.0,0.0,0.0,0.0,0.0
2,19,20,0.0,0.0,0.0,0.0,0.0,0.0,0.0,0.0
2,19,21,0.0,0.0,0.0,0.0,0.0,0.0,0.0,0.0
2,19,22,0.0,0.0,0.0,0.0,0.0,0.0,0.0,0.0
2,19,23,0.0,0.0,0.0,0.0,0.0,0.0,0.0,0.0
2,20,0,0.0,0.0,0.0,0.0,0.0,0.0,0.0,0.0
2,20,1,0.0,0.0,0.0,0.0,0.0,0.0,0.0,0.0
2,20,2,0.0,0.0,0.0,0.0,0.0,0.0,0.0,0.0
2,20,3,0.0,0.0,0.0,0.0,0.0,0.0,0.0,0.0
2,20,4,0.0,0.0,0.0,0.0,0.0,0.0,0.0,0.0
2,20,5,0.0,0.0,0.0,0.0,0.0,0.0,0.0,0.0
2,20,6,0.0,0.0,0.0,0.0,0.0,0.0,0.0,0.0
2,20,7,9.583719731757416,14.162536799189153,16.268047795751606,18.27843616700776,-0.0,-0.0,-0.0,-0.0
2,20,8,114.49030099101378,136.43269116101249,143.12511305913438,154.20062768666287,228.30245867348142,391.55424941119696,514.7903841575436,426.10992792222453
2,20,9,476.92510380753566,560.0933681318928,673.2153341357248,560.4660490607555,528.114769412874,641.9551915386621,814.5381433597456,680.9227349747887
2,20,10,652.0089243899262,617.8580899581376,760.206463207441,548.6533072909833,733.6496953662341,702.4615602279297,833.3333333333334,673.660717200343
2,20,11,797.9944505589144,655.7761330022028,833.3333333333334,437.80648884776167,833.3333333333334,675.2918690478464,833.3333333333334,547.1226000597895
2,20,12,299.0446953069906,308.3418177528352,300.5391798318617,240.86365046291024,757.1604093584837,591.4154130655627,801.28030725643,456.9703978317148
2,20,13,359.32687406646744,355.777878446802,363.93564567711724,280.2339824035434,355.9290429067561,345.7746052395593,372.97125831149634,369.2234169400054
2,20,14,648.940563436544,572.5595862078404,727.6737537524141,390.5473951265826,582.8744425217619,528.8619562810087,660.2453733842106,531.2268212419664
2,20,15,586.4446804296895,626.4985445975501,764.1303432543722,480.9283756946537,692.7621217509195,749.9083843359797,833.3333333333334,649.4393602800977
2,20,16,405.3617178861212,565.0166194320681,688.394837970965,471.26440297517894,493.2320527604646,694.2035819596139,833.3333333333334,601.2472602093184
2,20,17,154.98926709027467,253.1186170928231,444.0098643554815,184.4009898555831,198.857298334284,369.52355856798135,510.7847754102021,255.93829747246085
2,20,18,0.0,0.0,0.0,0.0,0.0,0.0,0.0,0.0
2,20,19,0.0,0.0,0.0,0.0,0.0,0.0,0.0,0.0
2,20,20,0.0,0.0,0.0,0.0,0.0,0.0,0.0,0.0
2,20,21,0.0,0.0,0.0,0.0,0.0,0.0,0.0,0.0
2,20,22,0.0,0.0,0.0,0.0,0.0,0.0,0.0,0.0
2,20,23,0.0,0.0,0.0,0.0,0.0,0.0,0.0,0.0
2,21,0,0.0,0.0,0.0,0.0,0.0,0.0,0.0,0.0
2,21,1,0.0,0.0,0.0,0.0,0.0,0.0,0.0,0.0
2,21,2,0.0,0.0,0.0,0.0,0.0,0.0,0.0,0.0
2,21,3,0.0,0.0,0.0,0.0,0.0,0.0,0.0,0.0
2,21,4,0.0,0.0,0.0,0.0,0.0,0.0,0.0,0.0
2,21,5,0.0,0.0,0.0,0.0,0.0,0.0,0.0,0.0
2,21,6,0.0,0.0,0.0,0.0,0.0,0.0,0.0,0.0
2,21,7,1.591907243236485,1.225697323412709,0.24347986997591473,1.7030943425502387,-0.0,-0.0,-0.0,-0.0
2,21,8,33.185787578556074,30.853268281257158,24.51384098695256,34.23845534595812,15.98261450095451,14.496914097933724,10.578829562821973,15.595832238541506
2,21,9,133.67356095763452,131.62724480321364,131.1393483351015,142.73042888337926,93.17853233959366,90.45489489144228,86.89031979280729,95.04044549931372
2,21,10,211.9640815958935,198.36351781780044,212.7989490321091,205.52726887325753,149.26589677856208,139.1443183640097,144.92970895431336,140.97957718418687
2,21,11,593.7977218776919,489.89426199283133,638.7336730391678,336.39345791512045,250.14032394954685,238.1326399331567,255.66266711189772,194.9470319227631
2,21,12,782.8950448103972,584.1775523380868,809.3049368785775,212.40033291352236,833.3333333333334,620.1961386628789,833.3333333333334,153.57567987651876
2,21,13,372.36774692251157,342.42479231546133,383.55385312550885,243.09903861399349,670.770091866843,529.5058104014122,703.868794089781,248.43741569006187
2,21,14,492.77842009948097,440.4044062864807,547.4574709982991,317.1279427456417,148.48504901036807,145.02196018405024,143.77358878025322,134.44803254605742
2,21,15,411.27976702686266,432.76242981150295,517.6921537830788,349.8631186100316,392.3203535350821,406.4562569133944,477.86772546751126,326.5885617578227
2,21,16,417.50116024902775,583.2590440028105,706.2669657928539,488.46790833062215,32.27561108269584,29.60452123444283,24.13207150134543,31.700738642498965
2,21,17,155.01623383771727,259.61952361060645,456.95277498441027,189.45044907243596,126.02552782098553,216.8349940998088,279.63102602270317,141.84586636151118
2,21,18,0.0,0.0,0.0,0.0,0.0,0.0,0.0,0.0
2,21,19,0.0,0.0,0.0,0.0,0.0,0.0,0.0,0.0
2,21,20,0.0,0.0,0.0,0.0,0.0,0.0,0.0,0.0
2,21,21,0.0,0.0,0.0,0.0,0.0,0.0,0.0,0.0
2,21,22,0.0,0.0,0.0,0.0,0.0,0.0,0.0,0.0
2,21,23,0.0,0.0,0.0,0.0,0.0,0.0,0.0,0.0
2,22,0,0.0,0.0,0.0,0.0,0.0,0.0,0.0,0.0
2,22,1,0.0,0.0,0.0,0.0,0.0,0.0,0.0,0.0
2,22,2,0.0,0.0,0.0,0.0,0.0,0.0,0.0,0.0
2,22,3,0.0,0.0,0.0,0.0,0.0,0.0,0.0,0.0
2,22,4,0.0,0.0,0.0,0.0,0.0,0.0,0.0,0.0
2,22,5,0.0,0.0,0.0,0.0,0.0,0.0,0.0,0.0
2,22,6,0.0,0.0,0.0,0.0,0.0,0.0,0.0,0.0
2,22,7,-0.0,-0.0,-0.0,-0.0,-0.0,-0.0,-0.0,-0.0
2,22,8,24.918767187200338,23.280737635376326,18.510978371567273,25.879681141366007,184.05712793257965,310.96078489970756,386.7822805696705,337.2458445912729
2,22,9,82.31552185686469,78.33329599956092,73.88742647102755,85.89792507090152,41.4339542756049,38.11304158822551,33.59680636162502,40.797550400802024
2,22,10,99.21810058487779,92.70454070323599,93.03185446546696,100.25062477298813,92.95912437727922,86.58274083438118,85.83177491074184,90.75802372255994
2,22,11,112.27487680155592,118.5463620550437,109.28769090337863,110.58733695897983,115.69296194546266,122.43609785839345,111.96443102992205,109.62501427319992
2,22,12,315.63848767484507,270.9285420883388,324.35722533559004,163.0660056219744,83.79934427307221,97.66540484738339,82.05796517872854,80.72548787606506
2,22,13,272.36926347480505,261.2256191052819,278.44107306356887,198.61138029939633,551.6089135551597,474.54206744692647,572.823183600089,273.2042683014281
2,22,14,122.0739790489759,120.44983801090322,117.56825243399255,119.11065976031405,45.80944353738039,45.90057530338158,42.28265505659631,45.208838448041455
2,22,15,29.92742633886322,27.536207188304306,25.691218195524947,30.611138416431437,21.424246283321597,19.5470788010739,17.914735536976405,21.003673389978786
2,22,16,21.67739391623119,19.906607953699467,16.472885058073302,22.148155199228437,6.419317775664771,5.639409969745598,4.059308961279846,6.202417337190112
2,22,17,1.16293835957194,0.8062187552818828,-0.0,1.2291923417607356,183.84134421800317,307.00364081398504,522.6515495057988,225.2722769462922
2,22,18,0.0,0.0,0.0,0.0,0.0,0.0,0.0,0.0
2,22,19,0.0,0.0,0.0,0.0,0.0,0.0,0.0,0.0
2,22,20,0.0,0.0,0.0,0.0,0.0,0.0,0.0,0.0
2,22,21,0.0,0.0,0.0,0.0,0.0,0.0,0.0,0.0
2,22,22,0.0,0.0,0.0,0.0,0.0,0.0,0.0,0.0
2,22,23,0.0,0.0,0.0,0.0,0.0,0.0,0.0,0.0
2,23,0,0.0,0.0,0.0,0.0,0.0,0.0,0.0,0.0
2,23,1,0.0,0.0,0.0,0.0,0.0,0.0,0.0,0.0
2,23,2,0.0,0.0,0.0,0.0,0.0,0.0,0.0,0.0
2,23,3,0.0,0.0,0.0,0.0,0.0,0.0,0.0,0.0
2,23,4,0.0,0.0,0.0,0.0,0.0,0.0,0.0,0.0
2,23,5,0.0,0.0,0.0,0.0,0.0,0.0,0.0,0.0
2,23,6,0.0,0.0,0.0,0.0,0.0,0.0,0.0,0.0
2,23,7,-0.0,-0.0,-0.0,-0.0,-0.0,-0.0,-0.0,-0.0
2,23,8,16.658759248985056,15.360612967418454,11.88131574066143,17.19535774495521,213.43233815508503,370.02443574908904,462.8453766827083,404.5409709855444
2,23,9,177.47946206904712,207.49259738121862,246.54758346394237,209.12357891205133,80.05719150030825,75.88270282271473,70.68045534105022,80.48293434229474
2,23,10,483.1022406831838,461.5179569144197,571.7401852166412,404.49832850461036,696.1398963289064,664.2409133015968,833.3333333333334,529.7313652964143
2,23,11,596.5453497355365,488.84001569507643,641.597945735241,321.26701318678073,824.4972065897288,649.7330813775363,833.3333333333334,350.86010064303827
2,23,12,816.1187001324752,606.6999684109305,833.3333333333334,194.77916457338878,833.3333333333334,632.6014055446807,833.3333333333334,141.97642835200926
2,23,13,806.4644411079599,622.2170646769993,833.3333333333334,256.22364317920824,833.3333333333334,645.1068646628826,833.3333333333334,210.8401851916495
2,23,14,426.9512374784919,381.62238356840726,476.54916831919627,265.36090836605325,778.8019051586688,676.5350148487586,833.3333333333334,367.80873004001467
2,23,15,243.96391951513732,244.84508108405558,272.73241956086594,227.85682146060526,649.0081568505452,708.5126069763127,833.3333333333334,484.8306666155385
2,23,16,87.63980703798146,88.55866976764375,84.01620392221349,92.13976727418576,134.79639728315306,142.99556609784523,142.1565279534992,139.71132646103993
2,23,17,30.279412364388225,32.495575076275586,29.926806927138323,31.860195838931148,25.0795223582461,24.84242418706379,19.185449375247707,24.93184261425254
2,23,18,0.0,0.0,0.0,0.0,0.0,0.0,0.0,0.0
2,23,19,0.0,0.0,0.0,0.0,0.0,0.0,0.0,0.0
2,23,20,0.0,0.0,0.0,0.0,0.0,0.0,0.0,0.0
2,23,21,0.0,0.0,0.0,0.0,0.0,0.0,0.0,0.0
2,23,22,0.0,0.0,0.0,0.0,0.0,0.0,0.0,0.0
2,23,23,0.0,0.0,0.0,0.0,0.0,0.0,0.0,0.0
2,24,0,0.0,0.0,0.0,0.0,0.0,0.0,0.0,0.0
2,24,1,0.0,0.0,0.0,0.0,0.0,0.0,0.0,0.0
2,24,2,0.0,0.0,0.0,0.0,0.0,0.0,0.0,0.0
2,24,3,0.0,0.0,0.0,0.0,0.0,0.0,0.0,0.0
2,24,4,0.0,0.0,0.0,0.0,0.0,0.0,0.0,0.0
2,24,5,0.0,0.0,0.0,0.0,0.0,0.0,0.0,0.0
2,24,6,0.0,0.0,0.0,0.0,0.0,0.0,0.0,0.0
2,24,7,43.535764226130745,74.8079394495139,250.46634295691354,85.97983475314516,-0.0,-0.0,-0.0,-0.0
2,24,8,343.998514964946,595.7374870059843,734.0006135293744,647.4028980868588,298.11067397548214,528.5442631424634,657.3267016535472,575.9710122801969
2,24,9,570.8754609386432,694.9491261466098,831.8643116189088,671.035881893295,556.9161610371407,683.7982014341866,824.7618995914995,651.6110454267375
2,24,10,723.4465181306185,694.836172635796,833.3333333333334,569.1218415302571,737.350723697198,706.0314440979682,833.3333333333334,561.1054534964691
2,24,11,814.5387857438262,654.8856511838907,833.3333333333334,378.4649234403079,833.3333333333334,673.9042204948015,833.3333333333334,365.46938373547437
2,24,12,833.3333333333334,626.5104053615258,833.3333333333334,166.11016864518726,833.3333333333334,645.7331892704929,833.3333333333334,147.5697076739852
2,24,13,826.0175684796053,632.5915204144917,833.3333333333334,233.53619320022673,833.3333333333334,652.6435762132851,833.3333333333334,217.47605741924383
2,24,14,746.8967133633528,657.4131787062692,833.3333333333334,389.034004872169,784.3836538706955,688.097636326864,833.3333333333334,383.2360380442856
2,24,15,604.4031166644598,655.3836675869893,787.9672789320194,497.9287427959502,651.0387042933916,711.3528111441452,833.3333333333334,502.48144872808825
2,24,16,277.80063883371787,370.2739577753446,435.0043777196097,319.6780145229554,467.0881332209539,670.1684693887792,804.0258515380232,542.6180985118906
2,24,17,73.34709970942676,109.50037785052793,141.52338878219263,85.36666751985162,177.27306215747222,309.85509568024554,435.3042552610199,215.99659583667457
2,24,18,0.0,0.0,0.0,0.0,0.0,0.0,0.0,0.0
2,24,19,0.0,0.0,0.0,0.0,0.0,0.0,0.0,0.0
2,24,20,0.0,0.0,0.0,0.0,0.0,0.0,0.0,0.0
2,24,21,0.0,0.0,0.0,0.0,0.0,0.0,0.0,0.0
2,24,22,0.0,0.0,0.0,0.0,0.0,0.0,0.0,0.0
2,24,23,0.0,0.0,0.0,0.0,0.0,0.0,0.0,0.0
2,25,0,0.0,0.0,0.0,0.0,0.0,0.0,0.0,0.0
2,25,1,0.0,0.0,0.0,0.0,0.0,0.0,0.0,0.0
2,25,2,0.0,0.0,0.0,0.0,0.0,0.0,0.0,0.0
2,25,3,0.0,0.0,0.0,0.0,0.0,0.0,0.0,0.0
2,25,4,0.0,0.0,0.0,0.0,0.0,0.0,0.0,0.0
2,25,5,0.0,0.0,0.0,0.0,0.0,0.0,0.0,0.0
2,25,6,0.0,0.0,0.0,0.0,0.0,0.0,0.0,0.0
2,25,7,13.272128770376941,20.26831698224794,25.65363189921758,25.72976076709266,-0.0,-0.0,-0.0,-0.0
2,25,8,162.7754576464088,239.84631361132804,279.817256215509,268.6404098513081,90.85973070719528,115.37249130888249,122.43002297452216,126.94342857078357
2,25,9,284.9072602264378,313.8037702388606,352.66830006814905,323.5073878105602,270.4075598479111,305.6136912116573,348.58462483724884,304.43333774753916
2,25,10,329.5054871931405,314.16273299323984,369.82655172342237,294.871588496165,252.6094623917687,239.15186638287966,269.86933467763816,224.65523676807211
2,25,11,640.4310633060064,548.9069741843296,680.8950407555604,388.44309048147136,553.1732585961945,466.33117757713745,589.5567442292506,302.2130521091302
2,25,12,679.70594123182,534.9492732223117,700.5176261875007,235.44586465901943,676.5100470141797,516.0521481594715,697.3132945353408,186.1052020568658
2,25,13,780.63549174431,605.2431086119736,813.9253107280506,239.1022742163684,833.3333333333334,647.206698983843,833.3333333333334,213.9995878879164
2,25,14,716.4318997308565,633.6232997697184,807.2934424487676,377.84147107884166,775.6590477526876,680.5367803230329,833.3333333333334,369.103427431217
2,25,15,590.0722532822763,646.1130799947628,775.8245179670689,474.4745547637152,648.5860655032109,713.6293733312702,833.3333333333334,485.06686635431976
2,25,16,411.1176177545423,593.76469412111,712.7221691405159,486.8491046168847,461.0039398650319,671.406663522273,808.2663578294845,526.3561883710826
2,25,17,155.76411093289443,289.71951625667805,499.9610047581353,212.38933489893418,210.01173846173202,380.55541570050514,653.3639221701604,280.24499858842285
2,25,18,0.0,0.0,0.0,0.0,0.0,0.0,0.0,0.0
2,25,19,0.0,0.0,0.0,0.0,0.0,0.0,0.0,0.0
2,25,20,0.0,0.0,0.0,0.0,0.0,0.0,0.0,0.0
2,25,21,0.0,0.0,0.0,0.0,0.0,0.0,0.0,0.0
2,25,22,0.0,0.0,0.0,0.0,0.0,0.0,0.0,0.0
2,25,23,0.0,0.0,0.0,0.0,0.0,0.0,0.0,0.0
2,26,0,0.0,0.0,0.0,0.0,0.0,0.0,0.0,0.0
2,26,1,0.0,0.0,0.0,0.0,0.0,0.0,0.0,0.0
2,26,2,0.0,0.0,0.0,0.0,0.0,0.0,0.0,0.0
2,26,3,0.0,0.0,0.0,0.0,0.0,0.0,0.0,0.0
2,26,4,0.0,0.0,0.0,0.0,0.0,0.0,0.0,0.0
2,26,5,0.0,0.0,0.0,0.0,0.0,0.0,0.0,0.0
2,26,6,0.0,0.0,0.0,0.0,0.0,0.0,0.0,0.0
2,26,7,2.4996019351708116,2.0992997460669303,0.8698932628594698,2.65054905840124,-0.0,-0.0,-0.0,-0.0
2,26,8,39.365241460456694,36.87943284492763,30.188817503948524,40.9622554421037,194.58225294874808,326.8020870558766,397.74838082432944,361.48194925130406
2,26,9,75.21179896152111,70.94168358716543,66.48218527928512,77.98857164670865,41.67523953258329,38.3223909904668,34.17074072156866,40.78017768374467
2,26,10,99.8659395453183,94.20139893261357,94.3793922861535,100.96104721816226,77.34202639926485,72.66350625368382,71.17910163787455,75.52222546423073
2,26,11,87.74236056054957,94.21394718331864,85.65065582756748,88.09006293024694,96.96728552304505,104.18842615411288,94.20072995229117,92.75482696786977
2,26,12,96.89982597791678,111.43386488669594,96.44574225051868,95.50216808132741,74.81051932950054,87.9119989577374,73.89463022299674,72.43443964699544
2,26,13,98.29861901932802,109.2502542039881,97.18212589853667,96.92097331150373,94.2485209762895,105.68644841569547,92.57125023899721,89.49469516478183
2,26,14,108.32790743637348,107.88002363721327,104.51135001508754,106.84650990668652,83.90691357882133,84.0868562670571,79.3020785193657,80.88777319320037
2,26,15,130.95717053581845,124.8223651075169,125.49070363099662,130.36354320790576,81.8859152298861,76.36964709663769,73.25645067608876,79.45753797713323
2,26,16,78.90122557696436,77.82817798488607,71.95880086940045,82.41699108048086,72.4105104185504,70.32339584645209,62.96581363751667,72.30472253972998
2,26,17,18.4766959594065,17.18003432280069,12.81443737096085,18.98570090156273,206.79855707712326,369.62924218992555,610.2296673262517,279.4901517911112
2,26,18,0.0,0.0,0.0,0.0,0.0,0.0,0.0,0.0
2,26,19,0.0,0.0,0.0,0.0,0.0,0.0,0.0,0.0
2,26,20,0.0,0.0,0.0,0.0,0.0,0.0,0.0,0.0
2,26,21,0.0,0.0,0.0,0.0,0.0,0.0,0.0,0.0
2,26,22,0.0,0.0,0.0,0.0,0.0,0.0,0.0,0.0
2,26,23,0.0,0.0,0.0,0.0,0.0,0.0,0.0,0.0
2,27,0,0.0,0.0,0.0,0.0,0.0,0.0,0.0,0.0
2,27,1,0.0,0.0,0.0,0.0,0.0,0.0,0.0,0.0
2,27,2,0.0,0.0,0.0,0.0,0.0,0.0,0.0,0.0
2,27,3,0.0,0.0,0.0,0.0,0.0,0.0,0.0,0.0
2,27,4,0.0,0.0,0.0,0.0,0.0,0.0,0.0,0.0
2,27,5,0.0,0.0,0.0,0.0,0.0,0.0,0.0,0.0
2,27,6,0.0,0.0,0.0,0.0,0.0,0.0,0.0,0.0
2,27,7,0.41285910244738555,0.1900288163779131,-0.0,0.5517632965098912,-0.0,-0.0,-0.0,-0.0
2,27,8,26.506374677748145,24.83660691928274,20.167675153602165,27.598306073574175,248.21013559263798,433.95659408502536,532.9883104897746,477.47408682602884
2,27,9,40.83568237963708,37.967528684578085,34.84614718371648,41.92397952869242,14.078651308045307,12.73059016589779,11.100714847456752,13.616932995427607
2,27,10,57.22268121970836,54.058809495593835,52.93300320417571,58.46512422779267,66.30089292029746,62.49899515654987,60.74686698470672,64.72822848891693
2,27,11,73.59066632096778,79.50836322173151,71.79880263806977,74.4854880551158,108.53217295057672,115.95129982591335,106.03325081271265,102.23938300280531
2,27,12,110.18139703160954,125.81687830927554,110.05551507674268,107.23115452088811,12.34277809798664,15.289333105817489,12.157519381295701,11.99241178358108
2,27,13,85.48271311282747,95.67249689892925,84.54125126431242,85.3626352949532,60.385050679922905,69.03918162800989,59.12751158298127,59.28657849991087
2,27,14,86.83098176958136,86.94196571910503,83.19315312182674,87.0744778921912,70.6272014376943,71.08025551207163,66.43806981229956,68.8824349965639
2,27,15,72.64329208024397,67.7884167532648,65.39092127608207,73.91310692587747,32.84950096213213,30.131521155040023,28.149191329884598,32.02932125411937
2,27,16,39.19782976285229,36.43875790012533,31.28754717949276,40.13979589847844,28.02148777763182,25.644934998125205,21.114698194357892,27.24977754899921
2,27,17,11.208305795382536,10.340325525993023,7.393415062016973,11.521582628089622,212.63471776468975,385.9499104899322,631.7387761273686,288.69072740836987
2,27,18,0.0,0.0,0.0,0.0,0.0,0.0,0.0,0.0
2,27,19,0.0,0.0,0.0,0.0,0.0,0.0,0.0,0.0
2,27,20,0.0,0.0,0.0,0.0,0.0,0.0,0.0,0.0
2,27,21,0.0,0.0,0.0,0.0,0.0,0.0,0.0,0.0
2,27,22,0.0,0.0,0.0,0.0,0.0,0.0,0.0,0.0
2,27,23,0.0,0.0,0.0,0.0,0.0,0.0,0.0,0.0
2,28,0,0.0,0.0,0.0,0.0,0.0,0.0,0.0,0.0
2,28,1,0.0,0.0,0.0,0.0,0.0,0.0,0.0,0.0
2,28,2,0.0,0.0,0.0,0.0,0.0,0.0,0.0,0.0
2,28,3,0.0,0.0,0.0,0.0,0.0,0.0,0.0,0.0
2,28,4,0.0,0.0,0.0,0.0,0.0,0.0,0.0,0.0
2,28,5,0.0,0.0,0.0,0.0,0.0,0.0,0.0,0.0
2,28,6,0.0,0.0,0.0,0.0,0.0,0.0,0.0,0.0
2,28,7,3.8625275633072182,3.4559146992537038,2.284837074874377,4.116428373893789,-0.0,-0.0,-0.0,-0.0
2,28,8,61.4223190234483,61.7831565885181,55.21735005965656,68.7881063303061,266.6704327441653,468.47790071803155,571.5575284092586,511.8989483436548
2,28,9,120.38404036246786,116.97689949165135,114.65472081434386,127.03544143038461,88.46315112092668,83.88895347302403,78.72627326277706,87.73434160659211
2,28,10,173.56031317914417,165.03205122776598,170.82146719765996,171.9481343948489,147.2258044862449,139.47424713151503,141.56786954377222,139.69092460049004
2,28,11,225.65861148772143,231.8389438001155,226.7141250659844,208.55134853814562,176.9652747257778,185.20636980101852,175.3155668558349,159.36327577719587
2,28,12,302.3653686613236,317.0280567315765,306.6865289590939,248.94700806804963,234.66665894362424,254.3665212589236,236.01025355933723,192.65728984189735
2,28,13,268.81950582355773,279.442460797987,271.9327096358382,230.53696414206362,252.50949517724354,260.0533580201382,254.0862347367744,195.32852866628852
2,28,14,245.6907184309736,240.2316127681244,247.8030189779836,224.1890160478605,356.2823885635636,336.40001478760104,377.61222383005884,262.0388638922682
2,28,15,257.31854240733287,253.44964215762266,270.0920751286636,248.8736551549757,279.07894685350834,283.9306128974996,314.4378217070822,246.62268461095815
2,28,16,140.81884358678843,149.32748513174948,149.0520959000799,151.36609877966947,251.36782501901283,312.00411383578296,345.7233027681658,276.0871735956785
2,28,17,34.4935305801106,36.335043869190926,31.609328207916185,36.492617835007906,219.36358012576133,411.6588756900271,660.2407393314535,310.8207971442907
2,28,18,0.0,0.0,0.0,0.0,0.0,0.0,0.0,0.0
2,28,19,0.0,0.0,0.0,0.0,0.0,0.0,0.0,0.0
2,28,20,0.0,0.0,0.0,0.0,0.0,0.0,0.0,0.0
2,28,21,0.0,0.0,0.0,0.0,0.0,0.0,0.0,0.0
2,28,22,0.0,0.0,0.0,0.0,0.0,0.0,0.0,0.0
2,28,23,0.0,0.0,0.0,0.0,0.0,0.0,0.0,0.0
3,1,0,0.0,0.0,0.0,0.0,0.0,0.0,0.0,0.0
3,1,1,0.0,0.0,0.0,0.0,0.0,0.0,0.0,0.0
3,1,2,0.0,0.0,0.0,0.0,0.0,0.0,0.0,0.0
3,1,3,0.0,0.0,0.0,0.0,0.0,0.0,0.0,0.0
3,1,4,0.0,0.0,0.0,0.0,0.0,0.0,0.0,0.0
3,1,5,0.0,0.0,0.0,0.0,0.0,0.0,0.0,0.0
3,1,6,0.0,0.0,0.0,0.0,0.0,0.0,0.0,0.0
3,1,7,10.716338183867043,9.973156725937258,7.126596584585347,11.334281638751749,-0.0,-0.0,-0.0,-0.0
3,1,8,84.04937876100776,89.15952114705613,84.21491377831642,99.7316298193624,255.5351439630332,444.3448283484398,537.665704279415,484.10782446775903
3,1,9,148.71434686176053,146.8443667246953,147.12422772999622,158.58540959320982,100.49981720916139,96.29714807421931,91.83552147244458,100.4702123679776
3,1,10,164.12983347129634,156.308601514627,161.25000051186615,163.0429619290335,143.3473818301704,136.06322864741787,138.00616164656478,136.2358357538571
3,1,11,211.49355219316612,218.20921034030638,212.51723791963016,196.5856766519628,221.5961961664786,217.77792854497497,226.46151197986256,176.9555944795724
3,1,12,240.00437722933287,258.36882956825644,243.01004221974176,208.72127569432496,200.04246396979858,217.93252772743315,201.13830706150233,164.91879734382013
3,1,13,259.819977694294,270.8073568831073,263.10427312375424,223.85109391178682,167.3503658980829,180.3789395152597,167.16583108747074,144.65057514905735
3,1,14,388.83285925978504,365.97567215850484,417.2200204639459,293.47619604101436,295.4178181533955,285.8060010881508,301.75540258478236,241.006766072665
3,1,15,574.033953522512,631.7703573760331,746.5818695631225,481.0000387948281,619.478458592649,684.4400814563401,803.0244241980162,498.1377595740557
3,1,16,394.196169876193,565.234538139959,666.8149060172025,469.75195324778025,455.1524599440254,658.9265619996766,772.3317271928213,540.4566758499276
3,1,17,145.84260724848562,278.4169986101921,433.99657343639393,208.63918931938025,212.47196840534752,402.191269593214,630.9188715142175,306.6467171729996
3,1,18,0.0,0.0,0.0,0.0,0.0,0.0,0.0,0.0
3,1,19,0.0,0.0,0.0,0.0,0.0,0.0,0.0,0.0
3,1,20,0.0,0.0,0.0,0.0,0.0,0.0,0.0,0.0
3,1,21,0.0,0.0,0.0,0.0,0.0,0.0,0.0,0.0
3,1,22,0.0,0.0,0.0,0.0,0.0,0.0,0.0,0.0
3,1,23,0.0,0.0,0.0,0.0,0.0,0.0,0.0,0.0
3,2,0,0.0,0.0,0.0,0.0,0.0,0.0,0.0,0.0
3,2,1,0.0,0.0,0.0,0.0,0.0,0.0,0.0,0.0
3,2,2,0.0,0.0,0.0,0.0,0.0,0.0,0.0,0.0
3,2,3,0.0,0.0,0.0,0.0,0.0,0.0,0.0,0.0
3,2,4,0.0,0.0,0.0,0.0,0.0,0.0,0.0,0.0
3,2,5,0.0,0.0,0.0,0.0,0.0,0.0,0.0,0.0
3,2,6,0.0,0.0,0.0,0.0,0.0,0.0,0.0,0.0
3,2,7,20.3536752776588,25.959148089928338,25.865535427715017,31.30608835711693,-0.0,-0.0,-0.0,-0.0
3,2,8,87.35760543721634,93.26542073335254,88.59585816223597,104.24604095817719,60.72610449800754,62.40290847266649,55.71286745460497,66.86194461251111
3,2,9,86.4759045362214,82.30095139231466,78.69629890619885,90.07459428744019,34.570119057116536,31.721578229341926,28.607227340007736,33.70901300827124
3,2,10,142.3042023069516,135.69059904313576,138.71540450987342,142.1358299139448,52.19933808998797,49.421865037724075,47.89250938202501,51.146932853187444
3,2,11,160.44277613669234,168.493471132016,160.24234603942986,153.89484553834427,146.66241534032181,154.7755932716276,145.4731023726095,134.34597440813346
3,2,12,137.89632117944927,155.41578376325768,138.9807747760267,130.9182093947824,102.13247262786471,117.8760155858682,102.25257467152869,95.603410627273
3,2,13,183.33045479309632,196.9155721905298,184.61480169689446,168.52272732487907,99.88397192333689,111.59484309754154,99.20175315986981,93.98440325860133
3,2,14,152.3142064560387,151.31653293407393,150.19337459441644,146.81391995620194,159.66591471104022,158.31139482889503,156.88154146946766,145.2929697147036
3,2,15,164.45769848916132,158.50529949631164,162.4552837757773,162.9330719458581,192.49465844135744,187.8126203666454,194.8283746617133,178.84372353191966
3,2,16,103.16555033602836,104.8025819198734,100.20911455715618,109.11492126883942,138.04449156056774,148.8039772056606,147.6876513823039,142.95205090462485
3,2,17,62.26014743233211,78.70457623049019,79.45612749611254,70.03822060421851,205.39844548367248,390.5242402874778,594.0413852076846,293.49091718554416
3,2,18,0.0,0.0,0.0,0.0,0.0,0.0,0.0,0.0
3,2,19,0.0,0.0,0.0,0.0,0.0,0.0,0.0,0.0
3,2,20,0.0,0.0,0.0,0.0,0.0,0.0,0.0,0.0
3,2,21,0.0,0.0,0.0,0.0,0.0,0.0,0.0,0.0
3,2,22,0.0,0.0,0.0,0.0,0.0,0.0,0.0,0.0
3,2,23,0.0,0.0,0.0,0.0,0.0,0.0,0.0,0.0
3,3,0,0.0,0.0,0.0,0.0,0.0,0.0,0.0,0.0
3,3,1,0.0,0.0,0.0,0.0,0.0,0.0,0.0,0.0
3,3,2,0.0,0.0,0.0,0.0,0.0,0.0,0.0,0.0
3,3,3,0.0,0.0,0.0,0.0,0.0,0.0,0.0,0.0
3,3,4,0.0,0.0,0.0,0.0,0.0,0.0,0.0,0.0
3,3,5,0.0,0.0,0.0,0.0,0.0,0.0,0.0,0.0
3,3,6,0.0,0.0,0.0,0.0,0.0,0.0,0.0,0.0
3,3,7,15.73189514335251,16.46616745060393,13.447188485914719,19.09768226130864,-0.0,-0.0,-0.0,-0.0
3,3,8,103.59610037173688,113.22644694960452,109.85978589766165,126.63314987163501,274.5472113357275,475.7524603350816,602.0846669776802,539.482971015188
3,3,9,461.92482249136833,540.8942371278048,620.3283908523033,536.5024686495889,158.5618690815459,159.98916767954964,174.04873904582976,219.35377271137676
3,3,10,498.3019823787908,482.48914660428215,561.73382825906,440.88635268945944,221.2018150403757,215.24445643145532,236.50559075444733,287.27148053989913
3,3,11,526.8896389952129,488.3176696665746,553.69015001974,383.79386655050524,214.24102982809592,217.27159291884684,224.71950388102033,269.80346283089654
3,3,12,657.2098131265464,566.4133567038741,674.5061608679099,302.7546894720062,411.3106609442963,406.62708772219906,432.0051545574314,445.6465079925789
3,3,13,830.3573886633577,673.8134042234908,833.3333333333334,310.4520365759577,631.7171694798667,559.7272463755378,675.6802428203664,554.5406335293546
3,3,14,727.4669477075023,664.2148587620082,814.4643281416885,431.4837333215973,833.3333333333334,807.7976333724013,833.3333333333334,673.7732277747048
3,3,15,586.3081554749217,643.6337238781365,751.0136693816784,500.35278925992804,744.8187849941277,833.3333333333334,833.3333333333334,738.3207195895193
3,3,16,451.88310069286064,666.0540412978096,782.9487673705255,542.5021618886416,533.1224886859167,792.8851043241203,833.3333333333334,684.2119308331161
3,3,17,179.03020950205908,349.9969898708367,529.9509379499514,265.3140998631661,244.8893375385319,488.1659983893739,791.7188037635798,381.99795709659804
3,3,18,0.0,0.0,0.0,0.0,0.0,0.0,0.0,0.0
3,3,19,0.0,0.0,0.0,0.0,0.0,0.0,0.0,0.0
3,3,20,0.0,0.0,0.0,0.0,0.0,0.0,0.0,0.0
3,3,21,0.0,0.0,0.0,0.0,0.0,0.0,0.0,0.0
3,3,22,0.0,0.0,0.0,0.0,0.0,0.0,0.0,0.0
3,3,23,0.0,0.0,0.0,0.0,0.0,0.0,0.0,0.0
3,4,0,0.0,0.0,0.0,0.0,0.0,0.0,0.0,0.0
3,4,1,0.0,0.0,0.0,0.0,0.0,0.0,0.0,0.0
3,4,2,0.0,0.0,0.0,0.0,0.0,0.0,0.0,0.0
3,4,3,0.0,0.0,0.0,0.0,0.0,0.0,0.0,0.0
3,4,4,0.0,0.0,0.0,0.0,0.0,0.0,0.0,0.0
3,4,5,0.0,0.0,0.0,0.0,0.0,0.0,0.0,0.0
3,4,6,0.0,0.0,0.0,0.0,0.0,0.0,0.0,0.0
3,4,7,53.140392908092295,101.62606165169443,168.98727432948692,122.40514503086928,-0.0,-0.0,-0.0,-0.0
3,4,8,169.58097903585545,205.20154029875292,214.54329100600424,230.22539209613637,80.17559904004378,84.21369696386871,89.96751122412148,120.0537707305245
3,4,9,431.04428115151217,493.23385996687966,557.9938572088756,494.9166343221584,186.09589524370267,190.2793333865062,209.6621106698913,260.29757137409223
3,4,10,416.9830128116605,402.2027595975959,444.70192921014166,391.53777735995135,229.35960738334342,223.64142734520337,246.37579708169113,301.5763581422257
3,4,11,439.8412808426166,433.3743712856935,454.3108253503248,369.0999785785572,226.85818254964119,229.94939814178252,238.63348808490892,290.4251422697483
3,4,12,351.29737310421274,365.6732821692519,358.8981287270616,282.938904558535,256.18955311647767,266.8058870700678,268.4937453587169,313.49353790930866
3,4,13,314.1863350851404,324.3874449721667,320.51766770197474,263.7431959511586,197.67391619590552,205.56505314725706,207.06308796370996,252.6699244164362
3,4,14,432.96706506065664,412.3860412634956,465.33362527777933,340.43550690032606,378.30162509932893,366.91571575364225,411.6748442342553,451.48249769247786
3,4,15,216.6915569722631,211.9712494049202,221.67188458330358,212.4220156023364,265.677676213285,267.9047227182832,300.75210472023645,345.62606438736555
3,4,16,178.6023439224891,196.50503504403733,201.07959447625504,194.84625530311882,177.02097994773527,195.52921226376841,218.70063440375156,248.16887494664002
3,4,17,87.13127515284502,122.20698428671993,135.49179086761706,103.82702752317738,84.00020306987932,113.48769834430139,132.6469927360798,124.17379824389273
3,4,18,0.0,0.0,0.0,0.0,0.0,0.0,0.0,0.0
3,4,19,0.0,0.0,0.0,0.0,0.0,0.0,0.0,0.0
3,4,20,0.0,0.0,0.0,0.0,0.0,0.0,0.0,0.0
3,4,21,0.0,0.0,0.0,0.0,0.0,0.0,0.0,0.0
3,4,22,0.0,0.0,0.0,0.0,0.0,0.0,0.0,0.0
3,4,23,0.0,0.0,0.0,0.0,0.0,0.0,0.0,0.0
3,5,0,0.0,0.0,0.0,0.0,0.0,0.0,0.0,0.0
3,5,1,0.0,0.0,0.0,0.0,0.0,0.0,0.0,0.0
3,5,2,0.0,0.0,0.0,0.0,0.0,0.0,0.0,0.0
3,5,3,0.0,0.0,0.0,0.0,0.0,0.0,0.0,0.0
3,5,4,0.0,0.0,0.0,0.0,0.0,0.0,0.0,0.0
3,5,5,0.0,0.0,0.0,0.0,0.0,0.0,0.0,0.0
3,5,6,0.0,0.0,0.0,0.0,0.0,0.0,0.0,0.0
3,5,7,94.82323493767504,209.35942539068924,486.6464692804615,228.31576419397717,-0.0,-0.0,-0.0,-0.0
3,5,8,397.4598756465221,689.0874395911264,816.1975838223303,740.3372142481129,343.0743909898982,609.5944666873864,727.5919360948162,654.639142543012
3,5,9,588.1733532698692,724.2010205454188,833.3333333333334,689.5916695131284,306.8157616265377,345.9370183497303,386.55696989063046,346.5174645188141
3,5,10,701.6092107930648,687.4572224160804,823.8676303850766,571.993330486883,692.7482089671803,677.5828907545055,818.1119040008671,553.8365220543078
3,5,11,794.2747521692497,667.6790091131991,833.3333333333334,407.62141997150536,654.2317098045899,557.8076365151707,697.0802253901643,353.76027383041315
3,5,12,833.3333333333334,680.6452210101534,833.3333333333334,188.6072917900416,833.3333333333334,713.6382334648486,833.3333333333334,165.6023380634072
3,5,13,833.3333333333334,689.6485808362966,833.3333333333334,262.06459661266973,833.3333333333334,729.7080707681675,833.3333333333334,249.52704114777285
3,5,14,794.8903520215501,726.1759318975978,833.3333333333334,431.197446028385,833.3333333333334,767.4030345744735,833.3333333333334,423.26999045336385
3,5,15,663.5934194599096,748.376031470495,833.3333333333334,542.2823715803856,705.2633401642794,798.6727629051145,833.3333333333334,551.1386680880296
3,5,16,474.6695698928716,706.7601325229343,822.4732953220213,575.0399167921419,513.6587506132448,773.3543755129922,833.3333333333334,607.4922016192521
3,5,17,199.95692429797367,428.6894940965869,655.6569592200818,323.97201963725666,243.30521111634968,508.99634451331144,770.2399726366523,388.2216346126664
3,5,18,0.0,0.0,0.0,0.0,0.0,0.0,0.0,0.0
3,5,19,0.0,0.0,0.0,0.0,0.0,0.0,0.0,0.0
3,5,20,0.0,0.0,0.0,0.0,0.0,0.0,0.0,0.0
3,5,21,0.0,0.0,0.0,0.0,0.0,0.0,0.0,0.0
3,5,22,0.0,0.0,0.0,0.0,0.0,0.0,0.0,0.0
3,5,23,0.0,0.0,0.0,0.0,0.0,0.0,0.0,0.0
3,6,0,0.0,0.0,0.0,0.0,0.0,0.0,0.0,0.0
3,6,1,0.0,0.0,0.0,0.0,0.0,0.0,0.0,0.0
3,6,2,0.0,0.0,0.0,0.0,0.0,0.0,0.0,0.0
3,6,3,0.0,0.0,0.0,0.0,0.0,0.0,0.0,0.0
3,6,4,0.0,0.0,0.0,0.0,0.0,0.0,0.0,0.0
3,6,5,0.0,0.0,0.0,0.0,0.0,0.0,0.0,0.0
3,6,6,0.0,0.0,0.0,0.0,0.0,0.0,0.0,0.0
3,6,7,88.84818313255766,201.12721301189694,449.1413820712026,219.91112891049312,-0.0,-0.0,-0.0,-0.0
3,6,8,362.0273168712931,629.6340918545503,744.6919951740804,676.7056364963023,315.418638306902,562.2737066326074,670.4757037759466,604.3915785959082
3,6,9,578.7079181997619,716.6427990262561,828.7979540685092,677.7010182076571,558.6761784316182,699.6552574601159,813.9541171141977,650.5710057966975
3,6,10,729.2032812964859,716.7005353543274,833.3333333333334,576.74582174569,733.5182327115293,719.7470821889716,833.3333333333334,559.4775115123883
3,6,11,815.5183132533612,684.323243952011,833.3333333333334,394.6689094247614,555.3408391072483,498.9116565667291,585.3183525275144,342.95529935873327
3,6,12,801.6847895435293,623.5753994466769,818.2282753387732,198.1467210247679,833.3333333333334,679.3507564980019,833.3333333333334,158.8305184695056
3,6,13,818.7023280137054,658.9285797523893,833.3333333333334,252.765182953741,833.3333333333334,694.06246357099,833.3333333333334,237.73372354344778
3,6,14,740.1277971060515,679.0787366172179,829.9712651076542,406.21840945980364,800.4731216540863,730.2940867861503,833.3333333333334,401.5691252686487
3,6,15,611.7049058115251,691.6629049233169,804.2327838005649,506.36408015226317,671.4617476150414,763.6562248513542,833.3333333333334,521.0729689036091
3,6,16,424.101810038384,630.5568882635167,733.0285032117174,517.2370049168758,484.93108350052523,733.3556308209565,833.3333333333334,570.7288412853015
3,6,17,164.87084190462554,349.40189073400023,517.923038724554,265.746639607314,226.3682672031776,482.5956405377549,719.994310361742,362.13233990806594
3,6,18,0.0,0.0,0.0,0.0,0.0,0.0,0.0,0.0
3,6,19,0.0,0.0,0.0,0.0,0.0,0.0,0.0,0.0
3,6,20,0.0,0.0,0.0,0.0,0.0,0.0,0.0,0.0
3,6,21,0.0,0.0,0.0,0.0,0.0,0.0,0.0,0.0
3,6,22,0.0,0.0,0.0,0.0,0.0,0.0,0.0,0.0
3,6,23,0.0,0.0,0.0,0.0,0.0,0.0,0.0,0.0
3,7,0,0.0,0.0,0.0,0.0,0.0,0.0,0.0,0.0
3,7,1,0.0,0.0,0.0,0.0,0.0,0.0,0.0,0.0
3,7,2,0.0,0.0,0.0,0.0,0.0,0.0,0.0,0.0
3,7,3,0.0,0.0,0.0,0.0,0.0,0.0,0.0,0.0
3,7,4,0.0,0.0,0.0,0.0,0.0,0.0,0.0,0.0
3,7,5,0.0,0.0,0.0,0.0,0.0,0.0,0.0,0.0
3,7,6,0.0,0.0,0.0,0.0,0.0,0.0,0.0,0.0
3,7,7,29.66559152233278,38.55189271900787,37.97061546551031,46.16458474660511,-0.0,-0.0,-0.0,-0.0
3,7,8,138.39853154064176,165.1581157482887,169.13901315579258,183.4986417899927,65.75514578949166,68.76434831651562,62.78040047755825,73.84484673718137
3,7,9,270.85000174571445,294.62497732795487,321.8291085632029,304.7536016667917,166.28318923862702,176.4016334505503,186.77529480020584,178.90896851714174
3,7,10,331.34331055458443,322.54352810854067,360.14332682239905,308.2095292794169,246.83531738801088,239.70405068172354,262.9527672342395,223.75192184410403
3,7,11,419.3897204222562,396.88855232860107,439.1286605811914,315.36170258023935,348.2130799905609,323.0459649473374,365.4416628215162,239.1516053449806
3,7,12,428.8912138553525,401.4139562114084,440.79005318414244,258.6533633575463,445.1527224743841,397.19926126002605,456.83512814583213,217.06249896751032
3,7,13,387.9992257460901,370.2158445300422,402.2653888722538,265.0727803723616,470.6046901911178,423.2652550576452,488.240923305101,247.98257010441912
3,7,14,244.08783067529916,241.0216240550011,249.41539043762333,221.09108818366053,317.6392986244499,306.7150514087077,337.0469349376778,245.80682038833726
3,7,15,196.8991213303459,193.42222099571472,202.25248410931286,193.05624495094045,140.28616973967675,134.8148721377254,136.72503555934514,134.53966676337643
3,7,16,101.4083196769198,102.74881771509595,98.07842388418007,107.41758538875595,228.53405145852054,282.0616971853944,305.6466769254526,256.00596019486363
3,7,17,37.732960184699756,39.453789914923114,33.82554231752763,40.367372653270145,43.37463652872312,47.653923000688316,42.26102959220325,45.80519587522134
3,7,18,0.34716098846214544,0.03727869379625443,-0.0,0.18681635293995444,7.9029765739781626,7.053910538416442,2.6151987391848577,7.317387947279298
3,7,19,0.0,0.0,0.0,0.0,0.0,0.0,0.0,0.0
3,7,20,0.0,0.0,0.0,0.0,0.0,0.0,0.0,0.0
3,7,21,0.0,0.0,0.0,0.0,0.0,0.0,0.0,0.0
3,7,22,0.0,0.0,0.0,0.0,0.0,0.0,0.0,0.0
3,7,23,0.0,0.0,0.0,0.0,0.0,0.0,0.0,0.0
3,8,0,0.0,0.0,0.0,0.0,0.0,0.0,0.0,0.0
3,8,1,0.0,0.0,0.0,0.0,0.0,0.0,0.0,0.0
3,8,2,0.0,0.0,0.0,0.0,0.0,0.0,0.0,0.0
3,8,3,0.0,0.0,0.0,0.0,0.0,0.0,0.0,0.0
3,8,4,0.0,0.0,0.0,0.0,0.0,0.0,0.0,0.0
3,8,5,0.0,0.0,0.0,0.0,0.0,0.0,0.0,0.0
3,8,6,0.0,0.0,0.0,0.0,0.0,0.0,0.0,0.0
3,8,7,6.876015527340725,6.214602973184022,3.8963441348794996,7.15130132171679,0.33254567882959274,0.006371479204777022,-0.0,0.22807129561813105
3,8,8,31.805712906064333,29.61561177994414,24.7359030013822,32.87345110213023,24.725205324515592,22.98254847774705,18.681473800075405,24.629701082817487
3,8,9,61.66534443541805,57.6070691618583,54.617278120877415,63.537130202114454,52.387972631204256,48.509684554121996,45.2121362860851,51.81188406246555
3,8,10,112.97872737018284,109.20611406976505,109.90897163432527,114.01510492263968,74.33305479056199,71.6343465250995,70.47952679341662,73.06880392439902
3,8,11,153.35524038311877,163.05840708472678,154.87254636355394,148.15667517825102,153.85923788175438,162.85846529958923,155.06530696841264,140.35936518741858
3,8,12,138.54449863864104,156.68607890136667,141.4430032501501,131.95685145213744,110.53753858354848,127.35570300298298,112.47141673539983,104.21064407479236
3,8,13,122.44273282340552,135.12440223306785,124.0977314916319,118.73190421549927,152.35116261227577,166.05676742631684,154.35758223125964,137.06756750234698
3,8,14,94.65515276084392,95.57028526922308,92.74955851899654,94.83561672490308,165.70317096010535,165.53739515955093,165.36425166206385,151.5531640782672
3,8,15,70.93123998970742,66.22065439924512,65.02004270464856,72.37020276354157,102.92937139610994,97.43207068886389,96.9612831328347,99.89968385865907
3,8,16,44.818654013331475,41.55850694933626,36.42267090006984,45.95586040474286,61.530045532595196,58.629079766117336,52.17600513425354,61.40379967100123
3,8,17,17.34402608913258,15.816200364963773,11.463207864244458,17.71609374870451,34.054984265371836,34.403008430466286,28.05412844811894,34.77641604351671
3,8,18,-0.0,-0.0,-0.0,-0.0,6.8047303626651745,6.033171070593533,2.018195279569415,6.270789816609055
3,8,19,0.0,0.0,0.0,0.0,0.0,0.0,0.0,0.0
3,8,20,0.0,0.0,0.0,0.0,0.0,0.0,0.0,0.0
3,8,21,0.0,0.0,0.0,0.0,0.0,0.0,0.0,0.0
3,8,22,0.0,0.0,0.0,0.0,0.0,0.0,0.0,0.0
3,8,23,0.0,0.0,0.0,0.0,0.0,0.0,0.0,0.0
3,9,0,0.0,0.0,0.0,0.0,0.0,0.0,0.0,0.0
3,9,1,0.0,0.0,0.0,0.0,0.0,0.0,0.0,0.0
3,9,2,0.0,0.0,0.0,0.0,0.0,0.0,0.0,0.0
3,9,3,0.0,0.0,0.0,0.0,0.0,0.0,0.0,0.0
3,9,4,0.0,0.0,0.0,0.0,0.0,0.0,0.0,0.0
3,9,5,0.0,0.0,0.0,0.0,0.0,0.0,0.0,0.0
3,9,6,0.0,0.0,0.0,0.0,0.0,0.0,0.0,0.0
3,9,7,82.90819383469263,206.8008458768106,416.73403358717775,226.30054631607717,0.7849385248382348,0.42358543191239784,-0.0,0.6700959514772464
3,9,8,345.98154266116234,607.0007248793021,710.1306374127545,647.8139378479456,309.0651616757421,557.6326209916989,658.7131441880942,595.1234774121222
3,9,9,515.2015042171021,637.4378753667529,730.2230495582091,603.5532822609215,537.1565264536434,679.402175418845,784.1894965019087,623.2367476123643
3,9,10,666.8414165344785,659.7279773026114,783.9494710488456,528.4593494735441,705.6665960784082,697.1291966158285,833.3333333333334,530.689760107448
3,9,11,756.9250623355858,640.019407607167,799.0366240612874,360.95107583445053,827.6329587610658,688.7254991424772,833.3333333333334,349.9425749081158
3,9,12,789.4892369183581,622.1115110463719,800.8351995744949,171.15660435473328,833.3333333333334,678.3264302841543,833.3333333333334,146.2800623937838
3,9,13,776.0269337703643,632.6507321601256,802.1087536592262,241.33651688363148,833.3333333333334,694.4777160404693,833.3333333333334,227.35567257373398
3,9,14,709.8049653751639,658.6393806436264,795.9025376006846,389.0013681483379,791.6780712176038,730.2968082668484,833.3333333333334,388.14893828579136
3,9,15,591.8177278169902,677.1410868634796,777.9742718567886,491.6005971012161,663.1003004974361,764.6926707290916,833.3333333333334,511.2412563232322
3,9,16,422.30388168039735,640.4636083876885,737.4520813850129,521.1723713582857,481.2457105576161,741.781840401834,833.3333333333334,569.321602027222
3,9,17,175.44263058968033,399.22816460793916,575.0674132428506,305.3247698738516,225.0301750291432,509.0364654655244,734.1732810704261,382.7459005817897
3,9,18,-0.0,-0.0,65.32766574372208,-0.0,10.296940252232284,10.630592386841244,273.42388160898173,10.37410170255504
3,9,19,0.0,0.0,0.0,0.0,0.0,0.0,0.0,0.0
3,9,20,0.0,0.0,0.0,0.0,0.0,0.0,0.0,0.0
3,9,21,0.0,0.0,0.0,0.0,0.0,0.0,0.0,0.0
3,9,22,0.0,0.0,0.0,0.0,0.0,0.0,0.0,0.0
3,9,23,0.0,0.0,0.0,0.0,0.0,0.0,0.0,0.0
3,10,0,0.0,0.0,0.0,0.0,0.0,0.0,0.0,0.0
3,10,1,0.0,0.0,0.0,0.0,0.0,0.0,0.0,0.0
3,10,2,0.0,0.0,0.0,0.0,0.0,0.0,0.0,0.0
3,10,3,0.0,0.0,0.0,0.0,0.0,0.0,0.0,0.0
3,10,4,0.0,0.0,0.0,0.0,0.0,0.0,0.0,0.0
3,10,5,0.0,0.0,0.0,0.0,0.0,0.0,0.0,0.0
3,10,6,0.0,0.0,0.0,0.0,0.0,0.0,0.0,0.0
3,10,7,-0.0,-0.0,-0.0,-0.0,0.40092204213338983,0.06977575857317588,-0.0,0.2949609772301972
3,10,8,14.618686063197847,13.745999022343282,11.404412763832307,15.394034159473309,23.798116702973303,21.74363493058624,17.53459021729485,23.31489292360025
3,10,9,78.94956084135666,75.17127877261588,72.91932263109841,82.01830213570223,211.02830395281845,227.98705149264597,243.80860465352254,228.5291154233646
3,10,10,245.0699861185472,239.83113765017265,263.8329756554329,226.98539518694088,81.02090578866543,78.38951903917648,77.47446913781098,79.51608215037561
3,10,11,206.1086134382488,216.50308512407096,210.09891487445836,193.71549894036198,186.52350839746666,195.95032563903138,189.4142500360785,166.37630237273606
3,10,12,256.2163898948196,276.76040235434016,263.3452764019487,221.57005716919656,290.27283654574063,289.04421412133536,298.7028079330563,197.06666893387035
3,10,13,248.6305639832237,263.0797050490305,254.97776865735773,219.36944369312943,189.7853011029122,204.33824756946893,193.51072816631188,165.11481038748036
3,10,14,311.20744472963736,307.66532583506006,322.23090673159714,278.6567112934289,365.97038187587606,353.93720154058116,392.13196549683573,272.1301528076352
3,10,15,296.36339847366827,298.4030075502608,319.85815139944634,288.15057340482537,373.2102422663745,402.22732149713613,450.60517713254984,326.43894840773874
3,10,16,339.9241570578757,442.6980765695514,492.3400821776585,403.3085118607629,172.49430485416477,193.92962875274753,196.6293489508226,183.3068934530035
3,10,17,116.8028282252008,175.59565984745606,191.64710874668643,149.28823203673937,40.81589955178461,42.885574445881154,36.43246076760901,42.52334012888625
3,10,18,28.149004574161758,25.86544267925837,14.255644298401451,27.019847746296247,5.019960900502491,4.37685780898695,1.0592741745695438,4.574922118042999
3,10,19,0.0,0.0,0.0,0.0,0.0,0.0,0.0,0.0
3,10,20,0.0,0.0,0.0,0.0,0.0,0.0,0.0,0.0
3,10,21,0.0,0.0,0.0,0.0,0.0,0.0,0.0,0.0
3,10,22,0.0,0.0,0.0,0.0,0.0,0.0,0.0,0.0
3,10,23,0.0,0.0,0.0,0.0,0.0,0.0,0.0,0.0
3,11,0,0.0,0.0,0.0,0.0,0.0,0.0,0.0,0.0
3,11,1,0.0,0.0,0.0,0.0,0.0,0.0,0.0,0.0
3,11,2,0.0,0.0,0.0,0.0,0.0,0.0,0.0,0.0
3,11,3,0.0,0.0,0.0,0.0,0.0,0.0,0.0,0.0
3,11,4,0.0,0.0,0.0,0.0,0.0,0.0,0.0,0.0
3,11,5,0.0,0.0,0.0,0.0,0.0,0.0,0.0,0.0
3,11,6,0.0,0.0,0.0,0.0,0.0,0.0,0.0,0.0
3,11,7,-0.0,-0.0,-0.0,-0.0,-0.0,-0.0,-0.0,-0.0
3,11,8,9.739301224399274,9.037603041854958,7.305194164360398,10.243793039661352,12.025761729606318,10.831736831313034,8.426558066084956,11.715555548977834
3,11,9,41.337922031606276,38.3973167495693,36.503383161367495,42.44791926212482,43.09609874555107,39.88333044788309,37.51126455763388,42.60667939350725
3,11,10,123.3751312897547,120.2010542282541,121.39519488427065,124.12753832713412,101.25344001709891,98.49503037392968,98.35097817448144,98.6830150521772
3,11,11,213.6771720552775,224.03462750361754,218.42449352370173,199.58924917635287,242.88159208238065,241.92096919289725,251.6279318148744,195.94633184467685
3,11,12,389.3929755892843,375.00455821566044,401.6700567928978,253.65386930671272,539.6846979822204,464.18907774587365,552.5878899614117,217.52187121296024
3,11,13,590.6748988888463,532.75739125161,613.8695702123467,320.0266475865395,572.0915836580992,500.6145634315517,594.0959903573436,259.98600655917346
3,11,14,526.7997995998224,505.08685028404966,577.1665798155817,380.7185222973912,444.61992359824325,426.1124909369215,485.87236656840605,305.73647733016026
3,11,15,334.36509098406117,341.3403952824547,369.4425765714576,322.8233964292189,427.38657147044484,471.96019607093234,533.0810083454166,369.55543596456397
3,11,16,373.3346941104307,503.0244096247907,560.2250793433858,446.5891657730801,297.58270549139746,398.68478047177774,440.3840404804256,342.8988197184334
3,11,17,210.66331721340967,410.0991646972122,500.5144796253058,323.25604717738315,146.92573945090203,260.8994361340116,309.8007632042395,207.7685730531486
3,11,18,41.8772730608434,38.67083188854721,24.676727483240576,40.33788214923648,10.55453198598257,9.525626039855746,4.735630713258183,9.884174416331565
3,11,19,0.0,0.0,0.0,0.0,0.0,0.0,0.0,0.0
3,11,20,0.0,0.0,0.0,0.0,0.0,0.0,0.0,0.0
3,11,21,0.0,0.0,0.0,0.0,0.0,0.0,0.0,0.0
3,11,22,0.0,0.0,0.0,0.0,0.0,0.0,0.0,0.0
3,11,23,0.0,0.0,0.0,0.0,0.0,0.0,0.0,0.0
3,12,0,0.0,0.0,0.0,0.0,0.0,0.0,0.0,0.0
3,12,1,0.0,0.0,0.0,0.0,0.0,0.0,0.0,0.0
3,12,2,0.0,0.0,0.0,0.0,0.0,0.0,0.0,0.0
3,12,3,0.0,0.0,0.0,0.0,0.0,0.0,0.0,0.0
3,12,4,0.0,0.0,0.0,0.0,0.0,0.0,0.0,0.0
3,12,5,0.0,0.0,0.0,0.0,0.0,0.0,0.0,0.0
3,12,6,0.0,0.0,0.0,0.0,0.0,0.0,0.0,0.0
3,12,7,-0.0,-0.0,-0.0,-0.0,-0.0,-0.0,-0.0,-0.0
3,12,8,1.011009017078789,0.7508126009387712,0.12531541134780005,1.1833221854946563,3.6048373383957135,3.0384314873359606,1.930818287184439,3.4964360929763907
3,12,9,18.23309748947519,16.717650368807675,15.785343826518492,18.685856802090967,3.4998130542083845,2.945509841542257,2.562389505737771,3.4112289230072723
3,12,10,25.161282336745554,24.41874864450291,23.994245604146858,25.733022982255978,7.299525865668731,6.998587464532642,6.758872234408092,7.1975242164494695
3,12,11,43.112296014450926,47.669806625209304,43.46146227351097,44.063420586515086,42.92510509561948,47.71904945213138,43.130886206691265,42.75350615182423
3,12,12,42.936394405638794,50.92749353174294,44.202134823758676,43.98661277574196,23.69913148085656,28.65337341392235,24.40489502385182,23.565881880418843
3,12,13,45.270813051572695,51.5982933914964,46.103755379685815,46.34713286015718,38.44024764377053,44.15474346460525,39.064236940184394,38.28928479221659
3,12,14,41.2572407734873,42.01910927571606,40.2266668754917,42.37958992016225,11.673396413320592,11.950271543347046,11.238513725847788,11.552703567647614
3,12,15,6.235388885784477,5.50372331755563,5.315061846029927,6.419841657485548,5.9058160846550285,5.175200473953565,4.941062248649641,5.8011124694422795
3,12,16,6.220202979226984,5.530139690795128,4.49597010433436,6.390272455191477,19.37814421181956,17.653922544014726,15.035289031233537,19.131117572867943
3,12,17,0.44747698349220183,0.16288708908051108,-0.0,0.5202780951895559,-0.0,-0.0,-0.0,-0.0
3,12,18,5.415549818832792,4.746137517421174,1.4438813942594348,5.07269565013295,15.214558650748044,13.883458098836176,8.49573531861424,14.341516691555187
3,12,19,0.0,0.0,0.0,0.0,0.0,0.0,0.0,0.0
3,12,20,0.0,0.0,0.0,0.0,0.0,0.0,0.0,0.0
3,12,21,0.0,0.0,0.0,0.0,0.0,0.0,0.0,0.0
3,12,22,0.0,0.0,0.0,0.0,0.0,0.0,0.0,0.0
3,12,23,0.0,0.0,0.0,0.0,0.0,0.0,0.0,0.0
3,13,0,0.0,0.0,0.0,0.0,0.0,0.0,0.0,0.0
3,13,1,0.0,0.0,0.0,0.0,0.0,0.0,0.0,0.0
3,13,2,0.0,0.0,0.0,0.0,0.0,0.0,0.0,0.0
3,13,3,0.0,0.0,0.0,0.0,0.0,0.0,0.0,0.0
3,13,4,0.0,0.0,0.0,0.0,0.0,0.0,0.0,0.0
3,13,5,0.0,0.0,0.0,0.0,0.0,0.0,0.0,0.0
3,13,6,0.0,0.0,0.0,0.0,0.0,0.0,0.0,0.0
3,13,7,-0.0,-0.0,-0.0,-0.0,3.375848739086688,2.8236192526160324,1.0043176966812064,3.25902892578432
3,13,8,4.386823361494989,3.798194298346292,2.699925500775922,4.527559956813928,14.408616433130014,13.045337026826608,10.432581158753793,14.181570216682491
3,13,9,44.16677257304092,41.56320915220914,40.11891043145938,45.571208668423786,30.474669724638815,27.955224382532695,26.32986880291809,30.184895814911826
3,13,10,320.56037505928856,318.6195805286727,370.60048910836224,269.02865358590515,515.3238634520932,511.5953378053668,593.1422469932927,423.3206697236499
3,13,11,750.8664477154787,641.9698847571692,789.762284541685,349.4705468096919,833.3333333333334,704.5231082285866,833.3333333333334,346.4036178787293
3,13,12,779.3145683104029,622.5397219257649,787.9349713806818,159.68341729060649,833.3333333333334,688.4997542792312,833.3333333333334,143.90933710707128
3,13,13,794.3080208374557,658.9761084771638,819.1602323789745,246.5606692516289,833.3333333333334,700.2451418870373,833.3333333333334,228.90391803378589
3,13,14,726.2406426350353,685.0643450916622,813.4838065287471,402.7655933639183,779.5133002022214,731.2156790090453,833.3333333333334,386.2275968577156
3,13,15,623.250090311986,723.6030856520026,818.4894387212491,524.7728415351816,301.06051587323543,315.11929089034857,345.3987570450962,274.7024355961087
3,13,16,-0.0,-0.0,-0.0,-0.0,134.42228868558453,142.1260829520254,138.93596930237175,140.64640919648613
3,13,17,91.26119517873539,125.7514477370236,130.40481960236067,113.32771949178736,42.822124393713395,45.44782219356258,39.00561238477273,45.28416212096454
3,13,18,42.73391612210157,39.61733408617106,28.807652583279687,41.2626102725866,13.653196151674463,19.557557314488935,240.3826674702131,17.058926267628284
3,13,19,0.0,0.0,0.0,0.0,0.0,0.0,0.0,0.0
3,13,20,0.0,0.0,0.0,0.0,0.0,0.0,0.0,0.0
3,13,21,0.0,0.0,0.0,0.0,0.0,0.0,0.0,0.0
3,13,22,0.0,0.0,0.0,0.0,0.0,0.0,0.0,0.0
3,13,23,0.0,0.0,0.0,0.0,0.0,0.0,0.0,0.0
3,14,0,0.0,0.0,0.0,0.0,0.0,0.0,0.0,0.0
3,14,1,0.0,0.0,0.0,0.0,0.0,0.0,0.0,0.0
3,14,2,0.0,0.0,0.0,0.0,0.0,0.0,0.0,0.0
3,14,3,0.0,0.0,0.0,0.0,0.0,0.0,0.0,0.0
3,14,4,0.0,0.0,0.0,0.0,0.0,0.0,0.0,0.0
3,14,5,0.0,0.0,0.0,0.0,0.0,0.0,0.0,0.0
3,14,6,0.0,0.0,0.0,0.0,0.0,0.0,0.0,0.0
3,14,7,-0.0,-0.0,-0.0,-0.0,0.33636925282105906,0.011812333962896136,-0.0,0.26251475820774506
3,14,8,7.744260965411746,6.988420707328287,5.516847978523677,8.013517696680314,26.654710403594304,24.40352542931566,20.17770660790255,26.339275098989177
3,14,9,49.710658865518596,46.08547898771183,44.162609306442896,51.03612678414051,66.48958125835391,61.861913615200116,59.204746066401896,66.38850716623122
3,14,10,74.30396664123303,72.61680684744815,72.02909937231902,75.97330021347769,75.82438209406662,74.0408466667447,73.10466306777072,75.15178798736997
3,14,11,97.0235502257115,105.87799266204318,98.66460889467047,97.22742904325924,114.93353813564062,125.23057857069972,116.81524551511541,110.52228074674288
3,14,12,104.95518116991222,120.865435730689,108.48317857129733,103.16149291773074,149.7131700749297,170.1646926383082,154.66060051408877,137.20873240240232
3,14,13,123.81885044863131,136.98718486174306,127.04532142424746,120.52998977119496,130.354737890317,144.57651041647034,133.59643729945392,122.22919852386057
3,14,14,116.23649639943619,117.63398297081662,115.91779757914462,115.42534909223049,127.34085117726936,128.83329879278367,126.84762223133502,121.64585590650786
3,14,15,103.15373689182573,97.67723982138651,98.31188071165701,104.63172877264438,28.680572888729348,26.29708372942856,25.68240568734633,28.41918744286987
3,14,16,75.52700364568757,73.2980364173399,67.77751487896163,78.75112248282707,58.881141919225016,55.36742163983184,49.38431685957546,58.88970326575027
3,14,17,51.452258398940586,56.848152795690076,51.303462236733345,57.17955510824996,32.31264075350255,30.85131538829339,23.984616342233625,32.57211248755795
3,14,18,20.843081871072243,19.07792194324118,10.18623194141349,19.960375131936328,10.337963634148418,9.314146373013722,4.1253856798306305,9.663966308312155
3,14,19,0.0,0.0,0.0,0.0,0.0,0.0,0.0,0.0
3,14,20,0.0,0.0,0.0,0.0,0.0,0.0,0.0,0.0
3,14,21,0.0,0.0,0.0,0.0,0.0,0.0,0.0,0.0
3,14,22,0.0,0.0,0.0,0.0,0.0,0.0,0.0,0.0
3,14,23,0.0,0.0,0.0,0.0,0.0,0.0,0.0,0.0
3,15,0,0.0,0.0,0.0,0.0,0.0,0.0,0.0,0.0
3,15,1,0.0,0.0,0.0,0.0,0.0,0.0,0.0,0.0
3,15,2,0.0,0.0,0.0,0.0,0.0,0.0,0.0,0.0
3,15,3,0.0,0.0,0.0,0.0,0.0,0.0,0.0,0.0
3,15,4,0.0,0.0,0.0,0.0,0.0,0.0,0.0,0.0
3,15,5,0.0,0.0,0.0,0.0,0.0,0.0,0.0,0.0
3,15,6,0.0,0.0,0.0,0.0,0.0,0.0,0.0,0.0
3,15,7,9.79108576571755,34.66544744413481,66.69669458114349,36.8611592373115,69.49329191685561,203.553027801747,363.7670500845953,216.72350857606244
3,15,8,284.6777518910605,512.670347574018,590.9335510206722,538.6638243543312,358.20779160772594,643.418911282907,740.1930217713825,673.9557998076184
3,15,9,546.5569122486921,692.2753207404983,778.4386044622215,632.1135918046963,599.0068269520309,764.4523712533999,833.3333333333334,688.6370555462719
3,15,10,715.328771820895,717.0899382777851,833.3333333333334,552.5526283196565,768.6266755200364,770.3848428490878,833.3333333333334,576.051153789307
3,15,11,814.3362276725665,699.9228186598655,833.3333333333334,370.4993903479349,833.3333333333334,746.1411223456787,833.3333333333334,370.4282229136935
3,15,12,833.3333333333334,688.7662288809173,833.3333333333334,168.058312393493,833.3333333333334,730.3636457344304,833.3333333333334,155.91892247633575
3,15,13,833.3333333333334,704.444537602283,833.3333333333334,262.4380403864899,833.3333333333334,744.4847354174615,833.3333333333334,250.70775730222388
3,15,14,776.0915540860698,738.0190495238251,833.3333333333334,431.5458772963104,819.8046450574809,777.3276444744355,833.3333333333334,420.7496668535966
3,15,15,658.051825981137,769.6166161311373,833.3333333333334,557.0938962253463,682.913648170627,804.9709104973003,833.3333333333334,544.9657177533685
3,15,16,490.1425934353679,755.1662063026448,833.3333333333334,619.3924008870027,495.03928020679797,779.1377215305645,833.3333333333334,603.9649418962251
3,15,17,246.40093851754727,606.7629522657302,799.2073610687594,479.7529902681407,232.93581858384636,577.4034233607042,765.8672470001462,445.0258157747539
3,15,18,19.303567250767056,39.402050555562035,428.47525761106584,32.309217917336184,15.428057915094076,30.06386189608831,319.60701578184086,24.729904126257864
3,15,19,0.0,0.0,0.0,0.0,0.0,0.0,0.0,0.0
3,15,20,0.0,0.0,0.0,0.0,0.0,0.0,0.0,0.0
3,15,21,0.0,0.0,0.0,0.0,0.0,0.0,0.0,0.0
3,15,22,0.0,0.0,0.0,0.0,0.0,0.0,0.0,0.0
3,15,23,0.0,0.0,0.0,0.0,0.0,0.0,0.0,0.0
3,16,0,0.0,0.0,0.0,0.0,0.0,0.0,0.0,0.0
3,16,1,0.0,0.0,0.0,0.0,0.0,0.0,0.0,0.0
3,16,2,0.0,0.0,0.0,0.0,0.0,0.0,0.0,0.0
3,16,3,0.0,0.0,0.0,0.0,0.0,0.0,0.0,0.0
3,16,4,0.0,0.0,0.0,0.0,0.0,0.0,0.0,0.0
3,16,5,0.0,0.0,0.0,0.0,0.0,0.0,0.0,0.0
3,16,6,0.0,0.0,0.0,0.0,0.0,0.0,0.0,0.0
3,16,7,3.3223222626692905,14.584700565404884,25.2787768309367,17.111331736488545,11.38084480751228,10.242859144886367,6.607733445643646,11.18293853666385
3,16,8,240.64997675166094,430.69746511840077,497.3388981598734,455.3653540139638,343.5998944063916,613.3567661539624,703.0460213932706,642.0788835635832
3,16,9,500.6520669759136,632.6142837753927,711.6224347328964,582.688870040587,567.1103370109805,719.9202388926955,808.0298217665893,650.8351761500458
3,16,10,559.3611847311355,561.4942957803261,654.943138670358,451.1316779827147,541.6697299084301,542.9023663085901,630.8117262807252,434.142305338845
3,16,11,618.0346702050585,538.1589968349665,653.0227324539645,324.56536065027586,646.9612461115804,567.581254651611,683.2707167084016,332.8317975609955
3,16,12,788.5419564445275,640.186641387161,799.2828420910826,197.41173182933113,833.3333333333334,689.7606703300978,833.3333333333334,153.62779258535377
3,16,13,808.0251645058669,683.7409373459413,833.3193257674395,273.85289483642003,833.3333333333334,700.6071427629499,833.3333333333334,243.33761382431686
3,16,14,715.8647029177724,683.9238424737741,803.7509247971531,410.9528984514107,763.6531955281614,728.3447074655203,833.3333333333334,403.44745238380636
3,16,15,628.1875867166534,736.3637067357475,826.274876324244,539.0199868398262,630.4267253705898,742.1113546639331,833.3333333333334,516.087800983425
3,16,16,445.409475374686,681.9688743087846,766.4700143424692,564.8149365430125,455.5089054360566,709.7256639853404,798.5694138809811,565.5267795406088
3,16,17,234.35168750640753,558.7152440555149,721.289294368588,446.91016039679766,215.25019030190927,530.5860031042857,688.5817132366296,417.9442952233643
3,16,18,23.693711308686,42.69329217428867,354.42943464881284,36.38276046268465,15.244592660664543,29.41198454816563,264.1461220155408,24.46799624907369
3,16,19,0.0,0.0,0.0,0.0,0.0,0.0,0.0,0.0
3,16,20,0.0,0.0,0.0,0.0,0.0,0.0,0.0,0.0
3,16,21,0.0,0.0,0.0,0.0,0.0,0.0,0.0,0.0
3,16,22,0.0,0.0,0.0,0.0,0.0,0.0,0.0,0.0
3,16,23,0.0,0.0,0.0,0.0,0.0,0.0,0.0,0.0
3,17,0,0.0,0.0,0.0,0.0,0.0,0.0,0.0,0.0
3,17,1,0.0,0.0,0.0,0.0,0.0,0.0,0.0,0.0
3,17,2,0.0,0.0,0.0,0.0,0.0,0.0,0.0,0.0
3,17,3,0.0,0.0,0.0,0.0,0.0,0.0,0.0,0.0
3,17,4,0.0,0.0,0.0,0.0,0.0,0.0,0.0,0.0
3,17,5,0.0,0.0,0.0,0.0,0.0,0.0,0.0,0.0
3,17,6,0.0,0.0,0.0,0.0,0.0,0.0,0.0,0.0
3,17,7,7.399397842021308,29.71393341468133,52.10385017546528,32.87641527168553,63.27162509403706,189.42034459255692,315.1485640890656,203.34009914623283
3,17,8,255.69775117270686,461.8759562828562,530.9397860628809,484.5879764617953,331.93899952065607,587.3768170442279,669.0914834283175,613.0267398262889
3,17,9,508.9479754062834,645.5789107348725,722.353213712869,588.8586281687172,542.4675207389159,685.3074290304237,764.0198423902367,620.3749851248722
3,17,10,670.5969477035043,675.0108492997855,781.5305318506645,520.6528778006211,686.8033048630128,691.11239999561,797.8318602482442,525.1462361033153
3,17,11,762.6545381615753,660.4893970216353,799.5033264643907,351.2267799925177,789.2797409224769,682.9720851939456,827.5245871793446,346.71947043530264
3,17,12,803.4018061692174,653.706983074796,810.3578890410292,164.29972411696357,833.3333333333334,675.4428580451906,833.3333333333334,152.22011987869908
3,17,13,788.6412367363118,666.7624452898103,812.7898459421614,254.9318419788532,818.5318447710354,688.7213388453063,833.3333333333334,241.51389780995635
3,17,14,722.8246895637612,693.3467444394088,809.9119333907579,410.52388369289577,743.4632544805676,712.1274796504518,833.3333333333334,395.5660253646076
3,17,15,607.8484472947475,714.7371963042868,798.5852245561214,521.9572786327157,617.5469152298351,730.5752714435102,819.9856636426682,508.8457454556647
3,17,16,451.0524383682735,698.7781212080399,782.8126362432174,575.4972857619191,440.79830591948905,686.1902957450579,768.8113035382022,551.8555886511467
3,17,17,226.56842984636353,567.0557500959688,728.1937571536201,451.2013392123349,206.7126470919328,511.9854076901082,654.6972280779216,408.226406208143
3,17,18,21.210269447076183,43.97173436050318,356.0891505600914,36.57209385577188,14.973938010488553,30.251324404300327,244.19995589752858,25.102524607201016
3,17,19,0.0,0.0,0.0,0.0,0.0,0.0,0.0,0.0
3,17,20,0.0,0.0,0.0,0.0,0.0,0.0,0.0,0.0
3,17,21,0.0,0.0,0.0,0.0,0.0,0.0,0.0,0.0
3,17,22,0.0,0.0,0.0,0.0,0.0,0.0,0.0,0.0
3,17,23,0.0,0.0,0.0,0.0,0.0,0.0,0.0,0.0
3,18,0,0.0,0.0,0.0,0.0,0.0,0.0,0.0,0.0
3,18,1,0.0,0.0,0.0,0.0,0.0,0.0,0.0,0.0
3,18,2,0.0,0.0,0.0,0.0,0.0,0.0,0.0,0.0
3,18,3,0.0,0.0,0.0,0.0,0.0,0.0,0.0,0.0
3,18,4,0.0,0.0,0.0,0.0,0.0,0.0,0.0,0.0
3,18,5,0.0,0.0,0.0,0.0,0.0,0.0,0.0,0.0
3,18,6,0.0,0.0,0.0,0.0,0.0,0.0,0.0,0.0
3,18,7,6.143253858979323,25.36624474034856,42.3275277475291,28.892227170732998,55.280798791029774,163.7313574385437,261.7702025530235,178.89762630175102
3,18,8,221.1485990174369,397.57226269167086,456.6545020209272,418.1589729824113,316.26788524238765,562.9325741618206,642.1585180340858,587.6732271796121
3,18,9,481.1573406753957,611.4471308901018,684.2762011120474,558.3044423981294,543.5162483317314,694.2527704233819,777.8455608074628,624.6341539518918
3,18,10,644.5330663293704,650.0908695609555,752.2985507114194,504.6461549470769,701.6501738504006,707.7358617737522,821.662341822039,530.8812757334108
3,18,11,746.7008004285248,650.521728308569,782.7183590395701,352.57359740389523,801.579630082234,693.5587318828119,833.3333333333334,349.4938709724217
3,18,12,790.518012005209,647.5906083958424,797.7171956277506,173.10160075968565,833.3333333333334,685.9032090031728,833.3333333333334,153.64648587714382
3,18,13,780.4247189029231,664.3163921289017,804.6925162033241,262.3686634371667,823.9060779944954,695.435779747158,833.3333333333334,244.01594720120167
3,18,14,719.7355466330207,693.5132140542835,806.4103494393473,415.5732011850088,747.9607466093704,719.3860996058485,833.3333333333334,399.06360321910194
3,18,15,608.2243363516152,716.6389402480931,799.492471950307,528.133490953433,617.6614081184493,733.5944732878748,821.9154256132662,509.0918462480224
3,18,16,439.9190786366575,671.4235447721702,749.3528141109587,560.1811666019557,440.2831828249299,691.8890688408528,775.8014022428032,548.0406726533142
3,18,17,241.68547728682037,562.5775034495935,702.1488086738135,456.6162579504395,207.06412903116225,514.190255907965,652.6705023935847,404.5144128197557
3,18,18,27.24991985962575,49.433979225052454,314.8808498701661,42.53246150518504,16.878982232934497,32.6289689800364,224.12045473445832,27.43445393865203
3,18,19,0.0,0.0,0.0,0.0,0.0,0.0,0.0,0.0
3,18,20,0.0,0.0,0.0,0.0,0.0,0.0,0.0,0.0
3,18,21,0.0,0.0,0.0,0.0,0.0,0.0,0.0,0.0
3,18,22,0.0,0.0,0.0,0.0,0.0,0.0,0.0,0.0
3,18,23,0.0,0.0,0.0,0.0,0.0,0.0,0.0,0.0
3,19,0,0.0,0.0,0.0,0.0,0.0,0.0,0.0,0.0
3,19,1,0.0,0.0,0.0,0.0,0.0,0.0,0.0,0.0
3,19,2,0.0,0.0,0.0,0.0,0.0,0.0,0.0,0.0
3,19,3,0.0,0.0,0.0,0.0,0.0,0.0,0.0,0.0
3,19,4,0.0,0.0,0.0,0.0,0.0,0.0,0.0,0.0
3,19,5,0.0,0.0,0.0,0.0,0.0,0.0,0.0,0.0
3,19,6,0.0,0.0,0.0,0.0,0.0,0.0,0.0,0.0
3,19,7,2.9665500673064686,10.759967860853383,16.97797727282306,12.385129273466084,14.584284301624065,13.211309431631209,8.971027575580905,14.361550629056767
3,19,8,196.9519319046661,325.70796587368244,369.0321725703939,348.24712201819267,99.44208955857623,105.20873442703935,99.40221109679932,113.14499055015642
3,19,9,201.300399375916,227.7741140813005,247.45741118746804,227.5820487761543,290.44998327393415,334.75073589502205,365.04473350914617,323.1405241689695
3,19,10,382.9767532884764,385.54957086647124,438.02799748370745,326.4532409888211,533.359901456725,537.9651127499066,618.9267686340617,429.67818718137465
3,19,11,733.4346150860806,642.2504669383683,769.4335604261972,357.56093952901307,810.1424758270356,701.8092049219425,833.3333333333334,347.0519477938547
3,19,12,748.2805641999648,615.2472169462429,756.6172207728617,182.55668482292845,707.181756665427,585.8867895936885,719.2729844173093,193.44795856409382
3,19,13,747.1321024884433,637.3601018561972,771.601726507704,258.09721150689603,830.2601653353786,702.1627813921802,833.3333333333334,245.91529334043804
3,19,14,688.9126676157109,666.6078811461514,773.3163518071451,407.0787384348184,752.3435233698224,726.1242461837942,833.3333333333334,396.45057701307644
3,19,15,570.7703913465051,666.87050780419,741.5370268635575,508.52072975519206,504.45599486974896,586.4147515477993,655.8662257390478,429.62012038037204
3,19,16,429.30953511331506,641.2338443827337,710.3446806392747,542.4039590941297,432.60922268188654,680.8952967219681,762.6429999421031,533.4577605557904
3,19,17,123.50067563483634,240.2582691328591,284.9252191770017,200.04108483575124,2.7513866749307434,2.2457423701483568,0.8716798001026839,2.646774205884078
3,19,18,4.818520151109701,4.187715649974492,1.0666666120360595,4.494944448873252,5.145542060981476,4.491301809503644,1.2546950062844233,4.714608281084566
3,19,19,0.0,0.0,0.0,0.0,0.0,0.0,0.0,0.0
3,19,20,0.0,0.0,0.0,0.0,0.0,0.0,0.0,0.0
3,19,21,0.0,0.0,0.0,0.0,0.0,0.0,0.0,0.0
3,19,22,0.0,0.0,0.0,0.0,0.0,0.0,0.0,0.0
3,19,23,0.0,0.0,0.0,0.0,0.0,0.0,0.0,0.0
3,20,0,0.0,0.0,0.0,0.0,0.0,0.0,0.0,0.0
3,20,1,0.0,0.0,0.0,0.0,0.0,0.0,0.0,0.0
3,20,2,0.0,0.0,0.0,0.0,0.0,0.0,0.0,0.0
3,20,3,0.0,0.0,0.0,0.0,0.0,0.0,0.0,0.0
3,20,4,0.0,0.0,0.0,0.0,0.0,0.0,0.0,0.0
3,20,5,0.0,0.0,0.0,0.0,0.0,0.0,0.0,0.0
3,20,6,0.0,0.0,0.0,0.0,0.0,0.0,0.0,0.0
3,20,7,-0.0,-0.0,-0.0,-0.0,16.742084527834866,15.21298247841798,10.54418280019494,16.50594990330894
3,20,8,201.71993824382207,365.23726421908594,417.5135969715451,381.9040200616896,328.29977834884886,583.4422675505297,661.0908197748516,605.6014758057449
3,20,9,513.0177281073976,652.9507910763259,724.1832924365904,591.005124189203,564.7754957389984,723.5322990284909,805.5191921646572,646.7218108043849
3,20,10,665.3716649137897,673.833134700175,772.2126344991314,520.9514653251571,725.9624686130886,735.6935859635345,833.3333333333334,546.6305633020525
3,20,11,773.2615289929778,678.4914961838828,809.2198016542283,363.0649701755258,832.6390021273421,724.2853836348393,833.3333333333334,355.0905712969581
3,20,12,785.0692875621636,647.3398539066718,793.2635538227219,187.90326357479967,833.3333333333334,716.168144104288,833.3333333333334,155.4953494902656
3,20,13,765.4531873887885,662.0873178592448,792.3179048564504,295.06778094216725,833.3333333333334,729.6433402964751,833.3333333333334,251.3514797867605
3,20,14,754.7560748537765,733.1016907279048,833.3333333333334,443.66314592808374,782.2608810398134,758.1733310089328,833.3333333333334,411.80773292935015
3,20,15,628.2257912581115,747.187101780886,827.2893002334275,543.715105452224,648.1946903347078,778.9225573291689,833.3333333333334,527.2019690847369
3,20,16,471.1443626086331,741.9203062544233,824.4841619562077,608.3712199988652,468.98941371327265,752.9204656518028,833.3333333333334,583.5527314284267
3,20,17,234.73352494721496,619.297215898056,771.2385710283473,495.5171809880747,218.44496245690922,579.8934813636951,725.0022402485625,454.22989222960445
3,20,18,19.130465907679483,58.47657753040423,409.85288121444904,46.21497476247634,14.898390054120153,44.10735998376111,310.26368632631716,34.780549616609164
3,20,19,0.0,0.0,0.0,0.0,0.0,0.0,0.0,0.0
3,20,20,0.0,0.0,0.0,0.0,0.0,0.0,0.0,0.0
3,20,21,0.0,0.0,0.0,0.0,0.0,0.0,0.0,0.0
3,20,22,0.0,0.0,0.0,0.0,0.0,0.0,0.0,0.0
3,20,23,0.0,0.0,0.0,0.0,0.0,0.0,0.0,0.0
3,21,0,0.0,0.0,0.0,0.0,0.0,0.0,0.0,0.0
3,21,1,0.0,0.0,0.0,0.0,0.0,0.0,0.0,0.0
3,21,2,0.0,0.0,0.0,0.0,0.0,0.0,0.0,0.0
3,21,3,0.0,0.0,0.0,0.0,0.0,0.0,0.0,0.0
3,21,4,0.0,0.0,0.0,0.0,0.0,0.0,0.0,0.0
3,21,5,0.0,0.0,0.0,0.0,0.0,0.0,0.0,0.0
3,21,6,0.0,0.0,0.0,0.0,0.0,0.0,0.0,0.0
3,21,7,18.23099480283227,66.02519623075764,104.09640285222974,70.83003326689777,83.30951800041187,260.83173164497634,398.5893512450048,275.5292538453426
3,21,8,285.0491726671188,510.6463614881993,576.8850402600365,528.8895899306749,356.8736137897904,638.9550218901389,720.1240489230238,658.0948647352088
3,21,9,532.4981786113808,678.9658558246027,750.3481136089373,611.8502119115016,573.1949735850508,733.7549023100877,811.6030389101747,652.5379714670947
3,21,10,694.6526010711358,705.1534159778483,805.8074559188606,536.860421715207,729.1632261163707,740.5039591626057,833.3333333333334,547.6829241540527
3,21,11,792.5687941074376,695.6950344571628,828.259413743369,359.594327661715,823.3344924712468,720.1854645661518,833.3333333333334,351.8723922026015
3,21,12,830.4949982861718,687.5521868646813,833.3333333333334,168.647828473014,833.3333333333334,707.6068495506629,833.3333333333334,153.7704133309003
3,21,13,815.3930103619529,701.602198274919,833.3333333333334,267.02348250906937,833.3333333333334,717.6858745299975,833.3333333333334,251.04849970075728
3,21,14,753.524205509173,734.3960787446246,833.3333333333334,431.1666401628286,761.4878521236398,741.7328962257624,833.3333333333334,410.9256599519209
3,21,15,636.8990021179293,761.0376072332153,833.3333333333334,551.9940991867537,631.4351101957031,757.6919131369459,833.3333333333334,525.477899085149
3,21,16,473.8080354579497,741.8148572713847,821.255606301227,613.1078318682395,457.48603362570515,728.1753299256235,808.0264718811402,578.7990554342244
3,21,17,218.4044209724111,514.796801608487,623.7099773726812,420.06334373357754,202.8277408670844,464.10473165049433,557.9196800462903,378.062248388917
3,21,18,46.249817660669216,61.435919240271815,194.20541328634826,57.461474357848026,27.657543445178938,25.662777844583534,16.62950861380718,26.40128205064764
3,21,19,0.0,0.0,0.0,0.0,0.0,0.0,0.0,0.0
3,21,20,0.0,0.0,0.0,0.0,0.0,0.0,0.0,0.0
3,21,21,0.0,0.0,0.0,0.0,0.0,0.0,0.0,0.0
3,21,22,0.0,0.0,0.0,0.0,0.0,0.0,0.0,0.0
3,21,23,0.0,0.0,0.0,0.0,0.0,0.0,0.0,0.0
3,22,0,0.0,0.0,0.0,0.0,0.0,0.0,0.0,0.0
3,22,1,0.0,0.0,0.0,0.0,0.0,0.0,0.0,0.0
3,22,2,0.0,0.0,0.0,0.0,0.0,0.0,0.0,0.0
3,22,3,0.0,0.0,0.0,0.0,0.0,0.0,0.0,0.0
3,22,4,0.0,0.0,0.0,0.0,0.0,0.0,0.0,0.0
3,22,5,0.0,0.0,0.0,0.0,0.0,0.0,0.0,0.0
3,22,6,0.0,0.0,0.0,0.0,0.0,0.0,0.0,0.0
3,22,7,13.455834508723184,45.43991627044057,67.99091516893766,49.852493210213744,20.134191181830378,18.361457893633172,13.07277329833707,19.892470155216994
3,22,8,250.92224600045185,440.3249372101639,498.0142088304977,460.58880264501187,171.79708534096352,246.85090421189733,265.5267977186855,261.41661848237584
3,22,9,284.1216196944774,337.34739975910543,370.7206290278758,326.2570496371511,248.98962905022026,271.0761704787642,288.99279830684304,269.74383262216435
3,22,10,544.8426637959617,553.0810684696556,629.9806210850514,445.11466823293955,680.4680026491612,692.2838739812032,790.9815073814726,515.811932707665
3,22,11,719.9534179793487,636.4906922359286,754.2728310195905,351.82939675173475,617.8134606525884,555.6387165274191,650.8012728280964,326.9945491407618
3,22,12,645.5542539540814,544.5777164296716,655.7700237018078,200.32669216594843,642.9233235840278,542.5051856656755,653.8280769668171,187.90505212308614
3,22,13,556.6348227163601,510.0595823274718,580.7513973546749,295.6047215475753,634.9237083614631,557.8651194155525,659.9860305797756,251.53105838384923
3,22,14,417.37695178616235,416.03871977353475,454.37689373074187,330.81136897596696,456.76764660923425,452.91117026857165,503.48281432576863,322.0941188246035
3,22,15,314.41652236381634,335.1648630698488,364.15848576116,305.4942722648319,177.73725468731755,174.74747136330484,181.24621418576427,172.34475148148005
3,22,16,206.91704571220876,237.15861701109642,242.99018551320353,232.7201647621526,257.0686453717494,334.0827506996484,355.6940516940814,295.6281061334539
3,22,17,222.68595192571544,457.4297807919531,534.3019455337505,390.61653971779447,143.6461012511028,256.3497871652389,287.617561184684,219.01371564242984
3,22,18,52.29702709364954,54.594005357906354,80.75464500678278,54.76865967132916,27.198608817008452,25.823076723720483,21.037486938094755,26.348038325560523
3,22,19,0.0,0.0,0.0,0.0,0.0,0.0,0.0,0.0
3,22,20,0.0,0.0,0.0,0.0,0.0,0.0,0.0,0.0
3,22,21,0.0,0.0,0.0,0.0,0.0,0.0,0.0,0.0
3,22,22,0.0,0.0,0.0,0.0,0.0,0.0,0.0,0.0
3,22,23,0.0,0.0,0.0,0.0,0.0,0.0,0.0,0.0
3,23,0,0.0,0.0,0.0,0.0,0.0,0.0,0.0,0.0
3,23,1,0.0,0.0,0.0,0.0,0.0,0.0,0.0,0.0
3,23,2,0.0,0.0,0.0,0.0,0.0,0.0,0.0,0.0
3,23,3,0.0,0.0,0.0,0.0,0.0,0.0,0.0,0.0
3,23,4,0.0,0.0,0.0,0.0,0.0,0.0,0.0,0.0
3,23,5,0.0,0.0,0.0,0.0,0.0,0.0,0.0,0.0
3,23,6,-0.0,-0.0,-0.0,-0.0,-0.0,-0.0,-0.0,-0.0
3,23,7,-0.0,-0.0,-0.0,-0.0,2.250051300996865,1.782310128060198,0.40474212256822806,2.1501746273913396
3,23,8,35.07833004963071,33.88776023378332,30.420674838511438,37.36406523897533,125.15839068790291,152.19761844241594,154.68026191102857,162.8852416422709
3,23,9,84.80454787685103,80.4212944194101,80.21047410521935,87.94662051032199,308.761181139563,356.3283485941306,386.44289097842767,342.10507091713646
3,23,10,491.89988749754514,501.3128298723795,574.2905649773318,395.34306384262925,655.0096311899083,668.0089644607624,765.1400533689065,503.3889472998705
3,23,11,545.7671122845859,487.99598517247273,574.7210280497666,291.74892862218985,323.8724765903912,322.35260422234757,340.44041651976045,241.59681664666448
3,23,12,227.6361442660223,248.6520006804884,238.49593878250292,196.03298185556127,176.8192904395207,199.67832303825472,185.97587744257805,158.88112640637735
3,23,13,551.5740002988019,518.3083892366294,576.0857592839034,318.1923762852606,482.0508802401352,467.8616597053731,504.8803605021035,297.0170759515168
3,23,14,468.9528556366814,466.0402023336621,517.4754280071968,344.09764716015457,381.04953697184175,381.72427266823746,413.3687769916451,297.76588701727013
3,23,15,314.04862114055805,338.1288373808152,366.4998199324866,301.9731643167757,224.08449702482463,224.01669880650414,234.7884726330137,216.38084694909625
3,23,16,355.4831405116388,513.9867550989329,561.1298300088364,442.5827701809359,390.5171145554865,594.8757222112761,653.1019624831339,490.4147292725265
3,23,17,230.41284888717223,575.0981154188381,686.8543282865838,470.7279074533297,44.95742754447734,46.25541856898969,39.14612423087311,47.64799124298554
3,23,18,53.53471541274181,83.773044138522,289.2087351415454,75.5261479675043,17.97838721853504,16.408862344684266,8.781316823252771,16.96743336952509
3,23,19,0.0,0.0,0.0,0.0,0.0,0.0,0.0,0.0
3,23,20,0.0,0.0,0.0,0.0,0.0,0.0,0.0,0.0
3,23,21,0.0,0.0,0.0,0.0,0.0,0.0,0.0,0.0
3,23,22,0.0,0.0,0.0,0.0,0.0,0.0,0.0,0.0
3,23,23,0.0,0.0,0.0,0.0,0.0,0.0,0.0,0.0
3,24,0,0.0,0.0,0.0,0.0,0.0,0.0,0.0,0.0
3,24,1,0.0,0.0,0.0,0.0,0.0,0.0,0.0,0.0
3,24,2,0.0,0.0,0.0,0.0,0.0,0.0,0.0,0.0
3,24,3,0.0,0.0,0.0,0.0,0.0,0.0,0.0,0.0
3,24,4,0.0,0.0,0.0,0.0,0.0,0.0,0.0,0.0
3,24,5,0.0,0.0,0.0,0.0,0.0,0.0,0.0,0.0
3,24,6,-0.0,-0.0,-0.0,-0.0,-0.0,-0.0,-0.0,-0.0
3,24,7,-0.0,-0.0,-0.0,0.11656595628789915,80.84590092944967,261.97774031997466,373.9234145710247,277.4306292346475
3,24,8,226.28778862379843,403.7152885536263,454.8274033005343,418.6415370208645,334.89403857253154,598.7293967076553,669.7163142692522,612.9188889247043
3,24,9,457.3459989947802,585.0537920537375,645.0731260026356,528.2986218388844,548.551986430629,707.918048462997,779.4583064294402,624.532739182991
3,24,10,615.4306510992163,628.0771255027955,712.7092033891633,493.19015835117904,488.04693740414433,496.9057753979507,558.2694772570457,397.98479943107
3,24,11,547.7141692267687,504.9348505884523,576.1840491773199,325.67087156007125,491.37400596279383,459.12008881556153,518.8885925580494,300.0926265497947
3,24,12,575.0379235778993,508.6307500214014,587.8990593807843,233.00535727185257,682.5384504194893,572.987718107811,692.7581027592041,180.56488865616132
3,24,13,468.50404185181685,443.8529659321291,490.07529635161444,280.0922059596161,447.7783190580001,427.0945157120938,469.25506768886817,260.5960091283128
3,24,14,549.0827427018979,545.7697373418594,610.6195326239481,390.47666401120097,602.266802174209,596.1659572149932,678.3040059561929,373.3024708151813
3,24,15,427.74515177547977,492.43500718621743,540.34044267972,395.5113691025461,270.69191008309787,277.37633832541997,293.42959046908624,257.237756007785
3,24,16,253.89263711123397,324.3036713562194,345.45813974796226,301.1985022056805,232.60500099561924,294.92673965276174,311.01947777553846,266.19167700599945
3,24,17,163.9192132574767,328.22312598053543,376.1350080530916,280.0629920933151,189.45699587252594,439.3555426611124,514.536700724328,356.46088069775516
3,24,18,22.294359851961804,69.16241422778103,359.48762280099265,53.435183520131716,16.357743365281664,50.41172415208658,263.3556017551681,41.057165824650944
3,24,19,0.0,0.0,0.0,0.0,0.0,0.0,0.0,0.0
3,24,20,0.0,0.0,0.0,0.0,0.0,0.0,0.0,0.0
3,24,21,0.0,0.0,0.0,0.0,0.0,0.0,0.0,0.0
3,24,22,0.0,0.0,0.0,0.0,0.0,0.0,0.0,0.0
3,24,23,0.0,0.0,0.0,0.0,0.0,0.0,0.0,0.0
3,25,0,0.0,0.0,0.0,0.0,0.0,0.0,0.0,0.0
3,25,1,0.0,0.0,0.0,0.0,0.0,0.0,0.0,0.0
3,25,2,0.0,0.0,0.0,0.0,0.0,0.0,0.0,0.0
3,25,3,0.0,0.0,0.0,0.0,0.0,0.0,0.0,0.0
3,25,4,0.0,0.0,0.0,0.0,0.0,0.0,0.0,0.0
3,25,5,0.0,0.0,0.0,0.0,0.0,0.0,0.0,0.0
3,25,6,-0.0,-0.0,-0.0,-0.0,-0.0,-0.0,-0.0,-0.0
3,25,7,1.8145711517194436,1.4731874507095923,0.3625083117847641,1.9653273994933675,70.68868138848048,212.73502974916133,292.67439914369254,227.23486536307533
3,25,8,47.32209862728261,55.72264759946192,55.3411878707896,60.29414950049189,33.471231613503726,30.735239171227047,26.705784607925594,33.157641008974636
3,25,9,49.962565673270234,46.50891803398546,46.13022330421386,51.370504415136146,70.41099296444263,65.60381908699559,64.90794351362796,70.42290467839514
3,25,10,78.52745051112778,78.60008490891333,78.45147837390644,80.19336744319016,86.10868177229621,86.19655116534882,85.8255438189689,85.29704451900542
3,25,11,118.70493823777227,130.23444388468104,123.85194851845603,117.53166280457967,154.9114921862775,169.1603449846501,161.7201646578548,146.3101759758189
3,25,12,130.23939272419992,148.97909025447848,137.64395243221276,125.74322148902061,68.38455640535403,80.66395881799205,72.51950981442242,67.4941503800631
3,25,13,111.29809691207814,123.97960298900206,116.63123131989938,109.6761000389896,101.09649877572696,113.48146060066964,105.89851249558743,97.52146909812012
3,25,14,142.65341970904657,145.60122666577985,145.94963324777783,140.3828287811176,112.87443020948493,115.47508148952366,114.44744275669761,109.40404638517123
3,25,15,100.43355574819539,95.24446020745623,97.23420764560699,102.31484200442966,44.21862280148983,40.733012746545775,40.859878108120704,43.98445519151761
3,25,16,86.11837967260419,84.69255644173312,80.0042215675554,90.42619020642888,93.32419342360082,92.48261221576846,87.09554218175778,95.58905908273233
3,25,17,108.04803520795494,148.5361225775108,151.22262138600632,141.95333168299734,204.77259321850383,534.8178312383974,631.1661123896057,425.39819324291324
3,25,18,26.607789356944533,148.1446166647039,288.1123012110659,54.06825496947765,20.857441960040262,64.29141502114211,228.2507725597784,42.86147747098052
3,25,19,0.0,0.0,0.0,0.0,0.0,0.0,0.0,0.0
3,25,20,0.0,0.0,0.0,0.0,0.0,0.0,0.0,0.0
3,25,21,0.0,0.0,0.0,0.0,0.0,0.0,0.0,0.0
3,25,22,0.0,0.0,0.0,0.0,0.0,0.0,0.0,0.0
3,25,23,0.0,0.0,0.0,0.0,0.0,0.0,0.0,0.0
3,26,0,0.0,0.0,0.0,0.0,0.0,0.0,0.0,0.0
3,26,1,0.0,0.0,0.0,0.0,0.0,0.0,0.0,0.0
3,26,2,0.0,0.0,0.0,0.0,0.0,0.0,0.0,0.0
3,26,3,0.0,0.0,0.0,0.0,0.0,0.0,0.0,0.0
3,26,4,0.0,0.0,0.0,0.0,0.0,0.0,0.0,0.0
3,26,5,0.0,0.0,0.0,0.0,0.0,0.0,0.0,0.0
3,26,6,-0.0,-0.0,-0.0,-0.0,-0.0,-0.0,-0.0,-0.0
3,26,7,14.008072538660558,45.53972142771371,61.97684180586196,50.61741623283097,67.76482633700643,193.9770108868731,257.61865542832084,209.29391644589583
3,26,8,228.6250652677209,401.5623780182521,449.8590062667605,416.6217818081221,308.5104103868105,531.3562194707349,588.9036653313809,545.7572226262571
3,26,9,470.2924136069879,601.7157068252126,660.1486834396213,541.8257018726747,517.4856227644136,660.2197026248688,721.9357637466634,587.7615310459577
3,26,10,633.4366072968184,649.5375450420113,733.6808013370041,496.6648191856315,665.9406992024066,682.9549010160038,770.3342125382345,510.5286830204838
3,26,11,741.1264331654759,661.2988551180596,774.5053565125039,348.8607669216876,761.1278411778072,679.6386804528775,795.566470434052,342.15760551688817
3,26,12,787.7979084335144,664.6427372332117,794.2754551219967,183.32373355381196,797.3444522946152,676.3539894441412,803.4174989971741,162.43914657389936
3,26,13,773.7156458325436,681.3826860235821,799.2620733369446,281.9155512525466,782.9218526977583,690.3677907481457,808.2227166266863,258.03361107359416
3,26,14,715.6809207049567,711.6550633961798,805.8754861157454,437.91943411580337,722.6558009319054,718.4887198529732,816.1752992011365,407.3515509448701
3,26,15,564.2793608657793,675.6359610634764,738.4444215001982,512.7914643488729,597.3162024424415,728.2338695837805,796.4594019996805,510.85102815036805
3,26,16,435.08468619612495,670.0592516790454,731.3828879580838,563.0627944815316,382.8547879949219,588.6593060836688,643.047649416528,478.70332133298643
3,26,17,248.20219111963735,580.3513403339385,665.2577992883971,486.92240402275195,202.56458531458065,552.6143417359166,647.9632796787581,441.67838847483597
3,26,18,34.7832234580937,77.17659853001763,303.9793803345985,62.05805052505578,21.370873483263,212.30536406455934,315.42963869635196,53.04792741143307
3,26,19,0.0,0.0,0.0,0.0,0.0,0.0,0.0,0.0
3,26,20,0.0,0.0,0.0,0.0,0.0,0.0,0.0,0.0
3,26,21,0.0,0.0,0.0,0.0,0.0,0.0,0.0,0.0
3,26,22,0.0,0.0,0.0,0.0,0.0,0.0,0.0,0.0
3,26,23,0.0,0.0,0.0,0.0,0.0,0.0,0.0,0.0
3,27,0,0.0,0.0,0.0,0.0,0.0,0.0,0.0,0.0
3,27,1,0.0,0.0,0.0,0.0,0.0,0.0,0.0,0.0
3,27,2,0.0,0.0,0.0,0.0,0.0,0.0,0.0,0.0
3,27,3,0.0,0.0,0.0,0.0,0.0,0.0,0.0,0.0
3,27,4,0.0,0.0,0.0,0.0,0.0,0.0,0.0,0.0
3,27,5,0.0,0.0,0.0,0.0,0.0,0.0,0.0,0.0
3,27,6,-0.0,-0.0,-0.0,-0.0,-0.0,-0.0,-0.0,-0.0
3,27,7,2.857916055224915,3.4978243115020873,2.898380987270201,4.159543970526727,72.4412363327227,218.94002084762312,289.94056777891444,233.9539978268349
3,27,8,177.34530957092494,297.3525102114931,330.703768207505,311.09929855287936,311.28128047307666,550.8147906875644,612.6209656252189,562.6357238014896
3,27,9,309.73273732217694,375.03646249602997,408.618688579594,353.5139304888864,333.20159485591705,392.5949105650747,424.35012864022383,367.9982814919541
3,27,10,508.3831204935044,521.0076869995125,584.9293439303777,420.66971441283977,529.2140167897755,542.7599230848909,611.0362169034217,425.9346232381094
3,27,11,599.8460201998549,550.0324148897005,630.6321772232515,339.59287566544054,589.8126650691064,539.5141630518359,622.3289667034743,315.36684485302806
3,27,12,699.7726130197193,606.667175231641,710.7891063468787,227.94886571816696,805.1932519318583,673.4720730026709,812.3787892581522,159.08904683925442
3,27,13,695.0416293607183,619.9572322632266,720.9140247228628,286.09757287488424,611.5198140689575,550.1755865812647,638.5445078905636,256.54135965129666
3,27,14,688.9228898346687,688.1022117134254,774.6574406804195,436.95468936485264,560.8063627476613,561.581644859461,634.1752559741645,353.28307222931613
3,27,15,563.4799252240654,663.6975693476886,721.8000081727472,522.8065618802027,340.6557632136087,370.64449761357497,400.82338388396903,316.81393382781647
3,27,16,214.11029188496175,289.2603431304658,308.9283427874038,257.96566284039915,201.68951227301793,249.08790862671154,259.3227355320299,227.98902256845489
3,27,17,42.341934437590844,42.33970276726185,35.781206770634725,45.50280168858947,68.61257771840633,81.20173770592615,75.39180335722709,79.766338991359
3,27,18,7.786323126101497,17.275804952991123,19.519525813193198,9.754465686160017,7.2338015601335,15.039071702903575,15.538892488009077,8.482711772016284
3,27,19,0.0,0.0,0.0,0.0,0.0,0.0,0.0,0.0
3,27,20,0.0,0.0,0.0,0.0,0.0,0.0,0.0,0.0
3,27,21,0.0,0.0,0.0,0.0,0.0,0.0,0.0,0.0
3,27,22,0.0,0.0,0.0,0.0,0.0,0.0,0.0,0.0
3,27,23,0.0,0.0,0.0,0.0,0.0,0.0,0.0,0.0
3,28,0,0.0,0.0,0.0,0.0,0.0,0.0,0.0,0.0
3,28,1,0.0,0.0,0.0,0.0,0.0,0.0,0.0,0.0
3,28,2,0.0,0.0,0.0,0.0,0.0,0.0,0.0,0.0
3,28,3,0.0,0.0,0.0,0.0,0.0,0.0,0.0,0.0
3,28,4,0.0,0.0,0.0,0.0,0.0,0.0,0.0,0.0
3,28,5,0.0,0.0,0.0,0.0,0.0,0.0,0.0,0.0
3,28,6,-0.0,-0.0,-0.0,-0.0,-0.0,-0.0,-0.0,-0.0
3,28,7,15.340124006765466,38.65022303036191,48.40451303273712,42.84751569836586,5.451773333963391,4.745413814564952,2.7888702932148552,5.310564042905645
3,28,8,49.39921595152872,67.87117509785129,71.56516589889016,72.77611524307802,0.25761866177453197,-0.0,-0.0,0.19912484646263628
3,28,9,24.178925230236985,22.276056664137183,22.239026753427456,24.80258761222391,57.24261171340644,53.07269874294449,52.786098571191616,57.06366432473598
3,28,10,286.29846476940315,292.7104760103344,320.0142109527737,253.87908081060638,514.7797754746055,529.6388213297514,595.2275703039255,411.97788168481094
3,28,11,456.22332665791527,425.753425731117,480.54002632918025,275.4247989636685,485.3942441075105,456.38977361913317,512.945597881385,289.21646011675944
3,28,12,513.3907371251004,465.1849841770737,527.394420392555,230.8646957402715,421.7474476517347,399.2289354773912,437.16114287379645,216.03990847572229
3,28,13,365.16407652620853,366.7026722891709,384.8746959777631,267.3672437619637,375.2571281414204,373.28864402732495,394.7496703786665,244.73562132373172
3,28,14,398.04090111188697,403.0227145829933,434.7561547152938,328.14074441965926,430.5839293498897,434.8694274020705,477.4508309552707,307.93878678845584
3,28,15,370.1356695766029,407.3907942587039,441.0437304092788,358.7501469794288,256.6429611255844,273.84487146970025,293.50724095652936,242.06334029121342
3,28,16,91.04268052079671,90.40211785934876,86.14254002338048,96.12944808382251,51.44787320689197,47.98485779773723,43.6422467835534,51.3239675110991
3,28,17,106.04376878151486,147.43425757580673,149.85172115264726,141.98635227647225,174.4987669784983,356.43740808403066,399.2433576531875,302.13009437549545
3,28,18,22.91004952855636,496.72889373838666,698.5735627727612,113.78561062495034,22.193972792226745,159.083151384792,219.28634886123194,45.85315128600874
3,28,19,0.0,0.0,0.0,0.0,0.0,0.0,0.0,0.0
3,28,20,0.0,0.0,0.0,0.0,0.0,0.0,0.0,0.0
3,28,21,0.0,0.0,0.0,0.0,0.0,0.0,0.0,0.0
3,28,22,0.0,0.0,0.0,0.0,0.0,0.0,0.0,0.0
3,28,23,0.0,0.0,0.0,0.0,0.0,0.0,0.0,0.0
3,29,0,0.0,0.0,0.0,0.0,0.0,0.0,0.0,0.0
3,29,1,0.0,0.0,0.0,0.0,0.0,0.0,0.0,0.0
3,29,2,0.0,0.0,0.0,0.0,0.0,0.0,0.0,0.0
3,29,3,0.0,0.0,0.0,0.0,0.0,0.0,0.0,0.0
3,29,4,0.0,0.0,0.0,0.0,0.0,0.0,0.0,0.0
3,29,5,0.0,0.0,0.0,0.0,0.0,0.0,0.0,0.0
3,29,6,-0.0,-0.0,-0.0,-0.0,-0.0,-0.0,-0.0,-0.0
3,29,7,-0.0,-0.0,-0.0,-0.0,13.327560112933169,12.022273793106255,8.381763111248857,12.860904431997607
3,29,8,25.444630091797034,24.64445680287744,22.415163843199704,27.18759617089824,167.20227930299754,229.90484783247643,242.26481290242378,240.32422348903023
3,29,9,151.89623382737474,164.25127741534186,173.33574977795294,165.48361948390058,315.5933427572969,371.30366642608664,399.5638970085271,344.74487496250384
3,29,10,301.75525269333536,308.9624192651942,337.0091976424168,268.5817330864123,286.2862407653309,291.96356124884585,310.88453609578585,256.00389068156846
3,29,11,330.6077858411644,334.94514579585314,349.70947175316576,266.5996375024415,248.16107802425591,266.4320162115282,261.60799639412306,217.1016950602507
3,29,12,190.60287971556744,213.78084728628147,202.38484152565346,175.54168086671748,88.67819589976197,103.82613897531793,94.74525713665821,84.47929873675163
3,29,13,123.35092777783021,137.0687901764883,130.21738968520174,120.77532628103474,65.02448729486625,74.02363886391305,68.68880780373351,63.39668872687285
3,29,14,114.77704175482057,117.61397624085141,117.54112303742654,114.81972907391324,50.82980079520288,52.290036918029195,51.23313061113272,49.93348562006622
3,29,15,80.86619192447819,75.91019166312161,77.55086711507775,82.79705043606656,42.49046679541477,39.07445952620822,39.441094403128524,41.60185888160985
3,29,16,54.7706582687191,51.05852480750369,47.005794297834065,56.370799953693556,32.97338007695785,30.229352392703234,27.07427074398371,32.15574485785131
3,29,17,58.49882507884395,63.7256007353933,57.260647669403994,66.45784766645436,195.53358439622005,546.6528671446433,630.256729783021,431.2500071173887
3,29,18,6.7045474098731,11.474888765194692,10.948002673393091,7.907076115057806,20.94054999108642,81.84033484000479,247.62123192048267,51.14359567187676
3,29,19,0.0,0.0,0.0,0.0,0.0,0.0,0.0,0.0
3,29,20,0.0,0.0,0.0,0.0,0.0,0.0,0.0,0.0
3,29,21,0.0,0.0,0.0,0.0,0.0,0.0,0.0,0.0
3,29,22,0.0,0.0,0.0,0.0,0.0,0.0,0.0,0.0
3,29,23,0.0,0.0,0.0,0.0,0.0,0.0,0.0,0.0
3,30,0,0.0,0.0,0.0,0.0,0.0,0.0,0.0,0.0
3,30,1,0.0,0.0,0.0,0.0,0.0,0.0,0.0,0.0
3,30,2,0.0,0.0,0.0,0.0,0.0,0.0,0.0,0.0
3,30,3,0.0,0.0,0.0,0.0,0.0,0.0,0.0,0.0
3,30,4,0.0,0.0,0.0,0.0,0.0,0.0,0.0,0.0
3,30,5,0.0,0.0,0.0,0.0,0.0,0.0,0.0,0.0
3,30,6,-0.0,-0.0,-0.0,-0.0,-0.0,-0.0,-0.0,-0.0
3,30,7,-0.0,-0.0,-0.0,-0.0,99.85091854560751,336.87420720151977,428.5749628137713,354.0510811169737
3,30,8,26.82583190180549,25.025925090910597,22.48362068954028,27.770775487707347,66.7992417192195,63.83938191621986,57.70346065955623,67.1595951005716
3,30,9,121.23345737462817,116.86111403886638,119.28648503279966,126.53662094444418,131.42120001165964,126.73047101051574,128.76701965540593,130.6136399608204
3,30,10,194.76257674881052,197.50487800425336,202.5206091492091,192.36635902095392,317.3373359450432,324.44958851621163,345.9681479182259,278.9139371598106
3,30,11,380.60769847143763,371.8092734831673,402.3394104741481,271.88495518660915,200.85557624038927,219.05998770135315,211.90803571290226,180.8811244940576
3,30,12,295.318024893383,297.70558293817396,308.5856112448303,197.72801531632464,203.59735747617773,229.87450625410347,216.79316484140125,175.6344751450558
3,30,13,283.70214205699284,301.4838570646397,299.4117865423639,243.6241838117646,312.21616001474337,333.8647146722737,330.13414154902233,251.52827916590422
3,30,14,278.9183354183435,284.6205672938136,301.0568710495694,241.50907847553157,157.11558495959252,161.5052196900963,161.72938947876816,146.04563476205857
3,30,15,185.66386821605332,183.44395279892228,191.52162263766866,187.02360766983085,239.1200847234069,240.40257469466886,252.00780428827778,226.12168622676924
3,30,16,244.30510895952446,313.9846890413773,330.36706676742364,289.4515511184651,185.0031227678602,205.93039448403874,204.6411901590119,195.37289841604053
3,30,17,227.92033642036304,534.0961671184392,604.4499473238991,457.5780286478185,222.1493499139495,686.7907405429493,795.3041451371508,534.3868079211627
3,30,18,35.439568188028375,83.14370338741396,274.22115335172475,69.60667258778416,17.569315092082107,85.5562213382682,356.79563828076016,66.35959096463715
3,30,19,0.0,0.0,0.0,0.0,0.0,0.0,0.0,0.0
3,30,20,0.0,0.0,0.0,0.0,0.0,0.0,0.0,0.0
3,30,21,0.0,0.0,0.0,0.0,0.0,0.0,0.0,0.0
3,30,22,0.0,0.0,0.0,0.0,0.0,0.0,0.0,0.0
3,30,23,0.0,0.0,0.0,0.0,0.0,0.0,0.0,0.0
3,31,0,0.0,0.0,0.0,0.0,0.0,0.0,0.0,0.0
3,31,1,0.0,0.0,0.0,0.0,0.0,0.0,0.0,0.0
3,31,2,0.0,0.0,0.0,0.0,0.0,0.0,0.0,0.0
3,31,3,0.0,0.0,0.0,0.0,0.0,0.0,0.0,0.0
3,31,4,0.0,0.0,0.0,0.0,0.0,0.0,0.0,0.0
3,31,5,0.0,0.0,0.0,0.0,0.0,0.0,0.0,0.0
3,31,6,-0.0,-0.0,-0.0,-0.0,-0.0,-0.0,-0.0,-0.0
3,31,7,44.86018058611471,169.27297131770854,215.83036958608636,176.97895212804707,115.17311374743791,402.2609023024281,502.4152076377273,418.12039465212865
3,31,8,329.67158631938827,588.4391926582804,645.3816272896987,592.4650284683948,383.46704033973776,686.2418230621295,750.3786355565828,683.3909728614188
3,31,9,558.2983033842604,720.4474086588867,776.472563082005,632.7865507887326,594.712396061807,770.2131158931675,829.5838079950261,660.41627845948
3,31,10,714.5626120481612,740.7046946153971,823.1198373025128,547.3048600747326,747.3086417388586,775.7832219939401,833.3333333333334,546.5128518139129
3,31,11,808.0670754854383,732.8929705019781,833.3333333333334,363.3926141930813,833.3333333333334,759.9606568931849,833.3333333333334,342.0669615248313
3,31,12,833.3333333333334,726.767988683729,833.3333333333334,177.9378143906449,833.3333333333334,750.4096834666371,833.3333333333334,146.93442641189446
3,31,13,828.2471763292033,743.5478888708318,833.3333333333334,289.89564105318016,833.3333333333334,758.809533272692,833.3333333333334,258.45287315577167
3,31,14,762.025350965887,772.4069247935927,833.3333333333334,454.5398207804253,764.993040853811,776.4063670298747,833.3333333333334,421.10816277096404
3,31,15,642.8943779350805,796.4297985467502,833.3333333333334,574.5468646460548,631.0186909055649,785.8534675498713,833.3333333333334,535.0171280860085
3,31,16,475.9452681861526,781.5216001586294,833.3333333333334,637.0311796512574,450.49398987017105,744.4745938091393,806.7410432086459,582.9715728167573
3,31,17,233.82049893125918,694.0970208140266,797.5344451379875,579.0089737686188,210.29596063005698,603.7601198622483,690.8967431261691,497.0731193009112
3,31,18,23.82560458428443,105.33756202440937,406.0239378356546,83.14516214984755,19.723336969381208,102.51414985530428,304.3116302633481,63.212888378876265
3,31,19,0.0,0.0,0.0,0.0,0.0,0.0,0.0,0.0
3,31,20,0.0,0.0,0.0,0.0,0.0,0.0,0.0,0.0
3,31,21,0.0,0.0,0.0,0.0,0.0,0.0,0.0,0.0
3,31,22,0.0,0.0,0.0,0.0,0.0,0.0,0.0,0.0
3,31,23,0.0,0.0,0.0,0.0,0.0,0.0,0.0,0.0
4,1,0,0.0,0.0,0.0,0.0,0.0,0.0,0.0,0.0
4,1,1,0.0,0.0,0.0,0.0,0.0,0.0,0.0,0.0
4,1,2,0.0,0.0,0.0,0.0,0.0,0.0,0.0,0.0
4,1,3,0.0,0.0,0.0,0.0,0.0,0.0,0.0,0.0
4,1,4,0.0,0.0,0.0,0.0,0.0,0.0,0.0,0.0
4,1,5,0.0,0.0,0.0,0.0,0.0,0.0,0.0,0.0
4,1,6,-0.0,-0.0,-0.0,-0.0,-0.0,-0.0,-0.0,-0.0
4,1,7,0.08468854119707946,0.21966295146139658,-0.0,0.5559422088344956,12.13222509667015,10.911285962061271,7.600233274759369,11.579169284561326
4,1,8,30.786390859822983,28.85268698107442,26.180272884371227,31.953110779497802,92.41219447568378,95.04143849939027,89.4241454315392,99.39723157157529
4,1,9,102.41963714775379,97.80200830548623,99.79963984320689,106.42804428783319,160.89734977038,160.77145267008723,165.45184512109913,162.15010998659673
4,1,10,200.84770791125754,204.6473792067955,209.61955780912362,198.48458388151505,171.76909293931132,175.0454504788265,177.7717530893986,162.0526250122153
4,1,11,241.93168502116546,259.9605828808099,256.06482704198527,224.41711384066735,394.87052710042457,397.4023790084698,417.87154089804227,279.31791630452983
4,1,12,506.1428704889152,495.2710216989399,526.8030842625569,299.57750834726625,581.9089703253593,531.309993818962,597.7257922196459,219.88259765101546
4,1,13,423.9499076927478,426.802886207139,448.53717670206237,306.88439442889575,374.1962173526878,380.8491268430293,396.20356949731786,258.00255897349257
4,1,14,682.1547581576564,694.5417929962819,767.7151639998925,457.8142988039026,744.348010206684,758.5015110877531,833.3333333333334,409.0144897487196
4,1,15,621.0206956873346,767.2138486613641,826.1750077360432,566.8016490635213,620.485574065477,778.42343994673,833.3333333333334,523.5422328064955
4,1,16,457.9733156324768,751.5283105865673,813.8824059080642,615.4750922124907,444.441670269438,743.2689817579941,804.2048775067527,574.2692667333207
4,1,17,225.54256622584333,651.6915503031261,746.1359655019382,550.2929555659181,207.37270764506493,625.3726801036203,717.490256722723,511.2481430797426
4,1,18,26.438330007630164,99.96952711391246,357.57786656947184,79.29933757479492,19.36320983424835,82.08682884636937,303.91387306629247,65.21789706739025
4,1,19,0.0,0.0,0.0,0.0,0.0,0.0,0.0,0.0
4,1,20,0.0,0.0,0.0,0.0,0.0,0.0,0.0,0.0
4,1,21,0.0,0.0,0.0,0.0,0.0,0.0,0.0,0.0
4,1,22,0.0,0.0,0.0,0.0,0.0,0.0,0.0,0.0
4,1,23,0.0,0.0,0.0,0.0,0.0,0.0,0.0,0.0
4,2,0,0.0,0.0,0.0,0.0,0.0,0.0,0.0,0.0
4,2,1,0.0,0.0,0.0,0.0,0.0,0.0,0.0,0.0
4,2,2,0.0,0.0,0.0,0.0,0.0,0.0,0.0,0.0
4,2,3,0.0,0.0,0.0,0.0,0.0,0.0,0.0,0.0
4,2,4,0.0,0.0,0.0,0.0,0.0,0.0,0.0,0.0
4,2,5,0.0,0.0,0.0,0.0,0.0,0.0,0.0,0.0
4,2,6,-0.0,-0.0,-0.0,-0.0,-0.0,-0.0,-0.0,-0.0
4,2,7,39.22190301692981,143.52614363835383,176.6948306295851,152.47745171835803,107.68107558681879,375.333969840502,453.71689938989914,391.5282686473138
4,2,8,302.5829266007893,541.7779781960622,593.0653370411632,544.3351719188047,358.05171617754587,639.0355890866281,695.9271355323366,634.2904807668892
4,2,9,501.50193706948215,649.5895510349444,699.3089811878466,570.5483772432077,557.1601703518405,725.7428057007867,780.2025897119819,619.5384349741856
4,2,10,649.1323360228947,675.3447365589157,748.0337902637125,506.21438403570085,693.4772374299662,723.1059334632046,800.5184067796591,508.0335336324134
4,2,11,688.8457953067199,644.1175124410632,722.6657033772992,388.0770955275983,530.1024264357412,516.2212831706623,560.137141113188,328.7411960206975
4,2,12,442.17057625529054,439.2846383871982,462.27685156536074,279.5130466816212,399.23361185640096,399.151734831201,417.4800863849267,231.92479536898847
4,2,13,487.09737806663924,475.3198096190496,513.447565555178,306.2325549756167,570.997186263707,539.5230990338533,597.5174518631749,274.4055873801631
4,2,14,585.5657773753106,598.7961006775258,656.9048853917946,412.1342832290263,687.6411326682141,702.6108913389336,776.7847307952256,397.70857288034665
4,2,15,612.4471724825092,748.5240979356597,803.6324479598892,569.5947435236826,576.9143838336787,718.4118441450333,770.4169180930262,501.14339327894083
4,2,16,340.34869027972957,490.4893480089728,523.3303467390214,426.50798573465346,261.8475553388527,349.9709795223831,366.32857509954516,304.754672300619
4,2,17,185.74775157800914,405.34310271323295,453.03302810801137,358.68936613687373,157.2638843643243,294.9018656071139,321.14974883178104,265.2227863499058
4,2,18,29.918600141894423,390.14175970702064,535.7281928091783,118.80333064056641,20.788688990926218,98.30298240944799,124.41627327205399,37.89209504304222
4,2,19,0.0,0.0,0.0,0.0,0.0,0.0,0.0,0.0
4,2,20,0.0,0.0,0.0,0.0,0.0,0.0,0.0,0.0
4,2,21,0.0,0.0,0.0,0.0,0.0,0.0,0.0,0.0
4,2,22,0.0,0.0,0.0,0.0,0.0,0.0,0.0,0.0
4,2,23,0.0,0.0,0.0,0.0,0.0,0.0,0.0,0.0
4,3,0,0.0,0.0,0.0,0.0,0.0,0.0,0.0,0.0
4,3,1,0.0,0.0,0.0,0.0,0.0,0.0,0.0,0.0
4,3,2,0.0,0.0,0.0,0.0,0.0,0.0,0.0,0.0
4,3,3,0.0,0.0,0.0,0.0,0.0,0.0,0.0,0.0
4,3,4,0.0,0.0,0.0,0.0,0.0,0.0,0.0,0.0
4,3,5,0.0,0.0,0.0,0.0,0.0,0.0,0.0,0.0
4,3,6,-0.0,-0.0,-0.0,-0.0,-0.0,-0.0,-0.0,-0.0
4,3,7,10.404690861206836,16.32113804815993,16.14064730999015,17.623717207310136,20.49374218996069,18.64734219172612,13.771417989078262,19.69884186820153
4,3,8,56.62648634180339,57.14677239807858,53.852207358928595,62.23499267986372,336.82656199380847,601.7438675041003,655.8625919672089,597.418540386319
4,3,9,272.7775117490183,320.5748396970854,343.33627392472795,305.24150056526736,205.9973439751344,218.60787211235322,230.65763040942173,215.02739781309228
4,3,10,552.8144926101746,575.4192271830349,635.3690590740305,446.4929055637767,576.5752907979396,601.5751874897895,665.9044224456676,442.8986121954201
4,3,11,572.8231165254285,531.7507702527864,601.4862999753558,311.66532577677617,620.0788031034062,578.6525447855101,653.4476430535706,313.8132912520213
4,3,12,494.9735577643996,469.0440339969331,511.71272426502287,250.32995643591735,364.4084232332822,369.0186450724135,382.93499952095766,219.42988893425598
4,3,13,537.577952434626,511.75877836883035,564.456534667113,298.28325199337735,591.1382412144992,557.4242593895704,620.5088859679707,269.40728341669364
4,3,14,556.8904719048797,571.3448941357175,623.5834639038741,409.5860495185843,520.1243088255562,534.9615103078688,587.0851751796042,338.8287802798265
4,3,15,459.8103924833084,541.6837203692095,583.113799071166,439.2441828515771,422.41162099995876,489.7798388408098,526.4984450066412,378.1546595658408
4,3,16,139.33155225865033,147.92793405398172,145.85206457687232,151.58979276224738,143.00909218252409,154.24174350321536,150.8118504750241,148.71899914687972
4,3,17,97.52636449543883,132.0984579175417,131.3681100960392,130.23856734839583,0.22567827845235366,-0.0,-0.0,0.06860356198437705
4,3,18,19.9947268583242,77.63482994529772,95.94069068569371,34.52383324143676,12.358809435451686,27.122773489407493,28.959637874723757,15.825876375576211
4,3,19,0.0,0.0,0.0,0.0,0.0,0.0,0.0,0.0
4,3,20,0.0,0.0,0.0,0.0,0.0,0.0,0.0,0.0
4,3,21,0.0,0.0,0.0,0.0,0.0,0.0,0.0,0.0
4,3,22,0.0,0.0,0.0,0.0,0.0,0.0,0.0,0.0
4,3,23,0.0,0.0,0.0,0.0,0.0,0.0,0.0,0.0
4,4,0,0.0,0.0,0.0,0.0,0.0,0.0,0.0,0.0
4,4,1,0.0,0.0,0.0,0.0,0.0,0.0,0.0,0.0
4,4,2,0.0,0.0,0.0,0.0,0.0,0.0,0.0,0.0
4,4,3,0.0,0.0,0.0,0.0,0.0,0.0,0.0,0.0
4,4,4,0.0,0.0,0.0,0.0,0.0,0.0,0.0,0.0
4,4,5,0.0,0.0,0.0,0.0,0.0,0.0,0.0,0.0
4,4,6,-0.0,-0.0,-0.0,-0.0,-0.0,-0.0,-0.0,-0.0
4,4,7,3.908399024093167,3.5313833366704843,2.1972214295375125,4.2078744312756635,27.511320860127714,26.318206940598134,20.69168288338099,28.13146130800863
4,4,8,40.695284695877724,38.11198728191604,34.97942367838545,42.172604360015846,143.7351533435778,174.68654292323694,177.1545057469089,183.197743590614
4,4,9,102.52395126354818,98.42834454702418,101.13764619589261,106.6627899104491,193.1803208181572,208.246755342196,219.67229702676198,204.3006479581559
4,4,10,191.1818975870108,195.70065343900245,200.71006425596892,188.13921492130103,354.4833767163124,367.34277081113584,396.05149206774445,305.6242742662631
4,4,11,619.6037243283241,567.9185605345319,648.3748036923436,300.105999681592,778.2837734013759,713.8649439999388,812.4675835880199,322.28611423713295
4,4,12,582.1857023457542,518.5097568296935,593.9360730568505,207.80385312347636,311.0079842537234,338.7594854787838,331.4108698702436,243.72639348757747
4,4,13,387.8566651972425,406.8827128868155,411.69447790563464,316.8714953706711,320.8202041131399,342.02502742279904,341.31308763378,258.37620897893106
4,4,14,310.37485106498656,319.7250388669246,330.91193847076306,286.93827149019194,302.05430003974436,311.65924920059206,322.27997971655844,262.92472540078114
4,4,15,439.3156379196195,504.7556261684994,542.9418017557899,425.511453794245,320.1233543899163,351.306267925854,376.22793941905275,302.47858603737376
4,4,16,309.164768083665,430.2538747942584,457.25194840370585,384.0971921792899,418.8527505994152,709.0598993285192,764.9440726142842,550.1253635613409
4,4,17,228.65993745283356,569.6794421520702,639.331343430543,502.7650512339026,194.37486746320155,578.6923312476166,660.1011450497243,488.11790734024044
4,4,18,37.484986573144184,246.29486746906946,461.0393597416159,118.62734494177863,21.941572183193,132.38450021841342,350.1266539945838,82.83188555264618
4,4,19,0.0,0.0,0.0,0.0,0.0,0.0,0.0,0.0
4,4,20,0.0,0.0,0.0,0.0,0.0,0.0,0.0,0.0
4,4,21,0.0,0.0,0.0,0.0,0.0,0.0,0.0,0.0
4,4,22,0.0,0.0,0.0,0.0,0.0,0.0,0.0,0.0
4,4,23,0.0,0.0,0.0,0.0,0.0,0.0,0.0,0.0
4,5,0,0.0,0.0,0.0,0.0,0.0,0.0,0.0,0.0
4,5,1,0.0,0.0,0.0,0.0,0.0,0.0,0.0,0.0
4,5,2,0.0,0.0,0.0,0.0,0.0,0.0,0.0,0.0
4,5,3,0.0,0.0,0.0,0.0,0.0,0.0,0.0,0.0
4,5,4,0.0,0.0,0.0,0.0,0.0,0.0,0.0,0.0
4,5,5,0.0,0.0,0.0,0.0,0.0,0.0,0.0,0.0
4,5,6,-0.0,-0.0,-0.0,-0.0,-0.0,-0.0,-0.0,-0.0
4,5,7,34.27309331251213,112.33331249342903,132.12397157496443,121.30107144528247,104.15017902884719,347.68034786171796,405.34431914307766,368.51206621665284
4,5,8,199.74432796101505,332.5730283807809,362.0450569425983,340.6165972344957,332.8335934454333,586.434845429953,635.7747913657868,582.418522412207
4,5,9,493.8114203045761,633.7034228484326,679.4351142616974,561.9173631242318,417.73512323787224,526.0000000854636,565.5103092758262,467.3545239185828
4,5,10,486.9284754518916,507.98843761206206,554.2352348106044,406.38066560999727,540.6504235460376,566.1600308975922,622.9969777951263,423.3365804875917
4,5,11,678.0118967875459,626.4778630292196,708.8682123688097,336.35901840058966,753.7618415510236,695.4754075813063,787.1155420173907,318.73890431635317
4,5,12,715.3221646908877,631.5150559919238,724.8791518785276,206.74637648381426,647.5891887652143,574.9513260378191,659.8459697475067,188.522729445016
4,5,13,684.7368773301978,631.1762692946655,712.5972627990384,289.7347326786585,777.4278803756829,708.4764485747758,807.6305642517202,253.19413030179368
4,5,14,674.4598268944734,696.0594589904866,765.6995951517417,427.97506979499656,705.2686022316877,729.9746754836634,806.6527463002825,399.2203780715501
4,5,15,573.8691544453488,720.6226522636416,769.7611574991965,528.9401414474731,580.7887740999513,739.0285079383715,790.9890440319551,500.35918184518664
4,5,16,387.51319365855755,618.106046367921,663.4563422733546,515.6781740757439,257.6424227942784,346.4041534985509,362.27384410329086,301.2674650922084
4,5,17,154.4793931233125,254.10478114878944,269.6463124609162,243.61642841624652,95.55947507443004,127.15267632899575,123.99056183368012,123.4029028980064
4,5,18,35.21912354999053,334.69208629409917,443.2093280396628,117.51377153943703,23.945829580810432,94.93985517364469,118.37147099250717,42.52783671706126
4,5,19,0.0,0.0,0.0,0.0,0.0,0.0,0.0,0.0
4,5,20,0.0,0.0,0.0,0.0,0.0,0.0,0.0,0.0
4,5,21,0.0,0.0,0.0,0.0,0.0,0.0,0.0,0.0
4,5,22,0.0,0.0,0.0,0.0,0.0,0.0,0.0,0.0
4,5,23,0.0,0.0,0.0,0.0,0.0,0.0,0.0,0.0
4,6,0,0.0,0.0,0.0,0.0,0.0,0.0,0.0,0.0
4,6,1,0.0,0.0,0.0,0.0,0.0,0.0,0.0,0.0
4,6,2,0.0,0.0,0.0,0.0,0.0,0.0,0.0,0.0
4,6,3,0.0,0.0,0.0,0.0,0.0,0.0,0.0,0.0
4,6,4,0.0,0.0,0.0,0.0,0.0,0.0,0.0,0.0
4,6,5,0.0,0.0,0.0,0.0,0.0,0.0,0.0,0.0
4,6,6,-0.0,-0.0,-0.0,-0.0,-0.0,-0.0,-0.0,-0.0
4,6,7,3.2726637263463774,3.0260956721753316,1.8561615981319846,3.6560158645536847,21.16382222638777,19.863193130356095,15.362250976487353,21.294055816219284
4,6,8,45.974168189479116,43.04884863558315,39.77327394094239,47.63445779610547,123.24373781505874,144.01983041259123,144.4731601797196,151.35313545538003
4,6,9,140.9450438351526,146.6012782419973,154.3502544875659,152.01842298109074,184.7084836420373,195.6510309133064,206.39262290794773,194.27700120920895
4,6,10,477.99791668472847,498.4773957052728,541.1574512739412,411.7110747370098,291.1755756945503,301.91569468472096,318.7428488605945,260.62228872864983
4,6,11,243.81039344558198,263.292090422974,260.0086468911805,226.1550394503335,120.04953126056014,133.73101435415776,128.30031557605977,114.17526032888689
4,6,12,120.08041405619558,138.3076876886744,129.75941948505485,117.0745086004221,90.74156991463985,106.16993054889163,98.47084561076962,86.93645319683442
4,6,13,188.96359433104595,206.77705629276758,201.78417525723347,176.0624762750083,254.39058803067064,274.3365859573601,271.4216269098549,211.41969175652014
4,6,14,222.67538233010072,229.89572857349637,235.36537273231215,212.1036843728316,383.06275020961516,397.0303138601264,426.40594832234757,291.52392072663577
4,6,15,146.35485528621,142.60175527867227,148.85655883380085,148.89450075543624,229.56293933086332,232.41661833339037,244.43790037644038,222.00874960918102
4,6,16,131.01395218284014,136.83573407081877,134.2811647356808,141.67801438327928,43.51841475023146,40.03856613640522,36.710110094114995,42.89303338075114
4,6,17,114.42867736319731,234.12549275841496,256.6214444931326,211.94829456100638,170.30085385068392,333.99547188918444,365.082894115975,304.3531222646294
4,6,18,36.83922387406981,163.5911154912307,412.9485971405375,113.82302305882064,24.939106764616422,147.42332895040337,363.2327512125108,92.1735612744187
4,6,19,0.0,0.0,0.0,0.0,0.0,0.0,0.0,0.0
4,6,20,0.0,0.0,0.0,0.0,0.0,0.0,0.0,0.0
4,6,21,0.0,0.0,0.0,0.0,0.0,0.0,0.0,0.0
4,6,22,0.0,0.0,0.0,0.0,0.0,0.0,0.0,0.0
4,6,23,0.0,0.0,0.0,0.0,0.0,0.0,0.0,0.0
4,7,0,0.0,0.0,0.0,0.0,0.0,0.0,0.0,0.0
4,7,1,0.0,0.0,0.0,0.0,0.0,0.0,0.0,0.0
4,7,2,0.0,0.0,0.0,0.0,0.0,0.0,0.0,0.0
4,7,3,0.0,0.0,0.0,0.0,0.0,0.0,0.0,0.0
4,7,4,0.0,0.0,0.0,0.0,0.0,0.0,0.0,0.0
4,7,5,0.0,0.0,0.0,0.0,0.0,0.0,0.0,0.0
4,7,6,-0.0,-0.0,-0.0,-0.0,-0.0,-0.0,-0.0,-0.0
4,7,7,5.8007698949227695,5.505968695435596,3.963854612269341,6.3679901240448284,111.26168343926075,377.04910480545095,435.55898789319974,404.6910554890153
4,7,8,69.74045020187044,67.08688013457963,63.08322577113628,73.91811521665953,343.01993604107565,608.2843087463408,654.8730373930713,597.3295467460982
4,7,9,147.82298488395497,144.5855411593486,150.3077895833576,155.05553951073688,534.6028965308384,696.4612813836499,740.0028980618453,591.2611144147082
4,7,10,195.4695095990038,201.01878373368174,205.41808904072224,194.48917557968403,223.8214529288841,230.76554688597088,236.36577127054056,210.86714231264227
4,7,11,463.5902934895344,456.2281319528886,490.6328110338314,313.85249240187903,568.9420999214906,536.1033378638161,598.4598589388768,291.407469053702
4,7,12,716.1827341127937,639.6332351082526,726.989854537974,216.3641181054752,644.3374512397851,574.6315397678053,653.9053610441322,167.68145331543494
4,7,13,717.139684355856,664.5518932126547,746.1907308997295,297.59828251376223,633.9388580333436,586.8949227015671,661.1392930993918,237.8798015879882
4,7,14,613.1747284758188,636.8963517441889,694.6276240584303,419.49576238564975,573.2562220481518,597.1231751103446,654.1167766642567,353.96747358930105
4,7,15,480.24380275036077,571.7095338079752,611.3446743824903,463.67096555071953,435.06431260022265,523.9762367305862,560.3680093717487,394.9746936459369
4,7,16,369.7749444079039,536.2944213192715,569.1414442334225,471.4419251695336,357.21166256825563,571.1176276290837,609.9259841073155,458.5252249844732
4,7,17,203.13829091286027,483.90619993071215,539.9865081698243,438.5215020062098,183.888739225195,448.49299871959226,499.07403668223634,395.1428894473346
4,7,18,33.20376176931842,518.3748658502203,728.6614348648457,192.67459835207438,33.58047363098655,201.10711729345223,267.90671601723005,82.8375288987521
4,7,19,0.0,0.0,0.0,0.0,0.0,0.0,0.0,0.0
4,7,20,0.0,0.0,0.0,0.0,0.0,0.0,0.0,0.0
4,7,21,0.0,0.0,0.0,0.0,0.0,0.0,0.0,0.0
4,7,22,0.0,0.0,0.0,0.0,0.0,0.0,0.0,0.0
4,7,23,0.0,0.0,0.0,0.0,0.0,0.0,0.0,0.0
4,8,0,0.0,0.0,0.0,0.0,0.0,0.0,0.0,0.0
4,8,1,0.0,0.0,0.0,0.0,0.0,0.0,0.0,0.0
4,8,2,0.0,0.0,0.0,0.0,0.0,0.0,0.0,0.0
4,8,3,0.0,0.0,0.0,0.0,0.0,0.0,0.0,0.0
4,8,4,0.0,0.0,0.0,0.0,0.0,0.0,0.0,0.0
4,8,5,0.0,0.0,0.0,0.0,0.0,0.0,0.0,0.0
4,8,6,-0.0,-0.0,-0.0,-0.0,-0.0,-0.0,-0.0,-0.0
4,8,7,40.446533494254055,154.93867902241445,182.39370945799126,169.1744123645559,112.4347678010241,379.87359050757163,438.85530649225143,412.4422223245092
4,8,8,328.0735732675817,589.070112807131,633.9441554966775,579.8419640048194,343.3975506324055,610.2391017988049,656.7111157085518,599.158948076747
4,8,9,535.7527203601834,699.3607502969151,741.0081894963268,600.1456399761365,528.7553625137436,688.9998618887641,731.2400087456676,586.3756938000874
4,8,10,666.4754275516038,702.7134607151102,765.567711538856,503.26559853402006,659.2353108449807,695.6847893068606,758.0494710884864,487.1650028587478
4,8,11,741.3606980220331,688.9067828677216,771.305042084386,324.9129188164735,746.4194936773513,695.1751528739951,778.4415713941409,312.3188129106483
4,8,12,765.3073681587592,679.8788286442074,771.1431457377824,162.02961755822002,785.0754797329644,697.0663233409294,792.0538236076154,142.2972375848727
4,8,13,748.1577956125636,692.7253008756059,775.4920813658813,268.55841346383625,761.710438678832,705.8404025063976,791.0308867702503,250.04366168676577
4,8,14,685.467604593264,715.6852241195222,779.5149949161128,416.91909793089553,689.8886815146634,721.4914981704475,786.6826165567891,397.1599211357307
4,8,15,583.2482983628449,744.2671874793399,787.2877391657635,533.6241188532597,571.4022848892398,732.1412095171621,775.240090964958,500.9072113503339
4,8,16,415.42338541085223,708.8079647800457,757.0104341225324,572.5416271102928,410.863183876304,706.8940398013339,755.1016888192587,554.2558619800722
4,8,17,201.03193506508194,634.8150477786129,719.6006006829022,557.6277137095612,188.7141665559987,602.1956646207939,682.0925761357172,524.3594776142347
4,8,18,24.76900987036583,181.82861901464648,518.9250546367853,134.59304151351552,22.620301033722733,154.5644322569176,422.6576276820791,110.21746351098777
4,8,19,0.0,0.0,0.0,0.0,0.0,0.0,0.0,0.0
4,8,20,0.0,0.0,0.0,0.0,0.0,0.0,0.0,0.0
4,8,21,0.0,0.0,0.0,0.0,0.0,0.0,0.0,0.0
4,8,22,0.0,0.0,0.0,0.0,0.0,0.0,0.0,0.0
4,8,23,0.0,0.0,0.0,0.0,0.0,0.0,0.0,0.0
4,9,0,0.0,0.0,0.0,0.0,0.0,0.0,0.0,0.0
4,9,1,0.0,0.0,0.0,0.0,0.0,0.0,0.0,0.0
4,9,2,0.0,0.0,0.0,0.0,0.0,0.0,0.0,0.0
4,9,3,0.0,0.0,0.0,0.0,0.0,0.0,0.0,0.0
4,9,4,0.0,0.0,0.0,0.0,0.0,0.0,0.0,0.0
4,9,5,0.0,0.0,0.0,0.0,0.0,0.0,0.0,0.0
4,9,6,-0.0,-0.0,-0.0,-0.0,-0.0,-0.0,-0.0,-0.0
4,9,7,47.313516292380896,151.61527730541894,175.907857262042,168.6833657375762,53.902027261691586,71.55784039737183,68.81516448944419,78.82881423547963
4,9,8,299.38215118821654,539.2122335347341,581.1657465446373,531.5176440419519,345.18587351404994,610.2878378714371,653.9650786805869,597.5599943410341
4,9,9,510.1483762988106,665.5140350781933,704.5882651533356,572.498729462364,517.6906799000427,671.2327014563066,709.5008236370236,572.5373088912388
4,9,10,635.545875173188,671.2875889368058,730.0377875875481,483.7492385203305,644.0713324688039,680.3648947875328,738.2965744354788,477.59371515372027
4,9,11,709.6486838470861,662.8401861960031,739.2316869491254,321.72667555500016,737.3135043819951,688.7273406438834,769.1186910181368,307.43909758022573
4,9,12,729.1971550647149,647.9493829254712,736.3060937860523,173.61971870637,775.2863878397964,690.309856383398,783.1545415990597,143.77151564500033
4,9,13,691.9826898955229,643.9585312010855,720.3946098537072,280.7646281068589,648.4892415419329,607.8656053119963,679.1688505544149,258.56869799415483
4,9,14,658.1959423748835,688.4564900952739,748.9092884361198,429.8647419872335,586.9793801680962,616.0759127696294,672.8312124985935,363.56673280223714
4,9,15,548.3846731463683,688.1707335928602,730.1865261941429,518.9830530217783,570.9596418178692,740.6200267764094,786.3435142408741,493.63870255963815
4,9,16,404.1741898222307,644.4626806039388,686.033886779289,543.7640372352165,404.6971930708969,706.1112161645291,756.1329316127656,538.2329442664895
4,9,17,186.53123864962893,408.35953486436387,451.3944979035271,375.1240129955393,164.23284659336903,339.34130977955823,371.0341643122857,305.33085390090275
4,9,18,34.984544760612785,451.1535092459029,624.7411823847456,178.50842775953677,33.43675562045408,269.7245392174853,371.82690258370496,109.45742057706035
4,9,19,0.0,0.0,0.0,0.0,0.0,0.0,0.0,0.0
4,9,20,0.0,0.0,0.0,0.0,0.0,0.0,0.0,0.0
4,9,21,0.0,0.0,0.0,0.0,0.0,0.0,0.0,0.0
4,9,22,0.0,0.0,0.0,0.0,0.0,0.0,0.0,0.0
4,9,23,0.0,0.0,0.0,0.0,0.0,0.0,0.0,0.0
4,10,0,0.0,0.0,0.0,0.0,0.0,0.0,0.0,0.0
4,10,1,0.0,0.0,0.0,0.0,0.0,0.0,0.0,0.0
4,10,2,0.0,0.0,0.0,0.0,0.0,0.0,0.0,0.0
4,10,3,0.0,0.0,0.0,0.0,0.0,0.0,0.0,0.0
4,10,4,0.0,0.0,0.0,0.0,0.0,0.0,0.0,0.0
4,10,5,0.0,0.0,0.0,0.0,0.0,0.0,0.0,0.0
4,10,6,-0.0,-0.0,-0.0,-0.0,-0.0,-0.0,-0.0,-0.0
4,10,7,22.153868838331164,27.308520637930226,25.20745473719507,30.627050943226063,51.54079043797718,58.24622555974987,51.64962096940503,62.67993078757137
4,10,8,111.35424831892067,133.88914231954047,135.67407751731147,142.35542269370612,172.9548774019853,224.76728138022736,230.20794147999158,229.06205445288563
4,10,9,228.55588534175266,262.022087189784,279.38533179381494,254.28999749561132,447.04084254559007,576.4041730777636,614.3159053233713,495.1049663975743
4,10,10,475.6528131314756,501.0659104377631,541.1926415597035,397.08086985408875,509.95794728735,539.8551562500793,587.9958375265841,398.9288236145494
4,10,11,527.0162317543558,508.5801259710722,555.4891887730269,314.5020929555457,335.8624265904718,346.67059134623645,359.1409335514302,246.66712139919593
4,10,12,404.07793067459556,408.46799653454593,425.35827555550617,259.4066374527039,652.9347238851437,586.7597192052491,666.0320929738728,175.69654133697784
4,10,13,461.08600821941985,458.56243436605763,488.978150573805,294.5839383748581,472.2800279720145,468.5072429373528,501.53520585482613,265.2354816363276
4,10,14,414.0654173112835,432.1430364344563,458.99827699181895,342.90201637518476,434.98963095024726,456.50044877219756,489.56220838419847,310.8704647218795
4,10,15,408.3393035695474,481.6222292496193,512.853484599343,396.4319343286647,256.1528620101592,277.8012294269469,295.76480042786153,243.15611236401602
4,10,16,194.76179888629207,222.08383415208536,224.64191039133877,220.1131476699316,181.07202633203423,222.6661522828246,227.885503571985,203.2364424758635
4,10,17,178.24049865042696,342.0760019091067,375.86295767240404,326.3753004058612,155.27136306256074,301.7230338238822,325.6784865197792,271.4360687763929
4,10,18,49.84265059378474,342.2658955455943,576.9806775037893,180.56977872916565,34.844831901531485,315.6887264553162,456.06582092393694,131.2835830229322
4,10,19,0.0,0.0,0.0,0.0,0.0,0.0,0.0,0.0
4,10,20,0.0,0.0,0.0,0.0,0.0,0.0,0.0,0.0
4,10,21,0.0,0.0,0.0,0.0,0.0,0.0,0.0,0.0
4,10,22,0.0,0.0,0.0,0.0,0.0,0.0,0.0,0.0
4,10,23,0.0,0.0,0.0,0.0,0.0,0.0,0.0,0.0
4,11,0,0.0,0.0,0.0,0.0,0.0,0.0,0.0,0.0
4,11,1,0.0,0.0,0.0,0.0,0.0,0.0,0.0,0.0
4,11,2,0.0,0.0,0.0,0.0,0.0,0.0,0.0,0.0
4,11,3,0.0,0.0,0.0,0.0,0.0,0.0,0.0,0.0
4,11,4,0.0,0.0,0.0,0.0,0.0,0.0,0.0,0.0
4,11,5,0.0,0.0,0.0,0.0,0.0,0.0,0.0,0.0
4,11,6,-0.0,-0.0,-0.0,-0.0,-0.0,-0.0,-0.0,-0.0
4,11,7,6.898719867648118,9.086705721474742,8.220085584327634,10.444966080991227,136.67800273481282,477.5426456824412,548.4220919264958,526.6451990025931
4,11,8,309.5289384330378,561.0839209879738,602.4108458010718,548.8301028068614,397.56200854433257,723.5785154274412,774.7638254764447,698.9561795848472
4,11,9,560.0714077675754,734.040474723851,773.8910145279343,625.9875472844867,608.7565868635095,807.0197283028946,833.3333333333334,668.328167976097
4,11,10,711.9973645282631,755.6231903333976,817.8831139928117,535.7848819796978,765.6417868769453,816.5362735375921,833.3333333333334,545.8068086771434
4,11,11,781.6839462433693,734.1900903806511,814.457913781853,350.39446180550505,833.3333333333334,805.5471664041787,833.3333333333334,332.0622948943652
4,11,12,765.3790556165799,683.7272848520871,774.8646267904178,199.04627304853165,833.3333333333334,798.4576676122264,833.3333333333334,146.36909478704246
4,11,13,826.3561654269272,776.5632667798392,833.3333333333334,316.64335874072265,833.3333333333334,811.0062153632831,833.3333333333334,267.0955361452943
4,11,14,750.1513118357885,790.7993502408651,833.3333333333334,472.6697788027342,783.6956381199427,831.4609724444722,833.3333333333334,428.3661169366943
4,11,15,633.8097375565499,813.4389320801392,833.3333333333334,586.5131775044056,643.8624927334718,833.3333333333334,833.3333333333334,544.7201411228049
4,11,16,456.9827449384153,782.4075054084961,832.6462031939071,634.8876369666358,457.7482928627882,819.2575529919498,833.3333333333334,605.3955188332216
4,11,17,222.24884286979525,692.6523545058279,780.9558973651081,608.5285737050336,207.95505050082,697.197911258976,791.1231600128609,573.733880378207
4,11,18,33.49395943603194,216.35102860749154,572.6888205948591,166.18658503374934,25.486689048132305,203.21640329361134,524.0136618681813,142.27424802459237
4,11,19,0.0,0.0,0.0,0.0,0.0,0.0,0.0,0.0
4,11,20,0.0,0.0,0.0,0.0,0.0,0.0,0.0,0.0
4,11,21,0.0,0.0,0.0,0.0,0.0,0.0,0.0,0.0
4,11,22,0.0,0.0,0.0,0.0,0.0,0.0,0.0,0.0
4,11,23,0.0,0.0,0.0,0.0,0.0,0.0,0.0,0.0
4,12,0,0.0,0.0,0.0,0.0,0.0,0.0,0.0,0.0
4,12,1,0.0,0.0,0.0,0.0,0.0,0.0,0.0,0.0
4,12,2,0.0,0.0,0.0,0.0,0.0,0.0,0.0,0.0
4,12,3,0.0,0.0,0.0,0.0,0.0,0.0,0.0,0.0
4,12,4,0.0,0.0,0.0,0.0,0.0,0.0,0.0,0.0
4,12,5,0.0,0.0,0.0,0.0,0.0,0.0,0.0,0.0
4,12,6,-0.0,-0.0,-0.0,-0.0,-0.0,-0.0,-0.0,-0.0
4,12,7,26.431818058009657,65.45646004401776,73.19534035702813,74.0704619888445,138.04531424701437,484.80186672845116,554.1383512285263,531.9905966674436
4,12,8,294.014265614917,514.0830816234895,552.3333468920331,509.63132180925317,387.5696115092103,698.8740561320565,745.8395287990608,674.5798415440186
4,12,9,514.3262696424715,675.7109988111015,713.6102546082984,578.2802292480402,583.1812946616002,767.0134057405248,807.8486846914126,639.2043074338208
4,12,10,696.3829321544424,740.4077164534051,799.7771732863915,525.9089006438895,717.8232286664709,764.8677113208577,826.6083691069646,520.9655031405163
4,12,11,771.3102693205324,726.6001893639224,803.8492009854579,345.1724871024382,790.5859239389598,745.9744964831332,824.9722062047391,323.2422748104405
4,12,12,739.0233674353183,664.6803502599014,749.7086109034873,205.050454353977,560.4932340617893,529.8886742439267,579.6959675801417,226.3141203321554
4,12,13,705.8040898335624,674.1900543133429,739.9743448908894,336.7254770642119,656.7681817582244,620.6176454613657,687.066688041851,256.77354492078314
4,12,14,651.1875771425672,686.6960713897938,739.8640114933786,459.53385180681914,595.8785206677504,630.3843042337625,681.4100068369611,372.4631167271285
4,12,15,378.85253825956914,441.30351023821123,470.3167943272731,371.7363330303859,337.6734512614749,381.08979771382224,404.1407444592191,321.1874238984751
4,12,16,216.21554322453667,248.42858138778743,251.8540893144768,245.1668681696832,153.1490862802996,167.70247591619747,165.4440138767492,162.75922357764298
4,12,17,148.1839153887903,219.9507810043728,226.5692457889246,217.2893796939406,164.37478430296736,306.73647197162126,329.29338920019825,285.9724793352282
4,12,18,43.35363508649235,253.61938030520852,322.1778336190851,117.00096335094322,26.41657543790992,64.82767533383038,72.7119995894553,39.35681710165778
4,12,19,0.0,0.0,0.0,0.0,0.0,0.0,0.0,0.0
4,12,20,0.0,0.0,0.0,0.0,0.0,0.0,0.0,0.0
4,12,21,0.0,0.0,0.0,0.0,0.0,0.0,0.0,0.0
4,12,22,0.0,0.0,0.0,0.0,0.0,0.0,0.0,0.0
4,12,23,0.0,0.0,0.0,0.0,0.0,0.0,0.0,0.0
4,13,0,0.0,0.0,0.0,0.0,0.0,0.0,0.0,0.0
4,13,1,0.0,0.0,0.0,0.0,0.0,0.0,0.0,0.0
4,13,2,0.0,0.0,0.0,0.0,0.0,0.0,0.0,0.0
4,13,3,0.0,0.0,0.0,0.0,0.0,0.0,0.0,0.0
4,13,4,0.0,0.0,0.0,0.0,0.0,0.0,0.0,0.0
4,13,5,0.0,0.0,0.0,0.0,0.0,0.0,0.0,0.0
4,13,6,-0.0,-0.0,-0.0,-0.0,-0.0,-0.0,-0.0,-0.0
4,13,7,10.082962091917548,9.684780841651438,7.66175151121399,10.966038723319434,15.412109965270453,13.955611090821634,10.62545456054052,14.898860860638514
4,13,8,18.07743756947729,16.72495063223827,15.567712560007362,18.67173043194364,17.227618949583544,15.644541425564888,14.267589623468607,16.706538006337308
4,13,9,41.0127222241757,37.98268731110598,39.52940822827378,42.123598006294706,29.32036473415196,26.86801591471894,27.87883074231372,28.636653221333056
4,13,10,91.42978208811785,94.54035260161507,95.32606380108608,93.19999745621612,151.18881204782198,156.93903624514792,159.02266960338136,144.79735408187068
4,13,11,111.16511992557048,124.30583873137554,120.13568645571894,110.96867780852406,92.8038287259528,104.83513822990892,100.54635195518082,89.51045055496945
4,13,12,127.81118726766432,147.07235403583476,139.5176263273181,123.85622417359895,198.1296759009874,225.42937743455352,215.85602592252545,173.51939088951315
4,13,13,129.63028274815696,144.5297212924158,140.07334980480286,127.35522774148552,110.13679908306314,124.04365900766902,119.31704294300702,104.58631238610398
4,13,14,68.54735388163596,70.91607314157388,71.2581598045044,70.1855424369914,69.77694520669431,72.29761206762713,72.39467106393413,68.25051598919822
4,13,15,48.72191651921451,45.19863335702373,47.09252031306496,49.99004528951081,63.509025141287154,58.72226035838178,60.92750325089681,62.30783085458549
4,13,16,38.621920821242185,35.87168277531045,33.72975407938062,39.641648116415055,42.2894214699513,38.878011775108625,36.027971306221986,41.310342486288924
4,13,17,36.074633776805925,34.403345416974595,28.723230073948688,37.69536509548576,18.701930474200793,17.00069736165437,13.16432988926693,18.11261246963391
4,13,18,8.546383613380181,7.645527002114761,4.4982505399420845,8.754275403068512,13.002637564689948,13.381988646850948,9.291855932998509,13.140869471056156
4,13,19,0.0,0.0,0.0,0.0,0.0,0.0,0.0,0.0
4,13,20,0.0,0.0,0.0,0.0,0.0,0.0,0.0,0.0
4,13,21,0.0,0.0,0.0,0.0,0.0,0.0,0.0,0.0
4,13,22,0.0,0.0,0.0,0.0,0.0,0.0,0.0,0.0
4,13,23,0.0,0.0,0.0,0.0,0.0,0.0,0.0,0.0
4,14,0,0.0,0.0,0.0,0.0,0.0,0.0,0.0,0.0
4,14,1,0.0,0.0,0.0,0.0,0.0,0.0,0.0,0.0
4,14,2,0.0,0.0,0.0,0.0,0.0,0.0,0.0,0.0
4,14,3,0.0,0.0,0.0,0.0,0.0,0.0,0.0,0.0
4,14,4,0.0,0.0,0.0,0.0,0.0,0.0,0.0,0.0
4,14,5,0.0,0.0,0.0,0.0,0.0,0.0,0.0,0.0
4,14,6,-0.0,-0.0,-0.0,-0.0,-0.0,-0.0,-0.0,-0.0
4,14,7,78.49297819298988,285.8549946120639,329.05676522853156,314.7323539741238,143.85831449090742,508.84174300345086,579.2024767096631,555.6570461676985
4,14,8,340.87771921724,610.3042192489779,649.5448279097068,593.1841465972376,393.53244539087825,712.8737386800566,757.8852208885544,683.6475402258424
4,14,9,550.965348373167,723.7772960081319,759.5414208324304,614.5998106166204,587.8266809582893,776.531111266372,815.1553348315106,642.6238453178945
4,14,10,693.5272469671575,740.514940005652,796.5936244085154,521.4754385473423,729.2045055535026,781.2329935221867,833.3333333333334,523.6828138847768
4,14,11,775.8276076218966,734.2547301721975,808.4763916557181,338.5287493973539,811.083234998533,768.1100541607541,833.3333333333334,320.3646803615673
4,14,12,806.5298434986122,731.9565825578893,814.9876158228741,172.64812471983862,833.3333333333334,759.9731552715656,833.3333333333334,145.93627983374896
4,14,13,786.2669137869143,744.35446873827,818.790908580033,290.15847114722436,807.2019025934779,764.821077829096,833.3333333333334,262.927272343251
4,14,14,716.8816267342886,764.2536886377839,820.7533615348113,444.5084325164534,727.3165642852616,778.1669618857718,833.3333333333334,415.37637919385315
4,14,15,600.8255667113183,782.4543135389442,819.3242369173265,557.2635883608936,600.184597736141,788.4677338745443,826.8157457251074,524.0415548516465
4,14,16,375.3928225907537,603.3307376873702,639.4921917330038,505.5565170451533,318.89899016937113,484.86056719508616,510.73352945911427,399.58403318256217
4,14,17,206.97479976162072,441.9217316624324,485.4926789913866,408.9075809774391,197.61146805774462,561.6781008037107,626.4893851899835,479.97754770714346
4,14,18,51.0228507619331,249.5986173595901,531.91670745386,181.22248749135022,40.122830902720004,304.11890729412124,428.3514118793406,144.7429130815486
4,14,19,0.0,0.0,0.0,0.0,0.0,0.0,0.0,0.0
4,14,20,0.0,0.0,0.0,0.0,0.0,0.0,0.0,0.0
4,14,21,0.0,0.0,0.0,0.0,0.0,0.0,0.0,0.0
4,14,22,0.0,0.0,0.0,0.0,0.0,0.0,0.0,0.0
4,14,23,0.0,0.0,0.0,0.0,0.0,0.0,0.0,0.0
4,15,0,0.0,0.0,0.0,0.0,0.0,0.0,0.0,0.0
4,15,1,0.0,0.0,0.0,0.0,0.0,0.0,0.0,0.0
4,15,2,0.0,0.0,0.0,0.0,0.0,0.0,0.0,0.0
4,15,3,0.0,0.0,0.0,0.0,0.0,0.0,0.0,0.0
4,15,4,0.0,0.0,0.0,0.0,0.0,0.0,0.0,0.0
4,15,5,0.0,0.0,0.0,0.0,0.0,0.0,0.0,0.0
4,15,6,-0.0,-0.0,-0.0,-0.0,-0.0,-0.0,-0.0,-0.0
4,15,7,84.04112997022793,310.76831383775834,356.3951091260988,340.4752890081672,143.30812655544142,505.6146158405654,574.5521327866455,551.4217574745344
4,15,8,336.827886061885,604.9197910572697,642.3695952610266,585.8198569238061,386.03083483414696,705.6218127681641,749.7600388725011,674.141868292294
4,15,9,530.644820938665,698.2772182885327,731.4936120170167,591.144712823806,575.0301301379602,764.6978010663784,802.3279764040866,628.3269216739168
4,15,10,663.6373964588685,710.1015108704837,762.1614894252282,499.4687303765335,710.0927961079909,763.6383773430059,822.3446442671072,507.1807389683288
4,15,11,736.4120447849099,699.2353915647025,767.7708300028015,323.9696985378252,790.9702789133705,750.8623900987137,828.1609680155551,310.4617088309059
4,15,12,771.685147042919,703.0554987410038,780.266934581592,166.52735298139154,819.9199340587785,744.7679658565842,831.4581216725819,142.53467359271534
4,15,13,747.3732866836897,710.4970465499146,779.0304063024398,280.5535889911424,792.244762908283,752.8190333116647,829.8799722172383,255.9478349673159
4,15,14,668.2490999478258,714.1863472537358,766.6581984670952,425.54090897043505,712.55055371831,766.5927353453352,825.2179502421687,401.97624829567116
4,15,15,509.97252980819144,644.5604627901488,679.4519855874875,491.08476460878074,586.1453799519076,779.3956269227945,818.886997708396,506.39123586664215
4,15,16,382.2249847110837,624.9450502053579,661.4096896748616,521.4793222144075,361.71747698350674,614.6256238512352,651.4832765725073,471.7135102960749
4,15,17,191.4021404552489,440.5812320282757,485.22989657821114,401.1406592623822,175.9943181346784,430.12337548874325,473.95332402748454,370.1176782051101
4,15,18,44.65345740674731,410.81815461200785,609.7030758877013,209.25181825500852,38.59983313563859,257.8265481427156,353.49658932776316,124.25413585491111
4,15,19,0.0,0.0,0.0,0.0,0.0,0.0,0.0,0.0
4,15,20,0.0,0.0,0.0,0.0,0.0,0.0,0.0,0.0
4,15,21,0.0,0.0,0.0,0.0,0.0,0.0,0.0,0.0
4,15,22,0.0,0.0,0.0,0.0,0.0,0.0,0.0,0.0
4,15,23,0.0,0.0,0.0,0.0,0.0,0.0,0.0,0.0
4,16,0,0.0,0.0,0.0,0.0,0.0,0.0,0.0,0.0
4,16,1,0.0,0.0,0.0,0.0,0.0,0.0,0.0,0.0
4,16,2,0.0,0.0,0.0,0.0,0.0,0.0,0.0,0.0
4,16,3,0.0,0.0,0.0,0.0,0.0,0.0,0.0,0.0
4,16,4,0.0,0.0,0.0,0.0,0.0,0.0,0.0,0.0
4,16,5,0.0,0.0,0.0,0.0,0.0,0.0,0.0,0.0
4,16,6,-0.0,-0.0,-0.0,-0.0,-0.0,-0.0,-0.0,-0.0
4,16,7,78.5786769312248,233.5862158458412,265.1208469308305,259.53987487185464,67.66549380594209,92.02267022564527,89.56361128168146,100.61919635017799
4,16,8,153.60245198762715,207.98643956896453,216.71932511894366,216.52828955572724,165.60242194747215,206.68990672569598,210.4343435532471,210.82276996588834
4,16,9,197.54437444689043,210.51204461558999,223.53270288234071,213.9015304959155,232.92865168880144,256.6121863776516,271.672084381632,243.83270274280804
4,16,10,261.84110184277625,275.49324807646684,287.65510304571364,246.96632122191374,393.69763973284864,418.86059690206395,444.3614038895171,329.9844933889172
4,16,11,421.5203794248219,424.47742200409454,449.0369388534599,293.2832033252782,560.3671572983338,549.1741067553172,594.122660735859,301.7096496975232
4,16,12,605.2040216276531,558.1635425532496,619.1166160089459,208.54007258994463,656.3834215683,602.5740388615222,672.2490533148,181.9516264266841
4,16,13,587.0015942273233,569.6336237184819,619.1118254665652,296.79419893699367,560.0865709093836,554.4863620640905,596.3689690569462,288.4088848826101
4,16,14,623.3102900820793,665.8603487474722,712.0931920151074,437.7733067256083,584.2618776810646,628.7124605120656,676.4331422981711,364.877526925387
4,16,15,456.05221474549717,558.0127946395007,590.0173841815746,446.40410236912777,361.55483569922626,423.8222694953996,450.7190833691208,338.2355068436646
4,16,16,220.14986800808606,263.3922916205347,268.15726657366343,253.58829884767115,137.70010430716889,148.12410791768687,145.49118664920638,144.01038712286345
4,16,17,114.9811233787393,152.23796603568468,150.72416378973568,153.6683178713464,41.946183902837326,40.2020193903634,33.21702396834857,42.16453042741893
4,16,18,24.920277157282484,48.03474745642004,50.23037577453935,34.86210989396653,24.71189582996629,47.5057384240635,49.20923608876783,33.27324216739538
4,16,19,0.0,0.0,0.0,0.0,0.0,0.0,0.0,0.0
4,16,20,0.0,0.0,0.0,0.0,0.0,0.0,0.0,0.0
4,16,21,0.0,0.0,0.0,0.0,0.0,0.0,0.0,0.0
4,16,22,0.0,0.0,0.0,0.0,0.0,0.0,0.0,0.0
4,16,23,0.0,0.0,0.0,0.0,0.0,0.0,0.0,0.0
4,17,0,0.0,0.0,0.0,0.0,0.0,0.0,0.0,0.0
4,17,1,0.0,0.0,0.0,0.0,0.0,0.0,0.0,0.0
4,17,2,0.0,0.0,0.0,0.0,0.0,0.0,0.0,0.0
4,17,3,0.0,0.0,0.0,0.0,0.0,0.0,0.0,0.0
4,17,4,0.0,0.0,0.0,0.0,0.0,0.0,0.0,0.0
4,17,5,0.0,0.0,0.0,0.0,0.0,0.0,0.0,0.0
4,17,6,-0.0,-0.0,-0.0,-0.0,-0.0,-0.0,-0.0,-0.0
4,17,7,62.17684013207162,203.2954473675397,231.3906474661465,224.28407552664368,130.60308617731212,437.870371872194,495.81897516260256,478.14858372727343
4,17,8,288.90229887915206,510.36713951512775,543.3921596841798,498.48470750420546,355.80968786130256,646.7553050525536,686.1341699935281,617.0531648688162
4,17,9,453.47930678892567,591.2971556619864,622.2962547350579,511.2694871838742,538.6139322560582,717.8210055878953,753.0158712353881,590.2698402779909
4,17,10,526.8617940900313,564.3208124411367,605.3951025089206,422.5576829791846,672.7706100152571,726.6030955775385,781.1611706186844,483.8913319168093
4,17,11,706.1891126433854,675.7948219257806,738.9515344317468,346.4640279134888,707.6875044771147,676.7018788013677,744.2122296878823,310.70160638547236
4,17,12,677.748083183543,627.7157029975806,692.2826243027275,223.01885970531387,589.1223711539382,557.7900011689545,608.9054300957793,206.40914035333708
4,17,13,510.75016446956084,512.3585136432737,543.1480973608739,312.8897843690256,348.17213382049977,364.68097318729264,375.3175413442116,247.02983904672107
4,17,14,284.02226001825863,300.42217872724797,314.4806762597139,244.11736441254953,539.684593989186,578.3929353081174,616.4123414899377,379.91012852821586
4,17,15,492.8067346242285,619.7676816709906,652.7088272968134,479.7045529711172,277.1444725476947,304.42884765264654,323.8967713305024,266.5951159692845
4,17,16,322.53789057220035,477.40984550404414,501.06628436291265,415.756441968514,386.04545277174964,682.8704064830362,722.4337044656345,522.1140835982501
4,17,17,196.65703756544872,533.4722411296702,591.9185644514362,474.5708964655581,90.92279592121264,109.93662235784963,103.3666557836256,109.21280780188025
4,17,18,39.4985385675626,149.95120322451677,190.84566319507312,86.548418905485,42.521129541562644,184.5517153759134,235.0320890156309,99.87302568808838
4,17,19,0.0,0.0,0.0,0.0,0.0,0.0,0.0,0.0
4,17,20,0.0,0.0,0.0,0.0,0.0,0.0,0.0,0.0
4,17,21,0.0,0.0,0.0,0.0,0.0,0.0,0.0,0.0
4,17,22,0.0,0.0,0.0,0.0,0.0,0.0,0.0,0.0
4,17,23,0.0,0.0,0.0,0.0,0.0,0.0,0.0,0.0
4,18,0,0.0,0.0,0.0,0.0,0.0,0.0,0.0,0.0
4,18,1,0.0,0.0,0.0,0.0,0.0,0.0,0.0,0.0
4,18,2,0.0,0.0,0.0,0.0,0.0,0.0,0.0,0.0
4,18,3,0.0,0.0,0.0,0.0,0.0,0.0,0.0,0.0
4,18,4,0.0,0.0,0.0,0.0,0.0,0.0,0.0,0.0
4,18,5,0.0,0.0,0.0,0.0,0.0,0.0,0.0,0.0
4,18,6,-0.0,-0.0,-0.0,-0.0,-0.0,-0.0,-0.0,-0.0
4,18,7,48.820706110448256,153.0459329481041,174.12546669447,169.79486052814522,91.5552638053794,153.07732416562482,156.57081136768505,166.5190857631531
4,18,8,239.88773510701432,395.5880524686138,420.84086102708034,394.43999071214836,239.33934321188912,352.0098357125319,366.6123919706994,348.18476501806566
4,18,9,325.2738568378793,402.7998637954409,426.0942230386874,364.31536838198497,577.9604867305866,770.4779347885858,805.3902924393343,629.4779661757728
4,18,10,678.4581956399138,730.5542472563125,779.6755748404385,508.5735310203572,721.6480615458678,781.425814317911,833.3333333333334,513.4644572795328
4,18,11,758.5820159944067,726.1311201193939,791.63759682661,327.1878183856617,806.8912153910035,772.8873928401088,833.3333333333334,312.7050573557913
4,18,12,793.8435575971149,730.6906940645944,804.2090686691884,172.44694796156531,833.3333333333334,767.2613043839127,833.3333333333334,144.11006000450297
4,18,13,756.5666188379219,727.4877835686524,791.2650937896492,293.10066994757125,807.3983619961365,775.475283837697,833.3333333333334,261.6416027719344
4,18,14,662.3630105680458,714.4218124687993,762.2095097665818,434.08521738723977,725.4898910401286,788.8939378278375,833.3333333333334,412.17590418599895
4,18,15,571.1223497326336,737.1767556357225,771.732752008885,550.2161521117595,415.0085689065637,489.44990875802864,520.390606271839,389.5542358185793
4,18,16,407.85369785502115,666.5688339372024,702.4960273832291,557.7597754348037,70.08725670064337,66.82953043159141,63.379786118149326,69.62426728091604
4,18,17,140.04334921557086,235.8619232710721,249.1490741768805,226.26795118586932,143.28354098204758,247.4030187265754,259.99759512145783,228.56513327988492
4,18,18,45.41228425471382,429.69329481254607,586.4125784405593,216.7860042389387,44.0188842920915,173.84563276192867,217.6076318660356,96.81496362253561
4,18,19,0.0,0.0,0.0,0.0,0.0,0.0,0.0,0.0
4,18,20,0.0,0.0,0.0,0.0,0.0,0.0,0.0,0.0
4,18,21,0.0,0.0,0.0,0.0,0.0,0.0,0.0,0.0
4,18,22,0.0,0.0,0.0,0.0,0.0,0.0,0.0,0.0
4,18,23,0.0,0.0,0.0,0.0,0.0,0.0,0.0,0.0
4,19,0,0.0,0.0,0.0,0.0,0.0,0.0,0.0,0.0
4,19,1,0.0,0.0,0.0,0.0,0.0,0.0,0.0,0.0
4,19,2,0.0,0.0,0.0,0.0,0.0,0.0,0.0,0.0
4,19,3,0.0,0.0,0.0,0.0,0.0,0.0,0.0,0.0
4,19,4,0.0,0.0,0.0,0.0,0.0,0.0,0.0,0.0
4,19,5,0.0,0.0,0.0,0.0,0.0,0.0,0.0,0.0
4,19,6,-0.0,1.7309024760182097,7.7615543509780345,2.5515983284789296,1.6142327308457682,68.99071517306115,143.11595570244555,78.99587786149843
4,19,7,107.71906597889999,392.2311517925541,443.59741783306157,424.665582031401,157.39768751245825,558.1291510663385,628.4560996022013,602.5254564837841
4,19,8,366.9722611195124,662.1876549085065,698.0716227596511,633.6232181367809,403.49986136130246,734.8154434428031,773.8545108783475,694.0139391800706
4,19,9,560.2640964405638,741.6799075859,772.0171307747008,620.359115256389,596.049190389769,797.948925374779,832.0007799119539,647.4050532226805
4,19,10,687.6508485489768,741.9072428135734,790.2824834390037,515.2896791187994,735.2271236543612,797.9913737861257,833.3333333333334,520.421182812969
4,19,11,764.4913585696966,734.7168814314329,798.5322411240138,336.6217161474583,821.3330307185607,788.8384815939271,833.3333333333334,315.286745250233
4,19,12,803.6778672552672,741.8719857539459,814.4418702936294,170.60328849023992,833.3333333333334,781.937994162147,833.3333333333334,141.53150459530247
4,19,13,764.8710811300223,737.0466282435348,800.3466858326211,290.5885578672104,822.1469807449354,791.8609302959429,833.3333333333334,262.1243548152061
4,19,14,715.1688132248601,774.8847267422784,823.3251915506579,450.0538704853989,740.8098294809603,808.3761585958923,833.3333333333334,417.2550554041869
4,19,15,592.3860641129,784.7485053826704,815.4475751785282,554.5390818534225,607.2738360166892,816.4854718496006,833.3333333333334,528.6345262151834
4,19,16,429.2798648866862,763.8909268634084,803.5921968071342,612.0645645013462,428.2262248699692,786.224495421921,828.720174552673,585.0399413642757
4,19,17,201.50519891210809,696.1768122586777,778.387856517905,605.1792615330902,192.63013528975108,674.6357272436595,756.5744591289184,560.2176480415576
4,19,18,27.773197576056415,300.0793617003218,648.3853411417307,219.62571172434517,29.47135754197563,247.99296299565165,528.7001103593943,179.3214688969625
4,19,19,0.0,0.0,0.0,0.0,0.0,0.0,0.0,0.0
4,19,20,0.0,0.0,0.0,0.0,0.0,0.0,0.0,0.0
4,19,21,0.0,0.0,0.0,0.0,0.0,0.0,0.0,0.0
4,19,22,0.0,0.0,0.0,0.0,0.0,0.0,0.0,0.0
4,19,23,0.0,0.0,0.0,0.0,0.0,0.0,0.0,0.0
4,20,0,0.0,0.0,0.0,0.0,0.0,0.0,0.0,0.0
4,20,1,0.0,0.0,0.0,0.0,0.0,0.0,0.0,0.0
4,20,2,0.0,0.0,0.0,0.0,0.0,0.0,0.0,0.0
4,20,3,0.0,0.0,0.0,0.0,0.0,0.0,0.0,0.0
4,20,4,0.0,0.0,0.0,0.0,0.0,0.0,0.0,0.0
4,20,5,0.0,0.0,0.0,0.0,0.0,0.0,0.0,0.0
4,20,6,-0.0,3.0838958100715095,9.150003628875083,4.379664732463586,2.1587380993325804,62.90784181906194,122.35763137934849,73.28904025998659
4,20,7,102.62744737063521,374.8382155770216,424.5366562192477,406.13359663370306,150.20280383225702,518.3936267245041,581.8859254638269,559.0527662627034
4,20,8,351.97532758564563,634.2243821956156,667.9559731070678,606.6525552764318,383.2752181285339,694.0619405406173,730.3121958980712,656.339482997099
4,20,9,537.1270108701084,711.8352286539472,740.2623654926946,594.830311120237,564.6546206257187,752.8241382504067,783.5871868791418,612.8792665970635
4,20,10,663.382303062363,717.370139311277,762.782269428795,495.3082639287464,699.9970806831367,760.8144058346021,810.8863280778435,497.12077478219595
4,20,11,736.794883626281,709.3368379715049,769.6187595753295,316.8478129261683,780.7080764246999,752.3860370408308,819.237842593867,301.1224433800035
4,20,12,761.4664906781356,705.215466858844,772.3269895783428,163.21180596889224,807.4215887354496,746.7255428413484,821.6690011492374,139.6088641932667
4,20,13,740.1237188690419,715.351481012459,774.8552783242577,279.29138762455057,780.4063952720326,754.9827520491683,821.2261358597759,254.52099037673543
4,20,14,672.8979139631906,731.4575791760549,775.846998531,424.70868511513925,701.6136213315117,767.9584885763796,817.411416992998,399.67655051335726
4,20,15,562.1145518419532,745.6527570976334,774.0034858295095,529.4887325886446,576.9041175742792,778.5736028213919,809.8087170904662,503.12663787801745
4,20,16,406.20273075793193,724.7504317984659,761.6505502229152,581.4311958216597,406.3191887542811,750.9661327163748,790.9666555844879,556.3876195483314
4,20,17,191.7040435523478,654.0066308221536,730.199604331293,569.8821239281941,183.0012517790627,642.9825645490344,720.4327409363813,530.4804639615661
4,20,18,30.372609219302035,280.1424934774423,592.4393448933748,207.88266737101645,26.15590234668161,249.5328235994466,529.1809478797801,176.93604398533486
4,20,19,0.0,0.0,0.0,0.0,0.0,0.0,0.0,0.0
4,20,20,0.0,0.0,0.0,0.0,0.0,0.0,0.0,0.0
4,20,21,0.0,0.0,0.0,0.0,0.0,0.0,0.0,0.0
4,20,22,0.0,0.0,0.0,0.0,0.0,0.0,0.0,0.0
4,20,23,0.0,0.0,0.0,0.0,0.0,0.0,0.0,0.0
4,21,0,0.0,0.0,0.0,0.0,0.0,0.0,0.0,0.0
4,21,1,0.0,0.0,0.0,0.0,0.0,0.0,0.0,0.0
4,21,2,0.0,0.0,0.0,0.0,0.0,0.0,0.0,0.0
4,21,3,0.0,0.0,0.0,0.0,0.0,0.0,0.0,0.0
4,21,4,0.0,0.0,0.0,0.0,0.0,0.0,0.0,0.0
4,21,5,0.0,0.0,0.0,0.0,0.0,0.0,0.0,0.0
4,21,6,-0.0,1.6250478773292778,5.760473745266391,2.6605160721275523,2.3155294195159493,37.37348687865452,67.5117323696994,44.44293025466913
4,21,7,61.64270078894678,147.60246321137626,162.38436621894013,163.70511181213504,138.2393231263513,461.47439415087786,518.556223633672,499.63323020714444
4,21,8,252.02945235064175,421.2461382935563,446.02287510036075,415.5410146068524,364.4763137346458,663.4619836009763,699.1466709489408,627.1079378922094
4,21,9,489.0121728294326,649.4106016271102,676.586739519982,545.5595200519707,551.0051644844159,741.9102007332173,773.8382193912344,601.4625776301716
4,21,10,619.2522768533481,670.7572434038908,712.262713512583,468.3181287533813,681.0627541102566,742.9385315069121,791.4349255113457,484.2335849855537
4,21,11,693.0317925501521,668.6287138901923,725.358746724458,317.42261587025246,756.4471206656808,732.2796918825378,796.0027365762767,296.92245898379605
4,21,12,679.8028420511257,629.1105447191593,692.6497823645083,189.1665470619211,791.6857367134785,734.5646028921565,807.2894825860999,140.6333430292711
4,21,13,703.8299663802366,684.666156212764,738.8294112218889,282.30569123926244,765.5497865928684,743.4352500293419,807.715008865407,251.20741344299978
4,21,14,656.1312666454183,714.1522498083556,757.2253413738474,429.50153743119847,687.4775711595663,755.8527882033794,803.9363163506157,391.109865889995
4,21,15,543.7576804084166,721.1079185934329,749.4388114632953,518.5728024633121,565.0919087156559,768.9983772157887,800.826953651969,492.4261720143009
4,21,16,395.21807512121904,703.0296563266718,740.0283609683036,567.967421301959,394.62952795915027,729.9354601722603,768.8877789068387,536.542707710699
4,21,17,214.3851391284675,632.1298227349187,698.7998068161032,561.5676145776932,181.42643658845662,418.66997664887083,454.84005302826955,362.01156515503897
4,21,18,43.19865466662899,251.80874511090863,526.7052373569304,198.92087061716413,31.016610233962364,228.33741062077777,471.3885516705044,164.72433469566226
4,21,19,0.0,0.0,0.0,0.0,0.0,0.0,0.0,0.0
4,21,20,0.0,0.0,0.0,0.0,0.0,0.0,0.0,0.0
4,21,21,0.0,0.0,0.0,0.0,0.0,0.0,0.0,0.0
4,21,22,0.0,0.0,0.0,0.0,0.0,0.0,0.0,0.0
4,21,23,0.0,0.0,0.0,0.0,0.0,0.0,0.0,0.0
4,22,0,0.0,0.0,0.0,0.0,0.0,0.0,0.0,0.0
4,22,1,0.0,0.0,0.0,0.0,0.0,0.0,0.0,0.0
4,22,2,0.0,0.0,0.0,0.0,0.0,0.0,0.0,0.0
4,22,3,0.0,0.0,0.0,0.0,0.0,0.0,0.0,0.0
4,22,4,0.0,0.0,0.0,0.0,0.0,0.0,0.0,0.0
4,22,5,0.0,0.0,0.0,0.0,0.0,0.0,0.0,0.0
4,22,6,-0.0,-0.0,-0.0,-0.0,3.373222739863424,43.97335909780407,77.77294313303902,51.86585005952894
4,22,7,79.40932208485759,274.72030123178996,311.30634169709293,299.7899689708714,136.9575269370419,456.9666949912769,512.097287327416,493.3032017991788
4,22,8,198.23843461150992,308.5557562332557,324.5074666512802,308.3173325296046,355.1736453521184,643.1953887776335,676.4944117055004,607.3833428240667
4,22,9,389.0131915845908,500.4411956220604,525.7029608747994,438.3056092162843,362.31013096846635,431.2945274302987,455.47381337147453,388.2203861430235
4,22,10,607.3046659622435,658.1615177153562,699.9139683462923,471.23648963486755,495.94368661362023,537.1760681912775,571.300573968083,389.57780635588745
4,22,11,624.671057261395,614.4569790583607,659.7011729024798,349.9121495481239,515.2282442769841,514.451248923905,548.4832516625202,290.5556771076112
4,22,12,556.6998761687721,551.7043173065817,583.0912813990082,286.08779712831006,352.3197414114831,368.341567518362,377.23578125359876,222.1204154619662
4,22,13,360.93369205268635,378.91831006819706,389.7543737214318,275.88218225309106,224.29780424015982,247.4125638962289,244.86843833046015,195.86347919967432
4,22,14,266.636359926512,280.4494659700183,288.46754647552297,255.34550385923592,195.6113499767011,205.60737346221595,210.04680246719792,181.00331457482199
4,22,15,208.42355330332012,210.14958230730977,222.76580792036714,213.2153184920575,99.73550251405506,95.0645310562826,100.09234186392231,97.66205702683025
4,22,16,108.07953130779177,108.8568342444647,106.70933251694179,115.17378946725034,81.41541561467633,79.4077402030628,76.24796319294862,81.7645782678519
4,22,17,46.540681927843025,44.785120223635516,38.44482655980602,49.056610786792454,72.22650992227439,81.16935720677364,73.72383257513827,81.52170659678714
4,22,18,38.63986164922308,96.74877414000062,110.3568448050838,66.08272091914516,28.031716577305954,47.24319745803129,46.49534693313935,36.39354091741744
4,22,19,0.0,0.0,0.0,0.0,0.0,0.0,0.0,0.0
4,22,20,0.0,0.0,0.0,0.0,0.0,0.0,0.0,0.0
4,22,21,0.0,0.0,0.0,0.0,0.0,0.0,0.0,0.0
4,22,22,0.0,0.0,0.0,0.0,0.0,0.0,0.0,0.0
4,22,23,0.0,0.0,0.0,0.0,0.0,0.0,0.0,0.0
4,23,0,0.0,0.0,0.0,0.0,0.0,0.0,0.0,0.0
4,23,1,0.0,0.0,0.0,0.0,0.0,0.0,0.0,0.0
4,23,2,0.0,0.0,0.0,0.0,0.0,0.0,0.0,0.0
4,23,3,0.0,0.0,0.0,0.0,0.0,0.0,0.0,0.0
4,23,4,0.0,0.0,0.0,0.0,0.0,0.0,0.0,0.0
4,23,5,0.0,0.0,0.0,0.0,0.0,0.0,0.0,0.0
4,23,6,-0.0,-0.0,-0.0,-0.0,-0.0,-0.0,-0.0,-0.0
4,23,7,-0.0,-0.0,-0.0,-0.0,5.545648954933929,4.824788968581017,3.3866620776684497,5.2772267732570795
4,23,8,20.33301541286633,18.753416329753534,17.936318319758467,20.928755424689484,179.98868898730615,229.43646274979736,234.10029535802838,230.8029844196874
4,23,9,47.86783058229998,44.47110790351717,47.11931698246794,49.22102379492555,50.6598401696933,46.77073519351529,49.43129984172992,49.71197001557449
4,23,10,35.12770140965865,36.87293757463329,37.175444393646885,36.09244062727177,150.28952582791794,158.29378016678797,160.61374374886415,144.1528748011264
4,23,11,53.97384630170157,61.50625278934303,59.48409590166524,55.34897963510627,140.14636540782305,157.6244739702039,153.89626842685442,131.70780590366496
4,23,12,138.9810974702699,159.79624846164972,153.62158843101116,133.99803366730464,229.4629164656405,259.26266347160845,252.36750655439397,194.99682225495766
4,23,13,193.11685190616788,213.8365676048464,210.90921815929644,184.13302366670356,205.10570912669107,227.7365310245645,224.49097403072048,184.6910971057285
4,23,14,166.209378135472,173.9233944906946,177.4980742053666,164.61213781475803,193.13443748333574,202.97675677456562,207.27003243247776,179.925240778712
4,23,15,48.32804280969475,44.754264005801815,47.28665107714053,49.65264664416496,111.10447644694446,106.46785893650892,112.24706869180204,108.86493919388076
4,23,16,42.10768160231275,38.89843798971274,37.127164288042835,43.18083432591805,42.384436343665115,38.96997306127906,36.74971694751587,41.474636637349526
4,23,17,66.31901622089393,69.82074962080927,62.9444910846913,74.33451222894885,184.46582958492584,600.4841674039708,667.8074097866645,506.4173594133903
4,23,18,56.48454355905943,259.2034519932426,319.2307413419282,150.31204585566982,34.02870873273887,254.84701627248452,477.0627912044889,178.82153715087952
4,23,19,0.0,0.0,0.0,0.0,0.0,0.0,0.0,0.0
4,23,20,0.0,0.0,0.0,0.0,0.0,0.0,0.0,0.0
4,23,21,0.0,0.0,0.0,0.0,0.0,0.0,0.0,0.0
4,23,22,0.0,0.0,0.0,0.0,0.0,0.0,0.0,0.0
4,23,23,0.0,0.0,0.0,0.0,0.0,0.0,0.0,0.0
4,24,0,0.0,0.0,0.0,0.0,0.0,0.0,0.0,0.0
4,24,1,0.0,0.0,0.0,0.0,0.0,0.0,0.0,0.0
4,24,2,0.0,0.0,0.0,0.0,0.0,0.0,0.0,0.0
4,24,3,0.0,0.0,0.0,0.0,0.0,0.0,0.0,0.0
4,24,4,0.0,0.0,0.0,0.0,0.0,0.0,0.0,0.0
4,24,5,0.0,0.0,0.0,0.0,0.0,0.0,0.0,0.0
4,24,6,-0.0,-0.0,-0.0,-0.0,5.968442153035604,5.214286610368823,2.6506869508886486,5.681864071884167
4,24,7,28.391510019084077,26.700060106160798,22.623410528873627,29.670140026301915,53.2868617957308,56.17913712439624,49.55163653836087,59.85761334210165
4,24,8,78.75604401303994,76.0874988606969,74.1780147777245,83.51585521112037,112.60678564325522,117.89066213494446,115.84819155418914,122.23742038663222
4,24,9,182.45676519045819,182.49148187009226,193.53492182004575,191.87105806253876,196.1847009031065,209.76829942723697,222.52255375035872,204.22659709022895
4,24,10,148.42371115765573,156.02696033380076,158.6364328591994,149.61615088894538,161.83505095311787,170.68697562771274,173.46016163909715,155.09137045878225
4,24,11,173.25778528129538,192.91865555578886,189.70483543493407,168.16364907106913,268.53828208737576,294.7249668156854,293.2430992624087,231.40623815662858
4,24,12,212.18516029851554,239.99360891150647,233.3710353571097,194.91955064711715,317.2996812820248,335.7007248448996,341.6283089770793,212.44508481266203
4,24,13,240.35005903399335,264.41219627246,262.3862937061602,223.21724980538778,311.29843649538503,339.6269176679695,339.54329648510316,260.0439453500572
4,24,14,267.8632869125339,282.13865738847124,290.1398912063679,257.3661466318581,322.9611633776897,345.28407345445595,359.7283407118169,274.0914122241473
4,24,15,363.98706992819774,432.9233944425116,457.4859317852647,364.2956210828946,546.5538900656128,732.7026423781434,757.1360925863993,503.68926434767366
4,24,16,463.60445226449133,740.8539501302829,773.2096760604666,632.3101818056153,386.46854931258184,692.794925921318,723.6633338204565,549.8496420970368
4,24,17,227.30893599562435,581.7564830147854,637.350646073053,521.9317377229876,177.14101780506462,602.7804004780725,667.6982388427876,524.388571078177
4,24,18,54.078735041181744,312.3607371948539,565.883480186651,231.80538943549044,48.48091211590424,265.9207291360845,350.66878537808213,155.6817885512878
4,24,19,0.0,0.0,0.0,0.0,0.0,0.0,0.0,0.0
4,24,20,0.0,0.0,0.0,0.0,0.0,0.0,0.0,0.0
4,24,21,0.0,0.0,0.0,0.0,0.0,0.0,0.0,0.0
4,24,22,0.0,0.0,0.0,0.0,0.0,0.0,0.0,0.0
4,24,23,0.0,0.0,0.0,0.0,0.0,0.0,0.0,0.0
4,25,0,0.0,0.0,0.0,0.0,0.0,0.0,0.0,0.0
4,25,1,0.0,0.0,0.0,0.0,0.0,0.0,0.0,0.0
4,25,2,0.0,0.0,0.0,0.0,0.0,0.0,0.0,0.0
4,25,3,0.0,0.0,0.0,0.0,0.0,0.0,0.0,0.0
4,25,4,0.0,0.0,0.0,0.0,0.0,0.0,0.0,0.0
4,25,5,0.0,0.0,0.0,0.0,0.0,0.0,0.0,0.0
4,25,6,-0.0,-0.0,-0.0,-0.0,4.705507306337481,4.045873775704532,1.82158724612255,4.449893087358372
4,25,7,54.126897904057756,174.91999211641107,196.6961929740685,190.81820724591444,152.16465586641985,522.1499543210467,581.461026896833,557.6911555698563
4,25,8,336.9259227650309,606.7013474609773,636.7739746083835,577.6420534728146,376.72561119169615,680.1420483382253,710.8408662785417,637.3993876466207
4,25,9,519.1565038224873,689.7195061693928,714.0484013251032,575.1819902759122,548.4259584149871,732.8389680693986,758.1777225099017,593.3243742867089
4,25,10,646.9347002029615,706.758792763609,745.40407166033,484.43106101143485,669.4238011361786,734.6623578671763,775.4651580644584,476.149715739994
4,25,11,721.1611401492338,704.3505424588789,755.980700141645,312.3287136814107,747.3914369300812,731.6346853125416,787.0535119367303,290.83932996634627
4,25,12,743.24955396807,701.1676078630724,758.043214596182,175.078969651082,779.5569305402232,734.4033154919368,797.716348534459,142.5869332414825
4,25,13,718.470977731848,706.8140140232333,756.8091367300477,286.0546965311692,757.1916493756112,746.0761685188862,802.3418227939868,255.6195490886963
4,25,14,657.8170524401996,725.3413771488443,763.0992907437414,426.09810172067085,684.5782586553088,761.6981609334623,804.0716457627526,396.9763000109545
4,25,15,496.32967068433567,650.0791143188987,676.8212042687661,483.8340589544166,570.8970901027923,784.265569212481,812.6581629023007,503.07982590257456
4,25,16,391.84455526633536,681.4971867634107,714.9958616570343,557.5521345845714,404.37403461158686,757.6732704038686,794.5326221607177,555.6788435181348
4,25,17,198.0985265829429,624.9562445373015,692.6797830747847,546.2003400795668,183.07446715799296,660.171143096496,737.5573508343261,535.9602799774002
4,25,18,34.187114049686656,300.49805852201365,579.5822665473822,225.359460598316,30.437473206201428,277.89253155432937,541.1599668279193,200.36575183683485
4,25,19,0.0,0.0,0.0,0.0,0.0,0.0,0.0,0.0
4,25,20,0.0,0.0,0.0,0.0,0.0,0.0,0.0,0.0
4,25,21,0.0,0.0,0.0,0.0,0.0,0.0,0.0,0.0
4,25,22,0.0,0.0,0.0,0.0,0.0,0.0,0.0,0.0
4,25,23,0.0,0.0,0.0,0.0,0.0,0.0,0.0,0.0
4,26,0,0.0,0.0,0.0,0.0,0.0,0.0,0.0,0.0
4,26,1,0.0,0.0,0.0,0.0,0.0,0.0,0.0,0.0
4,26,2,0.0,0.0,0.0,0.0,0.0,0.0,0.0,0.0
4,26,3,0.0,0.0,0.0,0.0,0.0,0.0,0.0,0.0
4,26,4,0.0,0.0,0.0,0.0,0.0,0.0,0.0,0.0
4,26,5,0.0,0.0,0.0,0.0,0.0,0.0,0.0,0.0
4,26,6,-0.0,9.302939222279658,18.74369943262344,11.04988927404657,6.158459406281922,101.70415371254431,177.26871141764235,114.69561235685316
4,26,7,109.75476520253967,385.2320111769865,431.8186124583562,414.2309182259136,151.38221858395903,510.13482567066205,566.735762630973,544.0524587020194
4,26,8,341.6596093667581,619.6397284124042,649.2842660931395,587.121504627268,369.5429061678966,660.1779769571455,688.8600883670094,619.5568812943935
4,26,9,521.6514617480179,694.1646734980106,717.9766172171845,577.6310850114714,516.2735754052786,675.4693699180176,696.2182510875227,557.5967321156858
4,26,10,643.5939026492085,704.0960835206287,742.8604031155365,487.28591955469074,644.2533934462349,704.948585261686,740.7163888982856,466.4748112103118
4,26,11,717.530492695232,703.0474291466002,753.0027842985585,313.6836829021182,728.8805664795791,716.3896961074065,766.8555852617454,291.44756371948154
4,26,12,733.6510825175538,690.2422708964028,749.6700331525321,202.46707671832112,764.5577418930432,723.821641056375,782.4867403498882,142.99483648789334
4,26,13,528.2009094903219,531.2132572525327,563.3317269654721,287.42513915338395,401.07144596472597,422.99099239890126,435.34663374882547,274.59067490639865
4,26,14,467.4444909085269,509.7271929290096,536.9633290958803,364.0971896945339,380.71963360200823,411.39877754166645,429.35394765362685,305.0322907014337
4,26,15,518.540209879633,672.8386710666598,700.4163813724907,510.2985618835289,435.4819997982392,530.952071059131,558.8267599574964,410.5595588224459
4,26,16,360.27129983186694,561.0831683798715,586.9543243013619,482.35409051781085,289.10537128576243,404.67986952906364,419.22172905054646,347.5480903454711
4,26,17,242.51983692881592,570.1104742200268,622.1762357021677,522.0305312074433,178.5462828428204,623.4093564326104,693.8442652996306,515.9434461318326
4,26,18,60.09864658842193,336.94945653894405,524.6159072075332,231.78072908307772,34.83875821031825,255.56763925614692,479.18097496318376,188.4986052254935
4,26,19,0.0,0.0,0.0,0.0,0.0,0.0,0.0,0.0
4,26,20,0.0,0.0,0.0,0.0,0.0,0.0,0.0,0.0
4,26,21,0.0,0.0,0.0,0.0,0.0,0.0,0.0,0.0
4,26,22,0.0,0.0,0.0,0.0,0.0,0.0,0.0,0.0
4,26,23,0.0,0.0,0.0,0.0,0.0,0.0,0.0,0.0
4,27,0,0.0,0.0,0.0,0.0,0.0,0.0,0.0,0.0
4,27,1,0.0,0.0,0.0,0.0,0.0,0.0,0.0,0.0
4,27,2,0.0,0.0,0.0,0.0,0.0,0.0,0.0,0.0
4,27,3,0.0,0.0,0.0,0.0,0.0,0.0,0.0,0.0
4,27,4,0.0,0.0,0.0,0.0,0.0,0.0,0.0,0.0
4,27,5,0.0,0.0,0.0,0.0,0.0,0.0,0.0,0.0
4,27,6,-0.0,3.657666130816817,8.150533627927699,4.553359307987414,6.503535565792799,5.702277494488282,3.0189016274245892,6.125767037022184
4,27,7,84.44218367563927,285.3430716725976,320.7453821501484,309.024028739429,101.48840265470241,163.5025714119952,165.80392503012249,175.40596789471738
4,27,8,278.7305755978631,497.04511908408557,522.8554951140992,476.2714638518771,177.97351564761686,217.17748269166577,221.42211784934236,219.46759073872715
4,27,9,416.8463397119765,556.8274024745467,579.2277568897048,468.16872286613625,538.3916945651501,726.2231205919844,750.8778949962652,580.0251111156191
4,27,10,634.1475268664196,696.0495499600892,731.9012609060629,471.86143355095425,671.8439518554238,742.5834955335348,782.5008786163777,470.64478325582866
4,27,11,707.5118284027064,694.4416864504069,742.6433745902533,302.4453380831591,760.3603619654175,748.5462194473173,803.0143192686533,285.5672950457945
4,27,12,734.1693381861825,695.1297472137323,749.1182880365538,161.71308944993416,794.8132788939146,752.8772044979,814.7714147782444,134.3081298718716
4,27,13,587.8027696052488,581.6130096255235,623.3622971859525,267.1129134316919,293.592676627781,323.18862761329353,322.3856803857564,246.17633002999375
4,27,14,587.487419237342,645.8646273959347,679.3827481894393,428.42623149370525,573.4564549168302,631.9953790034161,664.8741997910107,395.94762207253814
4,27,15,561.6481919395337,749.9467531445978,775.8136170366466,547.4482688452501,570.6782608870305,785.7853173198328,810.4102392164096,500.7383043453108
4,27,16,401.6074710105191,734.7308616000699,768.2644045522449,586.1338795332778,403.0549601583211,762.9195768035556,797.450812722538,558.1035207034131
4,27,17,190.7062695972487,666.0179399558796,738.739150673386,575.9379978925592,180.90365510529097,666.722162683611,742.4117064985463,542.4743251496265
4,27,18,32.66064569934869,336.35131260795185,630.727209968043,252.204971282987,28.71285868340417,297.3367212900212,561.3820532293008,214.73759873233578
4,27,19,0.0,0.0,0.0,0.0,0.0,0.0,0.0,0.0
4,27,20,0.0,0.0,0.0,0.0,0.0,0.0,0.0,0.0
4,27,21,0.0,0.0,0.0,0.0,0.0,0.0,0.0,0.0
4,27,22,0.0,0.0,0.0,0.0,0.0,0.0,0.0,0.0
4,27,23,0.0,0.0,0.0,0.0,0.0,0.0,0.0,0.0
4,28,0,0.0,0.0,0.0,0.0,0.0,0.0,0.0,0.0
4,28,1,0.0,0.0,0.0,0.0,0.0,0.0,0.0,0.0
4,28,2,0.0,0.0,0.0,0.0,0.0,0.0,0.0,0.0
4,28,3,0.0,0.0,0.0,0.0,0.0,0.0,0.0,0.0
4,28,4,0.0,0.0,0.0,0.0,0.0,0.0,0.0,0.0
4,28,5,0.0,0.0,0.0,0.0,0.0,0.0,0.0,0.0
4,28,6,-0.0,-0.0,-0.0,-0.0,7.927882049666292,95.56454491982274,161.4588628767434,105.9030061637517
4,28,7,93.25221431544556,323.36158607369435,362.5513492675839,347.97217762901494,150.41711579627088,500.7641603732137,555.7123933961449,532.9358420150562
4,28,8,332.9503488612552,602.7601569706479,630.836009350648,570.6124657732329,370.3720100260965,676.5600838644978,706.4372800689775,628.6306085983568
4,28,9,521.2732163531364,696.3906242754854,719.0194394150594,576.959384166309,550.0902470239272,743.0557506109042,768.29045711881,595.0854101482427
4,28,10,649.0788067228821,714.132811669775,749.9883799125122,485.6587601735158,676.2368165129016,748.2863424861042,786.578605628242,477.53549056039
4,28,11,715.3481226054369,705.7696028276732,752.7850264945251,319.94257783512614,752.0569424825491,743.7406331365646,795.0519294689659,291.34118030840983
4,28,12,737.2104769438084,695.6594081802364,753.7769586914784,196.06664915477376,776.51522329313,739.714966440547,797.4832784906611,140.31829877800706
4,28,13,665.5663644791497,664.5387950835653,706.8364254938593,323.9181775560177,616.9600206679642,616.3310349380781,658.6943908608506,255.1861226975482
4,28,14,606.7002791411401,669.8040583199469,703.646400829591,434.471072663242,622.149962589346,695.6321483105017,732.8630882603612,381.6528141199981
4,28,15,542.1820789794294,721.7058759945052,747.1106633475795,531.0971393957321,549.2754547528228,758.2117818444823,782.7575524234602,486.9861633432857
4,28,16,377.0107381581002,641.8772212407455,671.472866038182,530.0080454889888,380.4929932061644,714.4530715728206,747.5074332634526,526.3328905987669
4,28,17,189.12491008060786,551.6551511430624,607.9431498876022,483.44579235186217,184.68388986819443,501.8715675241264,548.0879060755473,421.6134106355063
4,28,18,53.25592475426584,315.96964614784986,504.9146219719565,224.81790633559768,35.16603696056307,265.9626784810052,469.11716537795814,188.16759767543095
4,28,19,0.0,0.0,0.0,0.0,0.0,0.0,0.0,0.0
4,28,20,0.0,0.0,0.0,0.0,0.0,0.0,0.0,0.0
4,28,21,0.0,0.0,0.0,0.0,0.0,0.0,0.0,0.0
4,28,22,0.0,0.0,0.0,0.0,0.0,0.0,0.0,0.0
4,28,23,0.0,0.0,0.0,0.0,0.0,0.0,0.0,0.0
4,29,0,0.0,0.0,0.0,0.0,0.0,0.0,0.0,0.0
4,29,1,0.0,0.0,0.0,0.0,0.0,0.0,0.0,0.0
4,29,2,0.0,0.0,0.0,0.0,0.0,0.0,0.0,0.0
4,29,3,0.0,0.0,0.0,0.0,0.0,0.0,0.0,0.0
4,29,4,0.0,0.0,0.0,0.0,0.0,0.0,0.0,0.0
4,29,5,0.0,0.0,0.0,0.0,0.0,0.0,0.0,0.0
4,29,6,-0.0,-0.0,-0.0,-0.0,7.920814740172835,101.23582603897412,169.87837624401428,111.39988883309415
4,29,7,19.906651559743487,18.771523102150883,15.961627862223322,20.944887978222962,15.566772464897804,14.0850430055497,11.326656489173457,14.922251459298842
4,29,8,91.30632397087004,92.04296904255123,91.0760987102879,99.78936107093456,151.98303524802628,166.29097426521847,165.8473786573601,169.8109657896959
4,29,9,119.39643511970445,116.2378218437689,123.03067018435942,124.3202875017532,59.19325878513121,55.351394327150764,58.463759072330966,57.75675533132989
4,29,10,17.06828600380353,18.180140007610575,18.35211983579073,17.591600000971425,24.778098465382577,26.367871225494696,26.529301639815444,24.07117752182542
4,29,11,34.31001928218051,39.50629130648912,38.30828860651525,35.41534184333433,38.79265837417381,44.86412225284348,43.408928101411995,37.886645677493505
4,29,12,51.544953807964546,60.861616821694376,58.06850599343099,52.86350155143998,34.102751935708,40.90855036420564,38.81005398606511,33.31544423372145
4,29,13,62.42319914478675,70.74594614886341,69.10295993764507,63.75390475164161,120.93913421837664,136.37214731857378,133.8013097928511,112.8229316936436
4,29,14,162.77939426517062,171.01999107278647,174.94468888644502,161.46133294027345,117.9027311416091,123.78507676247028,126.01391302511281,112.24038713101395
4,29,15,83.42135057293255,78.74617041997516,83.62147138011979,85.70932868279245,85.7351967968837,80.62482644589018,85.45946092048482,83.51293956895594
4,29,16,83.38473850614433,80.8054681346167,78.88691998899412,87.29230768660706,46.21466647447254,42.493822004016245,40.40385626964683,44.874964219911114
4,29,17,27.44162847491332,25.275891647528667,21.217580847935142,28.105959364478142,11.099217758626155,9.952348975661303,7.675514202525532,10.585012388751851
4,29,18,11.939882731646595,10.889310160927518,7.323166699275521,12.27407512634792,3.771420286596916,3.1763989473409544,1.1448629498514176,3.4844522441701953
4,29,19,0.0,0.0,0.0,0.0,0.0,0.0,0.0,0.0
4,29,20,0.0,0.0,0.0,0.0,0.0,0.0,0.0,0.0
4,29,21,0.0,0.0,0.0,0.0,0.0,0.0,0.0,0.0
4,29,22,0.0,0.0,0.0,0.0,0.0,0.0,0.0,0.0
4,29,23,0.0,0.0,0.0,0.0,0.0,0.0,0.0,0.0
4,30,0,0.0,0.0,0.0,0.0,0.0,0.0,0.0,0.0
4,30,1,0.0,0.0,0.0,0.0,0.0,0.0,0.0,0.0
4,30,2,0.0,0.0,0.0,0.0,0.0,0.0,0.0,0.0
4,30,3,0.0,0.0,0.0,0.0,0.0,0.0,0.0,0.0
4,30,4,0.0,0.0,0.0,0.0,0.0,0.0,0.0,0.0
4,30,5,0.0,0.0,0.0,0.0,0.0,0.0,0.0,0.0
4,30,6,-0.0,-0.0,-0.0,-0.0,0.20295396874182658,-0.0,-0.0,0.042652232516992
4,30,7,0.9349357880157128,0.7351381504160509,0.1624423116293614,1.1673087375413975,32.92115291353672,30.768736141352836,25.81915272145938,32.47706482365318
4,30,8,27.604863629774968,25.68249721284436,25.004338785687114,28.50665653830511,31.45877235235297,28.822414160012563,27.698456816433186,30.475212539966236
4,30,9,110.19228737620728,106.8434876502552,113.05948565700128,114.46247286415912,155.15917676251905,155.8350536562135,164.33292366513714,155.1149209680248
4,30,10,104.1622260540287,110.19875553592716,111.61238138628812,106.0369556874151,57.17570749178062,60.562606402769774,60.98573925835159,55.86224565450738
4,30,11,90.30764820638002,102.30762261741177,100.03215370208217,90.89322427204533,193.7238812109159,216.72384915668366,213.97032884074974,174.10123234673662
4,30,12,165.4292568331563,189.3505768230448,183.84518926912415,156.92133133636665,95.11799140970972,111.42532309672157,106.96815450270415,89.64392706851558
4,30,13,103.19693282235701,116.01949223948723,113.96764903591344,102.9781112958839,42.927213762698635,49.230687503701375,47.89236151688349,41.99025386799575
4,30,14,44.6213717002989,46.57273078087495,47.36000448569958,45.968828783090586,13.67864284603282,14.43887022245429,14.67968602678588,13.228361976964036
4,30,15,17.85307219723654,16.392490428601455,17.59381209248205,18.319535946011605,11.248585988066951,10.13432224746039,10.936541964337472,10.814556016230595
4,30,16,39.291366355338056,36.642891121881476,35.36817742741842,40.40732950822541,19.89048732108508,18.100004295688787,17.11032421008045,19.18761957489532
4,30,17,39.97328177379538,37.24309694673831,31.73348958418989,41.186318565196615,0.76043984630326,0.39727453625877185,-0.0,0.5891739463668277
4,30,18,49.41849222596275,118.91780173595508,133.71340610083985,87.36735635158331,-0.0,-0.0,-0.0,-0.0
4,30,19,0.0,0.0,0.0,0.0,0.0,0.0,0.0,0.0
4,30,20,0.0,0.0,0.0,0.0,0.0,0.0,0.0,0.0
4,30,21,0.0,0.0,0.0,0.0,0.0,0.0,0.0,0.0
4,30,22,0.0,0.0,0.0,0.0,0.0,0.0,0.0,0.0
4,30,23,0.0,0.0,0.0,0.0,0.0,0.0,0.0,0.0
5,1,0,0.0,0.0,0.0,0.0,0.0,0.0,0.0,0.0
5,1,1,0.0,0.0,0.0,0.0,0.0,0.0,0.0,0.0
5,1,2,0.0,0.0,0.0,0.0,0.0,0.0,0.0,0.0
5,1,3,0.0,0.0,0.0,0.0,0.0,0.0,0.0,0.0
5,1,4,0.0,0.0,0.0,0.0,0.0,0.0,0.0,0.0
5,1,5,0.0,0.0,0.0,0.0,0.0,0.0,0.0,0.0
5,1,6,-0.0,-0.0,-0.0,-0.0,10.062610204881667,91.53115764942962,143.06240599251353,102.71324506234659
5,1,7,15.822838035300615,14.847187923304162,12.569292383808062,16.625379588284552,28.694841539340647,26.247478064018118,21.810860504262813,27.711316903116487
5,1,8,69.38495407344269,65.7627025546535,64.56963344642205,72.49815172710359,65.37011439863338,61.07420355920479,59.22142391669979,64.39530870953867
5,1,9,76.43634861795843,72.68227523998824,76.94528271222929,78.92482490804848,114.88407581868692,110.97700761094357,117.26425782349703,113.61716239244636
5,1,10,129.0677026496702,136.783749668201,138.81828390180908,130.73690962295984,168.6834272643393,179.54115575324644,182.26620731413868,161.2927077101508
5,1,11,218.33959632009416,242.7822241887208,240.4869865715225,208.1232331854602,153.5764723772798,173.29966209489677,170.24198711699685,143.25304750196887
5,1,12,270.9522207606412,304.0496014508715,298.8913289249847,240.97378944568416,164.02749412949464,189.12994969815233,183.34989153499077,147.81594770346743
5,1,13,258.4049761384487,284.8954776308609,283.9909909347286,239.11465574056584,132.695115019226,149.4383225943012,147.00758274208334,123.7311238944853
5,1,14,160.37373884992905,168.9492117948064,172.61580448176102,159.52686077654388,123.04220690914933,129.57403046871818,131.83866072301362,117.33796606657081
5,1,15,133.96093056063836,130.43514116891885,138.5953965922864,137.54006120329475,125.93633368965146,121.6543670928829,129.06621248055822,122.68162211021684
5,1,16,70.10393038189117,66.73716783512677,64.98433603370266,72.83831760526489,90.74672699802241,89.54235620567859,87.04805264614988,91.07343357899087
5,1,17,78.33624460020094,85.8420619423607,79.41251209489899,90.29212104331134,72.08698540558774,80.2581140667271,72.92252030655412,80.20608454922996
5,1,18,43.910433486523736,88.85673831186463,95.03034190062239,69.33448639769787,32.45412829291487,49.68953879353172,47.83491130985122,41.528674906048124
5,1,19,0.0,0.0,0.0,0.0,0.0,0.0,0.0,0.0
5,1,20,0.0,0.0,0.0,0.0,0.0,0.0,0.0,0.0
5,1,21,0.0,0.0,0.0,0.0,0.0,0.0,0.0,0.0
5,1,22,0.0,0.0,0.0,0.0,0.0,0.0,0.0,0.0
5,1,23,0.0,0.0,0.0,0.0,0.0,0.0,0.0,0.0
5,2,0,0.0,0.0,0.0,0.0,0.0,0.0,0.0,0.0
5,2,1,0.0,0.0,0.0,0.0,0.0,0.0,0.0,0.0
5,2,2,0.0,0.0,0.0,0.0,0.0,0.0,0.0,0.0
5,2,3,0.0,0.0,0.0,0.0,0.0,0.0,0.0,0.0
5,2,4,0.0,0.0,0.0,0.0,0.0,0.0,0.0,0.0
5,2,5,0.0,0.0,0.0,0.0,0.0,0.0,0.0,0.0
5,2,6,-0.0,-0.0,-0.0,-0.0,3.489741782879957,2.91724327544544,1.0701086399161912,3.2111908726540634
5,2,7,18.035520883030763,16.919428768447926,14.4200824838228,18.90047081060027,6.915395370602773,6.086892031561939,4.600155966049961,6.536710256548354
5,2,8,42.335781336117535,39.35657744432025,38.502125832491735,43.61455866258415,50.245337920734414,46.68659666613538,45.21325033406646,49.14613479134285
5,2,9,62.97161653977242,59.563027899044464,63.08041940281527,64.88311603723888,28.35707309025612,26.43435783255999,28.062914310467676,27.497081166021484
5,2,10,93.32029890187113,98.81036749205877,100.09977679180426,95.25962580504708,102.07097970434874,108.46196753130069,109.71431721172266,98.49020044834765
5,2,11,167.9757606617649,188.17236731218645,185.62056160846905,163.71043482985854,286.2460548019461,309.31630612997907,313.7541711790229,224.7537584255722
5,2,12,525.15135735353,543.9277735788619,560.7656502529986,325.2555363973883,568.2545536370701,561.999416090089,596.0702646780217,212.24542058218793
5,2,13,552.2507300871833,575.0803748237835,597.6235972983759,361.5844248493009,478.41030334791304,498.8597242750678,518.7683938891521,278.00645841501284
5,2,14,336.8285940745161,359.7151500814632,370.71218561531504,318.2095658747698,319.30472998280084,347.37966747393347,360.08497096694134,262.7258047155338
5,2,15,325.7439186089459,349.8115624320947,371.2441013965233,333.45194655811673,374.60842372427857,456.45642508235,479.02667407943943,355.84550161085434
5,2,16,324.7447640385653,454.22591624650715,474.73001627765314,413.24083467135813,261.8163013943559,351.5772189550978,362.82329262054793,308.93110913265303
5,2,17,180.98399347844946,292.223018443747,303.78483666944766,280.93180435107564,181.2703893000755,575.2201192304626,632.5737307425011,478.4875136952497
5,2,18,61.72436195210257,203.51336958321463,241.2618028755298,139.9238496484079,45.83182059163298,273.4552559342157,441.8276694118949,200.06949208189425
5,2,19,0.0,0.0,0.0,0.0,0.0,0.0,0.0,0.0
5,2,20,0.0,0.0,0.0,0.0,0.0,0.0,0.0,0.0
5,2,21,0.0,0.0,0.0,0.0,0.0,0.0,0.0,0.0
5,2,22,0.0,0.0,0.0,0.0,0.0,0.0,0.0,0.0
5,2,23,0.0,0.0,0.0,0.0,0.0,0.0,0.0,0.0
5,3,0,0.0,0.0,0.0,0.0,0.0,0.0,0.0,0.0
5,3,1,0.0,0.0,0.0,0.0,0.0,0.0,0.0,0.0
5,3,2,0.0,0.0,0.0,0.0,0.0,0.0,0.0,0.0
5,3,3,0.0,0.0,0.0,0.0,0.0,0.0,0.0,0.0
5,3,4,0.0,0.0,0.0,0.0,0.0,0.0,0.0,0.0
5,3,5,0.0,0.0,0.0,0.0,0.0,0.0,0.0,0.0
5,3,6,0.27779285576751256,0.9740767548767962,0.8436709600135784,1.4071050128416485,12.913643744932937,71.98087894040626,107.07093262070207,78.98302417275143
5,3,7,37.588960829849434,37.28456453711435,33.01644263741599,41.18967662880653,2.8345875958620277,2.3148853676496906,1.3933110839529503,2.594177366808159
5,3,8,76.51131734933811,77.07122570305229,76.40427770455678,83.29021822279438,0.19594702587449775,-0.0,-0.0,0.0590752449024462
5,3,9,27.264776593978347,25.53173374482435,27.19142268302806,28.005660848069354,39.630445363242565,37.0993546676999,39.30668288259287,38.56209926381999
5,3,10,36.07507055477037,38.275114882575856,38.71572457550967,37.136463320539015,31.884189213620385,33.950061536858016,34.25642631724537,31.06414761627654
5,3,11,3.3192283509973315,4.33439626024995,4.12919737204251,3.5055975760923594,19.228615808984532,22.566764931434996,21.868511852164442,18.72032730998622
5,3,12,21.11403715251468,25.40458073638994,24.218228787004005,21.69927433884962,44.53406697521659,53.07751920030127,50.71869344384997,43.42928243921411
5,3,13,55.52616032484185,63.02511081923022,61.772559734123504,56.705136215103025,39.751207719883084,45.64304476736012,44.5362197335876,38.857000813344094
5,3,14,74.7336479270336,78.32283075786148,79.72624054811129,76.32965129042367,74.51095471020544,78.2390695953466,79.45565066753959,72.28359192392263
5,3,15,72.26354365318188,67.90839118881809,72.21232044833882,74.31286029851454,63.94403819024575,59.46399646317339,63.11995728929763,62.38016851984762
5,3,16,33.85200822084103,31.19472190236928,30.163716482080194,34.69301392966376,21.658948985364887,19.73786066747284,18.77142707735505,20.897111560915743
5,3,17,48.35652101595929,46.10125055015546,40.051527841530714,50.59909954172112,111.36596966468424,143.79433777358838,138.40988586048374,138.70112719934946
5,3,18,48.66565674477219,102.70443856823265,111.31656138119413,80.0095261669776,28.09523442201476,34.84507643168144,30.14601672952589,31.93190898017548
5,3,19,0.0,0.0,0.0,0.0,0.0,0.0,0.0,0.0
5,3,20,0.0,0.0,0.0,0.0,0.0,0.0,0.0,0.0
5,3,21,0.0,0.0,0.0,0.0,0.0,0.0,0.0,0.0
5,3,22,0.0,0.0,0.0,0.0,0.0,0.0,0.0,0.0
5,3,23,0.0,0.0,0.0,0.0,0.0,0.0,0.0,0.0
5,4,0,0.0,0.0,0.0,0.0,0.0,0.0,0.0,0.0
5,4,1,0.0,0.0,0.0,0.0,0.0,0.0,0.0,0.0
5,4,2,0.0,0.0,0.0,0.0,0.0,0.0,0.0,0.0
5,4,3,0.0,0.0,0.0,0.0,0.0,0.0,0.0,0.0
5,4,4,0.0,0.0,0.0,0.0,0.0,0.0,0.0,0.0
5,4,5,0.0,0.0,0.0,0.0,0.0,0.0,0.0,0.0
5,4,6,-0.0,-0.0,-0.0,-0.0,17.501186205485027,16.86184786322117,12.390788394820943,17.79943534085996
5,4,7,28.13051761460805,26.92154198937875,23.47183246034708,29.86609907562131,155.72445294537258,503.27074888320317,553.5378451962682,529.5407458988391
5,4,8,122.16226432543858,140.54369572819382,143.20392756589922,148.47871676969405,154.92444009349165,167.91196936255824,168.00564364988563,171.3835872439216
5,4,9,211.74859597576923,216.73752272311012,229.0586807124608,223.42934442589217,272.936227703898,305.2621252349165,321.70030667343184,284.0327999466008
5,4,10,196.53998777477656,209.59521156151234,213.79006602267373,195.75007345018972,195.94974272223152,209.38839788568188,213.12324282339975,186.1339794328677
5,4,11,169.33289184047217,189.84058135401366,187.49647137648643,165.15313432671363,100.82033667325864,114.8702224656091,112.51831813541902,96.1444707719613
5,4,12,316.3047741422682,351.0975259816013,347.8460462777419,265.88454247928587,487.49721894082506,499.9488876357682,519.9078501866254,245.6711129901498
5,4,13,551.4435722278243,565.8075085403948,592.935830154741,309.172197436395,726.8252854079022,737.0358927137947,776.3177197666596,259.37931047644736
5,4,14,677.0864937250187,764.2151261310361,793.8909340188463,445.825139774424,658.9288480800503,746.8579275531896,776.5273134046104,400.271535176259
5,4,15,552.4237403980746,747.9106567553466,770.1383098265783,543.8723386740418,542.8730721178109,746.4427006404873,765.4250747607063,501.20464307980507
5,4,16,407.8246959726158,706.8630946844424,735.9183023945734,580.627685031576,384.79442372507776,718.7139509297923,746.5928269890085,548.2754703350658
5,4,17,212.17737039071656,660.4158651414739,724.514241081149,576.0390155604363,179.4194830185061,622.1597858553067,685.0885512962258,521.1241550533914
5,4,18,49.89387813308287,348.4904334048532,585.9287617619053,272.8390885878875,39.16507982834298,300.64405601960186,501.20551613776513,227.69410076278885
5,4,19,0.0,0.0,0.0,0.0,0.0,0.0,0.0,0.0
5,4,20,0.0,0.0,0.0,0.0,0.0,0.0,0.0,0.0
5,4,21,0.0,0.0,0.0,0.0,0.0,0.0,0.0,0.0
5,4,22,0.0,0.0,0.0,0.0,0.0,0.0,0.0,0.0
5,4,23,0.0,0.0,0.0,0.0,0.0,0.0,0.0,0.0
5,5,0,0.0,0.0,0.0,0.0,0.0,0.0,0.0,0.0
5,5,1,0.0,0.0,0.0,0.0,0.0,0.0,0.0,0.0
5,5,2,0.0,0.0,0.0,0.0,0.0,0.0,0.0,0.0
5,5,3,0.0,0.0,0.0,0.0,0.0,0.0,0.0,0.0
5,5,4,0.0,0.0,0.0,0.0,0.0,0.0,0.0,0.0
5,5,5,0.0,0.0,0.0,0.0,0.0,0.0,0.0,0.0
5,5,6,0.3244336771039292,6.1144769600905455,9.362823783643357,6.935784831096867,12.315786621496564,125.44988433820936,190.60914167700176,137.30829903831201
5,5,7,131.87794595920198,398.24705058084976,438.48931250977876,423.90174720318544,129.0422854274546,302.3801247011363,325.1360136949823,321.2248408041591
5,5,8,171.54331504700545,233.98429173083935,242.61436774756703,237.87540175109697,122.9813209420147,130.57466183029928,129.998583263758,133.41686338615293
5,5,9,209.22163157359213,231.24993463264855,243.63355177805303,225.86069767002283,231.08741940065545,255.62708257913073,269.32423434653526,239.187836919737
5,5,10,278.5987921830522,304.256252715826,316.2875172446718,251.65196742262668,237.16129204543842,254.5033846676885,259.75789289033884,222.05721087287674
5,5,11,415.70066062517094,426.12049402018016,446.41471302373117,262.7730015007014,350.3915616340378,375.967605422542,383.52194836417675,256.3497246088691
5,5,12,388.9867997181043,384.38076924128023,407.4896933442811,170.4803099015105,747.9618771409084,728.1324817948566,774.1001280272089,138.45019002363588
5,5,13,703.3464546266484,709.8377935524122,748.5841272709775,292.8200392086367,723.8319003692594,735.9742198235666,775.8842157050497,250.00141184835948
5,5,14,642.456280154335,726.9143897027028,754.4326809597513,424.3761536030669,656.3282146312077,750.2503235299603,780.7361489474532,386.684156887434
5,5,15,534.4074165500298,735.4597258114931,754.1339933027044,519.7871315976021,536.8391950176766,750.3588015940959,769.9504514239217,484.2131921413814
5,5,16,374.5108976578004,697.0554739952094,725.9813907553627,553.3070784008845,373.61211321453123,714.0818634262077,742.8580750961071,525.9118228325356
5,5,17,205.27341895989613,612.3690873934778,670.4715642706753,536.2282029135533,171.2270107832179,605.3681157676326,668.6002014456034,494.9488495662119
5,5,18,61.102333976418635,364.59158484966366,485.0456923206563,247.59933608847325,54.71214278469582,209.79469984629435,262.9610289016974,143.4926575566338
5,5,19,0.0,0.0,0.0,0.0,0.0,0.0,0.0,0.0
5,5,20,0.0,0.0,0.0,0.0,0.0,0.0,0.0,0.0
5,5,21,0.0,0.0,0.0,0.0,0.0,0.0,0.0,0.0
5,5,22,0.0,0.0,0.0,0.0,0.0,0.0,0.0,0.0
5,5,23,0.0,0.0,0.0,0.0,0.0,0.0,0.0,0.0
5,6,0,0.0,0.0,0.0,0.0,0.0,0.0,0.0,0.0
5,6,1,0.0,0.0,0.0,0.0,0.0,0.0,0.0,0.0
5,6,2,0.0,0.0,0.0,0.0,0.0,0.0,0.0,0.0
5,6,3,0.0,0.0,0.0,0.0,0.0,0.0,0.0,0.0
5,6,4,0.0,0.0,0.0,0.0,0.0,0.0,0.0,0.0
5,6,5,0.0,0.0,0.0,0.0,0.0,0.0,0.0,0.0
5,6,6,-0.0,-0.0,-0.0,-0.0,14.98095395046989,13.544996825639034,9.035500855698043,14.356398638401688
5,6,7,25.24239748648047,25.475651490043234,22.631867858181277,28.16690225494778,149.2732811390301,486.38449917210795,534.5960493275131,509.9509583037352
5,6,8,223.85771481750203,393.9361306874392,411.45352610609336,374.30985614306616,209.09816082860453,267.6932196672265,274.3811904785978,265.45778186947814
5,6,9,380.47034342499177,498.73280188354806,517.6406685704378,428.01291562076085,523.0593100826848,713.6221001528377,732.9542629019711,564.8269556412542
5,6,10,611.2271891509546,683.0468759984947,711.0052470969947,463.3923054177525,641.7937380104878,722.3589468074179,751.1679579580095,453.33979229789395
5,6,11,607.7226074840493,610.085292078353,644.9969672647303,300.30559739332307,298.0295556266186,330.2321998053841,329.8888210982353,252.21327734977714
5,6,12,573.6969801268698,560.3287131812117,596.3133391739932,212.42049523276026,586.091583580509,587.5948113571949,618.5444718194311,229.53732415214884
5,6,13,483.7829440919363,500.2745641892045,522.518105793741,287.4699899915439,714.7810963979945,725.6805028506723,765.8150063585718,248.65093364364319
5,6,14,628.211955227433,707.0593059117778,734.8015736051509,448.14198383846787,640.3213219097549,731.9233280302763,760.5648430906674,384.98520243483244
5,6,15,539.3570518981589,729.3639242269503,750.2124955991083,534.7312718885698,527.2713202178745,734.5298566651995,753.0518642114134,480.39699288759755
5,6,16,372.391507048511,643.3723952412311,669.7408009627999,529.3054497920028,368.7492850595064,698.3273042930326,725.4988137116871,522.8548802874747
5,6,17,194.9097738904562,577.1655577294358,632.0444214773098,504.0098172342543,170.51209995600655,598.0691292030257,659.2762071861558,492.83404657506077
5,6,18,53.87666221573225,300.7836770267845,449.3274075716632,225.1203247368841,54.6961733233333,263.63701305236185,368.56040855321464,186.41234683847722
5,6,19,0.0,0.0,0.0,0.0,0.0,0.0,0.0,0.0
5,6,20,0.0,0.0,0.0,0.0,0.0,0.0,0.0,0.0
5,6,21,0.0,0.0,0.0,0.0,0.0,0.0,0.0,0.0
5,6,22,0.0,0.0,0.0,0.0,0.0,0.0,0.0,0.0
5,6,23,0.0,0.0,0.0,0.0,0.0,0.0,0.0,0.0
5,7,0,0.0,0.0,0.0,0.0,0.0,0.0,0.0,0.0
5,7,1,0.0,0.0,0.0,0.0,0.0,0.0,0.0,0.0
5,7,2,0.0,0.0,0.0,0.0,0.0,0.0,0.0,0.0
5,7,3,0.0,0.0,0.0,0.0,0.0,0.0,0.0,0.0
5,7,4,0.0,0.0,0.0,0.0,0.0,0.0,0.0,0.0
5,7,5,-0.0,-0.0,-0.0,-0.0,-0.0,-0.0,-0.0,-0.0
5,7,6,-0.0,-0.0,-0.0,-0.0,14.214938595167506,13.332628232687686,9.333577280670028,14.106931953789323
5,7,7,33.676171387025,31.3734195771422,27.346721932422543,34.845381431405926,72.60818122144838,84.7640717253168,78.8370251356578,89.2292670166928
5,7,8,67.11570732777041,63.67651689921665,63.053968173660905,70.17440317635828,134.87746897755312,157.0804310177434,159.5579127110527,159.05033573550435
5,7,9,170.61946759782282,173.2806184466602,182.993812572787,179.14429246547184,341.38164179172423,416.6164487705494,434.92586231118406,361.9606366464294
5,7,10,375.5711283961984,412.4224564899462,427.91930427467406,335.4444983479375,235.769064911367,253.79543944349078,258.70689303587193,220.91737163901593
5,7,11,335.4357756509616,352.0208850789102,363.5679008679046,243.30207776113613,123.21825693898832,140.0822710924771,137.79360886386144,116.16238685396107
5,7,12,352.26188116446076,362.00656674889245,375.62456801197925,206.69457692770408,449.4806223836159,462.23007690177235,480.2600906717901,220.7292432503358
5,7,13,503.9900112863481,522.4498592241098,544.6451855141622,298.59824990146416,515.7295180138988,536.7372286389982,560.0529629108506,269.46832352584147
5,7,14,576.3832848104902,648.1414412198948,673.935292629833,425.7093214434934,475.3402384637149,529.6257394165209,550.6002555900587,358.98608032628545
5,7,15,334.11107090133174,409.5178684593595,428.7802560669789,337.01807119814447,396.2037441751056,483.007617184737,507.2873397744772,379.21652313150986
5,7,16,393.6218980040278,632.6047593115411,657.4193789155522,539.4022075357173,369.62443309540447,697.1287256305703,724.499192581913,519.7718708781191
5,7,17,217.17400230445855,523.8535180633103,567.6267210252369,471.3251024557382,165.23144423623953,376.9614219626638,403.2116231926608,323.4423726784917
5,7,18,43.81984948767795,79.0222394462528,82.91448013693375,66.53521513722592,56.40250234464628,233.59801236171347,303.7642532277289,163.31826823145096
5,7,19,0.0,0.0,0.0,0.0,0.0,0.0,0.0,0.0
5,7,20,0.0,0.0,0.0,0.0,0.0,0.0,0.0,0.0
5,7,21,0.0,0.0,0.0,0.0,0.0,0.0,0.0,0.0
5,7,22,0.0,0.0,0.0,0.0,0.0,0.0,0.0,0.0
5,7,23,0.0,0.0,0.0,0.0,0.0,0.0,0.0,0.0
5,8,0,0.0,0.0,0.0,0.0,0.0,0.0,0.0,0.0
5,8,1,0.0,0.0,0.0,0.0,0.0,0.0,0.0,0.0
5,8,2,0.0,0.0,0.0,0.0,0.0,0.0,0.0,0.0
5,8,3,0.0,0.0,0.0,0.0,0.0,0.0,0.0,0.0
5,8,4,0.0,0.0,0.0,0.0,0.0,0.0,0.0,0.0
5,8,5,-0.0,-0.0,-0.0,-0.0,-0.0,-0.0,-0.0,-0.0
5,8,6,-0.0,-0.0,-0.0,-0.0,-0.0,-0.0,-0.0,-0.0
5,8,7,15.751933032274728,14.725848523973099,12.640408796497525,16.494038223164637,10.406810034863856,9.313797764641386,7.488646604692506,9.92209314139427
5,8,8,44.92889767946167,42.06251433131338,41.5646292560958,46.50893641271871,14.79924026101108,13.387070020679953,13.003845096209158,14.224551335727588
5,8,9,65.98588475944891,63.16984630312077,66.84695608167718,68.07484029841487,77.00290627214156,73.88337930797206,78.0242382644631,75.45837323552314
5,8,10,131.1726121550883,139.97277696617704,142.25269471827562,132.66324755641952,167.23405205240917,179.4846318838138,182.41908392598882,158.75122710971212
5,8,11,265.0432946081877,293.44586388077016,292.9294347126547,243.57469485263647,343.4951443120523,371.23019819644014,377.73195280877303,258.1123393960705
5,8,12,530.4754921803326,542.7819839195807,563.4814389316183,282.9939158943987,516.2449760223374,530.4957385786638,551.2519790065353,242.03298540478536
5,8,13,242.72906826898347,268.2702597047077,268.180605570829,219.08143891909012,416.9203084769336,447.656103240752,457.89623381517805,280.69089184155166
5,8,14,379.5113875427936,416.02065616436107,431.35385306161345,330.6937675943129,153.55062200215966,163.0206549069378,166.6413455122795,144.23512982492556
5,8,15,81.88289579310647,78.02703320208566,82.86289550332522,84.20482895655431,122.99576334672722,120.15327638524425,127.24107207641771,119.6896137277243
5,8,16,119.99838364394687,122.40738530062846,121.95104891409153,128.66224403552988,155.39075809317393,171.6854084229233,171.3802391075254,163.88326848622796
5,8,17,76.3951942549961,81.7308873688299,75.38859668537248,86.49275387406637,10.184821491000873,9.106741987131947,7.131470247489651,9.705137638165763
5,8,18,10.053786570911846,9.038481821649416,5.945908733051251,10.273723438070258,36.25287143519306,51.25783454046128,47.453184733350575,45.04532869141212
5,8,19,0.0,0.0,0.0,0.0,0.0,0.0,0.0,0.0
5,8,20,0.0,0.0,0.0,0.0,0.0,0.0,0.0,0.0
5,8,21,0.0,0.0,0.0,0.0,0.0,0.0,0.0,0.0
5,8,22,0.0,0.0,0.0,0.0,0.0,0.0,0.0,0.0
5,8,23,0.0,0.0,0.0,0.0,0.0,0.0,0.0,0.0
5,9,0,0.0,0.0,0.0,0.0,0.0,0.0,0.0,0.0
5,9,1,0.0,0.0,0.0,0.0,0.0,0.0,0.0,0.0
5,9,2,0.0,0.0,0.0,0.0,0.0,0.0,0.0,0.0
5,9,3,0.0,0.0,0.0,0.0,0.0,0.0,0.0,0.0
5,9,4,0.0,0.0,0.0,0.0,0.0,0.0,0.0,0.0
5,9,5,-0.0,-0.0,-0.0,-0.0,-0.0,-0.0,-0.0,-0.0
5,9,6,2.0363727658106985,9.968984358851822,13.636750811064083,11.132377728470066,13.53663805826853,191.08423891105775,282.97015138683025,206.66032156045918
5,9,7,25.340167439421883,23.517599365998624,20.43579134231485,26.168726939372927,-0.0,-0.0,-0.0,-0.0
5,9,8,40.54065721516896,37.57206726295115,37.13931303192684,41.68045692042635,29.283318663289805,26.805593141062676,26.18569651959181,28.325826659666177
5,9,9,78.7149592271699,75.62166011543059,80.02220117086803,81.28345953602455,91.14308557148327,88.00911573097807,92.93526146862308,89.50152802496858
5,9,10,98.26626063278964,104.65512771901274,106.20262572601186,100.28214505921004,43.059847558780646,45.992855951204064,46.49492774056956,42.01824658481243
5,9,11,101.81488246826876,115.4521673956403,113.70351203200036,102.31406167240986,149.14863927930585,169.1639458666596,166.87307773297997,139.4334016035661
5,9,12,225.3460920632377,256.13093297213373,251.40143792040655,207.89132866671207,120.3274191591851,140.3880363097346,136.23276647656482,111.7893175781712
5,9,13,317.92640960628313,350.52345756053046,351.2062446155283,286.0732703696678,127.99851830891662,144.8408591517795,142.99617845352827,119.96447020585789
5,9,14,263.2098928439451,281.43360356809023,289.22335613243024,253.16246562658782,108.66495848845234,114.71916525444792,117.04412598437663,104.31924471896467
5,9,15,246.18602393468345,258.4041568285933,273.3126020305316,251.6561004148156,398.5655143994232,475.62490527191954,499.2179265615415,379.6774030187827
5,9,16,174.83206582464996,194.97520192553742,196.7737885199607,194.5654375823094,154.9647858546226,163.41413834336046,162.67505884279154,160.47665649268563
5,9,17,101.33656795144186,116.88835023772324,111.11951907841616,120.96668555548058,184.038846477752,703.6413956850375,776.0542334684019,562.7341558960076
5,9,18,41.771660065728874,62.20937374251097,60.512075481725454,56.19302044423388,29.99001916222237,388.6918138480302,631.692349165182,286.29602031169327
5,9,19,0.0,0.0,0.0,0.0,0.0,0.0,0.0,0.0
5,9,20,0.0,0.0,0.0,0.0,0.0,0.0,0.0,0.0
5,9,21,0.0,0.0,0.0,0.0,0.0,0.0,0.0,0.0
5,9,22,0.0,0.0,0.0,0.0,0.0,0.0,0.0,0.0
5,9,23,0.0,0.0,0.0,0.0,0.0,0.0,0.0,0.0
5,10,0,0.0,0.0,0.0,0.0,0.0,0.0,0.0,0.0
5,10,1,0.0,0.0,0.0,0.0,0.0,0.0,0.0,0.0
5,10,2,0.0,0.0,0.0,0.0,0.0,0.0,0.0,0.0
5,10,3,0.0,0.0,0.0,0.0,0.0,0.0,0.0,0.0
5,10,4,0.0,0.0,0.0,0.0,0.0,0.0,0.0,0.0
5,10,5,-0.0,-0.0,-0.0,-0.0,-0.0,-0.0,-0.0,-0.0
5,10,6,1.0653425711651783,7.727955486186696,10.702734934061139,8.681577019123702,16.61720756086891,15.062890948088258,10.303813541904624,15.941256653352934
5,10,7,58.56873763197924,72.93530333480382,70.82275652936825,80.28697899964727,117.12811506497701,209.9951537211909,218.62629696423437,223.30930516252928
5,10,8,185.12014953730377,255.8329893119056,265.13672662377155,257.89836734500653,226.02238003228777,315.7195117617745,326.06161239266,307.7598549448534
5,10,9,314.30650904826103,378.73039832452133,395.9594915625494,346.85856229924957,296.9297776422003,341.87254837131997,358.44371785633166,308.7121225707737
5,10,10,409.514811746508,453.04394691945805,469.10073040227195,358.32602142262783,503.729621331111,564.9260983737148,586.2144652791277,395.94049486999444
5,10,11,521.2257343548223,538.9503171280586,561.2012814287642,323.29603750512206,517.6796581425663,544.4055377795798,562.6957727868978,314.91788688847055
5,10,12,538.5298166053109,540.8618988458899,567.2446216088862,244.56756808994226,506.0391158327982,520.8501606645215,540.4833787305564,235.23585679460552
5,10,13,565.9389675645748,589.440092387454,612.6841548716767,330.0888440411336,756.1150039430585,778.9968269469207,814.6436548744242,266.0641871639615
5,10,14,647.695808802037,733.6461451348873,760.0957924225029,470.5325763646662,686.8078855502537,792.4324290487177,819.5504338735124,411.12466906281486
5,10,15,563.1769169545571,758.7495354132649,779.6873893526766,561.5287031124,569.4276522212357,803.6081197571739,821.1696591808081,516.2535314316997
5,10,16,242.63984493811978,333.73622545388736,344.42304993487363,299.7484359505572,158.44832601187494,172.25541037608053,171.9820163327606,166.0393861100702
5,10,17,98.21921614950827,112.63493753914307,106.9209138211881,116.77863367055399,113.12065316294934,144.04008757785024,138.43535432757508,138.65655032478026
5,10,18,58.47360933695596,126.35591037079861,137.8481114388654,101.81761736208153,32.488749617655095,39.69263160881619,34.37774003432084,37.117093272540025
5,10,19,0.0,0.0,0.0,0.0,0.0,0.0,0.0,0.0
5,10,20,0.0,0.0,0.0,0.0,0.0,0.0,0.0,0.0
5,10,21,0.0,0.0,0.0,0.0,0.0,0.0,0.0,0.0
5,10,22,0.0,0.0,0.0,0.0,0.0,0.0,0.0,0.0
5,10,23,0.0,0.0,0.0,0.0,0.0,0.0,0.0,0.0
5,11,0,0.0,0.0,0.0,0.0,0.0,0.0,0.0,0.0
5,11,1,0.0,0.0,0.0,0.0,0.0,0.0,0.0,0.0
5,11,2,0.0,0.0,0.0,0.0,0.0,0.0,0.0,0.0
5,11,3,0.0,0.0,0.0,0.0,0.0,0.0,0.0,0.0
5,11,4,0.0,0.0,0.0,0.0,0.0,0.0,0.0,0.0
5,11,5,-0.0,-0.0,-0.0,-0.0,-0.0,-0.0,-0.0,-0.0
5,11,6,-0.0,-0.0,-0.0,-0.0,4.884496972662183,4.206593194975241,2.145032030710459,4.560072481462885
5,11,7,28.576328850962597,26.827257308395893,23.53536871915758,29.79025329092499,52.74497547346801,49.626224864596544,43.157427160962165,52.3913834962329
5,11,8,83.77908470593778,80.72398673611218,80.57189123463422,88.55351055465015,114.66539506407749,118.64224691531938,118.40640115937603,121.83554208104347
5,11,9,128.9885855107733,127.19157858624094,134.57384197531,134.30564258438,199.8525839850471,207.21912737691102,218.17190423942506,200.72409071859494
5,11,10,260.2901873192163,280.32962638585997,286.5200432239821,256.6295419829242,333.5731997516943,366.3290686278228,377.26290242105426,294.24864902682026
5,11,11,507.5275446115644,534.423744110819,551.1247837821292,356.12341814971137,462.7281474495653,489.70690301004026,504.52894405566525,302.69892129267265
5,11,12,408.73788114984455,435.38838404369153,443.4341020026176,286.23990878402844,400.29750281469984,427.244619085164,434.967591853834,247.96607058139656
5,11,13,199.42033788259957,217.25303602103543,219.87408998885434,165.10612097117897,145.76722483726257,164.5290011590002,162.87345217055037,135.71904502816122
5,11,14,169.6474209746774,179.94215637755522,184.4460764255461,168.55010129114694,141.66807373173324,150.16421033901025,153.52113576633775,134.91519055495795
5,11,15,152.5112437435158,151.22273638229848,160.48771448203343,156.78867633081472,61.06654551860891,57.207751098771595,60.726018675875366,59.617492066220606
5,11,16,172.77174002571275,187.29440313027453,189.1183807749447,190.72887853916953,188.7672566800673,210.9274627641409,212.12511812018957,201.71799063151624
5,11,17,185.96309816170043,291.5214674885706,301.43479456775924,280.83656490771045,173.64807797011028,639.0341224726909,701.1659986575723,531.4751632098345
5,11,18,59.464708211407356,272.3711234284996,372.0477238920113,205.78891330749954,34.80065777690982,352.3171330266048,544.4637448431581,269.80198237317745
5,11,19,0.0,0.0,0.0,0.0,0.0,0.0,0.0,0.0
5,11,20,0.0,0.0,0.0,0.0,0.0,0.0,0.0,0.0
5,11,21,0.0,0.0,0.0,0.0,0.0,0.0,0.0,0.0
5,11,22,0.0,0.0,0.0,0.0,0.0,0.0,0.0,0.0
5,11,23,0.0,0.0,0.0,0.0,0.0,0.0,0.0,0.0
5,12,0,0.0,0.0,0.0,0.0,0.0,0.0,0.0,0.0
5,12,1,0.0,0.0,0.0,0.0,0.0,0.0,0.0,0.0
5,12,2,0.0,0.0,0.0,0.0,0.0,0.0,0.0,0.0
5,12,3,0.0,0.0,0.0,0.0,0.0,0.0,0.0,0.0
5,12,4,0.0,0.0,0.0,0.0,0.0,0.0,0.0,0.0
5,12,5,-0.0,-0.0,-0.0,-0.0,-0.0,-0.0,-0.0,-0.0
5,12,6,0.486212439140337,13.845875028496948,19.837960312429672,15.612094909092871,8.24149534723211,7.310018924157652,4.493625126586704,7.806117706738984
5,12,7,71.37620175341459,160.0807729846964,172.61599558543793,172.67193346706384,167.2002236068801,576.0226216697654,630.170625974364,594.6088999433368
5,12,8,237.92150219219948,409.3603001756145,426.7533301191257,390.3674195879656,277.89513231562887,411.63330387490134,424.6731066842962,393.2358871622828
5,12,9,506.32949410172637,687.3755925651168,703.9166122616213,564.4008674410779,559.6363303590299,771.0355225901143,787.2265992372949,600.7672451158859
5,12,10,659.1385106543664,746.2550317363794,770.1057419576977,488.6979247696769,685.1575711091584,781.3824532686459,807.2702170356845,480.8559478161972
5,12,11,728.2359505420072,741.7867406365884,774.6849315918133,308.7775792291213,757.0116699209758,775.7975337202827,811.0672403616404,288.06140024479026
5,12,12,752.9019027899975,742.4292272530902,779.5190184652713,169.3096715992567,777.5462115268829,770.783643958047,810.4465381912825,142.11751505828641
5,12,13,727.2280503276564,747.542898117619,779.4210851315565,287.34819921739586,750.3958935808599,776.1547831784268,810.0836567768902,258.5147485754937
5,12,14,596.7005243848657,685.7655157695386,708.4988728004444,401.72651384196877,673.2970788053714,780.5280429783978,804.7845069199832,399.62535526766356
5,12,15,348.73145757630385,433.7071733788496,452.0225861969937,351.58058462712006,437.26013743222217,546.085466278048,569.4213493582479,417.15588411641676
5,12,16,301.3647498900244,496.7721603680072,516.2990115011182,412.0066950166153,385.7880688787355,742.6904113485789,767.8217706247294,550.6934596180031
5,12,17,161.07759718813494,302.87071172590447,320.274154226563,279.01669929775903,155.16416199078603,230.81159575640004,232.10285672607876,216.04120968572013
5,12,18,64.10415749524499,253.61567079251603,316.10815664748446,188.16184173929523,64.01964701807024,249.23564731560663,304.64018016659577,180.74385848716622
5,12,19,0.0,0.0,0.0,0.0,0.0,0.0,0.0,0.0
5,12,20,0.0,0.0,0.0,0.0,0.0,0.0,0.0,0.0
5,12,21,0.0,0.0,0.0,0.0,0.0,0.0,0.0,0.0
5,12,22,0.0,0.0,0.0,0.0,0.0,0.0,0.0,0.0
5,12,23,0.0,0.0,0.0,0.0,0.0,0.0,0.0,0.0
5,13,0,0.0,0.0,0.0,0.0,0.0,0.0,0.0,0.0
5,13,1,0.0,0.0,0.0,0.0,0.0,0.0,0.0,0.0
5,13,2,0.0,0.0,0.0,0.0,0.0,0.0,0.0,0.0
5,13,3,0.0,0.0,0.0,0.0,0.0,0.0,0.0,0.0
5,13,4,0.0,0.0,0.0,0.0,0.0,0.0,0.0,0.0
5,13,5,-0.0,-0.0,-0.0,-0.0,-0.0,-0.0,-0.0,-0.0
5,13,6,1.1564712368209242,61.656071792157746,90.30154635930327,67.57630413937856,14.251218032996793,216.24192638472132,307.08588795901585,231.09564502774361
5,13,7,125.93956389740065,439.89521367077884,483.9549295150791,458.67697342530664,159.7285268235639,546.3656186035321,595.780855495846,562.7477296293213
5,13,8,338.2427658970643,627.3642271599422,648.4008337646961,578.7791792746941,370.141596240499,684.6274149712257,704.842296743764,620.4474762731118
5,13,9,509.2370387966539,695.8620940477493,710.169218772554,563.5324401486768,534.276930761923,733.6884721223216,748.2159500039187,573.6311825625642
5,13,10,629.9859862314778,714.3792538843354,736.9117983774605,471.171841436607,652.742571936143,744.8823739965154,768.5181007963762,459.36521739305124
5,13,11,699.7819964018197,714.8031057345339,745.6568601836299,302.8500730529861,719.1063038956094,738.2929155916897,770.5870268177064,275.12398886925865
5,13,12,720.2443544515282,712.4725579469853,747.173745845236,169.92823388935147,737.0407538826632,732.0749930215658,768.4107658309603,134.91247084445445
5,13,13,699.2314601726969,720.7987203820951,750.6614123692059,282.4321370914442,708.5708024026228,734.0710039328403,764.7859550745148,246.98271243129895
5,13,14,634.3482358014252,730.5159499745401,752.1703828822892,418.5189359835448,634.6497569074988,735.4273991675863,757.247512439792,381.60322877216237
5,13,15,527.5850000820998,734.0720396213443,748.4129766568707,514.5846729658663,523.5017152541747,739.8945752479149,754.2540410366156,480.4033400140723
5,13,16,379.62834915335446,714.8357545180917,740.3516118150958,564.9015950919077,365.7480356230908,702.9112562254478,726.3412065988355,524.5056153682721
5,13,17,181.98866509205723,640.6810500909374,703.5961738462349,546.8172453708653,166.31692853553,610.1542380623285,669.45801872315,502.9710658957689
5,13,18,46.41272171583211,394.29515660217663,589.1712028610739,305.27779042003164,35.470105536692834,342.73434055716695,521.5147563322996,260.9678624071859
5,13,19,0.0,0.0,0.0,0.0,0.0,0.0,0.0,0.0
5,13,20,0.0,0.0,0.0,0.0,0.0,0.0,0.0,0.0
5,13,21,0.0,0.0,0.0,0.0,0.0,0.0,0.0,0.0
5,13,22,0.0,0.0,0.0,0.0,0.0,0.0,0.0,0.0
5,13,23,0.0,0.0,0.0,0.0,0.0,0.0,0.0,0.0
5,14,0,0.0,0.0,0.0,0.0,0.0,0.0,0.0,0.0
5,14,1,0.0,0.0,0.0,0.0,0.0,0.0,0.0,0.0
5,14,2,0.0,0.0,0.0,0.0,0.0,0.0,0.0,0.0
5,14,3,0.0,0.0,0.0,0.0,0.0,0.0,0.0,0.0
5,14,4,0.0,0.0,0.0,0.0,0.0,0.0,0.0,0.0
5,14,5,-0.0,-0.0,-0.0,-0.0,-0.0,-0.0,-0.0,-0.0
5,14,6,0.5618847850630881,0.6911354196728265,-0.0,1.0808474009133462,21.218335746107964,19.320761087050304,13.646589158753178,20.426464694077197
5,14,7,39.160415691392615,66.95751251003747,69.44659534336655,73.1200090202099,156.76074369846754,535.8911770839298,585.6656141662613,552.3198138395844
5,14,8,322.93865481525853,593.4260521056954,613.7802883263846,549.80409223904,362.81920962512004,674.9252446703449,695.386199438393,610.625560635209
5,14,9,474.0202515562292,645.6753731186639,660.8573066954559,529.553185169885,525.9410963120519,724.9256002990247,739.4905384175611,565.297010337486
5,14,10,445.10727576064994,502.08998839960117,520.7493792711186,364.26190633234205,186.81704343630716,201.31564871593338,205.10206976694653,177.67190645802722
5,14,11,633.5418681416136,647.268776909507,676.4365911254055,310.3612567284269,720.8809358174173,742.4164747195422,774.7626798324555,272.75814424390336
5,14,12,698.8918279321597,693.3347224564153,726.0364695893547,168.1836795452933,751.0821349819059,747.3447420733577,784.8020149501743,132.07171191774435
5,14,13,681.1627791408711,703.8910036772284,732.1027250804187,278.2482889597039,729.2404341452598,757.8723830024993,790.1471573923649,243.29862692943018
5,14,14,624.4404621853912,720.1783530044936,741.5041314566831,417.0920179734966,656.5271405686536,767.8711437028882,790.5361385824758,380.23827983746946
5,14,15,519.7683007709664,727.9372813190823,742.245945784774,508.96756022401354,537.7100601844212,768.7965219317362,782.8870861184913,480.1520001232944
5,14,16,374.6956046864688,712.8126730776398,737.6927393314246,560.4234924271192,375.15292426629765,743.1480040186186,768.0993159403138,533.6898116853638
5,14,17,176.3783718296067,649.7141047847302,713.6465495046,551.9634938895775,167.52729234684406,645.5634879551445,709.5945682607543,517.6597957339922
5,14,18,38.03976749836405,406.0543951595524,613.7276512593851,315.75359590490183,28.938920034729787,378.9418739644101,580.8394007330693,283.7156903531536
5,14,19,0.0,0.0,0.0,0.0,0.0,0.0,0.0,0.0
5,14,20,0.0,0.0,0.0,0.0,0.0,0.0,0.0,0.0
5,14,21,0.0,0.0,0.0,0.0,0.0,0.0,0.0,0.0
5,14,22,0.0,0.0,0.0,0.0,0.0,0.0,0.0,0.0
5,14,23,0.0,0.0,0.0,0.0,0.0,0.0,0.0,0.0
5,15,0,0.0,0.0,0.0,0.0,0.0,0.0,0.0,0.0
5,15,1,0.0,0.0,0.0,0.0,0.0,0.0,0.0,0.0
5,15,2,0.0,0.0,0.0,0.0,0.0,0.0,0.0,0.0
5,15,3,0.0,0.0,0.0,0.0,0.0,0.0,0.0,0.0
5,15,4,0.0,0.0,0.0,0.0,0.0,0.0,0.0,0.0
5,15,5,-0.0,-0.0,-0.0,-0.0,-0.0,-0.0,-0.0,-0.0
5,15,6,4.627147719782734,72.73993549645391,102.808960426897,79.09044476591706,24.41636331355966,22.850198310969926,16.767194897227732,24.119156293459806
5,15,7,132.23134477575647,454.8618164805754,499.5845814055066,473.5321700954878,156.23189447603485,550.0573614646128,601.0280696813412,564.8615888399974
5,15,8,329.3340406878029,615.1376991345342,634.9500788613354,565.4482654410333,360.3859582784839,678.0494420737776,698.1160587969853,610.7095831417516
5,15,9,496.4816269397746,681.149885232112,694.2763512783471,549.6914311968098,519.3103810872607,719.0486007415961,732.826963530332,558.1919443692055
5,15,10,611.4498122742629,696.065212743294,716.7743898777626,457.53303142290014,636.2357720307322,729.9519821903704,752.0492347637517,446.6387740938608
5,15,11,677.448366766955,695.0368849435284,723.3975777086645,294.17368895028403,706.0293330649209,728.325133489322,758.812255941861,268.17377101837883
5,15,12,697.5734240658734,693.1589829674333,725.1345434116704,165.20608665581295,728.8048953431188,727.0448243013539,761.8904599589426,130.68942254739898
5,15,13,675.8123822029736,699.6470204237842,727.0172446743703,274.2832156026029,706.82800004711,735.9354871929561,765.8228789521849,240.78313209587122
5,15,14,613.2534115583466,708.7909691080146,728.4332954744267,406.5284855642535,638.319736969415,746.192185631839,767.3694650154638,375.299727550259
5,15,15,514.0752023133274,720.929223359018,734.7734151452655,503.82956574829683,526.1475371456728,749.8823319068506,763.429470172168,473.3404516701293
5,15,16,370.10213585637115,702.5368786859144,726.8326216446615,553.6058185903668,368.23109416912564,725.8921841574999,749.9308705985173,524.9856274070804
5,15,17,174.60653630042063,638.6719932401662,701.1017140776383,542.748083788069,165.29391865441062,639.7129240082202,703.3185214956378,512.8839049169621
5,15,18,41.69170747608243,394.66104792135764,588.5744020145938,308.870290070307,30.622929637998737,379.03451359944484,574.3548502637343,284.5843274014982
5,15,19,17.636030252920406,16.08491724568673,7.974435409147142,16.8617663972056,8.348762904820134,7.462334745844431,2.834154556723911,7.673404703543384
5,15,20,0.0,0.0,0.0,0.0,0.0,0.0,0.0,0.0
5,15,21,0.0,0.0,0.0,0.0,0.0,0.0,0.0,0.0
5,15,22,0.0,0.0,0.0,0.0,0.0,0.0,0.0,0.0
5,15,23,0.0,0.0,0.0,0.0,0.0,0.0,0.0,0.0
5,16,0,0.0,0.0,0.0,0.0,0.0,0.0,0.0,0.0
5,16,1,0.0,0.0,0.0,0.0,0.0,0.0,0.0,0.0
5,16,2,0.0,0.0,0.0,0.0,0.0,0.0,0.0,0.0
5,16,3,0.0,0.0,0.0,0.0,0.0,0.0,0.0,0.0
5,16,4,0.0,0.0,0.0,0.0,0.0,0.0,0.0,0.0
5,16,5,-0.0,-0.0,-0.0,-0.0,-0.0,-0.0,-0.0,-0.0
5,16,6,1.532452520972566,68.99724086527173,98.58243965157163,75.13562436570932,14.334760518126213,246.47288376604027,344.55894702641325,261.2320482346261
5,16,7,122.65289389172332,428.41065798189,470.53833430625315,445.28883165669055,161.24093701760964,563.4628380169298,614.851735525927,578.0161897039407
5,16,8,333.8817383161946,620.6352068837389,640.4651361059357,571.2493980548506,369.48580402210376,701.3504801403824,721.8224549869524,629.2532914207322
5,16,9,490.56110346060507,672.2344991028103,685.2365741685737,543.9705151785313,534.3173964541764,744.6772999153271,758.5706184659641,574.3266256639457
5,16,10,608.1489712266825,693.131428055279,713.1896396967587,457.0967368742519,655.7695214597828,755.556867461082,778.0521400665623,457.29631827144715
5,16,11,674.8372878750935,693.9793773388147,721.3757095133233,295.66917982102285,730.5319991008387,755.470702984818,786.882843494088,272.0545622585236
5,16,12,697.721842539016,695.1153392542409,726.1373422823435,167.53146717236578,757.7205783479983,757.292382194704,793.3717109233871,131.1040696447348
5,16,13,670.6587887545647,695.9603229690415,722.3463754663804,274.95780488883776,733.2768635234247,765.4373252877315,796.2922039314708,243.65327873330992
5,16,14,616.3097736558265,713.2371479004001,732.4248857112516,409.5790988899065,660.9384054713032,776.1114249888151,797.7392666892425,382.7490010194355
5,16,15,517.4047123323263,722.2967587576227,735.440842014773,506.05525051797434,540.28940461559,775.3808481768477,789.0165749501492,481.6830414516362
5,16,16,373.62672269851674,707.7078564516617,731.8903291242059,558.2878857076805,375.9815074873812,748.3671754329187,773.1028842501569,533.3083186145889
5,16,17,179.02262068267007,637.1996815713597,698.6902879262196,543.0323314742758,167.9037648842509,656.7144719223326,722.6596621975908,519.3480085293761
5,16,18,46.06474821272932,385.799291280431,560.7246554337422,300.60972074599374,55.93131487835811,340.0424531334403,484.22150442385737,258.1671886917835
5,16,19,23.705151306744753,21.72216970556401,11.381998131935282,22.726366487851674,16.221347456893863,14.770614137797443,7.217655749399566,15.118302410200819
5,16,20,0.0,0.0,0.0,0.0,0.0,0.0,0.0,0.0
5,16,21,0.0,0.0,0.0,0.0,0.0,0.0,0.0,0.0
5,16,22,0.0,0.0,0.0,0.0,0.0,0.0,0.0,0.0
5,16,23,0.0,0.0,0.0,0.0,0.0,0.0,0.0,0.0
5,17,0,0.0,0.0,0.0,0.0,0.0,0.0,0.0,0.0
5,17,1,0.0,0.0,0.0,0.0,0.0,0.0,0.0,0.0
5,17,2,0.0,0.0,0.0,0.0,0.0,0.0,0.0,0.0
5,17,3,0.0,0.0,0.0,0.0,0.0,0.0,0.0,0.0
5,17,4,0.0,0.0,0.0,0.0,0.0,0.0,0.0,0.0
5,17,5,-0.0,-0.0,-0.0,-0.0,-0.0,-0.0,-0.0,-0.0
5,17,6,6.027840812682296,17.101682263636423,20.512563630070332,19.106759457396368,29.86358023723966,35.12005875259203,30.77393919162927,37.12652300469728
5,17,7,84.15339621577104,260.849453746441,286.5641777428257,274.09983178961994,152.95971264686807,517.5566891767542,565.6523366888023,532.3296867052203
5,17,8,299.90856526288553,538.1001987521051,558.0929148399835,504.0673723424913,351.1766347497428,663.5656931282757,684.4738919700197,597.3847758262856
5,17,9,423.02634174915687,564.6373757683066,580.8288235253375,475.67401516970915,328.9590254076206,396.03253534936255,414.30827709587453,349.0740305352646
5,17,10,375.8108949330564,420.0249477539249,433.2474608066919,329.0859163755179,496.23566736924477,566.4655830742048,586.2942536112678,383.12418086495086
5,17,11,325.5166715166214,352.08548079829404,357.898556176844,254.37340539987397,218.63127514388094,247.0138429536441,245.60556590212047,197.10141149024824
5,17,12,487.8697276877119,495.18618638921856,516.25168585024,219.37259780301213,732.1533446411812,735.8478703596046,769.7081105565015,137.41548862132018
5,17,13,576.9804714657951,600.9288188918201,624.2424512009677,290.3198746353121,500.429654916671,530.6281605149373,549.2234388434667,258.6129570040845
5,17,14,550.1550337111079,632.0240932168329,651.4815942049395,401.9092075870009,635.4107993979605,746.8182642303102,768.7193735829525,377.8695852031222
5,17,15,311.79379302820803,363.26630797338686,382.13859819391394,320.02014203652607,393.40886916367106,486.3284904078313,509.25765787130877,375.29646250690905
5,17,16,264.96091202566157,364.6652755430584,378.1246197638647,330.8734158547685,266.61047057721555,366.0980123117795,378.0109722666318,314.61534918890544
5,17,17,179.78473654895745,389.6098864971864,417.7382765709482,350.386088887829,170.73384138872888,582.593722322986,637.7790485863344,465.7802699959254
5,17,18,74.8697142440843,356.9473215627949,474.7295499993177,281.22316762097387,43.78183393947037,334.68853725293303,483.368632543426,251.09760876546594
5,17,19,24.275988658927464,22.332647581597175,35.496563716237176,23.333759118098122,10.161018013537452,9.453920694914256,96.69388969732063,9.600999817453548
5,17,20,0.0,0.0,0.0,0.0,0.0,0.0,0.0,0.0
5,17,21,0.0,0.0,0.0,0.0,0.0,0.0,0.0,0.0
5,17,22,0.0,0.0,0.0,0.0,0.0,0.0,0.0,0.0
5,17,23,0.0,0.0,0.0,0.0,0.0,0.0,0.0,0.0
5,18,0,0.0,0.0,0.0,0.0,0.0,0.0,0.0,0.0
5,18,1,0.0,0.0,0.0,0.0,0.0,0.0,0.0,0.0
5,18,2,0.0,0.0,0.0,0.0,0.0,0.0,0.0,0.0
5,18,3,0.0,0.0,0.0,0.0,0.0,0.0,0.0,0.0
5,18,4,0.0,0.0,0.0,0.0,0.0,0.0,0.0,0.0
5,18,5,-0.0,-0.0,-0.0,-0.0,-0.0,-0.0,-0.0,-0.0
5,18,6,5.132076890361507,4.82717949918992,3.1637427483842044,5.620753092375548,18.557673442458636,17.420406541016668,12.661036441622198,18.396871370345274
5,18,7,22.751360863802415,21.10238291268798,18.538493204810152,23.53009550285567,-0.0,-0.0,-0.0,-0.0
5,18,8,0.44956948808436836,0.1306871868877483,0.12128199056391945,0.5283073884951153,1.8462274057263635,1.4049881319733482,1.348190438560232,1.6588491174163125
5,18,9,-0.0,-0.0,-0.0,-0.0,14.96864154930925,14.15992910707308,15.135505677578116,14.450523216106621
5,18,10,6.965347728017964,7.6847255670297665,7.867019227076506,7.192722672177828,22.587942222625962,24.37051895014286,24.763771899574536,21.961548080088843
5,18,11,36.20099870225362,41.72297650658611,41.10893419944238,36.96119795178763,42.0857622277065,48.768116065498944,47.956218260455664,41.106142021891934
5,18,12,30.85556018331617,36.67049054539649,35.57279179346578,31.33828575999517,32.239377423186326,38.66459298089857,37.41433236390746,31.53692050963634
5,18,13,37.317086332445925,42.716974515781,42.222738258617305,38.27323669318767,81.28204184915812,92.72056626491519,91.74999559951092,77.80021527346265
5,18,14,148.88665015807086,158.8040835364001,162.40452843075226,148.7729376750099,187.17292170976873,201.1281071574285,205.66033474705506,174.53817758252197
5,18,15,269.0268654572692,287.1408811146297,303.17208602654773,276.4584621276082,326.1565213505777,397.405450746203,415.9765135955543,314.50436785616114
5,18,16,391.93084984092314,635.8456596383274,659.1339917342005,537.360473727525,250.38555545325764,344.86173983752315,354.9383350742745,295.4887484708903
5,18,17,215.51427899045103,600.8478696415442,651.7021002847689,524.2876732446169,171.69999042317315,612.5955193586473,671.452705213925,494.42994173375047
5,18,18,58.26763091883949,292.3304480524448,396.8547311784831,230.36801023248717,39.346485503016815,363.7437480846525,525.6123659458225,274.8967938079386
5,18,19,9.830638851373234,8.840313808720962,3.7202999615399546,9.327659095870247,9.889659289727982,8.893624422323072,3.746063125582966,9.13139078407049
5,18,20,0.0,0.0,0.0,0.0,0.0,0.0,0.0,0.0
5,18,21,0.0,0.0,0.0,0.0,0.0,0.0,0.0,0.0
5,18,22,0.0,0.0,0.0,0.0,0.0,0.0,0.0,0.0
5,18,23,0.0,0.0,0.0,0.0,0.0,0.0,0.0,0.0
5,19,0,0.0,0.0,0.0,0.0,0.0,0.0,0.0,0.0
5,19,1,0.0,0.0,0.0,0.0,0.0,0.0,0.0,0.0
5,19,2,0.0,0.0,0.0,0.0,0.0,0.0,0.0,0.0
5,19,3,0.0,0.0,0.0,0.0,0.0,0.0,0.0,0.0
5,19,4,0.0,0.0,0.0,0.0,0.0,0.0,0.0,0.0
5,19,5,-0.0,-0.0,-0.0,-0.0,-0.0,-0.0,-0.0,-0.0
5,19,6,1.621405218707981,98.66360598399399,138.60163905155727,104.69449364514482,17.69030673621703,243.15959494847286,330.38552844802877,259.32709486974727
5,19,7,137.37516699029484,493.06720132762,538.651035885807,507.2806301730883,162.93075805444028,573.1830436324869,625.5729726060098,585.8019125177356
5,19,8,355.6790359027682,668.0336814760059,686.5450538335618,608.99190645871,378.3383861732997,720.3090305095686,740.8818173811627,644.6440516727708
5,19,9,523.1873649176684,725.4240493702347,737.2198307654123,579.4126630130226,545.0809751161516,762.1285305134697,775.5567024355197,587.3683620060326
5,19,10,645.6575590764427,741.287610567983,760.630814339265,479.61448637766216,666.0697490169383,770.8370306946942,791.691417175325,467.39560318491954
5,19,11,715.3673270181349,739.598784734431,766.7318195255092,302.11434592534044,738.0861653662436,767.8874069610225,796.6857621264721,280.03427233369047
5,19,12,738.9502211097202,739.715832193449,770.4987100917621,164.19857619405118,758.4924340831847,763.0559166008841,795.6137397278683,134.90950571073117
5,19,13,715.1683928380589,745.7918971944919,772.0520982443232,284.8223250235869,730.0296575260179,765.3427607423538,792.6031717069262,249.78163704320644
5,19,14,650.447812929217,758.3882714341744,776.838135381201,422.6440161706496,651.2459558026923,762.9123798946347,781.4046094058059,389.6380513455864
5,19,15,507.1124916637349,712.9185156710583,726.5837471688019,497.92627353724924,531.6453120129095,752.0510150249747,763.5232620322771,489.27211411893757
5,19,16,385.2318387571181,740.249333328627,763.2885742318321,574.9609031217753,373.6640870091482,724.4136309777522,745.7978404900908,542.818094498875
5,19,17,177.28769692190488,688.6236776078301,754.6050574914069,577.7596819679509,171.09192028594964,639.7239275766736,698.2383547652098,528.7537970326035
5,19,18,35.525938738056404,390.6509016834701,565.7076401946615,303.49658106285557,29.552060821482502,408.494035692382,593.2539964877338,313.24299545607226
5,19,19,24.60504581889309,25.6313794474726,183.91862739888163,25.758495708808148,15.36588697672046,14.053936960058108,10.747040649968156,14.42316753853924
5,19,20,0.0,0.0,0.0,0.0,0.0,0.0,0.0,0.0
5,19,21,0.0,0.0,0.0,0.0,0.0,0.0,0.0,0.0
5,19,22,0.0,0.0,0.0,0.0,0.0,0.0,0.0,0.0
5,19,23,0.0,0.0,0.0,0.0,0.0,0.0,0.0,0.0
5,20,0,0.0,0.0,0.0,0.0,0.0,0.0,0.0,0.0
5,20,1,0.0,0.0,0.0,0.0,0.0,0.0,0.0,0.0
5,20,2,0.0,0.0,0.0,0.0,0.0,0.0,0.0,0.0
5,20,3,0.0,0.0,0.0,0.0,0.0,0.0,0.0,0.0
5,20,4,0.0,0.0,0.0,0.0,0.0,0.0,0.0,0.0
5,20,5,-0.0,-0.0,-0.0,-0.0,-0.0,-0.0,-0.0,-0.0
5,20,6,7.7296985483094485,52.83054301634799,69.50114561962265,57.26805173941328,32.84741406158607,40.16802702796267,36.05592221407874,42.6987284104865
5,20,7,65.66054051734487,84.28494817247248,82.86792931861021,92.17705090669492,85.62141026204232,100.69298453115204,95.23654123918992,105.95300604654928
5,20,8,119.50241265571007,138.1437088588902,141.60198511142175,144.84284595983289,11.682483390677227,10.51282922626332,10.407535546057535,11.31078245984039
5,20,9,19.580391418625815,18.65228031841606,19.916074690278922,20.130139206490657,19.44661303014823,18.482193674785997,19.702146655135596,18.98021243600832
5,20,10,13.363631302881037,14.484572632833258,14.782712008496105,13.80165019240742,20.039021780083342,21.653250164044866,22.034242428771194,19.630136862736173
5,20,11,10.709770721649209,12.782334185303498,12.553944478928242,11.111367802910648,21.75739636356396,25.511960322803354,25.082939490105016,21.38563470464046
5,20,12,33.22848243166431,39.52670395560433,38.35805100684637,34.32775796470227,78.8355731801393,92.79193591217206,90.41319424780427,75.48899913518997
5,20,13,49.99964830348983,57.03413806262131,56.45985358786017,51.29728120840236,19.3272997884452,22.560682785475176,22.257540120539193,18.981202538465304
5,20,14,42.39424214452755,44.89359167615406,45.85948451027106,43.64908653672043,19.297980245211065,20.616171775390878,21.071679484770815,18.89411657839075
5,20,15,-0.0,-0.0,0.042429818765526796,0.044838306591987585,12.97837066342978,12.069622803971178,12.998580695795539,12.623836912635646
5,20,16,0.48843753563168024,0.24671331526704904,0.2018874906759696,0.5924667026165755,6.152260807129203,5.390955959395024,5.205973552371477,5.901653204576165
5,20,17,-0.0,-0.0,-0.0,-0.0,26.46871819915927,24.19188518537341,20.500645242860994,25.742509484850675
5,20,18,-0.0,-0.0,-0.0,-0.0,2.439507251997409,1.9482202115485947,0.46183814708576926,2.2441932947270353
5,20,19,-0.0,-0.0,-0.0,-0.0,0.193468785686928,-0.0,-0.0,-0.0
5,20,20,0.0,0.0,0.0,0.0,0.0,0.0,0.0,0.0
5,20,21,0.0,0.0,0.0,0.0,0.0,0.0,0.0,0.0
5,20,22,0.0,0.0,0.0,0.0,0.0,0.0,0.0,0.0
5,20,23,0.0,0.0,0.0,0.0,0.0,0.0,0.0,0.0
5,21,0,0.0,0.0,0.0,0.0,0.0,0.0,0.0,0.0
5,21,1,0.0,0.0,0.0,0.0,0.0,0.0,0.0,0.0
5,21,2,0.0,0.0,0.0,0.0,0.0,0.0,0.0,0.0
5,21,3,0.0,0.0,0.0,0.0,0.0,0.0,0.0,0.0
5,21,4,0.0,0.0,0.0,0.0,0.0,0.0,0.0,0.0
5,21,5,-0.0,-0.0,-0.0,-0.0,-0.0,-0.0,-0.0,-0.0
5,21,6,-0.0,-0.0,-0.0,-0.0,9.910997919453681,8.85977131287041,5.851317551059881,9.52401573281096
5,21,7,2.501562167059164,2.1649687301896776,1.5587974652300287,2.731373616671165,25.415496255144088,23.22566461684217,20.046091820916004,24.73591219540769
5,21,8,10.722227259651484,9.892585146273076,9.908554853455561,11.160576720937115,203.77026453938,283.34686209560215,292.7198442780769,276.6104735683447
5,21,9,115.64330817036614,114.963557603494,121.45704537191345,120.3434825872199,143.06652116844074,143.17993269876683,151.16867598137722,142.95998318142335
5,21,10,93.84371753475844,100.56684880488436,102.4420722427933,95.68849397539365,175.17509286581742,189.26937200539342,193.00435380665016,168.18692178952756
5,21,11,165.4476255321987,186.2109656434732,185.39843856978334,157.59780268039717,537.777354518696,576.5184787243295,591.6687782545132,333.44815164016626
5,21,12,603.8323625246641,601.686692387009,631.2136534883792,177.8459652476842,797.3821185567015,805.2976299386436,833.3333333333334,141.91536007397707
5,21,13,713.7234227317019,746.7943653219896,771.7077890622164,283.1519752908348,772.9866566758677,815.1054159554011,833.3333333333334,257.679737757376
5,21,14,646.6578522521094,756.1869178981251,773.5787259465482,419.82848087011,694.1289270159509,823.9738076955691,833.3333333333334,400.7021756813698
5,21,15,531.4883682420162,749.0528120007331,760.9687659971154,517.9146352963489,562.8474034736456,816.5345423188802,829.3174188881892,501.72201575849397
5,21,16,381.3745317371896,717.6503342092159,742.1921518556439,566.581223931433,388.8387607255204,782.6308132086311,807.5592630331716,552.0490820365306
5,21,17,163.38471674683592,442.9729986364561,480.40125251085954,380.4424975082222,174.27073451386016,682.3600408374194,750.2332925880153,533.7940774980019
5,21,18,59.41433612665622,184.32406077469852,224.95283339814455,150.523293690887,69.06577339007337,362.09051416928855,482.98783996719146,278.34674424170163
5,21,19,33.00865298383076,31.899420763501112,64.55405521322352,32.803057240124716,16.25952799661173,14.84513946487442,8.49362523339823,15.28386647967158
5,21,20,0.0,0.0,0.0,0.0,0.0,0.0,0.0,0.0
5,21,21,0.0,0.0,0.0,0.0,0.0,0.0,0.0,0.0
5,21,22,0.0,0.0,0.0,0.0,0.0,0.0,0.0,0.0
5,21,23,0.0,0.0,0.0,0.0,0.0,0.0,0.0,0.0
5,22,0,0.0,0.0,0.0,0.0,0.0,0.0,0.0,0.0
5,22,1,0.0,0.0,0.0,0.0,0.0,0.0,0.0,0.0
5,22,2,0.0,0.0,0.0,0.0,0.0,0.0,0.0,0.0
5,22,3,0.0,0.0,0.0,0.0,0.0,0.0,0.0,0.0
5,22,4,0.0,0.0,0.0,0.0,0.0,0.0,0.0,0.0
5,22,5,-0.0,-0.0,-0.0,-0.0,-0.0,-0.0,-0.0,-0.0
5,22,6,4.063891014963144,65.32904334555012,88.1304198804964,70.94731059007977,17.604080513811088,265.3733754273437,352.99629713030373,280.98373887357724
5,22,7,125.46973229582632,433.43532104861896,475.5414296387484,448.5154724246368,161.9573622547233,550.1259425789942,597.3724346841179,562.565452160865
5,22,8,330.8651853975594,616.2871871907381,635.613957380746,566.1435718945149,369.05363101908017,692.8553375293302,712.1875037167374,625.2717817178082
5,22,9,495.3714861590509,684.7356541457267,698.0453378423194,555.9656254183462,531.940812441964,742.8193746813339,755.4822750868653,579.9459677608426
5,22,10,616.6766291986162,709.9304884465269,728.6266905165598,473.0682670693105,648.7380928737737,754.214192210563,773.4919612862977,466.3852357898306
5,22,11,614.5485578661783,639.9488852391296,662.6620448116751,328.5697807198357,385.8897740389284,420.95930139587216,427.71380133553237,285.0437211426697
5,22,12,339.69620946197784,367.6312189673155,372.2274214185621,245.55029672876594,153.4521909993402,177.92172117840258,174.6029625331967,141.34578758106855
5,22,13,186.44167065493602,209.1681824199207,208.7584252542627,179.33188282868608,286.66472310056344,320.7277552408877,321.44116242826755,249.209120246914
5,22,14,501.652668742301,572.2836138203751,589.7276078180133,399.2007592971567,618.6881865944274,729.0170204152892,748.627643603527,388.43645848908216
5,22,15,459.54324195184796,593.0068254228164,613.706582142749,467.8889407339732,285.1722074289111,328.3349436524047,345.4392769685386,281.5249793083596
5,22,16,273.04729925487123,398.38953310092444,413.9286909831862,350.79408329947506,353.6239619338438,677.3960017977709,700.0486619606244,508.4236368928541
5,22,17,196.91159365885326,441.0050538438468,473.0975073532499,393.4998199179806,170.84132713472692,558.8190510005757,609.1899085175543,461.28037190259147
5,22,18,78.79966828494156,415.1146441276676,514.1151044960162,322.82765196694277,3.0791711158277426,2.543456065475715,0.9535034000728202,2.918067800989104
5,22,19,37.69290061797553,39.798552247198494,150.63644574014515,39.847523990797264,14.602885763338158,13.269644103188863,6.4710411083110575,13.68506773919915
5,22,20,0.0,0.0,0.0,0.0,0.0,0.0,0.0,0.0
5,22,21,0.0,0.0,0.0,0.0,0.0,0.0,0.0,0.0
5,22,22,0.0,0.0,0.0,0.0,0.0,0.0,0.0,0.0
5,22,23,0.0,0.0,0.0,0.0,0.0,0.0,0.0,0.0
5,23,0,0.0,0.0,0.0,0.0,0.0,0.0,0.0,0.0
5,23,1,0.0,0.0,0.0,0.0,0.0,0.0,0.0,0.0
5,23,2,0.0,0.0,0.0,0.0,0.0,0.0,0.0,0.0
5,23,3,0.0,0.0,0.0,0.0,0.0,0.0,0.0,0.0
5,23,4,0.0,0.0,0.0,0.0,0.0,0.0,0.0,0.0
5,23,5,-0.0,-0.0,-0.0,-0.0,-0.0,-0.0,-0.0,-0.0
5,23,6,-0.0,-0.0,-0.0,-0.0,27.454875000125668,93.24920201941967,112.35855811078949,100.15743556829709
5,23,7,17.043861068170443,15.762398950264597,13.821991803041573,17.648674998596398,12.8237788655861,11.56823110875535,9.792890794821384,12.514861387797632
5,23,8,81.42152156741493,78.40213182810733,79.01636137107114,86.00948214121324,311.6658940218854,549.5270904279487,567.62081455827,506.3928864967759
5,23,9,174.2142869088215,178.80928261746368,188.65506734326394,183.1844669282822,220.27288773378427,233.23897880730405,245.32062628673353,225.27635445825732
5,23,10,213.85717733652652,231.4405287312797,236.51922488656353,213.14821869794392,341.57280765718986,380.93220300404755,391.3837252608222,303.3559530061588
5,23,11,471.16728960709156,498.0738799288595,513.0165377353075,300.0867307353998,291.29287092877274,326.55669595881153,326.795258232599,254.3295735693927
5,23,12,401.4686486282297,430.13507812189476,437.1529342610935,263.829201829636,454.7965737403959,480.10341667785485,493.3293398495199,242.0629180525326
5,23,13,377.1591880899928,410.0109553460112,417.10429496384427,286.09151381304486,381.1245837262383,417.10073447974366,424.147948698543,273.3720314818476
5,23,14,430.62944906477827,483.0161414538441,497.173735605755,370.09185469230965,610.3938227844347,720.0977675596924,739.6504155690878,386.3854878266441
5,23,15,237.92009346349883,271.7666417408384,285.5495951374037,243.80985556170094,81.45745416068014,78.39210735771425,83.17978471049106,80.63149344194059
5,23,16,88.34656420290865,86.19461202779442,86.24127564134876,92.82861965422103,220.88850396826686,285.7779956267104,294.88377607397035,256.2936402078681
5,23,17,186.7546418454521,407.02114621795874,435.9695651191326,364.74136479271203,174.2399975423457,562.3509127994524,614.1693588730286,452.7413381957146
5,23,18,66.80721091623384,379.42320535286547,502.9820800419109,303.8891086927538,51.644862103892024,342.5041591787906,467.2311224588247,263.07984334109096
5,23,19,23.702766227811836,21.88573733515284,15.208961647650739,22.840539422401505,13.381711614668351,15.810863408789261,88.72287103027256,15.096558172286903
5,23,20,0.0,0.0,0.0,0.0,0.0,0.0,0.0,0.0
5,23,21,0.0,0.0,0.0,0.0,0.0,0.0,0.0,0.0
5,23,22,0.0,0.0,0.0,0.0,0.0,0.0,0.0,0.0
5,23,23,0.0,0.0,0.0,0.0,0.0,0.0,0.0,0.0
5,24,0,0.0,0.0,0.0,0.0,0.0,0.0,0.0,0.0
5,24,1,0.0,0.0,0.0,0.0,0.0,0.0,0.0,0.0
5,24,2,0.0,0.0,0.0,0.0,0.0,0.0,0.0,0.0
5,24,3,0.0,0.0,0.0,0.0,0.0,0.0,0.0,0.0
5,24,4,0.0,0.0,0.0,0.0,0.0,0.0,0.0,0.0
5,24,5,-0.0,-0.0,-0.0,-0.0,-0.0,-0.0,-0.0,-0.0
5,24,6,-0.0,-0.0,-0.0,-0.0,-0.0,-0.0,-0.0,-0.0
5,24,7,0.5178655566643942,0.38790210454694335,-0.0,0.7784761584886201,6.888681403812154,6.07215344315999,4.924208737521873,6.67379828981435
5,24,8,-0.0,-0.0,-0.0,-0.0,1.7990104531599793,1.367462561049711,1.3493250186218277,1.6965171543625261
5,24,9,24.892004934613745,24.07164264350288,25.571861828454267,25.62413215122446,25.04077481499034,23.96083039643976,25.448147489988607,24.69280603633027
5,24,10,114.2830359250374,122.96870722534085,125.42136300110153,115.51956366243846,304.0931471653656,337.6410482975287,346.9652386105065,275.74926198324647
5,24,11,241.6235979293556,270.3633740635631,270.2826942324115,224.43640143467667,219.0768675139205,247.29039178709124,246.6584253716672,197.91394889145437
5,24,12,214.82078803505024,244.6992038109942,241.77942238527714,195.4127133161972,204.53205128674938,235.42811058906312,232.033906877442,181.97645015940643
5,24,13,296.298996156161,324.26596107633634,328.8310572149936,238.85406961200817,306.0253438088527,336.86385856649656,341.5005578268933,233.5277260472934
5,24,14,189.30589604970888,204.55985260825187,209.52717713077521,183.59042880382228,34.93534371559655,37.17587686999312,37.99625786993681,34.60472368817597
5,24,15,89.76977394392132,87.69949593011607,93.01104137558225,92.24840799498003,392.0020106499976,485.3316640720329,507.5248313497575,381.5005823918778
5,24,16,138.09290889600229,165.01628913392025,169.2300202925343,159.56152318700327,356.18788756158784,671.7345655494554,695.2380329175304,498.83702185283175
5,24,17,28.79588145381657,26.732306289651202,23.420634088036458,29.64258510220125,89.34330313438221,100.34151644734808,94.0792640835092,100.75501648978151
5,24,18,-0.0,-0.0,-0.0,-0.0,36.21712453850638,42.231056379960805,36.437823766091064,41.60189257349534
5,24,19,-0.0,-0.0,-0.0,-0.0,0.6294719116251233,0.29738062607398585,-0.0,0.3980740722213055
5,24,20,0.0,0.0,0.0,0.0,0.0,0.0,0.0,0.0
5,24,21,0.0,0.0,0.0,0.0,0.0,0.0,0.0,0.0
5,24,22,0.0,0.0,0.0,0.0,0.0,0.0,0.0,0.0
5,24,23,0.0,0.0,0.0,0.0,0.0,0.0,0.0,0.0
5,25,0,0.0,0.0,0.0,0.0,0.0,0.0,0.0,0.0
5,25,1,0.0,0.0,0.0,0.0,0.0,0.0,0.0,0.0
5,25,2,0.0,0.0,0.0,0.0,0.0,0.0,0.0,0.0
5,25,3,0.0,0.0,0.0,0.0,0.0,0.0,0.0,0.0
5,25,4,0.0,0.0,0.0,0.0,0.0,0.0,0.0,0.0
5,25,5,-0.0,-0.0,-0.0,-0.0,-0.0,-0.0,-0.0,-0.0
5,25,6,4.744523072340166,8.582994462581713,8.613047439248623,9.496319483788557,20.98588469575247,216.6190275895339,282.2488317756511,230.65831512649433
5,25,7,62.888260078237636,88.09449815155098,87.78838427049277,95.26673848150823,29.461317005424522,27.586544731363084,24.2291079484202,29.518386773813855
5,25,8,96.37524327408909,94.95548460741128,96.04152522096295,103.4511385192666,343.7198711203696,655.5868651088454,675.7024957834509,589.9958924079932
5,25,9,318.7383624606366,410.3466278708483,424.3576976871326,358.94091820931175,499.15500743713307,702.9324476985614,716.1041770805988,550.2018542160735
5,25,10,454.7084218684046,517.1016873807029,531.999123230739,389.24943321068633,434.5088790181155,497.10356523003,511.99786626384343,357.4679258272761
5,25,11,389.04832614681516,422.7293779106838,429.4624969958561,303.5257041406847,347.26352348603797,380.5514676269218,386.0033926339409,260.29366468703034
5,25,12,317.1943827845751,355.73452997404127,353.9620565357893,268.5390917606537,366.75408113997656,398.54334771509724,403.8586125973636,240.9308637276111
5,25,13,405.86571465372754,441.49515781005306,449.2089960504325,308.3681294736528,685.3610057443449,724.7509670046343,749.0486031992818,256.8811928976532
5,25,14,228.50372022289608,246.59915815564582,252.86106821375964,223.78615590188173,195.02242676226027,210.20901876352804,215.29492460154646,184.96619838964565
5,25,15,442.4444376206815,575.9900724298034,594.876202894107,449.179148134527,508.04623453908886,728.2756810164376,741.38789273157,469.5294461861927
5,25,16,272.78217747690957,404.0662170003806,419.41902361767114,352.53554176141165,259.7358569585437,360.08927514793777,371.6990062423331,311.5548493870818
5,25,17,127.20422919176364,160.340042553947,158.04504177626762,161.61607773816937,102.36354703688666,122.08949155687783,116.65877903788142,120.54520518908579
5,25,18,11.959696237589759,10.80541693914752,7.595043801202964,12.219426107904985,17.641546553924137,16.027311899346152,11.30474004278101,17.254144483206723
5,25,19,-0.0,-0.0,-0.0,-0.0,2.8532884010037463,2.3611459959671453,-0.0,2.511302521279284
5,25,20,0.0,0.0,0.0,0.0,0.0,0.0,0.0,0.0
5,25,21,0.0,0.0,0.0,0.0,0.0,0.0,0.0,0.0
5,25,22,0.0,0.0,0.0,0.0,0.0,0.0,0.0,0.0
5,25,23,0.0,0.0,0.0,0.0,0.0,0.0,0.0,0.0
5,26,0,0.0,0.0,0.0,0.0,0.0,0.0,0.0,0.0
5,26,1,0.0,0.0,0.0,0.0,0.0,0.0,0.0,0.0
5,26,2,0.0,0.0,0.0,0.0,0.0,0.0,0.0,0.0
5,26,3,0.0,0.0,0.0,0.0,0.0,0.0,0.0,0.0
5,26,4,0.0,0.0,0.0,0.0,0.0,0.0,0.0,0.0
5,26,5,-0.0,-0.0,-0.0,-0.0,-0.0,-0.0,-0.0,-0.0
5,26,6,1.117146857488067,0.998807505283074,0.10068839182599566,1.4370312237932692,32.941362882597694,40.274781292501544,36.02926635173648,43.02974819335299
5,26,7,3.9901310023450636,3.999678700600965,3.3413871804352184,4.691826897622735,34.690053995598966,31.83786570069475,27.898772348462778,34.11020172042733
5,26,8,105.6752126208525,127.45889710218376,130.61207918954307,131.31928476952748,341.69689091123945,652.1763140900073,672.1283557023936,586.9809106991048
5,26,9,366.18788182187427,489.35278969619816,503.82014680724694,417.0772424269062,296.7451317196144,346.70683311919163,362.2496915522809,313.95553395575854
5,26,10,270.1452404334403,298.88003474907725,306.89483233342906,256.2128438478014,112.59464465181276,121.20512797596753,123.57408648044087,110.39736749508053
5,26,11,281.5936948406017,309.09676024583194,312.60613862486,238.91657005142827,419.5959175467461,453.51474569335926,463.67250142365725,283.8180115215331
5,26,12,251.30021539250876,284.4981702864227,282.02897030673813,221.03011299561356,312.7431555533574,342.21024958049435,345.8184118641542,215.72846683006128
5,26,13,423.95549852280107,460.6682128445442,468.88285898871084,311.1534602676806,424.47579271460097,459.2243213564674,470.09059424780423,259.7403814132169
5,26,14,347.5933371567532,387.0006657336957,398.52256048283914,311.29843555863096,455.16773443777254,525.6981395000029,541.3228943987208,336.9997786620554
5,26,15,314.5478830503888,367.56160027395055,386.0071575076847,323.7970819740092,357.8025810571735,448.62219627685204,466.9130566899369,346.2814369963062
5,26,16,259.28341866659275,345.42421148762895,359.188947229455,319.38899153339435,271.60495382359346,381.2883167525512,393.8326015815348,326.44851467939026
5,26,17,181.27098327065863,276.078705817549,284.04991854668253,266.07334801891585,167.44147167703932,311.53532064888833,326.6153908924542,276.64189431070224
5,26,18,79.45934854108653,368.47286030655266,452.43741104366177,296.2736710555152,64.35474624699175,172.16760675708102,197.487410891055,142.04583669412935
5,26,19,39.376637283625,37.75291005558541,42.80849027871919,38.930192162466426,18.213792416255135,16.806442644525614,11.353704819133364,17.252928166587182
5,26,20,0.0,0.0,0.0,0.0,0.0,0.0,0.0,0.0
5,26,21,0.0,0.0,0.0,0.0,0.0,0.0,0.0,0.0
5,26,22,0.0,0.0,0.0,0.0,0.0,0.0,0.0,0.0
5,26,23,0.0,0.0,0.0,0.0,0.0,0.0,0.0,0.0
5,27,0,0.0,0.0,0.0,0.0,0.0,0.0,0.0,0.0
5,27,1,0.0,0.0,0.0,0.0,0.0,0.0,0.0,0.0
5,27,2,0.0,0.0,0.0,0.0,0.0,0.0,0.0,0.0
5,27,3,0.0,0.0,0.0,0.0,0.0,0.0,0.0,0.0
5,27,4,0.0,0.0,0.0,0.0,0.0,0.0,0.0,0.0
5,27,5,-0.0,-0.0,-0.0,-0.0,-0.0,-0.0,-0.0,-0.0
5,27,6,4.299026188609203,3.7884528729259914,2.2287224078690184,4.506397040071925,31.721294621786072,36.55595795452373,31.672522835894497,39.05674633498349
5,27,7,30.13377900985522,32.08153660097619,29.627896224980887,35.13139402707374,148.84348297767292,505.1234122311761,551.8980893513916,517.1336483189192
5,27,8,100.32338737725911,113.23968231623451,116.13306227984864,119.57142644074467,151.74840670293597,162.85979195502563,165.40751478209972,167.40409327639838
5,27,9,313.4479289452419,406.45530486427634,419.75960464594056,353.4711313923203,512.8460946195416,730.8520365252901,743.2434558089683,565.7055504142428
5,27,10,533.1582792560333,617.0721326003209,633.0981979145605,423.9301912013667,630.2719828216331,741.0015459084252,758.1533390165768,454.35408134223377
5,27,11,610.5753311570678,639.2193198978985,660.1403494929431,306.72736648109117,701.8533977890137,742.9416090218617,766.3163676382153,282.55642860331824
5,27,12,608.5929566150369,616.0915722583021,640.8460693596902,209.37124475415982,726.8637207694588,737.0279259703806,767.4064189868543,147.05578888609102
5,27,13,557.9869419347599,590.1827277579246,608.5112141166676,286.2552031836623,701.2960879258359,744.0495447928107,768.422429860441,253.91886512221714
5,27,14,489.96479965071694,565.4434575575957,580.1046118193146,375.50240303780174,409.2919992718199,466.8090139886313,480.49928208533413,324.4927063162638
5,27,15,360.06330740565494,447.85322803517107,466.19662703865134,367.3689761364811,302.9248504865899,353.1569667222189,371.2775169715693,296.9775097493564
5,27,16,191.25717534171628,218.29592889212157,222.97943571783364,215.51351782241068,361.18630834755754,702.5297717888,726.011486265064,510.5210336979387
5,27,17,172.441687705726,311.1476664554267,328.46093549835757,288.9343280268165,175.44084523534093,598.2239235841381,654.0593346970702,479.6052036924585
5,27,18,79.44989183540658,386.59286690854987,478.512630574823,312.3594286820118,44.878829563276135,383.3484526769567,516.7623880462667,294.1863445690928
5,27,19,36.23565911206141,38.647217749802415,92.0990357549053,38.58420139784578,13.809590552212564,21.08562519526824,127.63821886203633,18.920570050246177
5,27,20,0.0,0.0,0.0,0.0,0.0,0.0,0.0,0.0
5,27,21,0.0,0.0,0.0,0.0,0.0,0.0,0.0,0.0
5,27,22,0.0,0.0,0.0,0.0,0.0,0.0,0.0,0.0
5,27,23,0.0,0.0,0.0,0.0,0.0,0.0,0.0,0.0
5,28,0,0.0,0.0,0.0,0.0,0.0,0.0,0.0,0.0
5,28,1,0.0,0.0,0.0,0.0,0.0,0.0,0.0,0.0
5,28,2,0.0,0.0,0.0,0.0,0.0,0.0,0.0,0.0
5,28,3,0.0,0.0,0.0,0.0,0.0,0.0,0.0,0.0
5,28,4,0.0,0.0,0.0,0.0,0.0,0.0,0.0,0.0
5,28,5,-0.0,-0.0,-0.0,-0.0,-0.0,-0.0,-0.0,-0.0
5,28,6,5.705664411768372,34.79910103587597,43.682188378460275,38.32117473356628,21.919277376322313,187.38334811837052,239.87251801491902,201.7042818588729
5,28,7,90.18813562230596,234.53074844338192,253.2466678185824,245.4943469396215,142.09870802482237,432.2601642502189,470.09991702076906,444.2996271912131
5,28,8,228.04971172081616,342.1617776614862,353.6696005586252,333.07946296256,125.8932277454355,127.68048082482649,129.26748301810358,133.42849225233093
5,28,9,206.35961483994254,231.9684164013866,243.1443782497697,224.0556955446067,230.67489685859093,244.84740924440516,257.4030721236029,235.72703687622646
5,28,10,228.96952184672912,252.96650378603272,259.6072993536449,219.2981178517506,93.20977526552562,100.23978116808784,102.20861084833243,91.70800186601123
5,28,11,278.73502318462556,305.55989670159863,309.3459246107244,226.06936969750436,672.1173013034063,707.612342989624,731.9142328308919,288.40161801220273
5,28,12,290.4838034556115,315.53361069421203,319.0806366717621,202.10533380907532,76.99194419077271,90.59693369295583,88.63793810934598,74.2541705041425
5,28,13,83.95713942042953,95.40611292510422,94.83916806405173,84.46940158559536,121.28408618182993,137.96993508795336,137.25523923526052,115.41120116597358
5,28,14,338.5213344433252,383.5284174356503,394.39357073264387,286.7428797076459,623.6065930433211,743.4152973061516,760.1827602301029,378.72694371494845
5,28,15,482.7073880655678,637.2380223073314,654.8167121474199,487.6613339143761,511.08032858157526,736.5252510746916,749.2881399907661,468.83569174195367
5,28,16,351.86527033703294,607.8460684999077,629.2835804766377,496.85818341306646,348.1945071014161,635.6308108931615,657.4516195500956,476.74884169891186
5,28,17,212.4156781240282,596.7528767120939,645.2945749620341,518.8714004420164,127.50149668917057,515.3245371169602,566.8536747359371,399.9364380929234
5,28,18,75.38934928512131,366.52026169227287,465.1463551525819,299.8852386791052,39.74380904459253,406.71037948657147,550.5213518557199,312.6721207598672
5,28,19,27.014953562596624,42.014914627208405,232.89415681812264,38.075566670085195,12.898723570710938,23.30503297697704,157.05974000573897,20.202045708287955
5,28,20,0.0,0.0,0.0,0.0,0.0,0.0,0.0,0.0
5,28,21,0.0,0.0,0.0,0.0,0.0,0.0,0.0,0.0
5,28,22,0.0,0.0,0.0,0.0,0.0,0.0,0.0,0.0
5,28,23,0.0,0.0,0.0,0.0,0.0,0.0,0.0,0.0
5,29,0,0.0,0.0,0.0,0.0,0.0,0.0,0.0,0.0
5,29,1,0.0,0.0,0.0,0.0,0.0,0.0,0.0,0.0
5,29,2,0.0,0.0,0.0,0.0,0.0,0.0,0.0,0.0
5,29,3,0.0,0.0,0.0,0.0,0.0,0.0,0.0,0.0
5,29,4,0.0,0.0,0.0,0.0,0.0,0.0,0.0,0.0
5,29,5,-0.0,-0.0,-0.0,-0.0,-0.0,-0.0,-0.0,-0.0
5,29,6,4.7296925479472485,62.98563907267993,82.12333575378855,68.84807540085755,19.248179988952888,266.6691615793657,345.0362915553659,282.91737097850194
5,29,7,25.214324948568223,23.621692909474273,21.070067407015028,26.266110838437314,45.88442898031719,42.236815181791954,37.28651210674506,45.23227154075747
5,29,8,51.935519136887685,48.2325675084305,48.543174783915276,53.49516245950839,88.71662629734284,87.00948979473905,87.5966740716228,91.60928530809569
5,29,9,72.93962534577491,71.09451307688411,75.15200300019342,75.36537422121401,82.54826363875657,80.84182581367875,85.33809436065314,82.26902382483308
5,29,10,84.7103508724167,90.85265750620691,92.70912853037426,86.65906648045515,149.41297028514037,161.57286412816634,164.92942557384995,145.18021718852611
5,29,11,226.49740109119028,254.68354188225686,254.36982854733046,216.66521499201065,204.26853152521602,231.20456011254316,230.61305629517759,187.97673695295416
5,29,12,177.3186968758276,203.802286869724,200.95657655775327,167.85552506360418,159.50971227784223,184.71007784582844,181.84802460458778,145.90751491650371
5,29,13,125.40716747300446,141.8571738595677,141.3066083841057,123.758627574579,198.15970849107686,223.83927895905717,223.49305038343766,181.0077821637984
5,29,14,165.41259693185384,177.88017928762798,181.9567524404374,164.80208870811785,171.9048158694588,185.61481954760396,189.75588907326895,163.6261160490814
5,29,15,255.9937762363032,276.32622287125054,290.61406292652583,262.12350365401625,139.3236588252522,138.914988373321,146.8978043441428,137.9516870735292
5,29,16,141.27613066920753,146.65730217363543,148.74631069619497,152.60727143439215,233.4892198578287,305.5752707209397,315.43963379127644,273.25907661339704
5,29,17,225.211568693539,568.4887226308688,612.3252444555507,499.52840337615123,195.89643311748608,459.4973667600391,490.646206903386,389.21411468895224
5,29,18,46.3695147236669,455.209973256229,606.1587630814804,362.87439237323497,30.421103906126394,459.1345560339543,620.2621539097236,353.78626432298705
5,29,19,23.859600180510327,28.29484017916651,87.61097014920395,27.401925859320954,20.230586079593508,18.647443611023526,11.555025347761985,19.160629616247675
5,29,20,0.0,0.0,0.0,0.0,0.0,0.0,0.0,0.0
5,29,21,0.0,0.0,0.0,0.0,0.0,0.0,0.0,0.0
5,29,22,0.0,0.0,0.0,0.0,0.0,0.0,0.0,0.0
5,29,23,0.0,0.0,0.0,0.0,0.0,0.0,0.0,0.0
5,30,0,0.0,0.0,0.0,0.0,0.0,0.0,0.0,0.0
5,30,1,0.0,0.0,0.0,0.0,0.0,0.0,0.0,0.0
5,30,2,0.0,0.0,0.0,0.0,0.0,0.0,0.0,0.0
5,30,3,0.0,0.0,0.0,0.0,0.0,0.0,0.0,0.0
5,30,4,0.0,0.0,0.0,0.0,0.0,0.0,0.0,0.0
5,30,5,-0.0,-0.0,-0.0,-0.0,-0.0,-0.0,-0.0,-0.0
5,30,6,3.4074955940027367,145.61177600009384,192.47711491493936,152.62094581060506,15.825642641752136,322.1711776060919,417.6281262995879,336.8048708332913
5,30,7,133.5197830977864,495.060491037231,541.0964683802845,505.4602738971229,162.9080459070751,597.9084787676667,650.9947242263979,605.4848449522456
5,30,8,333.9135145530921,637.313077089621,655.6176253149148,580.1112959589437,371.79402108073003,715.7988447589587,733.53149513093,638.4525936103262
5,30,9,490.52966703899176,689.4793452720573,700.2777056124697,553.9727992646893,535.8294177085658,763.2675422045479,773.6908109423393,588.3941068673917
5,30,10,603.2779767319229,703.8060993750776,718.2512457240372,463.0549883578277,654.1030629791252,771.3219924497364,787.263011530338,472.47494240163746
5,30,11,672.4600285530515,709.8165625372138,729.4607844414454,305.77840495471384,721.2865338254627,765.3253949192375,787.5071529355897,289.47478852834473
5,30,12,696.9453150571101,713.023674101122,735.5257166496323,176.16847382054848,748.4058881215633,767.6024264768038,793.4903023626736,146.81028677836562
5,30,13,679.3646084868196,720.9816060734485,740.2744619635977,280.52887542376754,723.5452968072769,772.1788650660135,793.9812946117779,255.30943127527
5,30,14,621.5451845104866,731.5480859819093,745.6682689979524,413.92877235202974,652.8446247616521,778.2914452116765,793.590695336464,391.8806692872508
5,30,15,525.0363301452787,744.0208390668406,755.0826196233821,514.7527467545078,538.2772668505685,776.770645492982,787.3684102300888,490.59229617773974
5,30,16,377.61315843503417,722.2868501979809,744.5583231036084,562.977856297753,378.4175876058174,749.7839388117909,771.5192862749519,542.3162518531907
5,30,17,185.96696057240064,648.5283634025118,706.8671344202594,547.9693272623232,173.69992207721734,658.1774349297324,718.7513114072644,528.7631478226372
5,30,18,49.65150348798212,461.6788318272378,608.7527535133902,370.4346238087443,35.18825842555017,448.8658332657825,598.7778942998166,349.6138691342989
5,30,19,21.77835795938618,43.51219388977329,268.53313459868184,37.474519392442296,12.348929895392335,28.984791211045568,202.7116518743259,24.03375425579552
5,30,20,0.0,0.0,0.0,0.0,0.0,0.0,0.0,0.0
5,30,21,0.0,0.0,0.0,0.0,0.0,0.0,0.0,0.0
5,30,22,0.0,0.0,0.0,0.0,0.0,0.0,0.0,0.0
5,30,23,0.0,0.0,0.0,0.0,0.0,0.0,0.0,0.0
5,31,0,0.0,0.0,0.0,0.0,0.0,0.0,0.0,0.0
5,31,1,0.0,0.0,0.0,0.0,0.0,0.0,0.0,0.0
5,31,2,0.0,0.0,0.0,0.0,0.0,0.0,0.0,0.0
5,31,3,0.0,0.0,0.0,0.0,0.0,0.0,0.0,0.0
5,31,4,0.0,0.0,0.0,0.0,0.0,0.0,0.0,0.0
5,31,5,-0.0,-0.0,-0.0,-0.0,-0.0,-0.0,-0.0,-0.0
5,31,6,5.815403514102369,44.85570832737437,56.627230750824395,48.386685255497376,28.902348662601753,27.121634178901747,20.665522919017523,29.048446603152076
5,31,7,117.6156098128548,374.7122556213511,409.187267995291,387.29752721992526,153.7562064089129,551.0230377899389,599.8904253283582,559.1321725925607
5,31,8,298.8847275512627,557.1814099347862,575.8000562671593,513.9836692709086,350.2827009116673,668.1181984303311,685.6694584499296,600.0584903360469
5,31,9,466.96465674870575,645.180160587517,658.4365134791236,531.8653717115869,503.3987041757535,709.0364123998705,718.7651495753315,553.6495027840599
5,31,10,284.9877824776921,318.0499040101541,326.20343054900223,266.58631435455544,210.17905617815413,228.3495668114977,233.40531688466288,203.09226081717082
5,31,11,632.0241430408171,665.8627752342128,685.3778601741382,296.7157330641586,680.4043098352525,721.8363999100367,741.7330017214724,278.27716859239536
5,31,12,562.6029591840005,573.7580329549812,595.5637541305409,208.93023533309477,700.7341274256279,719.3137830436249,742.3321719027679,142.3477906967702
5,31,13,666.5632372277851,707.7764197278658,726.5265008553135,270.87902916187414,679.8648755256602,725.1171376785993,744.6062804166467,245.37974114194776
5,31,14,606.9528511477001,716.1677264898169,729.5898476722003,399.42974044596474,617.1388905781745,733.1051700065523,746.9038817426347,377.1341665920659
5,31,15,513.5474563920146,726.2642498308234,736.2926806811221,500.44854629971013,512.7965767208525,736.8878810045745,746.4646302656747,471.73703296894166
5,31,16,380.2472418150698,719.5459628233539,741.6814344679693,564.9034468501377,362.68463956548544,715.9376326767429,736.1116176978126,523.5693522737643
5,31,17,183.5003859445377,654.5151505216426,713.1793571568778,551.9676525454048,165.91509051882073,633.1193114159686,690.7335115235632,511.45721835309735
5,31,18,50.983515616920926,452.23839260655745,591.7163651793596,364.00042919771056,32.4522452820219,435.90334936732745,578.5171319982525,339.69593004252937
5,31,19,27.293405567788867,29.987384198686275,64.59871195701923,29.675350724610457,12.067520505116576,28.584565338494446,189.09229913666502,23.676123063647005
5,31,20,0.0,0.0,0.0,0.0,0.0,0.0,0.0,0.0
5,31,21,0.0,0.0,0.0,0.0,0.0,0.0,0.0,0.0
5,31,22,0.0,0.0,0.0,0.0,0.0,0.0,0.0,0.0
5,31,23,0.0,0.0,0.0,0.0,0.0,0.0,0.0,0.0
6,1,0,0.0,0.0,0.0,0.0,0.0,0.0,0.0,0.0
6,1,1,0.0,0.0,0.0,0.0,0.0,0.0,0.0,0.0
6,1,2,0.0,0.0,0.0,0.0,0.0,0.0,0.0,0.0
6,1,3,0.0,0.0,0.0,0.0,0.0,0.0,0.0,0.0
6,1,4,0.0,0.0,0.0,0.0,0.0,0.0,0.0,0.0
6,1,5,-0.0,-0.0,-0.0,-0.0,-0.0,-0.0,-0.0,-0.0
6,1,6,3.552581918585179,108.40606560039818,142.3129226312398,115.79225054167495,16.35264537065053,289.0096280712581,372.086915310608,303.81217989701986
6,1,7,121.837803737598,448.5190865813926,490.82186599883244,458.73827618722095,149.36806836360324,543.8554620058642,592.7135366405817,551.3648832641011
6,1,8,316.21212589450994,607.5818980382836,624.9769216054503,552.3298108785951,342.8003571760551,661.8301936601467,679.8573140155758,592.577715231195
6,1,9,430.1623843389618,589.4794909973865,602.5342854900122,489.568881678443,267.59586216679514,324.3201072905713,338.085598228218,289.8646870532388
6,1,10,179.59458614463625,194.32881404643683,198.68436752287278,180.7173169564075,226.29472084693182,247.72370730327825,253.2215137029452,214.31464860792067
6,1,11,222.5430949994826,250.1755561966721,250.12783354627845,210.73852141365646,276.2416774573563,310.6259638336257,311.1581890134004,241.19447194806258
6,1,12,136.6692665305708,158.0881251000693,155.64330702482218,132.2565153084766,182.5420508771054,210.68119117233218,207.9247737195301,163.95815399906488
6,1,13,205.74215418682994,231.14256395379388,231.24867801540657,193.21138322742476,287.3751273614916,322.36702010605205,323.3984031458235,244.7935916864653
6,1,14,394.346459802796,444.63604711408254,456.2746964328747,340.98255728782067,449.97411918223935,521.7819244738928,535.4361988042856,333.8627486770421
6,1,15,521.8275449317736,728.0888939937174,741.320317071255,518.9867671998421,510.54570455574685,734.4179191163482,744.7417025015469,473.42197419027826
6,1,16,374.4488808029574,722.6567573544113,743.4662059361966,559.1037608497899,361.25033007654514,703.8992499982539,723.7680440201781,520.3058747549493
6,1,17,193.33335749168364,563.7463364049705,611.033730697433,484.3799595755979,168.9008993611768,624.4625251345317,680.6592906703987,507.3041430816555
6,1,18,76.55337879457528,265.8937370433356,315.91348114495355,224.32171858210148,70.93983774463554,251.43843971207338,300.2116181934592,207.14268439609916
6,1,19,37.72792914696226,34.95929638236818,21.998797702872775,36.4452324148491,20.01029691357296,18.697524302050187,13.64503307310488,19.132222308211038
6,1,20,0.0,0.0,0.0,0.0,0.0,0.0,0.0,0.0
6,1,21,0.0,0.0,0.0,0.0,0.0,0.0,0.0,0.0
6,1,22,0.0,0.0,0.0,0.0,0.0,0.0,0.0,0.0
6,1,23,0.0,0.0,0.0,0.0,0.0,0.0,0.0,0.0
6,2,0,0.0,0.0,0.0,0.0,0.0,0.0,0.0,0.0
6,2,1,0.0,0.0,0.0,0.0,0.0,0.0,0.0,0.0
6,2,2,0.0,0.0,0.0,0.0,0.0,0.0,0.0,0.0
6,2,3,0.0,0.0,0.0,0.0,0.0,0.0,0.0,0.0
6,2,4,0.0,0.0,0.0,0.0,0.0,0.0,0.0,0.0
6,2,5,-0.0,-0.0,-0.0,-0.0,-0.0,-0.0,-0.0,-0.0
6,2,6,3.5966352662585717,5.474315590638052,4.890328027196866,6.260544439490802,26.187723322721272,23.95800898201572,17.862418619930118,25.727808459279174
6,2,7,97.4674092595403,254.38630171123367,274.62126705960924,265.6209451255774,129.5885053120311,295.30289993922116,315.582946613832,307.9688089869874
6,2,8,293.633718527022,513.5243428791113,531.6765098452806,482.61491200823014,241.9568340876158,353.18924354578553,364.9362991092287,340.45170896306723
6,2,9,388.3263553854689,521.7120182583998,536.183334830191,444.24187847734197,484.2229770914385,685.5730238113484,695.3371973892262,536.9368655708831
6,2,10,563.5756610385248,658.0134775435812,672.7769041445438,448.90203393508665,589.5534975127624,692.9815279527082,706.0305714372251,435.63656511522436
6,2,11,635.6037281441007,669.9944866504386,689.5035873768786,309.8509435938982,657.684551576283,699.4665383894807,717.6772234819657,275.0952237815423
6,2,12,664.4496898656482,677.7754270935435,700.7873201328111,178.1387702612714,682.419770568622,702.9630512679769,724.3569365102729,143.43225223219267
6,2,13,654.587867273758,693.08369876039,712.5164453141733,283.41226055567955,665.3597316341718,711.6879245033348,730.0226831000318,244.36341846671553
6,2,14,591.1222948085405,695.5155889388245,710.0260393849671,406.5847662677248,545.1660408816283,642.7190673257193,657.3035554145847,364.861688831081
6,2,15,477.6367669935626,655.4101583814347,669.8261527208347,477.2465605198697,506.2208988188319,726.5175306722069,736.1517248531354,465.5488342385678
6,2,16,366.40682719731814,658.2641244587282,679.4176525408687,526.986705381256,357.6522289138917,696.7390728992779,716.5121417886143,513.382850840638
6,2,17,194.9882612768651,586.7165596998524,636.0413557334052,502.3198540000189,192.53428368225664,462.24710521609825,495.4187570806028,396.1797573800767
6,2,18,67.56652353862466,413.5338188685944,523.9356089685009,338.06302020493325,39.97723697388427,415.9806182582341,542.0234659290401,328.36443959630407
6,2,19,21.374273370253594,39.401712869452346,193.4569036639024,34.45464249508618,13.852906202106993,29.591057557103646,164.20117278824554,24.969873953596228
6,2,20,0.0,0.0,0.0,0.0,0.0,0.0,0.0,0.0
6,2,21,0.0,0.0,0.0,0.0,0.0,0.0,0.0,0.0
6,2,22,0.0,0.0,0.0,0.0,0.0,0.0,0.0,0.0
6,2,23,0.0,0.0,0.0,0.0,0.0,0.0,0.0,0.0
6,3,0,0.0,0.0,0.0,0.0,0.0,0.0,0.0,0.0
6,3,1,0.0,0.0,0.0,0.0,0.0,0.0,0.0,0.0
6,3,2,0.0,0.0,0.0,0.0,0.0,0.0,0.0,0.0
6,3,3,0.0,0.0,0.0,0.0,0.0,0.0,0.0,0.0
6,3,4,0.0,0.0,0.0,0.0,0.0,0.0,0.0,0.0
6,3,5,-0.0,-0.0,-0.0,-0.0,-0.0,-0.0,-0.0,-0.0
6,3,6,3.2423098092549014,3.8364477914615858,2.8077569907524302,4.46552348613297,22.11989135137656,21.45885650920159,16.636169167149593,23.14428624145722
6,3,7,52.00691029010119,52.309343153999066,48.13927826871408,57.527380453550535,73.83585343882885,81.85504584977531,76.97858592902033,87.30380122775847
6,3,8,73.40608535929748,70.1777188346606,70.94926858427984,77.13712707125998,69.87512180659242,66.64913036577123,67.07319674400038,71.2961085699699
6,3,9,162.25055609502422,167.13538738329584,176.04359586229654,170.66039390627344,313.79322257948144,393.911004334443,407.71932938884305,343.01687100448584
6,3,10,135.46401781712544,146.74003979207328,149.94124194287622,135.76307430613798,132.1217171284373,142.8471193781149,145.90050008597112,129.68426976622658
6,3,11,218.14846721229847,245.57956508054693,245.4690197445584,208.69316630803982,186.2234894847928,211.01619433789529,210.58164815281387,173.9532037144314
6,3,12,226.40324038517593,258.4913202579148,255.9331465896812,208.0707583765463,398.5538069876779,423.9214723000084,433.92471216325714,220.02442889562695
6,3,13,430.3224803178986,470.6172572853762,477.92369478777084,325.230294519487,499.430056524641,538.046526405022,551.5499584130301,262.7097347053459
6,3,14,481.3557424615389,558.0519007184732,571.5215193135116,368.51383275842835,491.2319138067627,576.8986339792515,591.2606125904138,345.0062382344652
6,3,15,465.373051251291,624.3724374461888,640.9678854378059,469.2845907476279,225.95866702945847,241.75614390746784,254.2884716186439,223.8585569151906
6,3,16,365.15842150405865,650.4517650339797,671.5795056190194,522.2287920079585,354.6899893086816,695.0708060667688,715.8473404581891,511.57396197083335
6,3,17,181.35682139547,634.6221362601535,691.0567557872932,533.9680144721243,172.82828769328862,441.77167223475664,475.11865035436597,372.56994631739855
6,3,18,44.553414257412356,450.7367030734842,582.3503065447484,361.78494517817455,38.58193752771704,424.8402617239278,552.552243092511,331.7335353685226
6,3,19,19.826401154833267,47.17698884672667,262.41862526684395,39.446403652960434,13.386299964650048,30.722148207868848,170.74770013339318,25.543021326825542
6,3,20,0.0,0.0,0.0,0.0,0.0,0.0,0.0,0.0
6,3,21,0.0,0.0,0.0,0.0,0.0,0.0,0.0,0.0
6,3,22,0.0,0.0,0.0,0.0,0.0,0.0,0.0,0.0
6,3,23,0.0,0.0,0.0,0.0,0.0,0.0,0.0,0.0
6,4,0,0.0,0.0,0.0,0.0,0.0,0.0,0.0,0.0
6,4,1,0.0,0.0,0.0,0.0,0.0,0.0,0.0,0.0
6,4,2,0.0,0.0,0.0,0.0,0.0,0.0,0.0,0.0
6,4,3,0.0,0.0,0.0,0.0,0.0,0.0,0.0,0.0
6,4,4,0.0,0.0,0.0,0.0,0.0,0.0,0.0,0.0
6,4,5,-0.0,-0.0,-0.0,-0.0,-0.0,-0.0,-0.0,-0.0
6,4,6,-0.0,-0.0,-0.0,-0.0,8.94363232814003,7.970199814412072,5.318430357632866,8.6742070862956
6,4,7,26.274358906003812,24.13077313931604,21.47532433499336,26.89027740947296,8.856804656195388,7.894641684853692,6.605424244820434,8.610364097258856
6,4,8,109.35198387584384,137.00782824154876,140.53341197379444,139.268922151601,339.3056745608356,662.893298742213,681.0227551027334,591.9118633081739
6,4,9,448.0971962606747,628.633659425301,640.4823594003403,513.2381088861583,159.97413130543592,162.96939906583856,171.83972247333352,161.89076852652798
6,4,10,507.5106786178231,598.1490411859738,610.7233862987022,396.3079349156006,521.1546512625376,617.7891727029914,631.9877125200219,394.69015338183766
6,4,11,610.7048697476002,647.0473432766024,664.961979149692,315.08127551495176,535.4055595558513,571.6348808980538,588.1674325495017,277.61645432875537
6,4,12,507.19864140280936,526.2337847022939,542.482956411283,225.5735430986101,561.3958837516147,575.3244869691373,597.8657927738013,173.81880138773093
6,4,13,526.6738891049445,565.1989206702166,578.7185130920697,298.40863203627373,526.5049692564558,568.4232061951803,582.6331425742549,266.5947191505698
6,4,14,442.85651286907677,507.33241774033706,520.0132022461995,359.8961664899994,478.1880944792306,558.4659330121101,572.425531542932,343.5394790845939
6,4,15,330.33943836784096,391.1659317085537,409.3238492768218,339.18715034395905,412.8119353749332,547.7750687418326,564.5556886355844,394.44103147496287
6,4,16,280.0226240825819,389.7475329707649,404.6188080631982,349.6059866031605,283.3139353730961,465.29997464680156,481.57115013193595,368.44094540332594
6,4,17,209.49950032923712,650.2108420590414,703.6507025059643,557.6348737278945,168.41870456801226,620.6940304890225,677.203583756398,495.89404541188856
6,4,18,36.05586750617607,471.9032534570806,609.695317838802,376.5167670382818,35.08266291662254,437.81661746821874,568.8530804789815,340.5418261549515
6,4,19,18.862478889360794,47.31668709978867,259.04588495516674,39.239663545714926,12.443182544879669,33.10109945773797,189.78754533824593,26.972527141548916
6,4,20,0.0,0.0,0.0,0.0,0.0,0.0,0.0,0.0
6,4,21,0.0,0.0,0.0,0.0,0.0,0.0,0.0,0.0
6,4,22,0.0,0.0,0.0,0.0,0.0,0.0,0.0,0.0
6,4,23,0.0,0.0,0.0,0.0,0.0,0.0,0.0,0.0
6,5,0,0.0,0.0,0.0,0.0,0.0,0.0,0.0,0.0
6,5,1,0.0,0.0,0.0,0.0,0.0,0.0,0.0,0.0
6,5,2,0.0,0.0,0.0,0.0,0.0,0.0,0.0,0.0
6,5,3,0.0,0.0,0.0,0.0,0.0,0.0,0.0,0.0
6,5,4,0.0,0.0,0.0,0.0,0.0,0.0,0.0,0.0
6,5,5,-0.0,-0.0,-0.0,-0.0,-0.0,-0.0,-0.0,-0.0
6,5,6,7.282232970596327,44.17932092347052,54.56698289329913,48.207181062787036,28.14155412941419,26.423650850398044,20.262069618632395,28.516382007044044
6,5,7,87.0116489542262,229.38167137505974,247.8200211622496,239.367627752216,149.02335070691456,547.4747787602821,596.4197959707286,554.977202718484
6,5,8,281.3772764143291,533.0420665784637,550.7699590250605,490.1829594613038,226.89094162685322,340.556927636018,351.600080162218,326.2673230151934
6,5,9,330.51482649732645,430.9282480637062,444.64338164405444,375.5678776580465,354.92542198581606,467.67187539995655,481.69280255881955,394.6739120189858
6,5,10,329.46158955766083,373.83345536055674,383.75547638670736,300.5118566559545,462.0031851243064,541.0370600193554,554.3571075239217,372.20111950271445
6,5,11,613.1162910586337,648.5534969386109,666.7752955950851,295.8876925856774,672.2973254165752,717.998223300233,736.3477830105517,279.71399168750764
6,5,12,672.741303384157,691.5792966446412,711.7630084678451,161.19858082960792,692.3371896984288,714.588738098109,736.0441844927456,143.72986035720746
6,5,13,649.6490730979426,693.2087716547168,710.0518317529304,264.6788304585154,673.5269447016129,722.1286837935671,740.3645855795222,243.4561689406677
6,5,14,556.0484393882838,655.9555945621082,669.5380324233648,382.1298578284352,610.3939236700152,729.0703935193851,742.1774371583474,372.4033158531997
6,5,15,456.0754630154297,620.0661209163381,635.0692575202808,457.2030553844477,452.06802523302116,642.3209408123522,655.0003576738992,427.33073264835116
6,5,16,359.7925605615705,642.0415097077041,662.702048037959,514.1203910769889,337.47572882050554,622.7176021202625,642.6075803586967,469.4087412325437
6,5,17,161.77538143101003,357.0621320101987,380.89329325407886,314.1566324909796,179.64931249076292,390.93862138362914,415.73543013670815,337.61311720576754
6,5,18,47.6074240770719,63.159356525978204,59.64618910688969,62.93317507149626,35.746200477937954,441.94519957968816,570.4955529510461,344.9270250771839
6,5,19,10.906860715972746,9.836689769430421,4.618915586637652,10.36564096596397,12.039230622059941,10.958225157276347,5.816490903807931,11.338808298898416
6,5,20,0.0,0.0,0.0,0.0,0.0,0.0,0.0,0.0
6,5,21,0.0,0.0,0.0,0.0,0.0,0.0,0.0,0.0
6,5,22,0.0,0.0,0.0,0.0,0.0,0.0,0.0,0.0
6,5,23,0.0,0.0,0.0,0.0,0.0,0.0,0.0,0.0
6,6,0,0.0,0.0,0.0,0.0,0.0,0.0,0.0,0.0
6,6,1,0.0,0.0,0.0,0.0,0.0,0.0,0.0,0.0
6,6,2,0.0,0.0,0.0,0.0,0.0,0.0,0.0,0.0
6,6,3,0.0,0.0,0.0,0.0,0.0,0.0,0.0,0.0
6,6,4,0.0,0.0,0.0,0.0,0.0,0.0,0.0,0.0
6,6,5,-0.0,-0.0,-0.0,-0.0,-0.0,-0.0,-0.0,-0.0
6,6,6,2.043424088920029,2.259038908465635,1.313939472810941,2.781033660187099,12.184411756351686,10.979959234741955,7.738718953179249,11.980940255399227
6,6,7,13.00977109501708,12.180465453362823,10.729463131292944,13.691604776876135,2.5703631844288397,2.0811342697035,1.4367584891254428,2.484295041689695
6,6,8,9.427249769268244,8.46867607210156,8.555462138555532,9.688450723461273,27.625897900636165,25.319113588677716,25.411218986825862,27.415171595066308
6,6,9,8.972978928202142,8.53762992056427,9.236965599675887,9.261293474765784,19.505713274404485,18.696796451824273,19.940265424480483,19.38607378374184
6,6,10,32.02714459000208,34.40566494613902,35.18922104354987,32.98746293844463,40.20813009088062,43.176801042435756,44.10948140912498,40.20513121039176
6,6,11,17.72144005825378,20.76015923769947,20.582146212839405,18.344908853762327,20.56274263052014,24.086854992095947,23.871463411440743,20.576294603292038
6,6,12,4.007242436346362,5.358887106598453,5.1759666272536125,4.041726065984825,38.69534297982105,46.05491831311975,45.05267324013764,38.567286546185436
6,6,13,6.302746862435003,7.724722929531968,7.65395210080741,6.583440966658871,24.341598397385138,28.318001134035438,28.1119169980136,24.37230732866946
6,6,14,4.762721813319631,5.335459504382486,5.534683520625193,4.918657645410983,26.931185814901394,28.915613415528018,29.596485100545202,26.89393211221148
6,6,15,45.08770541085203,43.35306383204679,46.06688046264148,46.36208464875638,12.963495773787637,12.285473439808918,13.218378526197649,12.865099418573504
6,6,16,34.282121828934166,31.76769294884248,31.896966911466123,35.221330357913146,32.677180125945334,30.00785010820081,29.97358044333359,32.46244448535655
6,6,17,41.14824464898145,38.237203636889255,34.20352651080116,42.34294499704067,55.4001166935687,53.36787138302302,47.99480301791724,56.655378552955455
6,6,18,33.47533099037163,33.78146483083217,27.707474127482893,36.46032475537056,33.93031774036791,34.990191793149364,28.553221469091326,36.43744841186927
6,6,19,13.569878648818609,12.363573750119922,6.574592653748392,12.971871568161426,7.5251261364267386,6.698178114223583,2.6792198911743093,6.982374919627763
6,6,20,0.0,0.0,0.0,0.0,0.0,0.0,0.0,0.0
6,6,21,0.0,0.0,0.0,0.0,0.0,0.0,0.0,0.0
6,6,22,0.0,0.0,0.0,0.0,0.0,0.0,0.0,0.0
6,6,23,0.0,0.0,0.0,0.0,0.0,0.0,0.0,0.0
6,7,0,0.0,0.0,0.0,0.0,0.0,0.0,0.0,0.0
6,7,1,0.0,0.0,0.0,0.0,0.0,0.0,0.0,0.0
6,7,2,0.0,0.0,0.0,0.0,0.0,0.0,0.0,0.0
6,7,3,0.0,0.0,0.0,0.0,0.0,0.0,0.0,0.0
6,7,4,0.0,0.0,0.0,0.0,0.0,0.0,0.0,0.0
6,7,5,-0.0,-0.0,-0.0,-0.0,-0.0,-0.0,-0.0,-0.0
6,7,6,6.44356477320768,80.68954846983202,103.1905010027862,87.50172941892383,15.411388365714778,304.70191255460355,388.811128082448,319.11251796683365
6,7,7,128.7282472175662,450.7510798755136,493.6234289360195,463.05568315847205,128.00736052326354,311.8058550512473,334.6111593322052,323.7476778991776
6,7,8,245.86432332722234,462.81344400935706,479.6738197218444,428.596218166825,341.1750056883228,674.3088344983015,692.4536133470707,601.9207791606785
6,7,9,441.0289080373048,627.0043563853695,636.8085487764632,505.02185569310075,496.64450115461733,714.5712794336476,723.6746682457665,554.2442027730941
6,7,10,589.1632588128092,694.4530795746447,707.4586601160992,460.96340961357123,516.6821152607715,612.4959554641517,626.3550717310609,401.55942429271954
6,7,11,556.3545137065795,591.2940993299293,607.5625581782159,289.2304412122784,502.1206298955747,541.2742440242156,554.315446890935,287.0289466213011
6,7,12,559.1333165466344,573.4542590759116,593.6086781370927,205.18677349846004,530.3789368410314,552.5966327109599,569.703327214562,202.8082457936562
6,7,13,661.0195630683581,702.3997534794474,720.6821615476648,283.65247585878814,459.2995906498066,501.17689499491325,510.94601105083655,287.18773690969357
6,7,14,616.9918150801201,726.618390673146,739.9643754266207,420.1706764513648,612.7973695039718,731.9988996392334,744.8102951193337,374.1774806548973
6,7,15,526.5686617924131,740.9126755457256,751.8197205409529,516.4192805030282,507.9974039248587,732.8999462971757,743.1586370145591,469.8894294928798
6,7,16,383.53076954430264,726.0708044466746,747.1236040601592,566.7466716657101,360.27453502423407,702.6399718195684,722.3652449074294,515.004938159444
6,7,17,181.04546779768435,609.1988160985305,662.5626045098934,512.5237960513223,171.07575625853192,623.6997774716422,679.4783478137774,502.4527246452404
6,7,18,44.30104435216203,450.3930402800626,570.3777986567237,362.6635234727432,37.24603351683361,445.11251627308985,567.1241029327481,350.3768996036096
6,7,19,21.033755149864174,55.69627120401151,276.9548011254293,45.84972250527245,14.307194629593463,37.3454117050749,186.94010493013351,30.561969163848694
6,7,20,0.0,0.0,0.0,0.0,0.0,0.0,0.0,0.0
6,7,21,0.0,0.0,0.0,0.0,0.0,0.0,0.0,0.0
6,7,22,0.0,0.0,0.0,0.0,0.0,0.0,0.0,0.0
6,7,23,0.0,0.0,0.0,0.0,0.0,0.0,0.0,0.0
6,8,0,0.0,0.0,0.0,0.0,0.0,0.0,0.0,0.0
6,8,1,0.0,0.0,0.0,0.0,0.0,0.0,0.0,0.0
6,8,2,0.0,0.0,0.0,0.0,0.0,0.0,0.0,0.0
6,8,3,0.0,0.0,0.0,0.0,0.0,0.0,0.0,0.0
6,8,4,0.0,0.0,0.0,0.0,0.0,0.0,0.0,0.0
6,8,5,-0.0,-0.0,-0.0,-0.0,-0.0,-0.0,-0.0,-0.0
6,8,6,9.943391311893352,133.01701734753937,169.69738039673948,141.83400258268009,37.665541435877586,66.48393995328357,68.31280175560832,72.37836207343199
6,8,7,142.09594788511177,438.0283015361337,477.03394626101823,452.6956247810431,114.24487128307942,208.97851335483483,218.70301020953403,220.54465293528
6,8,8,271.0371956915157,488.38647633159115,505.5168102262223,455.8813381828113,300.1408248095545,554.1588218598386,571.6100177591766,505.91575108921586
6,8,9,441.4718726046062,626.89346689478,636.7921497278323,506.27577941879565,499.9695813847668,717.5138928939955,726.1648348113555,558.1362110972144
6,8,10,566.6877838476614,668.3188533595802,681.035898759617,447.3048472471681,507.9092089509485,598.5805615228153,611.9175167785296,403.2512909065461
6,8,11,617.2117695517649,656.894804984945,673.6422768370638,297.52470286444134,678.6504116513579,727.0616841830503,744.7757308366198,282.928066300957
6,8,12,656.3879162199612,673.0165749979428,694.3280209184521,173.43265358860916,700.772138185307,725.0340623184029,745.9535946643169,143.36508844727618
6,8,13,653.2274395547084,698.2873770801549,714.6238392516944,263.65203868914693,677.7472104538317,727.5036955605038,745.0073507059791,242.5278967251483
6,8,14,589.9199804229036,698.864286944336,710.6492238007287,385.9948335819839,611.6742063081946,730.2034763869441,742.4300905111335,372.03812627421377
6,8,15,503.16806352081534,714.5774719470281,723.3615098196934,485.7334297776645,506.6637087245085,728.5910929626649,737.338905382517,466.3309111300925
6,8,16,362.70972209473246,701.3239090434082,720.6478891776374,537.2575356788799,359.83415242542117,708.6878136810461,727.8579778721813,516.8009079138455
6,8,17,175.1065776082118,641.4097578157845,697.8709524604064,533.8114684096856,167.25124569529564,627.4818036785924,683.1989356792507,504.9532629917643
6,8,18,37.746367140351104,490.33309757604354,620.037021507987,393.5899014976664,32.36165289994368,456.5836206304949,580.8627743635915,358.0543219045749
6,8,19,19.73991813117473,55.85706471951192,276.7404762285254,45.55082668331382,12.845740586599142,38.893711247417436,200.65339046488376,31.198466471360373
6,8,20,0.0,0.0,0.0,0.0,0.0,0.0,0.0,0.0
6,8,21,0.0,0.0,0.0,0.0,0.0,0.0,0.0,0.0
6,8,22,0.0,0.0,0.0,0.0,0.0,0.0,0.0,0.0
6,8,23,0.0,0.0,0.0,0.0,0.0,0.0,0.0,0.0
6,9,0,0.0,0.0,0.0,0.0,0.0,0.0,0.0,0.0
6,9,1,0.0,0.0,0.0,0.0,0.0,0.0,0.0,0.0
6,9,2,0.0,0.0,0.0,0.0,0.0,0.0,0.0,0.0
6,9,3,0.0,0.0,0.0,0.0,0.0,0.0,0.0,0.0
6,9,4,0.0,0.0,0.0,0.0,0.0,0.0,0.0,0.0
6,9,5,-0.0,-0.0,-0.0,-0.0,-0.0,-0.0,-0.0,-0.0
6,9,6,-0.0,-0.0,-0.0,-0.0,0.1071664784210004,-0.0,-0.0,0.04054559140388219
6,9,7,-0.0,-0.0,-0.0,-0.0,-0.0,-0.0,-0.0,-0.0
6,9,8,-0.0,-0.0,-0.0,-0.0,4.833719987442229,4.181756494603234,4.204679009034133,4.7474573253202355
6,9,9,45.241177241658875,43.886523692694375,46.509463929260875,46.61619126558881,124.39899875023646,125.4117140846734,132.22539739733273,126.53755551284166
6,9,10,258.4897933007488,292.89207431292846,300.69940626390843,239.89613292309377,458.7400897657873,539.3347587802037,552.4515839079806,373.20670633847016
6,9,11,594.2883591697424,632.1648719285641,648.9962361268589,301.907804210914,682.6270446593115,731.6580351893775,751.1109676088112,295.5915335870765
6,9,12,427.5622287437333,444.4156047054989,458.2734285086714,190.10551471054654,721.8777564170423,744.0752437972934,769.2059797822022,158.8527664454911
6,9,13,487.7410452727628,524.8731282615812,537.0202363819935,274.49309468857575,193.77110727355122,219.6782633393284,219.5822815214482,179.44243258335084
6,9,14,346.3702639568797,396.9965784395863,406.7734160413885,283.31995904421757,647.631791631604,778.0165306567467,792.7963947330365,391.2187457584191
6,9,15,543.0632187193561,746.8801530673547,760.9303351052419,539.6116982434787,534.5666593584043,776.630393250048,788.2607039349786,485.41834182104793
6,9,16,382.5872500794138,673.241690101508,694.7053198848628,540.4320934593443,377.2217691155255,745.5604087396321,768.2222512528048,529.7980090092124
6,9,17,206.72835543893558,533.7911806746773,574.3056661270806,461.32350467874164,182.0992274954651,651.2278002850544,711.0392804819173,510.5666722117336
6,9,18,85.42736999196562,313.02717897920166,369.86611995170193,269.9652000001673,44.19889063014991,458.538454649631,580.4329506039329,355.25834306765773
6,9,19,14.974662256314266,166.52046291556965,252.69128503786519,43.339398311138176,13.993951215373004,56.81321670807333,213.26028276803962,35.322766817741055
6,9,20,0.0,0.0,0.0,0.0,0.0,0.0,0.0,0.0
6,9,21,0.0,0.0,0.0,0.0,0.0,0.0,0.0,0.0
6,9,22,0.0,0.0,0.0,0.0,0.0,0.0,0.0,0.0
6,9,23,0.0,0.0,0.0,0.0,0.0,0.0,0.0,0.0
6,10,0,0.0,0.0,0.0,0.0,0.0,0.0,0.0,0.0
6,10,1,0.0,0.0,0.0,0.0,0.0,0.0,0.0,0.0
6,10,2,0.0,0.0,0.0,0.0,0.0,0.0,0.0,0.0
6,10,3,0.0,0.0,0.0,0.0,0.0,0.0,0.0,0.0
6,10,4,0.0,0.0,0.0,0.0,0.0,0.0,0.0,0.0
6,10,5,-0.0,-0.0,-0.0,-0.0,-0.0,-0.0,-0.0,-0.0
6,10,6,4.097309092510572,163.76226163772077,211.96592534233193,171.3110097340243,15.785568602539447,359.8468351455426,458.268302763952,374.5026959048134
6,10,7,137.26239697864938,528.070353079707,575.8409252691881,536.0016582263199,161.34518116775277,621.3107750892227,677.3755364030875,627.3347175336527
6,10,8,344.34169462103677,673.4261671079772,690.5240441761458,608.2993344638766,372.12351722445595,735.2155623821641,753.591843633718,655.0051326118685
6,10,9,506.53800718716025,724.3917554607984,732.5321066314729,575.7792951737091,541.5274503333785,785.6574989514205,794.9278895785138,606.2334018209359
6,10,10,624.023809449643,739.537718016218,751.4626682208586,479.5241071364962,664.6323611405102,796.3660581185402,809.8767106071851,489.3451558248661
6,10,11,686.6808571418646,733.644703030645,750.4779111860878,315.5030883608472,738.3874609373536,793.9078037771482,813.1748843086823,304.4937169324961
6,10,12,714.995388360293,738.0387966369475,758.0327247620851,171.63415091691166,759.9205462886289,788.1916061008018,810.7913416661181,153.25025543931395
6,10,13,698.426566430034,746.5262810786471,763.5326208062335,273.4588606257966,734.4426794156369,790.1646805706526,809.048727001388,258.23691535840396
6,10,14,640.7114339640553,759.2163541687177,771.2239620314008,414.0547905288021,660.3526138535369,790.1731969844046,803.1937974379719,396.67885366879506
6,10,15,536.6237758434678,762.9300793287775,771.5921043963045,515.5522754948671,544.6580457402159,783.3314734744592,792.4433616314731,498.60301657858184
6,10,16,388.3015040818825,746.0002904916604,764.7905968042613,570.2881951429723,385.61077820606846,757.8050758935175,777.4792962970159,552.8081899098634
6,10,17,187.9790405185337,693.6655058598459,752.98936342104,577.0884856728497,182.72407665063773,673.037228689764,730.5865288168176,545.0041305348999
6,10,18,39.48498577456881,539.9068766335945,675.696945245748,434.71640381849863,32.464487965425114,503.99493469487544,633.8811464275138,398.10465796556474
6,10,19,25.78391990630513,63.17925203528132,278.6408561544552,52.416320878294314,14.693617478360132,114.2083369361487,177.34191744460773,34.04969775250838
6,10,20,0.0,0.0,0.0,0.0,0.0,0.0,0.0,0.0
6,10,21,0.0,0.0,0.0,0.0,0.0,0.0,0.0,0.0
6,10,22,0.0,0.0,0.0,0.0,0.0,0.0,0.0,0.0
6,10,23,0.0,0.0,0.0,0.0,0.0,0.0,0.0,0.0
6,11,0,0.0,0.0,0.0,0.0,0.0,0.0,0.0,0.0
6,11,1,0.0,0.0,0.0,0.0,0.0,0.0,0.0,0.0
6,11,2,0.0,0.0,0.0,0.0,0.0,0.0,0.0,0.0
6,11,3,0.0,0.0,0.0,0.0,0.0,0.0,0.0,0.0
6,11,4,0.0,0.0,0.0,0.0,0.0,0.0,0.0,0.0
6,11,5,-0.0,-0.0,-0.0,-0.0,-0.0,-0.0,-0.0,-0.0
6,11,6,7.882036356200623,7.685969164115595,5.661945334729226,8.7229231751183,37.43936267553394,55.76615216381492,54.52300395306438,61.3975196452721
6,11,7,96.43568196971025,297.68545985005295,326.1316707675153,309.5911850612805,135.03753293658238,316.55399746904214,339.36342852165524,329.8474103604705
6,11,8,330.03344299075434,638.7499949188966,657.2988480732636,582.1802769841851,359.5961516280891,714.7450061013654,733.9573719096294,638.0764041817735
6,11,9,465.61395633191546,661.6616611500929,671.7885163190405,535.4693908970805,444.8121542470713,636.3300975434104,648.8207456228635,506.73705271383193
6,11,10,588.234689977892,697.0245018741695,708.7320232400755,458.3324466783034,643.6208347382037,772.1345757414227,785.2461889129163,475.68668657737913
6,11,11,662.4953574722055,708.8263540126443,725.056305985427,307.1924835592926,713.3726746167872,768.0832689281576,786.6715521033913,296.87030657783333
6,11,12,690.4904122618447,713.7486632408526,732.9785505072633,169.42374213894809,733.6007919476186,762.1793991437665,783.9612357734635,151.06240554818234
6,11,13,659.9087492216041,706.5736344230787,722.6478603411085,264.9517659487055,706.671787749249,761.7886004082503,780.028128908009,251.18530501413818
6,11,14,624.8221666895463,739.0905549086955,751.119903394072,410.397064454114,633.4411621332436,759.283830104094,772.3023852370627,381.1613219837067
6,11,15,519.731959051091,735.0444697293584,744.2495677644475,501.0350075887197,525.5573802634016,763.4091814527561,773.6237893162339,478.0827411913968
6,11,16,292.1570591079734,440.60424564576357,456.609721589142,376.67595332525974,275.3391948280586,378.4479783457144,392.33513792168804,328.2782190950858
6,11,17,195.0118314733205,342.822941984952,362.8802965185621,320.2140971509467,196.48923592819298,424.8736506258344,451.80347591307515,366.07528912609285
6,11,18,56.34903579921476,478.94642579203764,591.0899500575297,390.16875372159365,34.359896760160524,477.54097808696326,600.3881338170215,372.9169887049161
6,11,19,20.746427685487,60.05160968407276,235.2267552611727,45.13878956117478,14.502162097784762,43.93326699585318,209.41054137438152,36.450494762983816
6,11,20,0.0,0.0,0.0,0.0,0.0,0.0,0.0,0.0
6,11,21,0.0,0.0,0.0,0.0,0.0,0.0,0.0,0.0
6,11,22,0.0,0.0,0.0,0.0,0.0,0.0,0.0,0.0
6,11,23,0.0,0.0,0.0,0.0,0.0,0.0,0.0,0.0
6,12,0,0.0,0.0,0.0,0.0,0.0,0.0,0.0,0.0
6,12,1,0.0,0.0,0.0,0.0,0.0,0.0,0.0,0.0
6,12,2,0.0,0.0,0.0,0.0,0.0,0.0,0.0,0.0
6,12,3,0.0,0.0,0.0,0.0,0.0,0.0,0.0,0.0
6,12,4,0.0,0.0,0.0,0.0,0.0,0.0,0.0,0.0
6,12,5,-0.0,-0.0,-0.0,-0.0,-0.0,-0.0,-0.0,-0.0
6,12,6,4.63802325965519,123.3824849400377,159.6896650813751,131.70425877179224,17.049297346204924,314.384017250971,400.1818773909152,329.70621430184656
6,12,7,123.70384407104991,481.59466109922306,527.2897571000735,490.2595337692,152.4420321733072,582.1691931729227,635.9471756541878,589.1918769731038
6,12,8,274.6295830414814,531.3915390109331,549.1785744661253,487.25177349442924,357.03198052293374,718.9320045452858,738.5974239681656,639.7093324675584
6,12,9,441.51470614960294,630.277049129778,640.9151850329628,510.9487189239645,525.2867100740971,765.4524978831789,774.5750404445341,590.3057853644488
6,12,10,584.3608824111012,693.8136845372678,705.3248206508953,454.8904253503337,646.7137303867165,777.5845609750261,790.5860753954395,477.0992176481441
6,12,11,674.708197259922,721.9106379547986,738.3177707836568,303.326338012383,720.3828684333805,776.2612790271562,794.9305695881011,297.07395452909293
6,12,12,689.3697624495998,712.53935826647,731.7050960178559,165.02083254488596,742.9077189459582,771.7901789599252,793.7810868310743,149.39586036631607
6,12,13,685.573026410298,734.0951542085362,750.3493265369624,277.86824687003525,720.1139370672008,776.1189934835003,794.6227574255157,250.56439845917401
6,12,14,596.5196171067535,704.7087312312171,717.3129874279821,401.03743927055183,650.7887146596078,781.2096794372413,794.216777775726,386.2125053112002
6,12,15,542.3658769521265,760.7657805163261,771.5800916942783,529.4396219154453,538.6933336483605,780.1871600180551,789.6799582404119,485.7754924870636
6,12,16,389.5043472064129,738.0700617636734,757.9950899019653,570.3215738042524,382.561043439034,759.3027728614059,779.885361487372,539.3250892920225
6,12,17,183.20675923858596,639.7428122628512,695.2127344063596,532.7223310994066,180.04877908105712,676.0128721628939,736.6128702506962,530.8089745232131
6,12,18,40.90718889839748,559.1611950274096,693.0150955156962,452.25809478755883,33.96021846401169,502.9743152185064,630.5870317669404,391.2428224032943
6,12,19,15.432844009188118,68.69848529068396,349.9207936931775,54.61041605902534,14.008741619791284,49.66246879609962,242.49411743690848,40.557000750031534
6,12,20,0.0,0.0,0.0,0.0,0.0,0.0,0.0,0.0
6,12,21,0.0,0.0,0.0,0.0,0.0,0.0,0.0,0.0
6,12,22,0.0,0.0,0.0,0.0,0.0,0.0,0.0,0.0
6,12,23,0.0,0.0,0.0,0.0,0.0,0.0,0.0,0.0
6,13,0,0.0,0.0,0.0,0.0,0.0,0.0,0.0,0.0
6,13,1,0.0,0.0,0.0,0.0,0.0,0.0,0.0,0.0
6,13,2,0.0,0.0,0.0,0.0,0.0,0.0,0.0,0.0
6,13,3,0.0,0.0,0.0,0.0,0.0,0.0,0.0,0.0
6,13,4,0.0,0.0,0.0,0.0,0.0,0.0,0.0,0.0
6,13,5,-0.0,-0.0,-0.0,-0.0,-0.0,-0.0,-0.0,-0.0
6,13,6,11.253551836284545,191.42201719889238,245.3736195587274,204.24502407194475,14.779282817383605,351.1153062558026,445.3582779993094,364.98949312185385
6,13,7,135.2895491738768,534.1326014368385,583.9873953897885,542.4863547265937,154.7688185599487,595.3809583593127,648.3296568546638,601.4766550293111
6,13,8,339.668350375158,667.9031095714514,685.068470492115,603.6287947164336,358.9065302083044,705.483977103413,722.972719622992,630.9875881293118
6,13,9,498.84442039735717,714.9603832827154,723.0317415762395,569.8258708329159,517.2254239135249,747.0313788607006,755.6190948962627,581.3933462368609
6,13,10,605.5210376955282,720.1334665955051,731.4420322155881,467.7767167886792,632.2186296431288,756.5090564301908,768.6800205917762,471.9530147876568
6,13,11,671.3815524195796,718.9322647096469,735.0949905000089,306.16669674435457,702.2458357524822,755.9068102919238,773.3482914317443,297.3370046501956
6,13,12,662.1772617751863,677.2564276533398,699.8560815775119,177.41510183799565,730.9961129750009,759.1039202676112,780.1099369622412,148.3793300511173
6,13,13,572.7739280646811,613.4710617425534,628.3603440420719,292.5310031367181,711.7400920894735,766.5941642455398,784.5078389393487,248.93876010857022
6,13,14,614.1836898566087,726.6293658784466,738.4577450408946,403.30158701390286,646.2754224650636,775.3444273865217,788.0130279937226,383.07266292156584
6,13,15,469.1113100571589,627.8117794919777,643.9463910962138,469.4233683829905,428.4821583944474,546.1860181435804,565.243084642298,412.72082233371134
6,13,16,376.8411935481817,685.5363425133422,706.3647541390864,541.1967136679065,377.5874561960056,742.0797461975628,762.131817131976,532.8350312963902
6,13,17,185.98787345333795,660.3397104953012,717.0522641793414,549.7192778456873,179.8347453097578,656.6628682873351,714.5498258657645,522.1714356038473
6,13,18,39.494806889043794,522.1967337589683,646.5722348805241,420.7444278856274,39.091297797276965,478.50642919059993,595.3236253255728,375.82444553545935
6,13,19,18.801233660025975,64.57395285558557,301.94301012376644,51.62982270500647,13.418259498764343,66.50442357124804,241.71262562518044,40.849579542095775
6,13,20,0.0,0.0,0.0,0.0,0.0,0.0,0.0,0.0
6,13,21,0.0,0.0,0.0,0.0,0.0,0.0,0.0,0.0
6,13,22,0.0,0.0,0.0,0.0,0.0,0.0,0.0,0.0
6,13,23,0.0,0.0,0.0,0.0,0.0,0.0,0.0,0.0
6,14,0,0.0,0.0,0.0,0.0,0.0,0.0,0.0,0.0
6,14,1,0.0,0.0,0.0,0.0,0.0,0.0,0.0,0.0
6,14,2,0.0,0.0,0.0,0.0,0.0,0.0,0.0,0.0
6,14,3,0.0,0.0,0.0,0.0,0.0,0.0,0.0,0.0
6,14,4,0.0,0.0,0.0,0.0,0.0,0.0,0.0,0.0
6,14,5,-0.0,-0.0,-0.0,-0.0,-0.0,-0.0,-0.0,-0.0
6,14,6,2.6521457083947424,2.211139787813917,0.9763270124818045,2.782519939073608,14.592979699403307,13.21318304096883,9.505547673063878,14.362845025754863
6,14,7,53.40503067334343,74.63760097264073,74.28100985114352,80.46744893022972,134.84663134333618,326.40001644182666,350.55626161077004,339.2335365544671
6,14,8,209.99291407543566,389.2001415095636,403.75438409241303,362.5589848052493,333.15910716816444,664.66615188184,685.0565798006617,595.8250669226876
6,14,9,419.1458232904281,584.1822181923847,596.4029862754113,485.1656793607858,276.6686811300872,324.14384164580224,338.86127053899804,296.7836527187463
6,14,10,322.8217286819384,367.73022591134924,377.2591864712564,298.2961402516924,424.461561324945,496.78150732385205,509.19877926378695,357.6688674756105
6,14,11,441.20543240259934,471.85199024864994,484.51202734379586,254.54204490377495,686.4322267531921,743.1143462335691,760.8653271519438,292.3191420933844
6,14,12,661.6201204870415,681.1201477341647,701.571084622596,176.75950568360315,720.7467972979696,744.5859790165814,768.9826644873272,149.26925677149424
6,14,13,624.6769879949471,666.7237998104501,683.1904086655114,278.9363036223971,634.0743397826849,681.5824350852325,699.9528500351325,249.38810940853708
6,14,14,581.2088562986671,680.6157112445684,694.2077491824681,415.74292800676244,549.0727056834726,650.8198219191047,665.4574063790675,367.03378206340335
6,14,15,427.93071269927157,560.5677186310335,576.8047694776243,429.2911067669033,430.3095383797304,588.4360852931486,604.6195718394414,406.4275296209616
6,14,16,288.0498339902441,433.86055065466434,449.55352386261535,370.5956492380553,317.6290876467306,521.7423892701686,540.1851848501753,408.37862626562173
6,14,17,183.97690043219913,365.02446649375156,388.06894079017246,329.46988155595375,155.07371599144795,259.44718600612583,269.0514454558867,234.32059056342408
6,14,18,87.92540811295831,328.3610610273516,386.6386114765989,288.03797636792575,82.24934101175468,257.09081069418943,296.1441152237346,221.2314605128829
6,14,19,14.310199951434024,264.4032735937426,459.9910710109622,72.89811948759366,15.499002042064978,57.06491546663272,180.88213381903506,35.803946949791374
6,14,20,0.0,0.0,0.0,0.0,0.0,0.0,0.0,0.0
6,14,21,0.0,0.0,0.0,0.0,0.0,0.0,0.0,0.0
6,14,22,0.0,0.0,0.0,0.0,0.0,0.0,0.0,0.0
6,14,23,0.0,0.0,0.0,0.0,0.0,0.0,0.0,0.0
6,15,0,0.0,0.0,0.0,0.0,0.0,0.0,0.0,0.0
6,15,1,0.0,0.0,0.0,0.0,0.0,0.0,0.0,0.0
6,15,2,0.0,0.0,0.0,0.0,0.0,0.0,0.0,0.0
6,15,3,0.0,0.0,0.0,0.0,0.0,0.0,0.0,0.0
6,15,4,0.0,0.0,0.0,0.0,0.0,0.0,0.0,0.0
6,15,5,-0.0,-0.0,-0.0,-0.0,-0.0,-0.0,-0.0,-0.0
6,15,6,-0.0,-0.0,-0.0,-0.0,28.808041958876366,28.385107298188707,22.48570609050061,30.529822216077665
6,15,7,42.84637304998256,40.36886295096555,36.43974147443781,44.723085832560294,130.3893138601079,272.01325399945284,287.4844111221681,283.6186739140136
6,15,8,181.41652596844528,297.179020639787,308.60539574168007,285.71413193951133,320.69396323360206,629.6492674985745,649.7655372228057,568.3082554643591
6,15,9,424.74235896503666,599.7439096603936,611.4146607725734,494.5422100831833,405.646192942558,563.2900241148898,577.5445973063058,462.2977937488252
6,15,10,496.65558705407636,584.919805121083,597.3300402814748,414.7553956733126,428.37407001898697,500.2623161498741,512.6277081953644,363.6110344005547
6,15,11,389.3014948070075,424.05335464081764,431.78948924206134,282.5412819408205,460.70239740503536,504.5509426553755,513.9172052692502,315.0553284723241
6,15,12,427.79801251684245,454.21848878826523,464.1089192521137,236.15402627992722,501.3710447760404,535.0509389105567,546.7956534784237,253.90594965779104
6,15,13,430.7703302893054,469.1687675151695,477.46960595198226,288.85260626787647,429.7406617165325,470.61013277427037,478.9895746114398,273.47279582887046
6,15,14,520.3277374878214,610.7041870258081,623.3922535220393,371.0729584655259,608.1469258067806,727.1177592927431,739.9582973987623,370.70946438740305
6,15,15,397.2220399006901,500.0758693225406,517.6350054444052,401.15494240943394,226.38765001629685,239.09544082764637,251.82059584608,225.2016768772849
6,15,16,271.90153476860644,428.84632335039555,445.2083924176471,359.3515669635142,356.54635818399197,683.931762524592,703.5554032086767,502.5640884998592
6,15,17,174.7541155448036,373.87905016455187,397.9985538836241,330.1352897886395,177.71708603012468,590.1420870605409,640.2822396069472,480.4006835178301
6,15,18,62.84499596092015,389.2547299717759,470.0995989498471,321.13671074200204,43.637554950143056,425.44879273815343,521.5441950389842,339.4778150154867
6,15,19,15.476611606041098,161.36535719566456,294.5567959882958,52.58308526886886,12.347971742463798,54.28038932477649,76.35503710653288,21.193078634979855
6,15,20,0.0,0.0,0.0,0.0,0.0,0.0,0.0,0.0
6,15,21,0.0,0.0,0.0,0.0,0.0,0.0,0.0,0.0
6,15,22,0.0,0.0,0.0,0.0,0.0,0.0,0.0,0.0
6,15,23,0.0,0.0,0.0,0.0,0.0,0.0,0.0,0.0
6,16,0,0.0,0.0,0.0,0.0,0.0,0.0,0.0,0.0
6,16,1,0.0,0.0,0.0,0.0,0.0,0.0,0.0,0.0
6,16,2,0.0,0.0,0.0,0.0,0.0,0.0,0.0,0.0
6,16,3,0.0,0.0,0.0,0.0,0.0,0.0,0.0,0.0
6,16,4,0.0,0.0,0.0,0.0,0.0,0.0,0.0,0.0
6,16,5,-0.0,-0.0,-0.0,-0.0,-0.0,-0.0,-0.0,-0.0
6,16,6,-0.0,-0.0,-0.0,-0.0,12.79993916032098,11.550613339275179,8.188072115782907,12.594075694539326
6,16,7,12.449947889434691,11.352413135810293,9.900696027266735,12.818609847430519,16.038898510063046,14.557822004898817,12.603794585020834,15.83051658768489
6,16,8,60.154739554262484,56.238281330558614,56.719655269943125,62.2565393267209,40.81097158265571,37.5683574405458,37.683919907913236,40.62327866383146
6,16,9,103.9194674404704,103.21385473677954,109.05897202311212,108.15476488975436,99.47593276367462,98.66838909280396,104.17135070050165,100.56894192349095
6,16,10,192.80054581665516,209.1717575987874,214.0922002219637,194.0497154329201,168.33596697344026,182.69995740951381,186.85274608997096,164.81847355725537
6,16,11,207.185740458858,233.55819084176122,233.79902203936354,200.50780809235516,155.3404799262245,176.35114797820918,176.15468405106753,149.1172291075747
6,16,12,154.43021664345503,178.4379059751865,176.19551385866757,148.8395178939323,173.46479205879683,200.44707979896236,198.08600358594265,160.48753159707093
6,16,13,193.22708095967158,218.33558329926407,218.2425136089274,185.52516050555647,107.7667506033495,122.98929768745415,122.5358124079489,104.58275952675592
6,16,14,282.8957550661938,309.5088251382641,317.00591325279333,273.1304753395697,228.72987823521493,250.12270562947387,255.7790745236756,215.51411950072756
6,16,15,370.1635001701051,439.7687900601199,460.0663402581758,379.9993478387966,216.7594967389097,242.9280934310824,254.83559997590615,217.42257343902367
6,16,16,127.51094453007747,129.45863112690415,132.15055599028474,136.16005490494035,142.90585532190667,150.18019515509033,153.01529260014462,150.55436533567018
6,16,17,75.84676548055964,77.46070813066754,72.49510128019043,82.88471413353552,70.21054536477872,71.130180445714,65.67388481778352,74.25626693856441
6,16,18,40.08574459980678,43.38605917930055,37.387624807562915,46.017697093588126,56.64460373679531,79.77767443955142,76.33659560380698,77.43867355287996
6,16,19,16.396720131038602,251.65864065567268,383.0366151635457,68.13356209767498,15.227937739443435,90.98563249467738,135.47454949594103,31.78740329271593
6,16,20,0.0,0.0,0.0,0.0,0.0,0.0,0.0,0.0
6,16,21,0.0,0.0,0.0,0.0,0.0,0.0,0.0,0.0
6,16,22,0.0,0.0,0.0,0.0,0.0,0.0,0.0,0.0
6,16,23,0.0,0.0,0.0,0.0,0.0,0.0,0.0,0.0
6,17,0,0.0,0.0,0.0,0.0,0.0,0.0,0.0,0.0
6,17,1,0.0,0.0,0.0,0.0,0.0,0.0,0.0,0.0
6,17,2,0.0,0.0,0.0,0.0,0.0,0.0,0.0,0.0
6,17,3,0.0,0.0,0.0,0.0,0.0,0.0,0.0,0.0
6,17,4,0.0,0.0,0.0,0.0,0.0,0.0,0.0,0.0
6,17,5,-0.0,-0.0,-0.0,-0.0,-0.0,-0.0,-0.0,-0.0
6,17,6,2.2494178374679508,94.96358592255913,124.13953028424967,101.39416038334582,16.69816597707353,290.8764206198969,371.0969887402077,305.94383162248494
6,17,7,86.47903324037958,341.7394842882113,376.8388450842343,349.99159907096225,140.5561940402302,539.6847628519763,589.609464165987,547.0933608315923
6,17,8,312.0776365975246,616.8800593631554,633.5891049046968,559.1321348878578,332.2452327731814,660.6673662463079,678.8079911042674,592.9454352317222
6,17,9,471.14852255881954,675.962542307934,684.3200992003126,542.5343754962317,490.3332908038055,710.3823428766993,718.6905363266152,554.939164037327
6,17,10,525.4377899409556,625.5190995143384,637.5049243527466,424.2973979913159,605.6365847747633,727.6948484616664,739.0966330998801,454.98242722365967
6,17,11,611.485165220001,654.9992128247837,670.5933968525352,296.74940873200813,676.0306464136671,729.5708582286474,746.0203606910242,287.6047349002488
6,17,12,658.5879393766708,678.977113914525,698.9025233537516,178.11368834514067,698.8848575201037,726.8879794030579,746.4360006032994,144.27918986544205
6,17,13,625.0793786295394,666.4538424263554,682.8746121753917,264.9429291811898,678.079017141665,729.868834332265,746.257621196603,238.39200345425164
6,17,14,612.7026564788916,724.2408553858643,736.383473325063,402.22071738412546,608.2438937113088,724.5390195513369,735.8374934045464,368.1615942886607
6,17,15,502.8196317930239,707.5482324260628,718.6050737018478,488.54573700559615,499.8476266922868,709.6800753778953,717.6944273139782,461.5644116070128
6,17,16,359.1885536567721,668.8967437454053,688.6255073214764,518.434936909239,359.1467598574351,690.3206719077671,707.3663015040642,513.6058343875487
6,17,17,181.05721854795644,577.0464204733275,626.112233675499,483.637311673001,172.2092477753819,622.010510671078,674.1863124026884,505.5723648024487
6,17,18,34.44149994862716,534.2060246664149,654.1433645641931,430.24725656997543,32.83889414766388,475.6906434695803,583.048583102081,379.28941973938316
6,17,19,16.950890057487694,56.76576859626568,245.60833855426165,46.63034267254609,13.854640898230112,50.10144017761197,222.02021875776833,41.11859754923146
6,17,20,0.0,0.0,0.0,0.0,0.0,0.0,0.0,0.0
6,17,21,0.0,0.0,0.0,0.0,0.0,0.0,0.0,0.0
6,17,22,0.0,0.0,0.0,0.0,0.0,0.0,0.0,0.0
6,17,23,0.0,0.0,0.0,0.0,0.0,0.0,0.0,0.0
6,18,0,0.0,0.0,0.0,0.0,0.0,0.0,0.0,0.0
6,18,1,0.0,0.0,0.0,0.0,0.0,0.0,0.0,0.0
6,18,2,0.0,0.0,0.0,0.0,0.0,0.0,0.0,0.0
6,18,3,0.0,0.0,0.0,0.0,0.0,0.0,0.0,0.0
6,18,4,0.0,0.0,0.0,0.0,0.0,0.0,0.0,0.0
6,18,5,-0.0,-0.0,-0.0,-0.0,-0.0,-0.0,-0.0,-0.0
6,18,6,11.17098098220579,102.66860141117085,130.6052299549312,112.2579366773924,29.523324343309696,28.06620901466895,21.743776637531894,30.337596404090217
6,18,7,84.4710177016436,176.95311372228713,187.36732997819104,187.02131218523687,119.33390316436513,249.31578812964506,263.31053560250336,260.2859572396471
6,18,8,160.25846017360877,207.98807854340626,214.16604631270454,210.50233682168923,211.31031443189877,310.1724913467476,320.8509741328142,300.92906251601903
6,18,9,253.15423470439333,308.72193203465423,321.64556105938976,286.0625755172008,213.73469515845792,244.07760758965333,255.4796648463989,228.65048430997004
6,18,10,267.306192873403,299.1361791737006,306.7351138354735,256.71512562455086,455.1885190602292,539.5334894939402,551.7018601281742,373.35814153075313
6,18,11,480.3577555423966,515.5333939914244,528.4705449539979,283.1909725059036,491.44835338591895,533.0347527813615,544.8830801916613,286.13740630267716
6,18,12,623.3939314842723,639.3746520595706,660.3398170623055,179.19054162078507,585.2301241583863,603.9304056760659,624.5160590830175,179.9798476798655
6,18,13,612.9299283145746,654.7847821101061,670.4748046220992,275.8682627972239,668.3989032422519,721.2581069507343,737.4740138282903,240.85184961814738
6,18,14,447.47522399593265,523.7529481640495,535.7809620445709,327.3604896026574,610.6561115027911,730.0148330954753,742.7226090472471,368.42660244437496
6,18,15,432.70133758375044,592.9872549010424,606.0658997365092,425.90051282209237,370.95463999530915,488.727541630163,503.74021256478494,354.74310321814573
6,18,16,347.134486938509,596.9766715681799,616.5931107643407,480.69845289604217,362.1484015584188,702.0586254564502,720.6190412788907,507.7955995339587
6,18,17,195.3963252751052,601.5565651672988,650.1637317928277,507.12745562723285,174.46737962630502,625.3246425879806,679.2483129264259,498.5264391847382
6,18,18,65.7555930363697,222.78565737579666,258.0450060981569,193.0400816522148,64.8617804304226,98.33782685087891,96.80348299412145,94.44517907604354
6,18,19,13.9377746364687,126.39417215894657,201.98651078194914,41.020455538403326,15.720354477830337,100.9902407439043,153.60761546486887,35.09219789766564
6,18,20,0.0,0.0,0.0,0.0,0.0,0.0,0.0,0.0
6,18,21,0.0,0.0,0.0,0.0,0.0,0.0,0.0,0.0
6,18,22,0.0,0.0,0.0,0.0,0.0,0.0,0.0,0.0
6,18,23,0.0,0.0,0.0,0.0,0.0,0.0,0.0,0.0
6,19,0,0.0,0.0,0.0,0.0,0.0,0.0,0.0,0.0
6,19,1,0.0,0.0,0.0,0.0,0.0,0.0,0.0,0.0
6,19,2,0.0,0.0,0.0,0.0,0.0,0.0,0.0,0.0
6,19,3,0.0,0.0,0.0,0.0,0.0,0.0,0.0,0.0
6,19,4,0.0,0.0,0.0,0.0,0.0,0.0,0.0,0.0
6,19,5,-0.0,-0.0,-0.0,-0.0,-0.0,-0.0,-0.0,-0.0
6,19,6,4.391728261999747,40.97526153292775,51.757510116725854,44.003796940508344,17.270186280747364,276.5279491479063,354.3947934437376,292.0409701304639
6,19,7,53.549199649000734,55.989895794381965,51.99900417188332,61.32633988623284,139.20624025345697,539.3295441251659,590.580629125618,547.4124134339114
6,19,8,112.14811558438167,118.45480565167666,120.37753108553392,126.16487209855856,331.90254790199384,665.179526598454,684.1667575439169,596.8363742089128
6,19,9,301.9081799264976,396.049837871326,409.03822525068273,348.37340588348286,485.7157906269467,704.452412818221,713.0293415393803,551.6558869526579
6,19,10,250.51765544350167,285.6847980609224,293.0077214567836,233.23846026622385,283.0026948194528,317.35693760660274,325.480784392515,264.4938782208701
6,19,11,243.66616807817047,269.9711397844843,272.83098934435253,204.31250322784544,151.89520100015645,172.5040243766834,172.3305532395143,145.79621604412392
6,19,12,432.0100407883868,460.67890048319066,470.2472069596915,254.53389646768346,339.0444258778851,372.22799450388965,376.0121322787458,235.20143834691137
6,19,13,322.08571479106723,355.6415275729519,359.65916905309933,254.49558065411452,665.7354157607457,716.2049029002089,731.9936518145097,238.42017310701775
6,19,14,526.542438178988,615.8704352970224,628.9898552537086,379.74144270121184,607.5475160762481,723.2629294175748,734.7627787839036,368.09872418689264
6,19,15,477.71991637055424,658.5285123649562,671.5721866343214,468.9204761860634,509.46062163998255,730.4845477569527,739.8196808869272,465.4001066812961
6,19,16,373.3990449230709,656.5535759163797,676.536109919698,522.9753110078599,364.6780237178436,701.932407480295,720.1628908281004,512.1693072341214
6,19,17,197.24802951467836,575.0516219536449,621.0257276877987,487.38332719594536,178.0072495092915,624.0684870721983,676.9623477952994,502.1639477470417
6,19,18,77.52441076816412,484.8261511661719,577.4836043905154,405.6453664124741,39.72685150655003,465.01015057444766,566.4267316181755,370.2039684835704
6,19,19,15.858163014102479,61.470673031757016,182.9037166714392,39.19261858529096,14.393548298623006,128.66773340372248,200.3732387880348,41.08933817301628
6,19,20,0.0,0.0,0.0,0.0,0.0,0.0,0.0,0.0
6,19,21,0.0,0.0,0.0,0.0,0.0,0.0,0.0,0.0
6,19,22,0.0,0.0,0.0,0.0,0.0,0.0,0.0,0.0
6,19,23,0.0,0.0,0.0,0.0,0.0,0.0,0.0,0.0
6,20,0,0.0,0.0,0.0,0.0,0.0,0.0,0.0,0.0
6,20,1,0.0,0.0,0.0,0.0,0.0,0.0,0.0,0.0
6,20,2,0.0,0.0,0.0,0.0,0.0,0.0,0.0,0.0
6,20,3,0.0,0.0,0.0,0.0,0.0,0.0,0.0,0.0
6,20,4,0.0,0.0,0.0,0.0,0.0,0.0,0.0,0.0
6,20,5,-0.0,-0.0,-0.0,-0.0,-0.0,-0.0,-0.0,-0.0
6,20,6,3.137886257557911,126.47361000238988,165.794072921946,133.72085680545823,14.313313513137786,303.4201121525311,390.5923788721568,317.52230929477406
6,20,7,112.11890862137125,454.22212527142284,498.75840417212476,463.1352200225162,140.01519201900754,552.7939916330231,604.6607779222633,560.2746387152066
6,20,8,302.9228253021715,603.2240262770533,619.7443346476348,546.9869463051014,333.08645289245476,676.8829564132516,695.8019835946752,604.8848109808893
6,20,9,456.57072053243786,661.0573911451335,668.5424429351822,527.7066517487784,490.5099149037938,718.126344187328,726.4076680925191,558.0156325485767
6,20,10,569.4600686584612,681.3358135816471,691.6630723062092,444.91673615512764,603.6303938063568,728.5797289456456,740.0440543804224,454.09522125660504
6,20,11,636.9295036625949,684.5326349672682,699.3786186909776,293.3565184879832,673.9636553557166,729.1247167515033,745.6539596479423,287.29166540287224
6,20,12,659.3990523645433,683.0482492286684,700.6927215802428,156.27376799586054,703.2979909275507,732.2354281237965,752.253646626629,141.27892304788162
6,20,13,640.0072171361643,685.1867972353647,700.1550766630377,245.66704252816393,686.6312960269621,740.315053916983,757.4273901806341,233.1316692328315
6,20,14,585.9948018678427,693.9339557987474,704.6440554224847,372.9940340373858,624.098007547876,748.471621262189,760.6220769083657,363.79338221950576
6,20,15,492.5285128961958,697.2801588849695,705.3183134916641,467.47715024685635,515.7629190746703,744.7303693588216,753.7635626267319,459.30790369386784
6,20,16,359.8381987201758,686.1124196862482,703.8422364355986,522.421625051968,369.1304260890998,727.7659428201166,746.7630681743125,513.1027621931144
6,20,17,212.75444528105857,603.3198206694176,649.6654714509872,516.9130924670549,176.63976279283796,645.5090562470521,702.1865584177591,503.4870567006368
6,20,18,84.15568336659135,461.15614190409445,545.8029745201411,390.55039507633796,37.44662078911462,479.11298788555393,586.1547872319445,372.8000770681454
6,20,19,22.822537156471867,157.80000868372366,341.1155643147404,68.3744277483987,13.03525402872349,71.57631127243576,240.33408816736033,43.717696196542526
6,20,20,0.0,0.0,0.0,0.0,0.0,0.0,0.0,0.0
6,20,21,0.0,0.0,0.0,0.0,0.0,0.0,0.0,0.0
6,20,22,0.0,0.0,0.0,0.0,0.0,0.0,0.0,0.0
6,20,23,0.0,0.0,0.0,0.0,0.0,0.0,0.0,0.0
6,21,0,0.0,0.0,0.0,0.0,0.0,0.0,0.0,0.0
6,21,1,0.0,0.0,0.0,0.0,0.0,0.0,0.0,0.0
6,21,2,0.0,0.0,0.0,0.0,0.0,0.0,0.0,0.0
6,21,3,0.0,0.0,0.0,0.0,0.0,0.0,0.0,0.0
6,21,4,0.0,0.0,0.0,0.0,0.0,0.0,0.0,0.0
6,21,5,-0.0,-0.0,-0.0,-0.0,-0.0,-0.0,-0.0,-0.0
6,21,6,3.9948330230311577,26.668533443741183,33.21890661606094,29.54362847453031,17.835061717623837,260.157754043188,335.28545022367393,276.0772574137717
6,21,7,93.23133492993676,321.8250666559037,353.312306281085,332.48823360034265,136.77169065553633,512.1921568857215,562.2661975813911,522.5268703098292
6,21,8,272.1914771609978,528.0862349651296,546.2427456414794,487.2265894343357,322.1625920650204,645.9067952352651,666.819007600034,581.9837354841757
6,21,9,430.0587430781539,618.5965305424703,627.7937379182948,502.1097897067101,485.22646243986526,711.1049141219678,722.0282756235056,557.5528334394343
6,21,10,546.5107146952372,652.928149697726,663.8982919344512,435.4278482589603,609.2816856675357,738.1640841534336,751.3915738684589,463.91158820406906
6,21,11,609.7793596698472,653.6789696326871,668.8507789750157,295.79169787548386,685.365621794086,740.8403795001333,759.2641379889188,299.65164544091596
6,21,12,633.574615032029,652.8360630881792,671.9812055675313,167.69317730113235,710.7389768847584,743.3053451592097,763.4449592967088,152.09495944877574
6,21,13,601.8374869993543,641.2617017627965,656.9676096521953,256.7509267821498,687.6561302079867,743.6276778723335,760.8502487105864,241.24169362886664
6,21,14,567.234057149842,668.33147610911,680.0441536564908,377.16037644527984,629.2612166530067,754.6368445462202,768.123175680059,370.5364687873717
6,21,15,480.13687725807694,670.43935563986,681.5407353809424,466.69666223702654,516.342133477856,746.2665253228329,756.8500479802013,461.50268248069546
6,21,16,355.42993577106216,655.25191575623,674.0944307246732,510.27661816114363,365.84801962589705,715.248721117692,735.4178331164464,505.20428565333145
6,21,17,189.66189861923272,593.5012562670998,641.9901385170632,500.71812399556615,180.1945432918067,628.3031889383057,683.4484713452304,490.3606479802604
6,21,18,52.50613310847843,472.1557812794934,567.5833344243483,386.7065811392969,43.90165294469121,459.81625258771663,559.5845092274712,357.36697845003295
6,21,19,25.300044803669376,66.63220295995906,229.33409271586135,53.03898619899356,14.626337083983378,68.1487182780213,215.48194464931666,41.958021900547315
6,21,20,0.0,0.0,0.0,0.0,0.0,0.0,0.0,0.0
6,21,21,0.0,0.0,0.0,0.0,0.0,0.0,0.0,0.0
6,21,22,0.0,0.0,0.0,0.0,0.0,0.0,0.0,0.0
6,21,23,0.0,0.0,0.0,0.0,0.0,0.0,0.0,0.0
6,22,0,0.0,0.0,0.0,0.0,0.0,0.0,0.0,0.0
6,22,1,0.0,0.0,0.0,0.0,0.0,0.0,0.0,0.0
6,22,2,0.0,0.0,0.0,0.0,0.0,0.0,0.0,0.0
6,22,3,0.0,0.0,0.0,0.0,0.0,0.0,0.0,0.0
6,22,4,0.0,0.0,0.0,0.0,0.0,0.0,0.0,0.0
6,22,5,-0.0,-0.0,-0.0,-0.0,-0.0,-0.0,-0.0,-0.0
6,22,6,-0.0,-0.0,-0.0,-0.0,15.170133989283915,14.346985374633158,10.598120924901409,15.418678795692829
6,22,7,15.43462485856133,14.368862341397042,12.65321948193261,16.112483461581533,17.04294247988094,15.474190702850311,13.334281406797368,16.668867678122226
6,22,8,18.005276698150457,16.68101735178682,16.787232619254308,18.63756456413659,1.1453870904046182,0.7623956208579736,0.7568816871205397,1.054514341148446
6,22,9,225.61356136396404,285.74085043912,295.66895589462035,256.5047868534681,321.45856165388943,425.12098365460326,439.0130405934937,362.1337739835912
6,22,10,386.62054863333674,449.4804343718029,460.5620814475064,345.0240167473606,509.60444783472843,608.8331393688478,621.772234373883,408.6517297006899
6,22,11,338.1523859912543,369.4427005306926,375.92516400717085,256.46806816227524,490.5058834634158,533.8029235849098,545.6574488221106,288.20775353543377
6,22,12,316.47394105778176,346.38834682877564,349.807991168888,227.44668412043842,371.66111602568293,407.18405526751235,411.8897056244343,235.0019857588801
6,22,13,330.82677075895543,364.919310081977,369.1757324754519,259.21730231493177,340.8670283700974,378.2518314262712,382.6438606691036,248.88517817985436
6,22,14,483.4454443680081,557.7037164762944,570.8447021369824,375.6780378369501,466.336310418619,544.8925558510944,557.7327317624087,329.15237659456085
6,22,15,395.68579226499315,496.0693915550765,513.6396596002511,397.87466319409384,389.6928652401557,495.7457942061331,512.8205343473279,368.30920910402426
6,22,16,290.3436330271988,428.7668604349609,444.8383067841832,369.36860773734566,321.7004728927159,518.7299491492681,536.786174057613,407.0591952586088
6,22,17,205.7044608338451,478.6555232325158,512.5525764774222,419.43874632373587,181.3641382773616,338.7497991678125,354.71964434913565,295.08582229590456
6,22,18,78.45521519639468,324.942015830297,379.8374165208115,278.5684665311682,49.77224237247266,434.6075705948599,524.6751181077013,341.44970972204584
6,22,19,18.898262438827636,108.46499709542421,225.7046267842127,49.54518916411296,15.231252073246784,67.91801145104044,208.58967819125252,41.951417952796774
6,22,20,0.0,0.0,0.0,0.0,0.0,0.0,0.0,0.0
6,22,21,0.0,0.0,0.0,0.0,0.0,0.0,0.0,0.0
6,22,22,0.0,0.0,0.0,0.0,0.0,0.0,0.0,0.0
6,22,23,0.0,0.0,0.0,0.0,0.0,0.0,0.0,0.0
6,23,0,0.0,0.0,0.0,0.0,0.0,0.0,0.0,0.0
6,23,1,0.0,0.0,0.0,0.0,0.0,0.0,0.0,0.0
6,23,2,0.0,0.0,0.0,0.0,0.0,0.0,0.0,0.0
6,23,3,0.0,0.0,0.0,0.0,0.0,0.0,0.0,0.0
6,23,4,0.0,0.0,0.0,0.0,0.0,0.0,0.0,0.0
6,23,5,-0.0,-0.0,-0.0,-0.0,-0.0,-0.0,-0.0,-0.0
6,23,6,-0.0,-0.0,-0.0,-0.0,-0.0,-0.0,-0.0,-0.0
6,23,7,1.4927774856775562,1.095919021734291,0.5911561291706637,1.5759196887802969,4.981153712032251,4.307304170173814,3.3819511860104345,4.80243803931273
6,23,8,20.94555971189937,19.45077762715326,19.562963171809006,21.66733438648693,14.370068854430304,13.01008160641095,12.988723309311112,14.081265675055919
6,23,9,63.40215116775074,61.380122808022904,65.12532655885298,65.47123968239099,109.66152987913398,108.92216208197453,115.2163628433295,110.23872106943712
6,23,10,152.11260061494852,164.34421188634397,168.25485772120174,153.7959707877552,121.60188792452195,131.09467082363187,134.12363140990126,119.24896694827848
6,23,11,437.22072153125447,473.1377680796381,483.5793866707681,281.67207742515177,588.6547793650274,633.868499750248,649.5450145468594,289.25541615664395
6,23,12,629.0260627915752,647.3596605091826,667.7596841447787,211.6383766079022,685.3512547432387,708.2276941713993,729.3304783022229,147.1165877412415
6,23,13,612.8202904033915,654.2908442897078,670.1806658597178,275.6876925230714,671.6394477095016,719.5919172731514,736.7003994805506,238.55236452171044
6,23,14,519.4903139802252,610.8239829774931,623.4785692091363,356.83149266082984,613.4531513711047,728.8073960499229,741.3831625137785,369.5727057084696
6,23,15,498.495792649853,664.0814708313786,680.2082382657325,493.64514504875905,320.5863738103836,394.9870388487635,410.6338475590181,310.0791346824458
6,23,16,369.03908533717583,566.2556423236368,585.8633277264523,479.60985909050686,182.23048854139543,204.06557142334077,208.89092249310104,194.78396421204422
6,23,17,249.14990735649016,561.80140821984,599.6127590932139,497.68215283257774,43.03265440362495,39.58596200407433,35.24648082693411,42.44147014162816
6,23,18,62.78096218104205,93.70570032028576,92.61249509507003,92.31100543561999,20.23318157966411,18.441673918890825,13.748567216633388,19.989734664468152
6,23,19,12.683809334979834,71.04381420901723,114.44159766245372,28.488337091994715,10.157927886516603,28.9262670217365,36.6789266737424,14.560974106502803
6,23,20,0.0,0.0,0.0,0.0,0.0,0.0,0.0,0.0
6,23,21,0.0,0.0,0.0,0.0,0.0,0.0,0.0,0.0
6,23,22,0.0,0.0,0.0,0.0,0.0,0.0,0.0,0.0
6,23,23,0.0,0.0,0.0,0.0,0.0,0.0,0.0,0.0
6,24,0,0.0,0.0,0.0,0.0,0.0,0.0,0.0,0.0
6,24,1,0.0,0.0,0.0,0.0,0.0,0.0,0.0,0.0
6,24,2,0.0,0.0,0.0,0.0,0.0,0.0,0.0,0.0
6,24,3,0.0,0.0,0.0,0.0,0.0,0.0,0.0,0.0
6,24,4,0.0,0.0,0.0,0.0,0.0,0.0,0.0,0.0
6,24,5,-0.0,-0.0,-0.0,-0.0,-0.0,-0.0,-0.0,-0.0
6,24,6,2.5550708267779596,146.11562638260833,193.9250822955701,152.72736049359543,15.205798704514754,322.010522932845,418.9181865788013,336.76056780017194
6,24,7,121.38004567249521,503.7049701358067,551.698753131126,512.3116454841226,145.3251455783006,591.7682724513277,648.1814187528995,599.8888107573189
6,24,8,325.1188985009943,657.4205320460782,674.9548026694812,594.5232083406975,350.9281975525801,710.1794195548703,729.1170488644227,635.8090914676661
6,24,9,486.9020315224675,709.735610850546,717.0995581265657,564.6893821312053,515.3844663485736,756.070619492244,764.5441040917805,589.0906961660563
6,24,10,601.4998741893701,721.8243787218876,732.4657925536965,469.8806526345487,630.6898745988362,761.3915521499473,773.0210142114115,477.6042356556141
6,24,11,668.6415494729494,719.1606024582968,734.7597712975028,306.861048272727,700.1857515843162,756.6767051323944,773.4462931649772,301.921207058188
6,24,12,694.3090515655974,718.8466433020347,737.4495684707215,160.0410418012848,722.3924402459542,750.848257985644,770.7968343889231,146.10299584375335
6,24,13,677.2756990015364,724.0061064925372,739.9652272870948,252.19815955156213,702.0867644405006,753.8620118503221,770.7966200911903,239.65297933874734
6,24,14,615.824924031393,728.47512213327,739.6047519957824,384.50348082187776,636.8473936750822,757.3281847848476,769.1048788626423,375.45293578259646
6,24,15,517.439970404221,733.1061856418462,740.8703836652559,485.33876681684796,525.7746440472763,747.3967145392991,755.357223207954,475.4988763378859
6,24,16,376.70030632673746,718.5070267103455,734.9236089126028,541.5268204265125,376.92010037520515,717.6838697227613,733.3370268473099,528.86806250488
6,24,17,184.1788399473314,668.9635557175241,723.7356442387104,550.7243111096033,182.7448250764365,658.85607870546,711.9928627246752,532.2079753946941
6,24,18,31.74940395621415,552.8473400006575,667.0101357748215,445.18343991389514,27.92509236669659,527.8850403872419,638.5674937869461,417.2131628560032
6,24,19,16.24697992453132,78.19976356648647,338.878604008083,62.13148080182895,12.902837467986393,67.67515110822336,282.42722703902706,50.977173493815414
6,24,20,0.0,0.0,0.0,0.0,0.0,0.0,0.0,0.0
6,24,21,0.0,0.0,0.0,0.0,0.0,0.0,0.0,0.0
6,24,22,0.0,0.0,0.0,0.0,0.0,0.0,0.0,0.0
6,24,23,0.0,0.0,0.0,0.0,0.0,0.0,0.0,0.0
6,25,0,0.0,0.0,0.0,0.0,0.0,0.0,0.0,0.0
6,25,1,0.0,0.0,0.0,0.0,0.0,0.0,0.0,0.0
6,25,2,0.0,0.0,0.0,0.0,0.0,0.0,0.0,0.0
6,25,3,0.0,0.0,0.0,0.0,0.0,0.0,0.0,0.0
6,25,4,0.0,0.0,0.0,0.0,0.0,0.0,0.0,0.0
6,25,5,-0.0,-0.0,-0.0,-0.0,-0.0,-0.0,-0.0,-0.0
6,25,6,2.429853088859099,128.46564294499422,171.05843871326232,135.2360596188629,14.856483145258746,299.8537205974598,390.06663869210274,314.14207316227225
6,25,7,115.65934575177052,486.272989095276,534.2075513783477,495.6963483199509,139.42093033605337,548.1873036909055,599.3249217466306,556.6565031802065
6,25,8,313.47602997704934,629.3684644771795,646.7374831812907,571.6111238254897,331.9746448501433,672.6282917895259,691.6216895619123,603.0890011789902
6,25,9,463.9366551639209,673.0802902789871,680.8841897985512,539.8890725234512,489.7545685807967,715.8908939728685,724.4321122371944,558.52578728388
6,25,10,560.9056674470645,670.623939809815,681.3245943735211,447.75786615911716,600.5112796966613,725.0463253120398,736.3795187183568,454.39686862150177
6,25,11,548.4835430122087,588.8243404369184,603.0055213667898,312.1775597994039,554.0724885454589,597.6683668868109,612.5031590117968,286.5423961554873
6,25,12,534.0115548302103,549.7628745408953,568.0306748184289,196.36753812128984,562.9855802561161,581.8449051051927,601.5328491284474,178.3970698330987
6,25,13,605.8736979499262,646.0112723096897,661.4084791057026,285.4885781043142,678.8935847843594,730.6373921433858,747.2916331195157,232.35729421892785
6,25,14,559.3674456059798,651.5770322695648,665.0420540149835,398.71944443736595,544.6475162707592,643.1814283176575,656.6505619101322,349.48331758434944
6,25,15,405.0911079004346,523.4013358296512,539.7805574027046,404.17021750129254,437.04315315198755,598.8228380169672,613.2138802876564,404.9307072913851
6,25,16,383.6836054607384,699.4998562128337,718.8815322218287,546.77095887851,371.73157411054365,715.2974392620584,733.2865847650855,511.04583648634275
6,25,17,185.07246910507922,596.9130646878555,646.323132848166,498.3917571529721,181.44871034647494,637.4840088414586,690.7763257749814,504.24790740457354
6,25,18,41.14323945414096,521.8447456407872,627.302085811564,423.7735303277941,36.88225022037067,490.71271140402774,594.1538522190265,385.08572121268304
6,25,19,19.259954721192685,68.48825816670009,276.62510006694333,55.351654705493736,15.171306452256998,54.10805386313132,221.26569520770843,44.33586106835428
6,25,20,0.0,0.0,0.0,0.0,0.0,0.0,0.0,0.0
6,25,21,0.0,0.0,0.0,0.0,0.0,0.0,0.0,0.0
6,25,22,0.0,0.0,0.0,0.0,0.0,0.0,0.0,0.0
6,25,23,0.0,0.0,0.0,0.0,0.0,0.0,0.0,0.0
6,26,0,0.0,0.0,0.0,0.0,0.0,0.0,0.0,0.0
6,26,1,0.0,0.0,0.0,0.0,0.0,0.0,0.0,0.0
6,26,2,0.0,0.0,0.0,0.0,0.0,0.0,0.0,0.0
6,26,3,0.0,0.0,0.0,0.0,0.0,0.0,0.0,0.0
6,26,4,0.0,0.0,0.0,0.0,0.0,0.0,0.0,0.0
6,26,5,-0.0,-0.0,-0.0,-0.0,-0.0,-0.0,-0.0,-0.0
6,26,6,3.0940564083160607,53.171893998552825,70.13839933347073,58.14944269219313,16.926494962354724,247.48905576507934,323.07773600674955,263.1041222111221
6,26,7,101.49390087853122,402.2389780418786,443.5836207371505,413.59960665347825,131.53811036225983,515.6436103437064,566.2518754889584,525.9652512909795
6,26,8,287.6466165558928,576.1948671891857,594.293481398394,526.9151398952172,320.5376292103965,647.9936766866111,667.5645349909578,584.1774756060472
6,26,9,444.8417739335381,643.4724217729503,651.6676225021531,519.1650681178423,478.25413391172725,704.5385624037475,714.0209361837013,552.444992172814
6,26,10,563.0218407453405,673.248815924623,683.9764754126132,449.9377048143485,592.6162098628536,716.4826196957124,728.1477427549366,453.0415649426166
6,26,11,620.3708960516304,668.2278426045706,682.7829480834417,301.99336969305193,666.900634799127,722.6640651638639,739.2105287246853,292.9672041909383
6,26,12,633.3413555213339,652.6294578403941,671.996629383157,172.5017786210978,697.3500094572977,726.545798700541,746.5027198813436,147.14338834575696
6,26,13,622.011290592597,662.5018297135746,678.487419761081,245.3145528963472,680.9520705218844,732.8554699942993,750.112372410866,233.45870435998862
6,26,14,533.7047631813941,628.4066535783314,640.6738085956242,352.6636681862859,619.2223858003016,738.5951488886144,751.1683700774503,361.86249531876615
6,26,15,417.81179012921217,572.2100987840851,584.3193161167898,406.1035357734946,515.6376921539193,738.4389582998343,747.6832471366006,456.52485141825804
6,26,16,365.66262211735983,655.2977475744088,674.4975650000346,515.0757239538822,370.83785042746285,719.8714374115509,738.4417648142883,509.1623654852148
6,26,17,198.3086843833339,600.8435270664364,648.9080117666083,507.2105336033662,180.36804811772478,640.764397300053,695.7054893978536,501.15814954816415
6,26,18,53.694294645785746,449.5752881662271,537.1364422829744,368.0864070621455,37.41025084092994,488.4729298367761,591.5808095398833,381.2026774098496
6,26,19,20.335509167255776,122.09284647798138,257.2361413518671,56.177085488718454,13.067770697411103,76.40194933080394,250.25502992861584,46.741178454019014
6,26,20,0.0,0.0,0.0,0.0,0.0,0.0,0.0,0.0
6,26,21,0.0,0.0,0.0,0.0,0.0,0.0,0.0,0.0
6,26,22,0.0,0.0,0.0,0.0,0.0,0.0,0.0,0.0
6,26,23,0.0,0.0,0.0,0.0,0.0,0.0,0.0,0.0
6,27,0,0.0,0.0,0.0,0.0,0.0,0.0,0.0,0.0
6,27,1,0.0,0.0,0.0,0.0,0.0,0.0,0.0,0.0
6,27,2,0.0,0.0,0.0,0.0,0.0,0.0,0.0,0.0
6,27,3,0.0,0.0,0.0,0.0,0.0,0.0,0.0,0.0
6,27,4,0.0,0.0,0.0,0.0,0.0,0.0,0.0,0.0
6,27,5,-0.0,-0.0,-0.0,-0.0,-0.0,-0.0,-0.0,-0.0
6,27,6,6.1222463354748005,38.15087639657044,48.24920102650183,41.86196131587216,21.40440732813692,189.28635793420233,244.04103766269012,203.73511219105094
6,27,7,92.09118829559593,315.7836408637723,347.3779285527772,328.1526243209502,130.85385483547196,477.0762437744179,524.268302457367,490.275502266696
6,27,8,270.2482728822698,531.9252694181951,550.6300010636008,491.1108916180303,313.26071048511693,630.4963313988779,651.1925746471743,570.6807246246037
6,27,9,433.9931839650881,626.5651365086366,636.2347543603336,510.83843712188997,474.6246001227074,696.5329292554633,707.048779704217,549.6967717437462
6,27,10,552.2808107204326,661.2489959796668,672.5347305150812,444.4970986024812,595.1942495273299,721.0076780607303,733.7158647843573,458.45594279331067
6,27,11,619.110437970602,663.9946464742468,679.6310469762409,304.4174458346431,665.2717825742003,721.9598192085937,738.5940348520094,295.99402539354
6,27,12,641.2277595757669,659.9511936227341,679.635132121594,170.0268975917086,696.2346449970527,726.5764321760189,746.5008688098839,150.48972595683844
6,27,13,651.278099415504,691.4359097472031,708.5303228618867,266.59454231775476,678.9333882955581,731.5443347954928,748.8825131189063,235.95830486899678
6,27,14,579.8812541058301,681.0138909879128,693.7504264292415,381.48006841303356,623.124512634417,743.4438574833763,757.1361363730214,364.5639669976414
6,27,15,492.83581058139083,680.9788149473519,692.7001475584019,476.77919959768,515.0106280766397,736.6335584290649,747.4456863555515,458.91833726630244
6,27,16,355.57547144554735,627.9188003287636,646.4828820722475,494.6814304112437,369.8123164660524,708.6339635968353,728.4953764454249,504.8182832448234
6,27,17,198.47327841801737,574.7720391414065,619.6638234525361,486.3206570610731,186.75865655148883,616.6111499485056,668.7800231168159,487.33693323258973
6,27,18,61.33912895842102,475.3929632664338,564.9152280012026,392.3443729576059,46.14132077837389,453.6632873561103,545.4592746558983,355.4147717708503
6,27,19,28.377503879351643,64.92459188473131,215.79983402771788,54.66029996813351,16.018246601546544,68.08515525415088,199.92226939211935,42.28390999083711
6,27,20,0.0,0.0,0.0,0.0,0.0,0.0,0.0,0.0
6,27,21,0.0,0.0,0.0,0.0,0.0,0.0,0.0,0.0
6,27,22,0.0,0.0,0.0,0.0,0.0,0.0,0.0,0.0
6,27,23,0.0,0.0,0.0,0.0,0.0,0.0,0.0,0.0
6,28,0,0.0,0.0,0.0,0.0,0.0,0.0,0.0,0.0
6,28,1,0.0,0.0,0.0,0.0,0.0,0.0,0.0,0.0
6,28,2,0.0,0.0,0.0,0.0,0.0,0.0,0.0,0.0
6,28,3,0.0,0.0,0.0,0.0,0.0,0.0,0.0,0.0
6,28,4,0.0,0.0,0.0,0.0,0.0,0.0,0.0,0.0
6,28,5,-0.0,-0.0,-0.0,-0.0,-0.0,-0.0,-0.0,-0.0
6,28,6,5.955278094714615,45.40950561845722,58.367413051593765,49.10033678476416,19.688516832136802,201.19565000983886,261.34625903891424,214.76787818395874
6,28,7,97.0550816682892,357.0054297529318,394.61029904475004,370.9548384226058,129.42469322568624,480.985944816057,528.212404916074,493.04616034286363
6,28,8,279.24240016136275,555.0935884780256,573.9676397597821,510.75000238986337,311.84996049486455,627.5582566038287,647.7583782774192,566.9984631115944
6,28,9,439.61012662961264,637.2646390034164,646.4860232969106,517.5531451662872,470.2605378826638,688.0044316973625,698.3509681732785,542.6642148107012
6,28,10,550.2168695204612,658.1748810099192,668.8613112677832,441.55021390538496,587.0918886921597,709.9301160265471,722.3444818638203,451.34004700669504
6,28,11,616.5093775643984,663.6883664467713,678.2816854056119,301.0226273070739,661.4962397629869,714.0834198837946,731.6572006202306,292.5159276793811
6,28,12,641.2327032046903,665.4990572472915,682.5813636204057,167.06760638297268,686.4449842041098,716.3158846647804,735.7423307327017,145.10473624861143
6,28,13,620.700539808421,660.2566355186509,676.2825255251254,247.8057149488588,670.6060207313584,722.0609771049807,739.0619539540977,229.539972432992
6,28,14,583.374649327709,685.1728331518744,697.1400653334022,377.7287604153268,615.3329179328992,732.4411539376903,745.6954452355315,358.386119254937
6,28,15,497.11975334296466,691.6888413010524,701.6437089952391,474.98275531327636,508.64394569421825,723.3754376602947,733.7584961008723,452.7864814304669
6,28,16,364.4672051385119,669.4331649709869,687.9141887926761,518.4558088835373,365.51787299614296,692.5939947159865,711.0081814718571,500.47198162805756
6,28,17,196.70913147580825,597.1558750649845,644.6874508677726,504.23125064188474,184.7252810592362,606.4231751639289,655.8371800603401,486.6915522067157
6,28,18,60.23359942821064,464.65356365545364,551.9797734487482,383.57855524970927,44.260894411204966,453.16716034268853,543.1341155273158,359.6354472010047
6,28,19,27.994555934044463,63.65466430899739,209.61417325325147,53.520039172456585,15.506882581800603,69.52709705047711,207.7024648636566,43.10119922902785
6,28,20,0.0,0.0,0.0,0.0,0.0,0.0,0.0,0.0
6,28,21,0.0,0.0,0.0,0.0,0.0,0.0,0.0,0.0
6,28,22,0.0,0.0,0.0,0.0,0.0,0.0,0.0,0.0
6,28,23,0.0,0.0,0.0,0.0,0.0,0.0,0.0,0.0
6,29,0,0.0,0.0,0.0,0.0,0.0,0.0,0.0,0.0
6,29,1,0.0,0.0,0.0,0.0,0.0,0.0,0.0,0.0
6,29,2,0.0,0.0,0.0,0.0,0.0,0.0,0.0,0.0
6,29,3,0.0,0.0,0.0,0.0,0.0,0.0,0.0,0.0
6,29,4,0.0,0.0,0.0,0.0,0.0,0.0,0.0,0.0
6,29,5,-0.0,-0.0,-0.0,-0.0,-0.0,-0.0,-0.0,-0.0
6,29,6,4.089478523123878,16.826926234157686,20.385063417854223,18.38815748220604,15.766965672638499,245.6970786331551,324.0132912142225,260.69788713873214
6,29,7,77.75196806766446,266.86423777124327,294.3047607584835,278.35274516722313,129.26997447843772,513.5380237939179,563.0769358686424,523.6951692515495
6,29,8,277.780179792498,552.9949310712412,571.924070476407,509.13780857590643,316.14969199860917,638.1330654166987,656.5909551266565,575.3590187382711
6,29,9,429.9942500776036,623.4787453864859,632.7311700861811,507.2146137587045,468.9440897566881,686.6371446471749,695.5222189281826,540.6289333247586
6,29,10,541.7760599812332,649.107615720626,660.2404738581486,436.4882135892759,580.1430856634606,698.7467384234143,709.8299444576495,444.51749405388193
6,29,11,607.8317660594629,654.303700784727,668.8055664843669,297.92987396097504,650.7276231126576,703.3905389503772,719.2405856100287,286.61324494981784
6,29,12,635.8864878081198,659.6892531991698,676.7610356991678,165.9842839851322,684.0366328507905,710.6263593474893,730.1316268716533,137.28118300833722
6,29,13,630.6975893483315,670.6429007779817,686.8026726383393,256.91725092557425,670.660927804159,719.2279498869086,736.1988758342418,223.19356382459122
6,29,14,568.1975935255078,666.6495550428941,679.134515328435,371.49715585649153,612.593784745917,727.4788690906495,739.595373870846,353.265168116285
6,29,15,511.34302013823805,708.1019362338942,719.1827083390077,491.70323432861363,508.39226404747274,721.4913759114788,730.4527459802104,448.9778126414217
6,29,16,365.3838510734185,663.7489982822469,682.4031471311818,516.8369488595433,368.39575146645495,703.4722326903575,720.9241984072637,503.1546409148166
6,29,17,209.28969540976996,599.5446527925039,645.2339419199199,510.1314951882129,182.79583566800167,627.7245434022482,679.5879029694785,496.92126079716877
6,29,18,66.51030632825695,472.19393979928014,558.8190627606119,391.79046355553635,41.4525861460376,473.21277293974106,568.8431818519919,374.5142853814918
6,29,19,25.344404706969534,72.67714938458823,240.80821763525643,56.129047102851494,14.279217405413695,73.54565876380305,230.17212921011696,45.20235382697989
6,29,20,0.0,0.0,0.0,0.0,0.0,0.0,0.0,0.0
6,29,21,0.0,0.0,0.0,0.0,0.0,0.0,0.0,0.0
6,29,22,0.0,0.0,0.0,0.0,0.0,0.0,0.0,0.0
6,29,23,0.0,0.0,0.0,0.0,0.0,0.0,0.0,0.0
6,30,0,0.0,0.0,0.0,0.0,0.0,0.0,0.0,0.0
6,30,1,0.0,0.0,0.0,0.0,0.0,0.0,0.0,0.0
6,30,2,0.0,0.0,0.0,0.0,0.0,0.0,0.0,0.0
6,30,3,0.0,0.0,0.0,0.0,0.0,0.0,0.0,0.0
6,30,4,0.0,0.0,0.0,0.0,0.0,0.0,0.0,0.0
6,30,5,-0.0,-0.0,-0.0,-0.0,-0.0,-0.0,-0.0,-0.0
6,30,6,3.6824341638537867,73.59878883684854,98.85106221678473,79.08427241686915,17.588999059573236,235.5267842907375,311.02961174642115,251.43163119089408
6,30,7,101.36668028529924,410.95103992432894,453.717004130012,423.4332585374721,130.6791292909668,512.4137278654092,562.6471919414632,523.7973215375636
6,30,8,289.9209891229255,583.7926581674429,602.4606202072476,534.8731392397668,320.4931879162554,648.2738368645614,667.7965917607571,584.9292580404122
6,30,9,446.0112586433504,649.7437216777492,658.7047656377895,525.5102077571213,478.44721187880924,704.3656596575552,713.6808609591592,552.3538303733392
6,30,10,553.2963942310915,662.6963384694631,674.1841725147555,446.9379678766156,592.7072177252504,716.1230485100982,727.818333322157,453.02052414938714
6,30,11,626.4336886252123,673.7592328091408,688.8884255224586,304.429471840435,667.1938787532836,722.061636293794,738.785391791955,292.22908136518754
6,30,12,659.8943641540366,682.2593385359694,700.5996437155985,162.41105126705182,696.5242190812435,724.3428771110762,744.5621127254437,142.5420636223642
6,30,13,649.506125762351,692.1937301336139,708.131609771882,250.16510479881217,681.3735781810678,731.0031496712407,748.5595918466364,228.03355381359785
6,30,14,591.0031057850166,693.3801457006981,705.7862998831271,380.25499596183533,622.1690676185679,738.6328350710788,751.3086446548463,358.5741239754525
6,30,15,540.479261077561,747.4982671098834,758.7772949178946,518.4533003532731,520.3211108302294,740.5925657266503,749.5784833708381,456.06927351288397
6,30,16,355.0310089008109,628.0275321059736,646.4156964514199,492.0875991501438,376.4418086077634,725.4023322426348,743.0426490126722,512.9426829385249
6,30,17,191.32952426777686,598.1157035252809,646.7327762099275,500.31634814589813,183.7638868261073,650.681263214381,704.8434211572015,509.09090804057854
6,30,18,48.23484521357454,513.1268852889782,613.3152684593279,418.5350417776868,35.21263278307948,500.53306427535756,603.8872460836775,392.29662429953305
6,30,19,19.869235325243142,74.45499327874892,301.5725332249613,59.67066347789018,15.150647518697024,56.103515189736065,229.34703518163096,45.65690123030248
6,30,20,0.0,0.0,0.0,0.0,0.0,0.0,0.0,0.0
6,30,21,0.0,0.0,0.0,0.0,0.0,0.0,0.0,0.0
6,30,22,0.0,0.0,0.0,0.0,0.0,0.0,0.0,0.0
6,30,23,0.0,0.0,0.0,0.0,0.0,0.0,0.0,0.0
7,1,0,0.0,0.0,0.0,0.0,0.0,0.0,0.0,0.0
7,1,1,0.0,0.0,0.0,0.0,0.0,0.0,0.0,0.0
7,1,2,0.0,0.0,0.0,0.0,0.0,0.0,0.0,0.0
7,1,3,0.0,0.0,0.0,0.0,0.0,0.0,0.0,0.0
7,1,4,0.0,0.0,0.0,0.0,0.0,0.0,0.0,0.0
7,1,5,-0.0,-0.0,-0.0,-0.0,-0.0,-0.0,-0.0,-0.0
7,1,6,2.1527804303008997,79.44143505672749,108.29579328864071,86.10959374297212,15.317070203521261,252.09435840775262,335.6707420087957,267.0358594304107
7,1,7,99.72549217315402,414.43633141483855,457.6522716486647,426.4712389291037,128.51053539110853,519.2258955587366,570.3853267612984,530.0854374175816
7,1,8,285.0189630277619,576.2393702667166,594.7742472880425,527.8971598033299,317.8146701784578,647.6859800836845,667.2369493924158,583.7267979662267
7,1,9,440.2823212778201,637.8724530647535,646.3047954655402,516.7458550439421,475.65627821594177,701.9568611742094,711.3044816353323,550.0510726729792
7,1,10,552.1207560854065,661.3408840260552,672.2000519906662,443.1266022424958,588.7089428028778,711.5847860879934,723.400612780811,450.6789605704679
7,1,11,621.5751324304412,665.8893281317006,682.1422314206025,308.51016353899496,663.0675007874362,717.635049528103,734.5846265703015,290.88035819449146
7,1,12,602.8553308905135,616.7227577051657,637.7946905154193,177.95353718273225,696.917566062663,723.8707556598058,744.4884588928614,139.79802347762734
7,1,13,576.1362724506045,610.4323824120203,626.964877722468,239.52673333178274,681.6065477185593,730.65498704328,748.5453780024071,225.19886200021702
7,1,14,585.9823358668084,687.0269126906568,699.4979063431215,376.10491632160324,619.6044440430971,735.3826496862624,748.1854724916707,355.1826504071403
7,1,15,475.7295089047019,662.3088762694085,673.254910994311,453.33788488837257,516.8988711324857,735.0241417929927,744.243491446983,451.9931151647731
7,1,16,367.3390372916663,676.2262649390784,694.7140036206437,520.0696219360398,373.5182462276096,716.7053258559358,734.4795660781605,506.59195010399225
7,1,17,202.11717859627566,649.0079454945328,700.7689808625389,543.7943652724493,184.10769597809977,639.9578756481216,693.3082790585665,500.9895984439056
7,1,18,37.40602732712204,516.4705104476479,620.6086555543296,417.4116625488529,38.54253934447512,487.01946967051356,587.2173729228562,381.84370077416133
7,1,19,24.938245166739318,94.82946980341364,381.99592542590494,71.91140282215318,13.079016124136649,76.39218107887626,248.6629813457505,46.58254211801886
7,1,20,0.0,0.0,0.0,0.0,0.0,0.0,0.0,0.0
7,1,21,0.0,0.0,0.0,0.0,0.0,0.0,0.0,0.0
7,1,22,0.0,0.0,0.0,0.0,0.0,0.0,0.0,0.0
7,1,23,0.0,0.0,0.0,0.0,0.0,0.0,0.0,0.0
7,2,0,0.0,0.0,0.0,0.0,0.0,0.0,0.0,0.0
7,2,1,0.0,0.0,0.0,0.0,0.0,0.0,0.0,0.0
7,2,2,0.0,0.0,0.0,0.0,0.0,0.0,0.0,0.0
7,2,3,0.0,0.0,0.0,0.0,0.0,0.0,0.0,0.0
7,2,4,0.0,0.0,0.0,0.0,0.0,0.0,0.0,0.0
7,2,5,66.81809839292525,108.17317486152648,429.18785766456784,111.15623574578437,-0.0,-0.0,-0.0,-0.0
7,2,6,85.04754121096477,558.5030633958269,701.961396899001,585.0956634093213,16.47974846431361,226.47993262655535,302.2865566502446,242.1264121471602
7,2,7,207.74866729133709,665.1957561295059,720.9517695729024,688.7117904795551,127.26393779109146,506.5195881931115,557.3078310945525,518.5739666643861
7,2,8,370.2549552064154,695.0264599482435,717.1805096897297,649.6803066342866,316.29719505444683,644.2551162765969,664.2200524963276,581.5414045252118
7,2,9,487.7224698501087,694.849316962019,706.440653456914,575.5761483456691,475.9137521616952,703.650420231165,713.190574568694,551.2818011186229
7,2,10,571.5638753485738,681.5941344765478,694.1487001513316,469.36432611808874,589.2251577346971,712.6727595244255,724.644698326382,451.10352125587207
7,2,11,622.172922009213,666.5435074052726,682.7335526143529,316.93844825736,661.3812711939256,715.4111931762714,732.4996438768467,290.1679451106005
7,2,12,645.4675297992027,663.4788511430784,683.6903752839527,178.08409793133566,683.6398533421743,711.281091351659,731.3441035421391,144.6457744720681
7,2,13,643.4875838449378,680.6133868049229,698.4855136807433,260.3207280660838,673.6357160416673,718.7086755434536,737.8913935779157,225.42588155379218
7,2,14,526.5679608560815,610.4025983644834,623.8548785480004,374.5967282820622,611.7810198391174,725.0686107186884,738.9588900175683,355.7169155887078
7,2,15,506.1117510568269,695.4376207847621,707.4092616500517,486.3836780462767,465.5686255003001,643.96917421571,657.2896424438254,420.7153349416899
7,2,16,372.4887177643676,669.7455487557727,688.641808714051,522.7524812134418,367.7516206948528,700.24031896493,718.8578853873337,497.71586894931363
7,2,17,208.26788828374254,556.9463676378599,598.7742319048281,476.5699698566737,185.67614434890828,619.1514569208723,670.4553861090252,488.0076104263521
7,2,18,78.14261178114391,265.210510152038,305.11593190129577,232.3036470055826,68.45367575528978,155.39454124067663,168.49214180153174,139.3250356817107
7,2,19,-0.0,-0.0,-0.0,-0.0,9.684673098969698,26.606595390196098,33.15713264185101,13.578091456463762
7,2,20,0.0,0.0,0.0,0.0,0.0,0.0,0.0,0.0
7,2,21,0.0,0.0,0.0,0.0,0.0,0.0,0.0,0.0
7,2,22,0.0,0.0,0.0,0.0,0.0,0.0,0.0,0.0
7,2,23,0.0,0.0,0.0,0.0,0.0,0.0,0.0,0.0
7,3,0,0.0,0.0,0.0,0.0,0.0,0.0,0.0,0.0
7,3,1,0.0,0.0,0.0,0.0,0.0,0.0,0.0,0.0
7,3,2,0.0,0.0,0.0,0.0,0.0,0.0,0.0,0.0
7,3,3,0.0,0.0,0.0,0.0,0.0,0.0,0.0,0.0
7,3,4,0.0,0.0,0.0,0.0,0.0,0.0,0.0,0.0
7,3,5,-0.0,-0.0,-0.0,-0.0,-0.0,-0.0,-0.0,-0.0
7,3,6,2.569193521852742,2.442967053374653,1.2902134801520238,3.009395558525336,17.025057135399788,200.7349743134521,267.35890414428854,213.35995206608365
7,3,7,69.97945570012216,150.59473828165932,159.807076428235,160.22195652576764,73.24793410568871,77.1641207919084,71.16336942243682,82.35759406649204
7,3,8,87.69237380233861,91.18530299219766,91.9609428707831,97.65124201151788,56.38294836425771,52.586627977029636,52.299087074466485,56.209385290412015
7,3,9,34.735159163565605,33.2912961732241,35.445685551246136,35.76991418491077,26.66424733554151,25.32492166947412,27.00802982213989,26.310377371112253
7,3,10,69.84473486034872,74.40874790823855,76.15933534625032,71.84217607091952,118.73949683834944,127.78306637679256,130.71389252616996,116.25732127284104
7,3,11,6.779547176743101,8.232896521415322,8.182613039469164,7.073591057275709,19.333928788149315,22.567839683858253,22.44464801487084,19.172787198758837
7,3,12,0.7346033102498946,1.5477425387865107,1.4371448597899874,0.8606622461131527,24.280123635473565,29.238501149578333,28.575564123752894,24.139438593176084
7,3,13,2.055266113220096,2.9146129742279023,2.868247712197251,2.135014545849028,24.239307384422133,28.377333027251268,28.12717519934576,24.065389429812964
7,3,14,3.5757206357717926,4.123389005753236,4.276202309506004,3.740484227421341,20.513355106064676,22.31881142337315,22.79383460466019,20.28982793570981
7,3,15,14.774863809793887,14.27378800580708,15.241817599188117,15.209984981269534,23.837048123869504,23.06708556209439,24.472508390282584,23.515277988705666
7,3,16,83.75203274215056,80.89801903394788,82.35395160963871,87.40120774104818,81.97864537691692,78.80090490759687,79.85492589014935,82.3338951464205
7,3,17,144.9392339343039,180.83494443296433,179.68271614875587,181.30487783071305,106.11443696387084,122.51705017126442,117.74467435956969,121.23424026309281
7,3,18,70.88294002969769,107.65112844497519,107.42735083167247,106.05368464230651,68.92412440199348,189.41652950460008,210.33134533269407,163.7801942342445
7,3,19,18.57566572880262,174.37820871428588,256.7646150685646,55.474521031356694,15.58716785035619,84.69313986444168,122.94174284223168,31.6406586464923
7,3,20,0.0,0.0,0.0,0.0,0.0,0.0,0.0,0.0
7,3,21,0.0,0.0,0.0,0.0,0.0,0.0,0.0,0.0
7,3,22,0.0,0.0,0.0,0.0,0.0,0.0,0.0,0.0
7,3,23,0.0,0.0,0.0,0.0,0.0,0.0,0.0,0.0
7,4,0,0.0,0.0,0.0,0.0,0.0,0.0,0.0,0.0
7,4,1,0.0,0.0,0.0,0.0,0.0,0.0,0.0,0.0
7,4,2,0.0,0.0,0.0,0.0,0.0,0.0,0.0,0.0
7,4,3,0.0,0.0,0.0,0.0,0.0,0.0,0.0,0.0
7,4,4,0.0,0.0,0.0,0.0,0.0,0.0,0.0,0.0
7,4,5,-0.0,-0.0,-0.0,-0.0,-0.0,-0.0,-0.0,-0.0
7,4,6,5.333390343107618,22.055203769645253,27.492377777262266,23.91075449725856,24.43030274719616,22.32346662890597,16.346740170997947,23.97035094697203
7,4,7,86.26019980457508,285.8314367127812,315.2645944555554,300.0984878676262,107.47124237106813,158.56602554513856,160.03832609593434,168.86536141040617
7,4,8,269.36260530807044,525.7890738628541,545.405595984965,490.5742797175345,295.28659363356167,579.0336126551675,599.4728861843129,531.4017818531009
7,4,9,409.25625019962536,582.2682201968803,594.5296520279428,487.40628371172147,342.73203146516977,453.74718733139736,468.82550000491887,389.98006799031504
7,4,10,422.30201204283725,492.85545296272625,504.7707884503512,375.31986779653874,459.09086285890487,544.9564559936807,557.7183321828055,382.0237982293988
7,4,11,447.2748729638825,485.92916439865775,495.60144496677077,314.79655081351507,497.72426120441935,539.3522552510457,552.1401080004205,294.93595167244933
7,4,12,621.1190756221276,642.950967912348,662.1849531223708,245.0980171803874,525.0208083956902,548.244876931212,564.859989985784,203.5392925221239
7,4,13,487.86021419693026,522.7375778556739,534.9861041164563,278.9003241054561,552.6567559048642,589.9594097067152,606.4774255650937,242.14369474805275
7,4,14,510.3296879904406,589.3374979792851,603.1317513795516,369.52717860986735,620.0675225938209,732.9655595129565,746.5438040724088,357.4265513927119
7,4,15,490.54553750911987,637.0725483058021,653.5322282892589,482.1355021011352,425.95455489745405,538.4669200782696,556.1259428238894,400.1646923977559
7,4,16,372.3002972900745,618.198089209886,637.6912555175636,501.9031435481424,294.28190627320555,408.1288998652915,422.5524013974326,346.39661968545244
7,4,17,216.23284362042614,589.7348445430121,633.7842859681393,503.9140306116926,190.4113139539039,597.33294672293,645.3538704237784,479.5845273622178
7,4,18,59.294761197491056,488.7784407414433,581.9237684711691,401.9955787928646,48.57557064581408,439.97717481910087,527.0953608129809,349.7118816190274
7,4,19,28.66413008968288,64.63510242086382,220.2219493751363,54.84393241856422,16.902332719527422,64.83308099762301,186.1542984694289,40.79825944422613
7,4,20,0.0,0.0,0.0,0.0,0.0,0.0,0.0,0.0
7,4,21,0.0,0.0,0.0,0.0,0.0,0.0,0.0,0.0
7,4,22,0.0,0.0,0.0,0.0,0.0,0.0,0.0,0.0
7,4,23,0.0,0.0,0.0,0.0,0.0,0.0,0.0,0.0
7,5,0,0.0,0.0,0.0,0.0,0.0,0.0,0.0,0.0
7,5,1,0.0,0.0,0.0,0.0,0.0,0.0,0.0,0.0
7,5,2,0.0,0.0,0.0,0.0,0.0,0.0,0.0,0.0
7,5,3,0.0,0.0,0.0,0.0,0.0,0.0,0.0,0.0
7,5,4,0.0,0.0,0.0,0.0,0.0,0.0,0.0,0.0
7,5,5,-0.0,-0.0,-0.0,-0.0,-0.0,-0.0,-0.0,-0.0
7,5,6,7.08351835469833,10.84248291351998,10.658462378229656,12.005504595012367,28.683319806142464,31.62426181080988,26.76236749352836,33.83211861749658
7,5,7,87.95501564058847,228.0753944303207,247.39525617241256,241.84221540147607,115.07271572424906,256.8681072225119,272.50102980903233,268.72121189909353
7,5,8,247.73108622957525,460.95175526492505,478.7581465663944,435.41968743661204,303.8084555088168,612.7265332941582,633.2702129773774,557.7599119269069
7,5,9,420.36271842994637,603.2608207999187,614.7833945600746,500.7676919550354,462.687893056616,677.7481518253373,688.0413766782485,537.9132438511932
7,5,10,503.54449426971223,600.1310954848575,612.754834284708,420.70950175289516,578.8321840761431,698.3061662688712,711.1038478779523,449.1973906464405
7,5,11,594.3078307745753,634.7872621524822,651.7237570804932,317.3016486523275,570.5193959357595,613.0743545634124,630.1452777683254,284.90135552619364
7,5,12,600.8866944019709,614.1687294519405,635.5827222171164,185.81035259305307,685.6686441216707,704.386297857822,727.9914464447444,143.4162119143901
7,5,13,643.198022909432,679.9011219634615,697.93376782404,278.57116956427654,539.9737400331868,575.2933604757748,591.5898152060919,235.49256636673584
7,5,14,416.53302248572294,478.65746984076736,490.3571103087822,313.0433888820114,487.7301126981337,565.1225580435046,578.5452102262113,335.8662581257656
7,5,15,493.1323080580543,657.152045360872,671.8187554932448,479.7260423739869,515.4560463977655,728.7090704154524,739.4238168708935,453.0360841032585
7,5,16,383.30690429458383,659.3469344138308,678.4612727683955,525.3988829828547,340.1042582398061,594.267425943286,612.6194527233911,443.8477306446463
7,5,17,250.2441797994477,581.428439981121,620.4864615205768,512.9323039291922,201.51545031448907,425.6392202789102,450.4736273589869,362.5555576612164
7,5,18,71.04480125628746,377.54748672461045,445.21322813208167,316.07666288972416,45.61766819682966,457.2902276601938,549.9694759544499,362.87964457839195
7,5,19,16.88205597734802,195.3639094764166,361.80980675554815,67.70738564004641,15.17252341072969,68.77068188008411,211.09116179952656,42.53311890686243
7,5,20,0.0,0.0,0.0,0.0,0.0,0.0,0.0,0.0
7,5,21,0.0,0.0,0.0,0.0,0.0,0.0,0.0,0.0
7,5,22,0.0,0.0,0.0,0.0,0.0,0.0,0.0,0.0
7,5,23,0.0,0.0,0.0,0.0,0.0,0.0,0.0,0.0
7,6,0,0.0,0.0,0.0,0.0,0.0,0.0,0.0,0.0
7,6,1,0.0,0.0,0.0,0.0,0.0,0.0,0.0,0.0
7,6,2,0.0,0.0,0.0,0.0,0.0,0.0,0.0,0.0
7,6,3,0.0,0.0,0.0,0.0,0.0,0.0,0.0,0.0
7,6,4,0.0,0.0,0.0,0.0,0.0,0.0,0.0,0.0
7,6,5,-0.0,-0.0,-0.0,-0.0,-0.0,-0.0,-0.0,-0.0
7,6,6,2.693154758483211,2.6584333099009547,1.5180611294821438,3.235670811898486,19.087785220265157,17.941427875564358,13.259377098000298,19.26440422529876
7,6,7,58.43129519674364,88.4951502198571,88.94836814360937,95.47019827563706,99.45754468144747,162.07775442687728,164.99004983677494,171.2638681150327
7,6,8,190.48019680335963,346.7409893178018,361.9155776979624,331.9439367759471,174.92627194987193,218.52968333251823,224.52457289989258,220.7649548158671
7,6,9,278.8727884135816,366.05090827279804,378.974451237071,326.57624770474484,463.2935546254134,676.7187358880053,686.1452568897856,538.1534689959308
7,6,10,172.48248455784633,191.7125734677123,196.5972432223984,167.79568720487694,57.20270374970179,60.9450590734976,62.313625406172804,56.808251701353164
7,6,11,126.45036431804726,142.89018007163494,142.74494472603456,126.11176025926144,204.16920090516697,230.05067825138107,230.31316053423018,191.34547377661562
7,6,12,163.68384485183637,188.50191552611747,186.12127004700992,155.8831705687624,200.07940827507167,229.42225855647854,227.07799354201612,177.4580187284967
7,6,13,262.28359605357554,294.47549027833895,294.8498101773213,240.63231434300394,200.66124727145518,227.2930971697157,226.90772491498575,183.99068620971693
7,6,14,498.60836854262885,576.1408659280702,589.8908327223573,354.294200812896,501.45714984535886,575.9091126917513,589.5092448249546,359.6956395808909
7,6,15,549.2631903810307,744.1005008667618,757.2965763745669,528.3392515942473,412.2965270284762,558.4721873632108,571.1170591037803,381.08247324519436
7,6,16,339.61739991305393,542.1811588262815,560.0267489998362,445.87044110186855,309.84748736679643,500.16393367882495,515.5427131879527,394.78821677844434
7,6,17,230.2427687373723,585.2167452175825,626.8002274349006,506.5570828312863,186.1134595652172,414.94333876635466,441.50116708049103,356.6927929999915
7,6,18,86.74555604319227,388.4946644656662,454.6101226936986,332.2739894859068,79.14096576277373,279.6309641214063,321.0471363285143,239.7961766233865
7,6,19,10.378813789419217,33.033928069155486,47.30786506408807,16.50632623687248,6.442645821880833,12.46895157840671,13.180664562044422,7.76944216564509
7,6,20,0.0,0.0,0.0,0.0,0.0,0.0,0.0,0.0
7,6,21,0.0,0.0,0.0,0.0,0.0,0.0,0.0,0.0
7,6,22,0.0,0.0,0.0,0.0,0.0,0.0,0.0,0.0
7,6,23,0.0,0.0,0.0,0.0,0.0,0.0,0.0,0.0
7,7,0,0.0,0.0,0.0,0.0,0.0,0.0,0.0,0.0
7,7,1,0.0,0.0,0.0,0.0,0.0,0.0,0.0,0.0
7,7,2,0.0,0.0,0.0,0.0,0.0,0.0,0.0,0.0
7,7,3,0.0,0.0,0.0,0.0,0.0,0.0,0.0,0.0
7,7,4,0.0,0.0,0.0,0.0,0.0,0.0,0.0,0.0
7,7,5,-0.0,-0.0,-0.0,-0.0,-0.0,-0.0,-0.0,-0.0
7,7,6,3.6879087127699886,24.339246594840237,31.945222576604174,27.26369637166005,27.497493923045788,30.621300060550464,26.124085981794124,32.67515339559249
7,7,7,88.81902249368652,284.9259865178117,314.3609211175034,300.7642050982422,117.41115327795757,316.11372908890837,341.59379083846403,330.0682727732588
7,7,8,237.9802764138217,434.09770268477195,451.8061096891276,413.78369611688066,310.5796015462777,630.9749758436832,650.6181748804622,573.201121797943
7,7,9,322.7667542031702,428.30295376008195,442.1202346486104,377.8717291269856,383.24609953217447,537.3237515368907,550.6079049219468,445.6287938252238
7,7,10,555.5973459463229,662.7482116861394,676.159189585748,457.5932227976868,579.10770784114,696.5457286684164,708.6622446434627,446.8731280260714
7,7,11,597.538786780885,637.2747668466045,654.8065164828708,318.5829260907987,517.7715070407331,555.3799961013428,570.8443100559095,275.6125260326946
7,7,12,581.2488858517607,594.6535161804123,615.5600337636533,209.18176861806765,500.3505879948649,520.5762017965733,536.5365961963071,195.92243985860938
7,7,13,586.9608074736032,620.6161631107461,637.6023734805141,278.88295925036687,564.6860162220528,597.3081652677963,614.9999162915408,216.07494579932535
7,7,14,626.0440071725793,727.1329684825051,741.1947856821213,401.78657092969075,599.7630428679133,702.3675734107053,715.3229448205415,350.805694815621
7,7,15,510.1768709869525,703.5316655265393,715.0091805224174,482.84803978292996,504.6571754812522,704.1116285463146,713.2634855394272,446.4388436938727
7,7,16,383.1940196588128,700.4601591522301,718.1203265594345,537.7943275297611,368.13867474581474,687.5372452031754,703.9907078684236,500.2243501943399
7,7,17,198.54842570738552,641.2644659404953,692.4472377891825,534.7834516643002,184.81188465047154,617.372375748626,666.8490678107942,494.56741579619256
7,7,18,47.87628034220763,516.1295156896529,620.2154810726686,420.5925882544021,39.598312434503036,466.0959406625791,562.6190684777273,371.3693899616287
7,7,19,18.147548148265216,66.03785559962765,279.3869818942369,53.362019030823,13.419000759816122,71.1449483295513,233.4682535644418,43.51918980871603
7,7,20,0.0,0.0,0.0,0.0,0.0,0.0,0.0,0.0
7,7,21,0.0,0.0,0.0,0.0,0.0,0.0,0.0,0.0
7,7,22,0.0,0.0,0.0,0.0,0.0,0.0,0.0,0.0
7,7,23,0.0,0.0,0.0,0.0,0.0,0.0,0.0,0.0
7,8,0,0.0,0.0,0.0,0.0,0.0,0.0,0.0,0.0
7,8,1,0.0,0.0,0.0,0.0,0.0,0.0,0.0,0.0
7,8,2,0.0,0.0,0.0,0.0,0.0,0.0,0.0,0.0
7,8,3,0.0,0.0,0.0,0.0,0.0,0.0,0.0,0.0
7,8,4,0.0,0.0,0.0,0.0,0.0,0.0,0.0,0.0
7,8,5,-0.0,-0.0,-0.0,-0.0,-0.0,-0.0,-0.0,-0.0
7,8,6,3.9223577225777295,28.132577942648478,37.44540937606053,31.183883667836238,11.904039514700324,10.711360910887672,7.276470786723363,11.59416472634506
7,8,7,53.627809471538676,70.36654064857724,69.07658434204181,76.96892344661615,99.56427850529865,140.70725574364437,140.8838275643538,150.75683215965586
7,8,8,182.39478698396002,279.3667848683481,289.03640160467467,275.341091443066,295.6130821299817,586.6422477743484,605.5362223004018,537.9358049522934
7,8,9,445.61049838626815,643.7426311804193,654.9077100971706,530.7933843561511,448.3773101031188,649.7594064697356,659.1612656052082,521.3417005424009
7,8,10,537.8056160486436,643.4868957658251,655.8364008986463,436.3778947669788,560.0766317279084,670.6602118244252,682.5681798057217,436.65022718819256
7,8,11,659.59371882462,703.1411729147025,721.3831794246094,333.9863372353638,637.080102781966,684.9741507860831,702.2014674549911,288.57189358242346
7,8,12,555.7528510865782,564.8821262328553,586.5490396110736,169.6892026152642,293.1730409402464,332.50515087195055,330.644204356018,241.5137834531266
7,8,13,497.4171485768148,530.4888076147683,543.7062185780154,275.9669545005082,666.8609487358607,708.5893767191153,727.6162857313552,218.55217454124968
7,8,14,539.9572261001549,627.6037060858656,641.5621523575352,352.58010313379174,544.9438504189014,636.9076473122337,651.775854776043,336.5752029761999
7,8,15,494.1086833925831,656.2654982976703,671.2211723518155,479.0795215068399,511.0174559295004,717.6407918435812,727.4401810704697,445.1751129973504
7,8,16,352.05663526509727,613.5674534547312,631.6951499511947,481.7340945020031,371.44654390895465,700.0853208816028,717.4161748072963,499.1239837000502
7,8,17,185.41757374175668,525.6415776464942,567.0228754321348,441.70796428902844,185.62740398819696,626.8069022101878,678.0569013104403,494.9978783828216
7,8,18,64.16722291951437,407.5735367724203,485.8498829908624,337.10307752630877,64.54024509673584,378.3829559306347,448.6046224176602,306.2647262028687
7,8,19,23.85544948328777,169.63782977721127,351.6974878964131,70.26944019629524,14.41725393910155,75.57889186891953,108.60102893677222,27.891516169970938
7,8,20,0.0,0.0,0.0,0.0,0.0,0.0,0.0,0.0
7,8,21,0.0,0.0,0.0,0.0,0.0,0.0,0.0,0.0
7,8,22,0.0,0.0,0.0,0.0,0.0,0.0,0.0,0.0
7,8,23,0.0,0.0,0.0,0.0,0.0,0.0,0.0,0.0
7,9,0,0.0,0.0,0.0,0.0,0.0,0.0,0.0,0.0
7,9,1,0.0,0.0,0.0,0.0,0.0,0.0,0.0,0.0
7,9,2,0.0,0.0,0.0,0.0,0.0,0.0,0.0,0.0
7,9,3,0.0,0.0,0.0,0.0,0.0,0.0,0.0,0.0
7,9,4,0.0,0.0,0.0,0.0,0.0,0.0,0.0,0.0
7,9,5,-0.0,-0.0,-0.0,-0.0,-0.0,-0.0,-0.0,-0.0
7,9,6,3.1596939901572583,6.719982868656059,7.2082309378432186,7.469077026206483,13.117685623025997,218.7765095655363,304.513735420556,233.32879175362862
7,9,7,68.58719049216302,246.84255322648139,273.45216738674765,259.24962456134864,122.17344732157268,504.70993795785864,556.6724027875007,519.3108399672598
7,9,8,285.143857584721,572.25030779743,592.5837216438237,530.7162235598097,309.977254629735,636.4702555727936,656.8727372995128,577.7576237640286
7,9,9,452.82763941925356,657.4854737499913,667.4481445806599,538.0050533938471,468.4349827479159,692.6301993993576,702.4905616591482,546.3620397638892
7,9,10,538.9930675444708,642.1159671190422,655.6750043011093,445.9752681080814,581.1159477825245,700.2380803350007,713.1698882868595,448.20766034978254
7,9,11,623.7222372067059,666.899339986912,683.8651818401784,306.6326690236863,653.0146929635973,702.3207384831771,720.7507555893625,290.89950483440475
7,9,12,648.2126119344736,664.9100412101574,685.1667641484596,159.9201928400393,682.4043098851502,703.5214064512031,725.6516548873561,140.58359928212596
7,9,13,636.1568684325294,671.6001537887199,689.3993759913081,237.83414129732802,667.7638953518851,709.300683990602,728.6564169116344,220.73903323479757
7,9,14,583.9042537416598,679.1013719543162,692.1336381327328,363.8415042762613,609.3641571731071,714.7931204687729,728.9450787750042,349.3781194368072
7,9,15,490.1488635219624,673.9392568251828,685.6095359600336,463.43723101943885,513.3165650381826,723.5611439208345,733.919836470081,448.19873555983855
7,9,16,360.33698137728993,622.2554184050714,640.6358579560225,491.70968076749847,371.4008388623888,695.6789415163997,712.8853476072571,498.8220555077602
7,9,17,204.14983677199572,532.9692115680202,572.7984499939976,456.5930130113529,186.15150277183372,617.4909008591394,667.3736431089943,492.25720642617875
7,9,18,70.402354780604,425.3569841455363,505.7476226144233,353.58790334309083,40.57864060498433,460.8182363710114,558.8111986804146,365.50548867714167
7,9,19,21.655694930528753,151.85662576505487,341.7976735154872,66.14180171895725,15.361719549629056,99.16145645706186,143.85905187467768,33.3502987022062
7,9,20,0.0,0.0,0.0,0.0,0.0,0.0,0.0,0.0
7,9,21,0.0,0.0,0.0,0.0,0.0,0.0,0.0,0.0
7,9,22,0.0,0.0,0.0,0.0,0.0,0.0,0.0,0.0
7,9,23,0.0,0.0,0.0,0.0,0.0,0.0,0.0,0.0
7,10,0,0.0,0.0,0.0,0.0,0.0,0.0,0.0,0.0
7,10,1,0.0,0.0,0.0,0.0,0.0,0.0,0.0,0.0
7,10,2,0.0,0.0,0.0,0.0,0.0,0.0,0.0,0.0
7,10,3,0.0,0.0,0.0,0.0,0.0,0.0,0.0,0.0
7,10,4,0.0,0.0,0.0,0.0,0.0,0.0,0.0,0.0
7,10,5,-0.0,-0.0,-0.0,-0.0,-0.0,-0.0,-0.0,-0.0
7,10,6,2.015152149687707,41.432712884134375,58.245608116072255,46.06926073633703,13.562324913177514,208.40927711919431,290.3352425721565,223.08556663012632
7,10,7,87.73715674347883,355.94104723880366,395.2300502092323,371.5672411332181,121.1428191132323,490.84125380962865,540.1455284005033,505.93136540625574
7,10,8,273.7015604570601,553.8678332961011,573.0113946334528,512.4036079911984,306.3362637563323,616.766331378874,635.6333775176399,563.1175670417523
7,10,9,340.68982249997634,478.76901849749686,491.017096629055,406.833889941166,453.3862648904625,652.110805198805,660.2984198354483,523.6388254704518
7,10,10,521.6872263052084,621.4568020281826,634.8469077961474,431.9001893636126,573.7451459399205,687.3295446858759,699.6742292479368,445.2335671438869
7,10,11,480.2611478704149,516.141061455896,529.1215318827658,311.6242204120199,649.8191330484134,697.0523719276345,715.2914406906002,291.0043326764456
7,10,12,602.9292850974305,612.0630378056757,635.2272484669161,180.43383943837384,679.3089877791277,699.2183110804606,721.1813100153911,141.7168980405434
7,10,13,636.114326239217,668.591291868128,687.6323092008306,249.79259980839768,662.0736912205007,701.6295280505602,720.7563902524313,221.385371561013
7,10,14,592.335841107561,686.6823117774853,700.932533768627,375.9523929885674,601.5913435593475,702.1450456517183,715.9597030220807,349.9663608528533
7,10,15,500.6890766478855,690.1981807304675,700.8345590779913,468.564232083025,502.3770051915297,698.9337727898532,708.950207697355,447.022963039424
7,10,16,372.0871220599052,673.8771673116205,691.3935587946996,518.3931039803024,362.52316657833916,660.6296315402784,676.3604960074437,493.92472872945444
7,10,17,196.8492172252459,619.2869044911265,668.7712911232995,517.9681881420246,185.0286793644104,588.2613607197761,633.7550382713476,484.30572219433685
7,10,18,52.45616132452421,481.3634433898805,580.3945321595264,392.6540861901033,44.36133065931422,435.93027102972957,526.6105727835718,352.0158607868523
7,10,19,21.338576574216443,151.20094404985952,349.79811434636724,66.14813164363143,14.215067964210679,63.04253419809985,201.0384144278773,38.72085787898549
7,10,20,0.0,0.0,0.0,0.0,0.0,0.0,0.0,0.0
7,10,21,0.0,0.0,0.0,0.0,0.0,0.0,0.0,0.0
7,10,22,0.0,0.0,0.0,0.0,0.0,0.0,0.0,0.0
7,10,23,0.0,0.0,0.0,0.0,0.0,0.0,0.0,0.0
7,11,0,0.0,0.0,0.0,0.0,0.0,0.0,0.0,0.0
7,11,1,0.0,0.0,0.0,0.0,0.0,0.0,0.0,0.0
7,11,2,0.0,0.0,0.0,0.0,0.0,0.0,0.0,0.0
7,11,3,0.0,0.0,0.0,0.0,0.0,0.0,0.0,0.0
7,11,4,0.0,0.0,0.0,0.0,0.0,0.0,0.0,0.0
7,11,5,-0.0,-0.0,-0.0,-0.0,-0.0,-0.0,-0.0,-0.0
7,11,6,2.373071729066851,2.2758765113142223,1.1569897888968805,2.8248501295967543,24.62321595200054,25.868962227328954,21.23553095423694,27.54577395254093
7,11,7,82.85590890250347,225.2382019518093,245.07103249687572,239.35330415322457,124.39389425693669,522.7764406485824,576.0657589449444,538.1620407262162
7,11,8,294.7850733374011,584.4121293246309,605.6163276577797,544.7950669171797,320.3305075484262,657.2758122001056,678.0464938435272,597.3819948726798
7,11,9,445.05707698811705,640.537629153976,652.3631858666722,531.0026079357293,484.63482770780854,710.8092291438352,720.3913480335488,562.0065551281502
7,11,10,558.8201385031589,665.0453872671895,678.6036515871696,458.80786348987306,604.6291813791569,727.3601913479756,741.0512363141937,466.302927952112
7,11,11,642.8236275774423,685.7626946864376,703.7516723537545,316.59947137448955,680.5930017337383,730.1234791873316,749.9183296332577,301.88493769358445
7,11,12,681.0577692708558,696.4372115254482,718.2697924342659,164.20213497182917,714.1738327203736,734.038978371037,757.9247030478416,144.47018119380806
7,11,13,668.7306971688174,703.6524185164254,722.9089289055746,246.21246747514422,698.303974641971,739.3075388657116,760.2648874477985,227.12921710462714
7,11,14,614.1467866592974,712.1606534605864,726.0810956484609,379.1249877250029,636.1535552118285,744.0502073679526,759.1177355105799,361.30150422442375
7,11,15,521.4872129702948,720.3131307542657,729.7104086485773,481.0870348889039,531.9815900829252,743.8931882380218,753.879196414065,462.0063710594135
7,11,16,389.3036671983245,710.3518959122457,726.8705428910151,541.5649944953473,386.63406536262255,726.5292222228685,743.7498216329891,519.972151613441
7,11,17,200.4317708587049,656.6655501679568,708.4344240986419,546.314334930817,193.63764170612473,649.2250213332957,700.546404765293,518.1049805519657
7,11,18,39.433485135952445,532.3998625347692,647.7158196804178,430.31112768634364,34.080449545592856,500.3777162399538,611.251770920751,394.7172100370919
7,11,19,22.611884967449683,89.30514637718048,404.3427966014095,67.41861292675003,13.731463886395648,53.136260557233285,244.27986285752755,43.051278621352125
7,11,20,0.0,0.0,0.0,0.0,0.0,0.0,0.0,0.0
7,11,21,0.0,0.0,0.0,0.0,0.0,0.0,0.0,0.0
7,11,22,0.0,0.0,0.0,0.0,0.0,0.0,0.0,0.0
7,11,23,0.0,0.0,0.0,0.0,0.0,0.0,0.0,0.0
7,12,0,0.0,0.0,0.0,0.0,0.0,0.0,0.0,0.0
7,12,1,0.0,0.0,0.0,0.0,0.0,0.0,0.0,0.0
7,12,2,0.0,0.0,0.0,0.0,0.0,0.0,0.0,0.0
7,12,3,0.0,0.0,0.0,0.0,0.0,0.0,0.0,0.0
7,12,4,0.0,0.0,0.0,0.0,0.0,0.0,0.0,0.0
7,12,5,32.37367601659348,57.99785603717271,456.032614054397,59.43826217301565,-0.0,-0.0,-0.0,-0.0
7,12,6,43.203297167691844,519.9168520650478,710.4713406484783,539.9508655101924,11.77187229724466,246.71991973934178,350.4595843473204,260.60550539255695
7,12,7,168.55617640579547,660.8039620390111,722.8636205119254,684.356962749646,129.0580464868272,534.2285266995842,587.3890529955736,550.4427083856853
7,12,8,345.95333120514755,685.807342478982,706.3937578264142,635.2469099629702,321.99665705277795,656.8082230101714,676.9094292896798,598.1341975291039
7,12,9,474.3164041621025,686.6707381419726,695.5087289252507,559.7603583653083,481.9225109523959,703.2484675294708,712.277301536784,558.3961567821744
7,12,10,565.2324883368175,674.2477660719436,686.7533285078212,454.0047730024345,601.7575332436041,722.113078088945,735.640609814662,464.62983643933416
7,12,11,623.62515122046,664.3412686088363,682.3235168211104,298.7445069177769,679.1977181616534,727.2329964519439,747.1902857360457,300.84608356837754
7,12,12,648.9277837831366,662.5695771986262,684.0604158053168,153.23543666007592,710.1605989793951,728.4410176502009,752.5541586065734,142.00097101368152
7,12,13,640.9917168095465,673.689344917961,692.75329249291,232.64018399384923,694.6440285845173,733.9198424322358,755.0837579041945,224.65107299230735
7,12,14,598.6828200162984,694.0922139011203,708.0003200198623,366.6390958085945,634.398270807524,741.0447618839297,756.3101111795427,358.76718648501816
7,12,15,520.7207190466004,718.6572132229012,728.2357262995173,479.4145243949491,530.3050479035566,741.2658985563636,751.5247982465726,459.2261645932889
7,12,16,385.3522495821215,704.8936974236763,721.2472937554043,535.6699912444262,387.18411445719033,729.8505274052721,747.2894539569148,518.7631700900334
7,12,17,196.76432077432196,653.5764901582071,705.4590980769775,541.8256764666688,194.0153986775707,658.7329980972958,711.7394966057919,519.3968322263213
7,12,18,33.65916591302966,535.559430267229,655.147022084334,430.23831755804844,33.12697410636646,505.66481398993454,620.841557700045,395.9042675233997
7,12,19,15.786237015534557,68.91463534089152,330.0572478173077,54.9422542549238,12.958780106522841,52.51291775405462,250.19193926886507,42.392089764094585
7,12,20,0.0,0.0,0.0,0.0,0.0,0.0,0.0,0.0
7,12,21,0.0,0.0,0.0,0.0,0.0,0.0,0.0,0.0
7,12,22,0.0,0.0,0.0,0.0,0.0,0.0,0.0,0.0
7,12,23,0.0,0.0,0.0,0.0,0.0,0.0,0.0,0.0
7,13,0,0.0,0.0,0.0,0.0,0.0,0.0,0.0,0.0
7,13,1,0.0,0.0,0.0,0.0,0.0,0.0,0.0,0.0
7,13,2,0.0,0.0,0.0,0.0,0.0,0.0,0.0,0.0
7,13,3,0.0,0.0,0.0,0.0,0.0,0.0,0.0,0.0
7,13,4,0.0,0.0,0.0,0.0,0.0,0.0,0.0,0.0
7,13,5,-0.0,-0.0,-0.0,-0.0,-0.0,-0.0,-0.0,-0.0
7,13,6,0.6924454698533187,70.50661033641981,103.63133906713826,76.2687318920528,12.799906458645852,220.3304470920099,314.28902851541693,235.00007649418149
7,13,7,97.80629621167567,418.5498982269451,464.0136802671397,435.52364408269534,124.00057835897748,514.5644764399366,567.2574822417113,531.3600082738186
7,13,8,289.07696902320026,589.2804029152721,609.4503255940189,544.7876251690482,316.2864477329168,644.4596854245365,665.0255281167452,588.1317445996868
7,13,9,434.35488533549665,629.7429290028605,640.160576658657,517.7682965524407,476.2073271228696,694.7524692423639,704.3411309796812,552.6165493207709
7,13,10,509.3167832874029,605.0854963269106,619.2031163203532,424.95834598179897,596.2870303527475,715.4403647497029,729.3549717877216,461.1951393441571
7,13,11,543.4764076434055,576.3568903370793,594.5116648229051,291.74364330374584,674.9820172052277,722.280405950291,742.6539646300602,299.55314267117086
7,13,12,628.4531136309465,634.1530301347381,659.4895492642167,171.39765380396213,707.1370217942645,724.463187170526,749.0544963751018,141.56795532080824
7,13,13,670.7673911320246,702.6478088067372,723.2674674003248,269.3064811671947,694.4848982208506,732.8730954736043,754.6240741599715,223.00289626570068
7,13,14,594.0352421560996,686.4190772296148,701.5244985920415,372.91205037111257,634.1038923529192,739.9840585340776,755.6078694314683,357.07067890402493
7,13,15,518.2423633250844,713.5472536623002,723.4110351438567,477.2796677367769,531.6685602980554,742.6341016415076,753.0231087270957,459.38088458088725
7,13,16,382.76767677559985,698.2367333746549,714.6377519953286,531.0487006731588,387.1783762178507,728.2611043842024,745.6537804208579,518.5356166965466
7,13,17,198.2803450206953,653.8402196695312,705.6433575346236,542.7464933473236,194.17325523803842,653.188706069527,705.3369712641975,518.1161429096807
7,13,18,35.023328021416766,529.1122075223057,648.964990949834,425.3687971164029,33.66182362903042,497.18497739674984,611.5255070331251,390.96038673760034
7,13,19,16.11491398664076,65.39131422219488,315.6847020730525,52.29673502187218,13.164347011730163,49.69578305912932,237.3799896674825,40.38712388454821
7,13,20,0.0,0.0,0.0,0.0,0.0,0.0,0.0,0.0
7,13,21,0.0,0.0,0.0,0.0,0.0,0.0,0.0,0.0
7,13,22,0.0,0.0,0.0,0.0,0.0,0.0,0.0,0.0
7,13,23,0.0,0.0,0.0,0.0,0.0,0.0,0.0,0.0
7,14,0,0.0,0.0,0.0,0.0,0.0,0.0,0.0,0.0
7,14,1,0.0,0.0,0.0,0.0,0.0,0.0,0.0,0.0
7,14,2,0.0,0.0,0.0,0.0,0.0,0.0,0.0,0.0
7,14,3,0.0,0.0,0.0,0.0,0.0,0.0,0.0,0.0
7,14,4,0.0,0.0,0.0,0.0,0.0,0.0,0.0,0.0
7,14,5,-0.0,-0.0,-0.0,-0.0,-0.0,-0.0,-0.0,-0.0
7,14,6,1.5067514847202226,37.930647492614945,54.76110072389706,42.33543483841943,14.367270658833183,170.7890411094754,242.36683204473323,183.009581375531
7,14,7,83.67715221687575,326.19741208312934,363.24134805931135,343.61909732580835,119.27849067429135,473.1945240422571,521.9447595547241,491.0066572364913
7,14,8,268.77345230529266,545.264880687883,565.3265304239787,506.50469767091175,303.8302377211732,612.0574188226634,632.1702648054985,561.3703056694302
7,14,9,430.3231302161581,624.7324026237523,635.013296472477,513.2186648913266,464.2497588372969,680.978633945648,691.3401683918256,542.5602537966356
7,14,10,455.42280119323954,541.4028884135138,554.9023831764295,382.07389767646276,584.5541686474949,701.4238544070583,715.5775439115836,452.50512843103553
7,14,11,505.35396500547233,536.6320408696344,553.3105296342848,294.6567131239177,663.4130613390262,709.377174281672,730.0082626984874,294.07013027654693
7,14,12,497.52583109856346,503.0802512224231,524.3773593202689,177.96804784459565,454.0575941828206,480.6920475232607,492.7931922982519,237.89115175508482
7,14,13,618.1262317821273,644.7907567598874,665.7442785547355,250.53462602523177,678.1593552810577,715.2485938306335,737.0446761231682,220.48880320099198
7,14,14,562.3921843664692,645.8711364597771,661.8568486550317,375.27638847437726,620.699106511088,723.8979646607379,739.8324147389051,349.51986731649265
7,14,15,454.09805437483107,612.9294547179804,626.7460557135225,431.9190598538748,518.372261688823,722.7128189853853,733.7359162218224,447.1544865719279
7,14,16,349.92248463428706,591.9431787212451,610.5705703581121,471.3836724758771,377.9880255184448,709.0401309525539,726.8086104582259,502.79171656092507
7,14,17,210.2559162020569,558.1778818359649,600.1339914828959,477.0018207731811,190.13282878443624,637.8226416461405,689.8045386720709,500.99177917439863
7,14,18,61.4832137792414,441.16724235748234,535.0697691631431,361.4372290336274,33.079696862308836,487.67447611005986,604.5256847206942,378.0447923857751
7,14,19,17.976970762982212,70.27659862759451,277.15668148451664,48.91032338719697,12.683777215228407,47.859395121989074,235.70483158272918,38.888633927033005
7,14,20,0.0,0.0,0.0,0.0,0.0,0.0,0.0,0.0
7,14,21,0.0,0.0,0.0,0.0,0.0,0.0,0.0,0.0
7,14,22,0.0,0.0,0.0,0.0,0.0,0.0,0.0,0.0
7,14,23,0.0,0.0,0.0,0.0,0.0,0.0,0.0,0.0
7,15,0,0.0,0.0,0.0,0.0,0.0,0.0,0.0,0.0
7,15,1,0.0,0.0,0.0,0.0,0.0,0.0,0.0,0.0
7,15,2,0.0,0.0,0.0,0.0,0.0,0.0,0.0,0.0
7,15,3,0.0,0.0,0.0,0.0,0.0,0.0,0.0,0.0
7,15,4,0.0,0.0,0.0,0.0,0.0,0.0,0.0,0.0
7,15,5,-0.0,-0.0,-0.0,-0.0,-0.0,-0.0,-0.0,-0.0
7,15,6,0.2951885506289987,67.85020076566497,101.49190238152752,73.28473828156974,11.193911623498268,223.1613835879552,324.33057615492373,237.15146566619677
7,15,7,86.67844617121966,275.4401387870823,304.6753355750767,293.6256645105591,125.17850517673808,524.2794501267417,577.7782115467752,542.0565521057022
7,15,8,232.40171916977673,463.45237162433654,482.46721244142515,434.94707002203455,319.0033681509245,653.2738232538222,673.980475699348,596.0016129161531
7,15,9,451.438366435194,655.4828949499387,664.7604265680121,534.8640400964803,478.5505996880686,698.9664165034014,708.4470848265124,555.8117672126907
7,15,10,570.0278873604052,678.0801131191236,691.6974920662094,460.0363843618843,595.8739141444606,713.5127692297078,727.8283298659585,460.7885855912959
7,15,11,617.8815646999684,653.1494011162262,673.7583709873744,324.5433103658218,669.2414542553803,713.7348214068192,734.5852319312951,297.3820722281658
7,15,12,708.2361847337052,714.4250384687549,742.0752224455154,199.87036192970953,696.0325858247357,710.2246281487628,735.0994281497315,137.21679347204784
7,15,13,627.3468993109732,654.1650522516303,675.5605773689072,261.54686475185235,676.3672280781356,710.4251260097586,732.0235645323962,217.05682054885173
7,15,14,613.0863978466228,706.1950201229122,721.452551507732,380.85645107365133,614.9332088352263,713.4431480771276,728.7602140545594,348.4931553594446
7,15,15,510.52609932993107,701.8213652869936,711.9631066477934,468.59194554324654,513.4678947911045,709.7385641891951,719.9521647141949,449.1768758695788
7,15,16,377.55561317995125,688.9746847483399,706.5975620330665,524.9725209285841,375.0425412864482,694.6040795887097,711.2930058340845,504.7241598698143
7,15,17,195.85520431031057,625.4710121602293,676.0583845979007,520.8045166674327,189.37482299726653,623.6009636371575,672.9910327453067,500.7483758650024
7,15,18,37.29433179138455,510.22374068607536,630.1562710136899,409.8208011882357,34.26989712113974,471.77823479123964,584.1595839257166,371.5611875080948
7,15,19,16.249559978391556,60.4797774294304,301.5822287631126,48.53287962221614,12.946583114306744,44.40767037073334,217.93485206612732,36.452847686965974
7,15,20,0.0,0.0,0.0,0.0,0.0,0.0,0.0,0.0
7,15,21,0.0,0.0,0.0,0.0,0.0,0.0,0.0,0.0
7,15,22,0.0,0.0,0.0,0.0,0.0,0.0,0.0,0.0
7,15,23,0.0,0.0,0.0,0.0,0.0,0.0,0.0,0.0
7,16,0,0.0,0.0,0.0,0.0,0.0,0.0,0.0,0.0
7,16,1,0.0,0.0,0.0,0.0,0.0,0.0,0.0,0.0
7,16,2,0.0,0.0,0.0,0.0,0.0,0.0,0.0,0.0
7,16,3,0.0,0.0,0.0,0.0,0.0,0.0,0.0,0.0
7,16,4,0.0,0.0,0.0,0.0,0.0,0.0,0.0,0.0
7,16,5,-0.0,-0.0,-0.0,-0.0,-0.0,-0.0,-0.0,-0.0
7,16,6,0.7611810999983653,37.914797219653266,56.221984408978834,41.838914332114335,11.730901915513513,199.2363445147907,290.28020397715744,213.66179038970898
7,16,7,70.71901234954294,294.54035085583627,328.8689885356476,309.8909381104789,119.60648605116182,497.1613163461687,548.8422642817274,515.3004330243592
7,16,8,283.72848044390673,573.3253174769001,593.8296700458656,533.1383119548323,307.9350210879894,626.5720196201232,647.1415000933652,573.7539618112236
7,16,9,440.450614766241,637.3049938013019,648.0285228548161,525.302482621542,461.81055957532607,671.7219161796309,681.3409909886881,536.7392618191781
7,16,10,545.6981374550197,647.6392206914832,661.2669844842045,443.7138753934076,573.9837181918299,685.5547009341585,699.6738538892638,445.9471238706485
7,16,11,618.7535195844539,656.2776620899622,675.4706977373895,306.54251461522864,646.4110440441106,688.5271017886045,709.050717792672,290.0235072800456
7,16,12,644.5981541818325,656.489703970681,678.8262999119289,167.77976194829347,674.9392691420047,688.8612442422959,713.4704212078211,140.64109255288295
7,16,13,620.1014579358177,646.0338882939947,667.0494293610172,240.6737239581513,664.1257566937649,697.8977145574369,719.8971378259581,217.64555660388072
7,16,14,531.3406358726617,609.8426491086747,625.7025975313005,348.42980226807873,609.6033608737249,707.9967938585722,724.3413696507828,345.3993283557843
7,16,15,126.88152209532493,149.92403621855533,156.64191646037307,126.79957914166913,35.49480727298315,34.23696675355615,36.26659894421317,35.09541403089704
7,16,16,11.36695932730373,10.268769935701398,10.395949991991115,11.67407709965817,6.783856601893729,5.979790198153909,6.016226837359085,6.604006870305081
7,16,17,37.00650255856537,34.89856197213965,31.517936437680053,38.405932519326136,30.135007487257464,27.606558450278992,24.303562067345016,29.619295822772198
7,16,18,48.34491042228175,59.44362848606266,54.48133512191727,60.66040943534201,26.653919794009433,24.381397550799036,18.233738930367707,26.179908313421077
7,16,19,11.401516356378382,328.2391489641048,493.90055573069765,72.07432392313098,11.559276160091342,58.63449689137124,82.85170395523318,20.11728936260247
7,16,20,0.0,0.0,0.0,0.0,0.0,0.0,0.0,0.0
7,16,21,0.0,0.0,0.0,0.0,0.0,0.0,0.0,0.0
7,16,22,0.0,0.0,0.0,0.0,0.0,0.0,0.0,0.0
7,16,23,0.0,0.0,0.0,0.0,0.0,0.0,0.0,0.0
7,17,0,0.0,0.0,0.0,0.0,0.0,0.0,0.0,0.0
7,17,1,0.0,0.0,0.0,0.0,0.0,0.0,0.0,0.0
7,17,2,0.0,0.0,0.0,0.0,0.0,0.0,0.0,0.0
7,17,3,0.0,0.0,0.0,0.0,0.0,0.0,0.0,0.0
7,17,4,0.0,0.0,0.0,0.0,0.0,0.0,0.0,0.0
7,17,5,-0.0,-0.0,-0.0,-0.0,-0.0,-0.0,-0.0,-0.0
7,17,6,2.3790495134041816,45.14095863802704,66.17386754014993,50.35091224691552,17.09998752791284,89.96796939036732,123.14188716996743,98.28402936298151
7,17,7,84.02923549885911,344.5607726574724,383.80492012740126,362.41436860051095,115.96027613788948,401.261998021736,441.596894110675,420.2839697865431
7,17,8,273.52242597966267,550.3100753021037,570.4543112366384,513.2313155288622,296.90158717046563,591.6350900443816,613.9371010852383,547.1093307518094
7,17,9,435.71894254026955,632.036788560665,642.4053700290995,519.6187328087335,463.59812733774874,680.4572463914317,693.210206663543,545.164712622753
7,17,10,528.7326564414478,627.5467377780031,641.8503652822725,432.38610587428656,516.064510385736,612.3678429639839,628.6697089885793,420.6916245101204
7,17,11,603.498568496928,637.1491617977149,657.4793639455218,305.19645368356197,667.5787479720252,712.2045714783528,734.5050287433075,300.1838375582055
7,17,12,626.2008690908586,632.389372705483,657.1769336235162,173.7188974002788,708.275408578786,721.5331737171593,748.8905503710085,140.80526217704394
7,17,13,643.329345969799,669.1362412227235,691.0283397744819,250.87371183088615,694.755780808582,729.4093285935919,753.7643106101707,219.2493415855765
7,17,14,592.2136137681997,679.6562709709779,695.8581784876467,370.9984647445366,635.2626756470273,739.2414781766798,757.0100975782682,351.48724487600344
7,17,15,502.6788809780192,685.078484377025,696.9331592927837,468.04640448929507,528.8110314452889,737.8420302003266,749.7266323467325,450.41530151766267
7,17,16,371.329386635154,664.8400399957608,682.6124591324594,513.5998192789809,382.697364439625,717.4973098250556,735.9847681218536,505.0787299580983
7,17,17,198.21153482443268,611.6386355104919,660.6738669090752,513.7745718491099,190.7724594837128,643.435718075783,697.3129820271122,501.6132283960441
7,17,18,50.647028870900584,467.5803464305316,577.6987803942851,379.6295101540542,36.318548724418775,475.36242603508464,597.4969391594241,364.7775389028297
7,17,19,20.60229405854816,56.88962573100772,252.9409150697594,45.11713306707221,12.91419031090652,41.46085948896359,215.10385412055086,34.02127105725885
7,17,20,0.0,0.0,0.0,0.0,0.0,0.0,0.0,0.0
7,17,21,0.0,0.0,0.0,0.0,0.0,0.0,0.0,0.0
7,17,22,0.0,0.0,0.0,0.0,0.0,0.0,0.0,0.0
7,17,23,0.0,0.0,0.0,0.0,0.0,0.0,0.0,0.0
7,18,0,0.0,0.0,0.0,0.0,0.0,0.0,0.0,0.0
7,18,1,0.0,0.0,0.0,0.0,0.0,0.0,0.0,0.0
7,18,2,0.0,0.0,0.0,0.0,0.0,0.0,0.0,0.0
7,18,3,0.0,0.0,0.0,0.0,0.0,0.0,0.0,0.0
7,18,4,0.0,0.0,0.0,0.0,0.0,0.0,0.0,0.0
7,18,5,-0.0,-0.0,-0.0,-0.0,-0.0,-0.0,-0.0,-0.0
7,18,6,0.34974040898663505,35.025773414983625,52.95191637501009,38.71492057523246,11.038224783302342,187.41000820669444,277.8345396528563,201.76295932977132
7,18,7,85.96776573792367,363.78572698179977,405.05297680777494,381.78786726489767,119.29675728935301,506.0319203103842,560.8065578026066,525.8994905443235
7,18,8,273.39637843770186,554.4279630932712,574.6050644419859,516.0794010831264,312.99094597829077,648.2319731278249,670.8047086872726,592.1550828218301
7,18,9,433.1150226422821,625.3023266934225,635.0442996323443,514.5745186835907,476.3110600085239,700.5374994140086,711.3806212353086,555.8751697802005
7,18,10,550.1314795593889,651.7007027404458,665.8472598174021,446.1199431957423,598.010655495308,717.4174862363914,733.6352426449026,460.81290437050404
7,18,11,620.4544887888862,655.9707114157093,676.0742735510236,305.90100127194546,676.5512574199056,720.3069925575477,743.7336985519219,298.4172610455937
7,18,12,650.2717294107355,658.8454076749564,682.7226716545789,163.0042604074036,706.9326281832514,719.2333837841467,747.2263996521749,141.52652548156507
7,18,13,640.4050440873092,667.1947615809577,688.4798549602197,239.3792609965961,693.6972727780897,727.3129500180937,752.2498486360229,219.44637042065247
7,18,14,587.6821447613561,673.724597386329,689.5945137550855,365.36316490771253,632.916277843044,735.4465098896653,753.8352408751564,349.95561678643105
7,18,15,498.98127371063026,681.3165998061269,693.0513175198922,462.4537894599199,527.4051686065679,736.113130076856,748.335786197654,447.2775467836742
7,18,16,372.61618529556523,666.1171915267494,684.0511450880527,514.8132815614828,383.08217425339666,719.6053197199531,738.5666315147926,502.948498735789
7,18,17,198.41504900778702,609.5452313110476,658.5740519985158,512.295648039652,190.19522012399608,640.6861473533893,694.9368873589989,497.1194326541165
7,18,18,52.1438097869535,457.44236932503736,567.2056718227901,371.3581975454792,37.619258771066036,462.66833994699743,583.8500745465975,355.21700280538187
7,18,19,23.301498574865317,53.1288176962267,237.2227960021599,44.777364275765606,13.40706156038198,37.96157573925773,193.00458360224448,30.599161590044044
7,18,20,0.0,0.0,0.0,0.0,0.0,0.0,0.0,0.0
7,18,21,0.0,0.0,0.0,0.0,0.0,0.0,0.0,0.0
7,18,22,0.0,0.0,0.0,0.0,0.0,0.0,0.0,0.0
7,18,23,0.0,0.0,0.0,0.0,0.0,0.0,0.0,0.0
7,19,0,0.0,0.0,0.0,0.0,0.0,0.0,0.0,0.0
7,19,1,0.0,0.0,0.0,0.0,0.0,0.0,0.0,0.0
7,19,2,0.0,0.0,0.0,0.0,0.0,0.0,0.0,0.0
7,19,3,0.0,0.0,0.0,0.0,0.0,0.0,0.0,0.0
7,19,4,0.0,0.0,0.0,0.0,0.0,0.0,0.0,0.0
7,19,5,-0.0,-0.0,-0.0,-0.0,-0.0,-0.0,-0.0,-0.0
7,19,6,0.30822078751611254,31.181191907735403,47.24379089743997,34.86365839411736,11.092894860450542,183.62629426865493,273.8969838492263,198.1054060351029
7,19,7,82.1047413169444,342.3123128271563,381.66187378201647,360.6414593297761,119.06082410185746,503.4878213081352,558.0731288787628,524.1852206070155
7,19,8,267.4256564458369,539.3146530450463,559.4639299437578,503.49002185308746,313.07683732023077,647.4762155539845,670.1085183485076,592.0624483090769
7,19,9,427.1368005512703,619.4507229419081,630.1198145367384,510.0452805482436,475.31044067112083,698.0158291091459,708.9979272472107,554.3426677643632
7,19,10,542.0562323284743,641.1805394295441,655.5765204087478,439.98781109634666,594.4890587784429,711.8804212588102,728.2319350564613,457.57561133242444
7,19,11,615.1311799749849,649.4903769636362,669.8943480686045,304.40309763861353,670.1555362823084,712.0854807104554,735.7322743905753,295.7354232332027
7,19,12,644.0593096239055,651.6320142499354,675.7904070567749,162.599786182912,704.543801721278,715.096730713479,743.5837802989647,139.3850209457464
7,19,13,636.6759127597624,662.2503427197639,683.9085862964998,238.15516704124565,691.998301483598,723.9835012166757,749.4066888348883,217.93728336218848
7,19,14,588.6410315946157,673.8665519375392,690.0874824513028,364.5976803802516,633.2549489772721,734.6103733461669,753.3925703847162,349.1492184972982
7,19,15,500.305600391354,680.2936700301431,691.4931297325029,460.9405529770224,529.0394980101424,737.8886529671634,750.2430208817282,447.82372983629347
7,19,16,374.2149685282941,671.5163293582028,689.4808337303399,517.3809658899348,384.8868442523204,724.0182681763278,743.0562271116322,504.9668607029666
7,19,17,197.51604717294748,619.0333623245513,669.0305392678498,519.2908805689464,192.41390377865747,644.1174650097736,698.00714778184,500.87299373949133
7,19,18,45.832015995827135,472.9797622944391,591.593079461284,381.75201411442816,34.44798636943997,472.5090331848928,600.3466355390728,361.7046767481618
7,19,19,20.14279007791794,53.07551544977236,265.6370771659292,43.735964216046625,12.009763996351511,38.5516701953938,214.44585901907843,30.580754332589844
7,19,20,0.0,0.0,0.0,0.0,0.0,0.0,0.0,0.0
7,19,21,0.0,0.0,0.0,0.0,0.0,0.0,0.0,0.0
7,19,22,0.0,0.0,0.0,0.0,0.0,0.0,0.0,0.0
7,19,23,0.0,0.0,0.0,0.0,0.0,0.0,0.0,0.0
7,20,0,0.0,0.0,0.0,0.0,0.0,0.0,0.0,0.0
7,20,1,0.0,0.0,0.0,0.0,0.0,0.0,0.0,0.0
7,20,2,0.0,0.0,0.0,0.0,0.0,0.0,0.0,0.0
7,20,3,0.0,0.0,0.0,0.0,0.0,0.0,0.0,0.0
7,20,4,0.0,0.0,0.0,0.0,0.0,0.0,0.0,0.0
7,20,5,-0.0,-0.0,-0.0,-0.0,-0.0,-0.0,-0.0,-0.0
7,20,6,0.05134339593174744,31.295358419012818,48.109929999668914,34.81092519638357,10.040243487363822,191.9937589422103,290.55279682670897,205.96961337692537
7,20,7,83.47233777109953,354.72569864301505,395.4660967674174,373.3715936386138,119.6697155769101,516.0210829143983,572.2827604106334,537.1534090622532
7,20,8,270.005331165721,546.4395272412355,566.8062604798106,509.8107941461873,315.4597077944967,654.4831661560653,677.4359743278037,598.3784311465616
7,20,9,430.8544074519411,624.9756911498321,635.6827907192168,514.2655083732177,477.7154725626967,701.7626575977574,712.8846344006116,557.2728202060478
7,20,10,543.4793294677872,642.0476207514232,656.782376360801,440.9929764478416,599.4934015189557,717.1546810655259,734.0170657630254,460.9471770160882
7,20,11,617.1316000555244,650.4279664775219,671.4406208380925,305.0900313346037,675.8150243538942,716.7058056088656,741.2471408558341,296.6860361834008
7,20,12,648.5325215990115,654.697395275384,679.6192225292476,161.79625204336006,707.5021908193377,716.6358053330418,745.9111644363247,139.2530004599549
7,20,13,638.9021268137054,663.1658136572029,685.4445220498376,236.90299089997728,693.9316519434971,724.4697183696904,750.5663005661281,217.37883457012637
7,20,14,589.6753196844024,674.0417440981579,690.6385650879307,364.0822819528683,634.3768257718451,734.5930284361908,753.7942989810791,348.91880116936704
7,20,15,500.85031469800276,680.8882339527529,692.1352816644879,460.4788215035941,531.6155830526303,740.1944509763817,752.7265995871917,449.898770467051
7,20,16,374.8793104452148,677.7424617265783,695.5869707872577,519.3367076407792,388.10864128006807,728.9515396039421,748.130629095368,509.2624011954151
7,20,17,197.62894394047044,625.8325746893432,675.9428645252442,523.932476777774,194.3295568185277,651.6153026646034,706.0893567807473,507.64566881697937
7,20,18,39.370980089085506,489.28582178818164,617.1573077171937,392.7583249908092,34.04429340386565,476.70028100961235,609.1376205283208,365.66585125360837
7,20,19,19.70556073838793,52.73278507319596,277.2351379418797,43.354686744608614,12.060252561190255,38.31043780605057,221.0684519657247,30.48928577196285
7,20,20,0.0,0.0,0.0,0.0,0.0,0.0,0.0,0.0
7,20,21,0.0,0.0,0.0,0.0,0.0,0.0,0.0,0.0
7,20,22,0.0,0.0,0.0,0.0,0.0,0.0,0.0,0.0
7,20,23,0.0,0.0,0.0,0.0,0.0,0.0,0.0,0.0
7,21,0,0.0,0.0,0.0,0.0,0.0,0.0,0.0,0.0
7,21,1,0.0,0.0,0.0,0.0,0.0,0.0,0.0,0.0
7,21,2,0.0,0.0,0.0,0.0,0.0,0.0,0.0,0.0
7,21,3,0.0,0.0,0.0,0.0,0.0,0.0,0.0,0.0
7,21,4,0.0,0.0,0.0,0.0,0.0,0.0,0.0,0.0
7,21,5,-0.0,-0.0,-0.0,-0.0,-0.0,-0.0,-0.0,-0.0
7,21,6,2.717603700426764,5.832339367193801,6.727037356149424,6.532078971840886,21.604766026025523,23.223617796378523,19.64914575424659,24.884232246560458
7,21,7,75.65652525067945,150.00085061804936,158.53308985572522,163.18763391072565,103.05983090471157,217.51375884466998,230.4623211828011,232.62642213394537
7,21,8,205.41716117583715,317.37367151095873,328.5112076768744,314.6030207726423,95.9499268610547,98.5954123636892,98.01930774283399,103.62352640539201
7,21,9,213.68576986582795,239.60349029088673,252.89193427968632,237.27454699480145,241.43661420202483,281.508125182143,295.3489654582898,263.3567212525354
7,21,10,245.94823254676604,271.10386991873594,279.7677548591999,238.47107934183003,386.97507787714306,446.9172479545906,461.6107045981624,335.9738158996133
7,21,11,212.24897489361305,236.95239524442266,237.16829888189153,204.86942224847502,426.2601595531356,458.65467461973975,470.62557384471125,289.7217861877192
7,21,12,251.13949739951028,284.3155782790944,281.44194151484675,225.80159287237316,615.7363228963866,614.6318858326091,644.4445652031345,150.00488781121282
7,21,13,426.52407576077405,453.17128439160575,464.88978072021547,265.6598840186327,611.8293909852407,632.9747971449948,657.6651946777023,227.9421235982342
7,21,14,625.4348288809404,709.0212613828908,728.5820642022522,414.1688688592554,595.8477339942593,682.6154807498999,700.1485070867267,349.74249247895716
7,21,15,513.7815978353595,692.3449328031151,706.6285183734195,481.75734638461745,499.0379442256767,680.7631830735722,693.4233500769543,444.9584018527597
7,21,16,374.28335269927754,654.2776694514162,673.8703983941429,513.2669593956615,362.54367672531527,649.0463937952618,666.9910382450872,489.47840290248286
7,21,17,225.50555721694585,555.6374211386076,595.5156196164944,483.4632700970074,188.3486951704761,560.5093294685838,604.3525231171984,470.1886564481124
7,21,18,68.82211777343598,258.40672220853776,308.91568669253525,216.76953437288876,31.14039400869303,31.09373080334592,24.810406761276514,32.743054424072724
7,21,19,7.6216740313092854,6.784514185607179,2.701390714557214,7.1963623266867565,12.602646170048502,11.409043144556303,5.58138763382428,11.835892622291084
7,21,20,0.0,0.0,0.0,0.0,0.0,0.0,0.0,0.0
7,21,21,0.0,0.0,0.0,0.0,0.0,0.0,0.0,0.0
7,21,22,0.0,0.0,0.0,0.0,0.0,0.0,0.0,0.0
7,21,23,0.0,0.0,0.0,0.0,0.0,0.0,0.0,0.0
7,22,0,0.0,0.0,0.0,0.0,0.0,0.0,0.0,0.0
7,22,1,0.0,0.0,0.0,0.0,0.0,0.0,0.0,0.0
7,22,2,0.0,0.0,0.0,0.0,0.0,0.0,0.0,0.0
7,22,3,0.0,0.0,0.0,0.0,0.0,0.0,0.0,0.0
7,22,4,0.0,0.0,0.0,0.0,0.0,0.0,0.0,0.0
7,22,5,-0.0,-0.0,-0.0,-0.0,-0.0,-0.0,-0.0,-0.0
7,22,6,-0.0,29.83095761050807,46.945035163771955,33.111949724923214,10.815695362970365,164.54071632071475,250.42491436817735,179.37374969322346
7,22,7,36.96035703166536,35.37167573760543,31.084653191234096,39.19573966973269,119.37469643140471,499.8400063649393,555.6054002635897,523.6582373391052
7,22,8,43.888730371285774,40.80240513613609,40.14528808907144,45.25896019704543,37.78741867657103,34.74237232267136,33.93448755911506,37.51807981241273
7,22,9,225.6424348383808,274.31149010149136,287.20611231489835,258.9643927267332,487.7585308207756,713.7695081364492,726.0966803514374,571.542561051539
7,22,10,556.6802721504109,655.3115672199735,672.4573987396069,456.1738132614366,616.5549889005847,734.8793157711605,753.6432962327025,478.23913360769194
7,22,11,637.0407024525011,669.1034179656552,691.9291865369911,313.28553939773604,699.6646637074668,739.079245626167,765.7627876701772,313.37084697046765
7,22,12,682.537081080374,685.9089232872784,713.4241633006303,165.281059371669,732.361475259292,738.3165968869941,770.0517986798227,148.70198530915363
7,22,13,671.4650184652576,694.1498769835939,718.7713067794479,246.2000211451109,716.6804523450545,744.5948138954559,772.9106344263806,228.91864066935182
7,22,14,614.714604406744,700.4356462224367,718.615337064624,378.4624506401607,654.0277844402331,753.8054013686808,774.5530458506782,364.7073199913476
7,22,15,523.5790751554968,709.7749033572874,721.996628654844,479.89030013423314,545.1644044922322,754.9213641299278,768.4267609065752,465.85387539185183
7,22,16,393.09283486977176,703.1846756231764,722.3348500950012,541.795779252236,397.85053305154,739.4683409602358,759.7892801150622,524.0879481957136
7,22,17,207.8839769851047,634.9593819032935,686.5262330402871,534.1145887026868,199.23505381578892,659.2418807949031,715.6941561012607,517.1805505030673
7,22,18,60.14595923540312,393.31429436979613,492.8801474780183,319.1692358772294,37.57104818636726,466.9029836788396,602.5386623243687,359.59080061926863
7,22,19,21.496902369928353,49.16172807393832,262.24712822862756,41.388526940567004,12.405760613758865,35.18598533312762,213.62307388861097,28.4655949400041
7,22,20,0.0,0.0,0.0,0.0,0.0,0.0,0.0,0.0
7,22,21,0.0,0.0,0.0,0.0,0.0,0.0,0.0,0.0
7,22,22,0.0,0.0,0.0,0.0,0.0,0.0,0.0,0.0
7,22,23,0.0,0.0,0.0,0.0,0.0,0.0,0.0,0.0
7,23,0,0.0,0.0,0.0,0.0,0.0,0.0,0.0,0.0
7,23,1,0.0,0.0,0.0,0.0,0.0,0.0,0.0,0.0
7,23,2,0.0,0.0,0.0,0.0,0.0,0.0,0.0,0.0
7,23,3,0.0,0.0,0.0,0.0,0.0,0.0,0.0,0.0
7,23,4,0.0,0.0,0.0,0.0,0.0,0.0,0.0,0.0
7,23,5,-0.0,-0.0,-0.0,-0.0,-0.0,-0.0,-0.0,-0.0
7,23,6,-0.0,45.93123942097269,73.46722338505964,50.61157349652382,8.870172446578993,207.701552358365,324.879493150161,221.3977995555348
7,23,7,98.50624455312918,428.15780862164644,476.65943643298084,450.27236276389345,128.93200287945342,546.0655757784019,605.4192053328549,571.6515362684498
7,23,8,306.71053591508445,615.3908731902981,636.9185254396461,574.0186099729651,335.8710627685746,690.0587368455233,714.7948371894577,636.3667705323608
7,23,9,475.33709566211064,684.1901712965805,695.1312152341244,563.1734832351273,506.80283207399674,738.2800204007904,750.2440399399674,594.7942021821932
7,23,10,598.5047898600064,704.0404847267822,721.1646281782182,482.1635972280207,633.0707714697595,750.7419771635989,769.6601067831099,494.76440781270315
7,23,11,676.2810875008199,708.4582975224878,733.001223473476,328.5786032232248,712.0922373438272,748.9037616873254,775.9381774677819,323.8869666549924
7,23,12,708.4530569851277,710.4597669114281,739.4688861513944,169.90077257500317,740.7559378479234,744.5453790187886,776.3150109850942,157.54898628708503
7,23,13,695.3418779547513,717.2507559737155,743.2251740878302,253.44452765584037,721.5956041335064,746.8709027560063,775.1285747163909,239.75437706683726
7,23,14,639.8317704938368,727.6159057578186,746.7419339000533,391.72847345420007,660.8597460086687,757.2622883031862,778.078474369627,378.8648369053759
7,23,15,542.9693532225324,735.5894642954355,748.0797683419626,496.5659736328649,553.0747038599488,759.8812963349909,773.3317753968104,481.77406794400304
7,23,16,403.267029607758,725.8925160233573,745.2713954117004,556.9187961435615,405.0419064631759,746.0645208581194,766.2728422374171,541.1355124116177
7,23,17,210.34769340626798,665.7177144792357,719.4065886675601,557.814056575401,203.7644276807149,667.9967533128479,723.7426650389858,535.1793062161523
7,23,18,40.35536083027017,509.31125603489073,653.8771166247792,406.85118438704205,34.657471432907194,481.4282479606647,622.8043478655195,375.60281689497486
7,23,19,18.06454241100454,49.737818986974,308.3544289070332,40.702647464044254,11.604137321501174,35.7713325985665,236.08439017899659,28.660206765906377
7,23,20,0.0,0.0,0.0,0.0,0.0,0.0,0.0,0.0
7,23,21,0.0,0.0,0.0,0.0,0.0,0.0,0.0,0.0
7,23,22,0.0,0.0,0.0,0.0,0.0,0.0,0.0,0.0
7,23,23,0.0,0.0,0.0,0.0,0.0,0.0,0.0,0.0
7,24,0,0.0,0.0,0.0,0.0,0.0,0.0,0.0,0.0
7,24,1,0.0,0.0,0.0,0.0,0.0,0.0,0.0,0.0
7,24,2,0.0,0.0,0.0,0.0,0.0,0.0,0.0,0.0
7,24,3,0.0,0.0,0.0,0.0,0.0,0.0,0.0,0.0
7,24,4,0.0,0.0,0.0,0.0,0.0,0.0,0.0,0.0
7,24,5,-0.0,-0.0,-0.0,-0.0,-0.0,-0.0,-0.0,-0.0
7,24,6,-0.0,41.89329375223661,67.44060532825311,46.509698370668104,8.856020376127463,201.9042937674672,317.5171463532853,215.5941608008623
7,24,7,97.12554432193933,416.44885195577854,464.0369182842281,439.0790437062782,128.45006064286844,535.4928166117123,593.1105061091237,561.3813846290716
7,24,8,308.6655584304244,608.7267683468885,632.7691804116383,574.0841867591164,252.41810806859453,454.5896912549795,474.14552813422944,436.5088846770297
7,24,9,461.718173218513,662.3115938929387,673.7038989757021,547.5544867168187,492.5909980259515,708.2978475432668,720.1399335300821,577.0604910659928
7,24,10,568.9268333226589,668.4061809402377,685.5438799048901,460.09929910602824,606.3284721267426,712.7653210510146,730.5908969201249,479.8619257415334
7,24,11,662.2423925549978,692.9763680961711,717.5694829951176,327.7796063931545,676.3319879662356,708.7499970031595,733.797936135657,317.85276830472986
7,24,12,693.096664719823,696.545282290486,724.7714289869688,181.43897938082142,710.7333141884556,712.6206970775654,742.6290755578241,154.0351515245793
7,24,13,679.1382252378468,700.5107012320354,726.2348472429385,257.16509915717575,699.4659695234631,721.7771657850728,749.0378109199771,235.96092944317928
7,24,14,612.1747063675074,693.6760705082071,713.8266633550064,388.3510481374727,642.4035944614714,732.7388730557199,752.9150520189276,373.0128148200941
7,24,15,526.3734342587445,708.8189747755233,723.118658750963,487.91925775666095,538.9536061531986,734.8165118820085,748.120807851963,474.71841488426594
7,24,16,399.71708428261934,710.8843712686067,730.6599418298928,549.6779692970867,396.75542989998996,723.5771264903626,743.4278548726451,531.5522864233221
7,24,17,209.31784804929683,657.1771360885318,711.0057551586395,551.5373175283407,199.94112816202073,654.2726611287907,709.677281803433,525.440362367944
7,24,18,44.97596297783759,483.3602071198497,623.1407929821901,386.80278953144665,37.24403466275163,463.0277815333312,602.3057197372148,361.15887271800125
7,24,19,18.755574012508518,46.6692836651211,293.8141464431108,38.758212929729,12.028865185439894,32.117077045818974,213.43967596299694,26.21489552519241
7,24,20,0.0,0.0,0.0,0.0,0.0,0.0,0.0,0.0
7,24,21,0.0,0.0,0.0,0.0,0.0,0.0,0.0,0.0
7,24,22,0.0,0.0,0.0,0.0,0.0,0.0,0.0,0.0
7,24,23,0.0,0.0,0.0,0.0,0.0,0.0,0.0,0.0
7,25,0,0.0,0.0,0.0,0.0,0.0,0.0,0.0,0.0
7,25,1,0.0,0.0,0.0,0.0,0.0,0.0,0.0,0.0
7,25,2,0.0,0.0,0.0,0.0,0.0,0.0,0.0,0.0
7,25,3,0.0,0.0,0.0,0.0,0.0,0.0,0.0,0.0
7,25,4,0.0,0.0,0.0,0.0,0.0,0.0,0.0,0.0
7,25,5,0.0,0.0,0.0,0.0,0.0,0.0,0.0,0.0
7,25,6,-0.0,29.1521142464506,46.92913138879403,32.56586438361904,9.431284156832698,176.95493648532673,279.3617584298367,191.34015128875717
7,25,7,71.76292076781556,292.4132076680693,327.83630466421585,311.6282818005143,124.18332212646763,519.1780793473889,577.2505713635162,545.9424185013221
7,25,8,273.5198515191946,534.9226839410583,557.5558435859821,507.55947804429337,328.0317893602967,666.767257345324,691.8847347899252,618.8458841137567
7,25,9,347.3926317870585,485.1830399722909,499.08575043974525,416.02946719420527,498.2379859565363,723.1311503783868,736.2577614712994,585.2367752867383
7,25,10,489.99832685904096,574.8067422725103,592.5540910789791,406.05271265562203,621.211409007919,734.6314174788624,754.7642731338085,487.03157670841716
7,25,11,642.5233927627108,671.4825737139986,695.9688647469713,320.61472952126286,701.6642013752049,736.0891383266886,764.4230454495327,322.92678625027986
7,25,12,682.5598037351491,683.1690593380879,712.2110610755245,173.28656291914953,730.6577781076453,732.623928428802,765.7495883884945,160.92673422933444
7,25,13,686.1863768605649,703.5319753861788,731.4203003997211,265.83875580566706,715.0904231381955,738.2578630804512,768.0988110897692,239.7746309594188
7,25,14,614.3983258318161,694.4018078453837,715.6719811504038,393.2122400848432,653.3717303487146,747.046527937145,769.31024267794,374.27642406382716
7,25,15,450.48934926096075,591.9616793186876,608.6090805602611,427.25774222637784,548.215414855523,755.5364528781671,770.8757117739227,476.20587867334325
7,25,16,379.10793671142574,664.9407065136685,685.5574905484161,518.8414451655251,399.40262215374406,731.363819227258,752.6291924043097,528.5352039280887
7,25,17,188.81566391029432,508.25230985308764,549.3093108964867,431.37709313735496,195.90421765364994,459.3766756879078,491.9792477383479,385.7954430493555
7,25,18,68.02987997592274,488.67332030748213,621.6889237586356,397.28654454001156,39.9994003487967,447.47622310303535,586.4790325616033,346.96994628795215
7,25,19,36.57221814379063,46.175923318186015,149.2034694609231,44.02373332128011,21.86356941475659,20.823668069106958,19.111426566204727,21.308177521460525
7,25,20,0.0,0.0,0.0,0.0,0.0,0.0,0.0,0.0
7,25,21,0.0,0.0,0.0,0.0,0.0,0.0,0.0,0.0
7,25,22,0.0,0.0,0.0,0.0,0.0,0.0,0.0,0.0
7,25,23,0.0,0.0,0.0,0.0,0.0,0.0,0.0,0.0
7,26,0,0.0,0.0,0.0,0.0,0.0,0.0,0.0,0.0
7,26,1,0.0,0.0,0.0,0.0,0.0,0.0,0.0,0.0
7,26,2,0.0,0.0,0.0,0.0,0.0,0.0,0.0,0.0
7,26,3,0.0,0.0,0.0,0.0,0.0,0.0,0.0,0.0
7,26,4,0.0,0.0,0.0,0.0,0.0,0.0,0.0,0.0
7,26,5,0.0,0.0,0.0,0.0,0.0,0.0,0.0,0.0
7,26,6,3.970506291645886,27.338826392385712,40.70742074410359,30.85933242562986,16.77462431576554,17.153117902230573,13.811684048211351,18.606068900828646
7,26,7,98.96898210714072,359.67141671145157,399.3409575031081,383.0986137861439,121.76000615656221,498.69882414219654,554.9790148916733,526.0545185787871
7,26,8,282.05189312485754,560.435667054113,583.4059105201399,528.8334206827068,322.0127249040479,649.8702138680311,674.9367264948659,605.1413933068425
7,26,9,446.6076977565502,641.6181753130933,654.1207772361416,532.446743290889,492.5558716450769,718.5399896197755,732.740876229153,581.9400818460633
7,26,10,563.6975513568746,659.0976722511937,677.1045607539376,458.09432924340587,613.5161446161908,724.3704067664154,744.9634456676703,481.394216183849
7,26,11,628.0619076723268,652.7252994973561,678.898017121418,314.40299306451936,689.8084536394684,722.3615335671177,750.9849973823606,318.3339721069438
7,26,12,664.6679698006454,659.4276126236799,691.3877049999895,177.31970519729134,644.2942817556291,638.8017934249207,673.6856511690605,175.79142505356452
7,26,13,642.9940224525501,657.4313232417372,685.4615084444764,263.3908816655889,697.5001011810422,719.0712491885298,748.710717774695,237.39467128799018
7,26,14,635.6643921378525,716.2577143205833,738.4178150156779,409.1644003691698,641.6527763639781,731.9497384670236,755.3691081529803,369.77096971685455
7,26,15,529.8291088228558,707.944309168913,723.9901140676852,495.6082387320846,536.5194474562131,734.4711682000813,750.4356767803457,469.5875586955706
7,26,16,388.10378769015244,672.7884489738457,693.8640286789041,529.8069695439953,391.42111809534964,712.4808170527127,734.3958519121245,519.7001200678538
7,26,17,203.90717529271845,572.6372828703903,618.6144893146794,485.3959811254916,199.6023806444681,631.7924290723271,686.3872223539411,506.99024625626436
7,26,18,65.12324863350266,435.04194428188225,556.9963185827894,352.22296837289787,42.01361211892001,430.38275417941963,566.5029469106271,335.0266217214713
7,26,19,30.60699980706574,28.771450421212055,22.87810201921474,29.854587187212047,20.86950340028944,19.287619208519974,12.41402479252951,19.925471356280866
7,26,20,0.0,0.0,0.0,0.0,0.0,0.0,0.0,0.0
7,26,21,0.0,0.0,0.0,0.0,0.0,0.0,0.0,0.0
7,26,22,0.0,0.0,0.0,0.0,0.0,0.0,0.0,0.0
7,26,23,0.0,0.0,0.0,0.0,0.0,0.0,0.0,0.0
7,27,0,0.0,0.0,0.0,0.0,0.0,0.0,0.0,0.0
7,27,1,0.0,0.0,0.0,0.0,0.0,0.0,0.0,0.0
7,27,2,0.0,0.0,0.0,0.0,0.0,0.0,0.0,0.0
7,27,3,0.0,0.0,0.0,0.0,0.0,0.0,0.0,0.0
7,27,4,0.0,0.0,0.0,0.0,0.0,0.0,0.0,0.0
7,27,5,0.0,0.0,0.0,0.0,0.0,0.0,0.0,0.0
7,27,6,-0.0,23.52942872485064,38.64674395754528,26.630630476582272,9.449460009508101,148.05670600289932,234.82688364957693,162.6705522445697
7,27,7,83.79688538066472,346.755364916521,388.10882242252114,369.0523030433302,121.24055831691992,481.1315493373597,535.2983212305285,509.29789648316694
7,27,8,282.7241391139501,563.4580395461585,586.0578407415221,530.9187926473825,318.0904225333393,641.1106685057644,666.7630423683391,598.0276930122945
7,27,9,452.5644216103608,648.7289342819859,661.5096761096701,538.6042649750083,486.35065700526746,705.8956841491676,720.5100853167581,574.038695846066
7,27,10,570.1920641911743,665.5682496999694,684.0819724862789,462.28465220468036,607.2112102695825,714.7388492265792,735.6545590403819,477.8362736932763
7,27,11,643.8045780556439,669.8661354436302,695.709424169161,318.9560574161608,684.7727980004615,715.8223576971209,744.8433286949884,317.8247835013968
7,27,12,677.3311398765502,674.8382921421038,705.2086968863277,170.44012041676697,718.3581062103992,717.2544480568488,751.4475258960505,158.76828423325173
7,27,13,667.4793545883028,683.9991489697749,711.362476133333,250.17587182132021,702.9190498281129,723.1455989130109,753.952273177878,237.6908793246364
7,27,14,633.8379028910509,713.0927623506734,734.9816810045528,405.741215993157,640.2981316184654,729.3413058204275,752.4996338276104,368.6981203058063
7,27,15,458.697221604126,577.2152139454834,597.3349657426808,444.38913923825703,451.3679428799254,566.952902700398,589.6014004735737,421.4658518831427
7,27,16,418.6552434994728,662.892444384762,684.3351050411197,550.7256480028951,321.33243462271537,466.38081971629055,483.89810909405827,387.58159288874316
7,27,17,218.65294042628398,610.5885435528293,658.7257387777271,521.8271679375105,205.11294376972216,426.59193774417946,453.1737942315998,367.6344346178086
7,27,18,68.46042985347717,419.3038601480116,537.9216604177839,340.0958699396005,79.26187893110638,280.2399058947432,335.3821589619286,227.23966843098276
7,27,19,27.058119769007888,28.32026881830574,56.63881440586683,28.430758897843898,12.770982349246395,24.17684658057534,164.25150453245107,20.87225760449812
7,27,20,0.0,0.0,0.0,0.0,0.0,0.0,0.0,0.0
7,27,21,0.0,0.0,0.0,0.0,0.0,0.0,0.0,0.0
7,27,22,0.0,0.0,0.0,0.0,0.0,0.0,0.0,0.0
7,27,23,0.0,0.0,0.0,0.0,0.0,0.0,0.0,0.0
7,28,0,0.0,0.0,0.0,0.0,0.0,0.0,0.0,0.0
7,28,1,0.0,0.0,0.0,0.0,0.0,0.0,0.0,0.0
7,28,2,0.0,0.0,0.0,0.0,0.0,0.0,0.0,0.0
7,28,3,0.0,0.0,0.0,0.0,0.0,0.0,0.0,0.0
7,28,4,0.0,0.0,0.0,0.0,0.0,0.0,0.0,0.0
7,28,5,0.0,0.0,0.0,0.0,0.0,0.0,0.0,0.0
7,28,6,-0.0,17.790969251398433,29.38481995447658,20.6190021144242,8.789275749221611,136.7588704636088,218.54300057600815,151.05997718728523
7,28,7,81.4204211831674,338.54340554283505,379.17369605241504,360.71531249871697,119.45653631796596,474.48529642806267,528.7113547352276,503.2418394434506
7,28,8,273.7317582494609,544.8645691002242,567.1100240844975,514.1795171590994,314.03846801251217,636.5496374220487,662.6955214522375,593.6120604326314
7,28,9,410.6292627514618,583.9826454221866,598.1554693311269,491.5586232593815,482.7133688208704,702.0276167832443,716.9596986424461,569.9804308319917
7,28,10,536.1116164747904,625.3623364890332,644.5201611954191,437.84150111135534,603.5023291182625,710.3354825856695,731.9720240356423,473.31852139309865
7,28,11,622.9789550375635,647.2222220061708,672.9265322616213,309.7435885672096,680.2847296967216,709.8376968241797,739.8579514319113,312.36231943309366
7,28,12,665.3644452819127,657.1497228665307,690.5323237433096,175.1601742206656,710.5563903549228,707.8604514280515,743.0212584384434,156.05848035164243
7,28,13,602.8669506804658,616.8111031813655,643.2691667005082,273.7239060541368,693.8254697297864,712.326718945102,743.9671356875674,232.3565638865735
7,28,14,415.72186398948327,460.30880121212215,475.6258733586621,331.41029037500005,529.1546058145655,593.5839149213958,614.831217302368,369.3823634609416
7,28,15,479.6230064188437,626.7240864016238,644.6118004771927,454.86129008030116,530.9371924668337,729.7191152079924,746.5141021764365,458.7154170530082
7,28,16,334.67868761637794,528.5684735257973,546.681999346426,434.24235133688865,384.3306721477197,701.8037667284324,723.7524930433747,505.2910240198171
7,28,17,185.54152196132355,333.17700126185525,351.0874812908726,305.9778131148941,211.67439424742756,492.4372497147793,527.6517239141441,414.96786097739846
7,28,18,78.58119451255111,291.8482141661673,353.7442180809362,239.72771252858124,68.64068321376622,127.84573685471116,133.61604946124362,112.21254646181642
7,28,19,30.13080663331379,41.96025201066186,211.12603747534763,39.03465912132406,13.88635243003097,21.122720737357653,125.39826909484931,19.022368421738957
7,28,20,0.0,0.0,0.0,0.0,0.0,0.0,0.0,0.0
7,28,21,0.0,0.0,0.0,0.0,0.0,0.0,0.0,0.0
7,28,22,0.0,0.0,0.0,0.0,0.0,0.0,0.0,0.0
7,28,23,0.0,0.0,0.0,0.0,0.0,0.0,0.0,0.0
7,29,0,0.0,0.0,0.0,0.0,0.0,0.0,0.0,0.0
7,29,1,0.0,0.0,0.0,0.0,0.0,0.0,0.0,0.0
7,29,2,0.0,0.0,0.0,0.0,0.0,0.0,0.0,0.0
7,29,3,0.0,0.0,0.0,0.0,0.0,0.0,0.0,0.0
7,29,4,0.0,0.0,0.0,0.0,0.0,0.0,0.0,0.0
7,29,5,0.0,0.0,0.0,0.0,0.0,0.0,0.0,0.0
7,29,6,-0.0,9.14247278385309,15.736193957006503,10.498787906422239,8.066936584958835,137.61296229731133,222.76283845238007,151.33260748353777
7,29,7,81.72285148869207,345.29318967881414,386.7549221343152,367.70826328232346,117.48161893016983,486.6399212306694,541.2592088488657,513.9488773458103
7,29,8,277.82669290277255,556.4726333982252,578.9719788436616,524.0322755813863,315.9193622825504,636.4045811449371,660.6206925935496,592.1867572147086
7,29,9,446.2652767197063,636.2760794535459,648.4696105978435,527.9988789110084,483.84883649436813,697.6125442042958,710.8390540777428,564.4744623653864
7,29,10,565.4203837885256,657.8667018831459,677.15394106602,456.9616646737184,610.6374828904446,717.6471388969269,739.4376136178248,472.7467497901673
7,29,11,636.3597986038392,659.2219599547026,686.1443846118378,313.00875756732256,694.6120208927808,722.5332282052084,753.9559021250765,307.9358523324041
7,29,12,669.408724843922,663.6847155653311,695.3285740303719,166.30893268857716,728.9163377925023,723.192640235315,760.3607077329274,146.39349671364334
7,29,13,656.4144646093448,669.6113379256751,698.0677041143057,243.98169748569228,714.0400513109404,730.5518261242682,763.9114490829354,227.41877357559332
7,29,14,606.1097877399657,681.6817099589175,703.0928022805006,374.4624718700476,652.6145549090993,741.7031308976041,766.3414006674167,363.6632781106293
7,29,15,531.3671963216387,708.4658586745668,724.30018376163,493.3571252369779,543.9409509987723,743.1292290578045,758.9830756911185,465.61880308590594
7,29,16,393.7256599851994,688.3037540876185,709.8173729076775,540.6752852572312,396.78167338185875,726.5422111846118,748.2876474452081,522.5521766259781
7,29,17,204.55014355310888,595.9093443686288,645.5987779975486,506.99434499029235,198.25753023367864,648.2868319816016,705.1962184324033,516.2874352290461
7,29,18,51.25932047685842,418.8883575133646,557.3680457578032,335.35527992914194,36.39185384397011,430.6404318698342,583.3581411042412,332.2035792527184
7,29,19,19.349660509941465,31.920310012858568,230.31947984046417,28.556112295598567,10.8506228227566,21.5815959168801,189.5345141721646,18.46847627757849
7,29,20,0.0,0.0,0.0,0.0,0.0,0.0,0.0,0.0
7,29,21,0.0,0.0,0.0,0.0,0.0,0.0,0.0,0.0
7,29,22,0.0,0.0,0.0,0.0,0.0,0.0,0.0,0.0
7,29,23,0.0,0.0,0.0,0.0,0.0,0.0,0.0,0.0
7,30,0,0.0,0.0,0.0,0.0,0.0,0.0,0.0,0.0
7,30,1,0.0,0.0,0.0,0.0,0.0,0.0,0.0,0.0
7,30,2,0.0,0.0,0.0,0.0,0.0,0.0,0.0,0.0
7,30,3,0.0,0.0,0.0,0.0,0.0,0.0,0.0,0.0
7,30,4,0.0,0.0,0.0,0.0,0.0,0.0,0.0,0.0
7,30,5,0.0,0.0,0.0,0.0,0.0,0.0,0.0,0.0
7,30,6,-0.0,22.63717194742463,38.01114383550154,25.893615944218606,7.706163331357385,134.26992168824844,219.77128092281754,147.97509843332725
7,30,7,77.70567926486945,315.7155857560032,354.3465577888339,338.1207883570709,118.72118265831818,475.71812449357503,529.9884085140312,504.9765759871567
7,30,8,275.79065600939225,545.053647780997,567.93168655243,516.1442873176736,313.8147051031301,624.7385213822853,649.8590873763535,585.5692656775707
7,30,9,435.23765985865464,620.1975595519463,633.9519272002124,517.8848122818044,479.8987282731451,692.4003350023568,707.4545769186423,565.0589394610661
7,30,10,555.0583679160748,644.5767721798317,665.1903079373744,452.37889474523564,599.1459158416561,700.5699059856198,722.5879563820196,470.59273384944925
7,30,11,619.2598964188672,638.105849239324,666.7299379230083,307.1537805031075,674.653284874397,699.7248399834947,730.3684982453434,310.82176364502385
7,30,12,660.3021097050231,648.2789942745495,683.5069366134486,165.77578229452317,704.2726606123722,697.8795573214749,733.7356534268305,155.13417356250486
7,30,13,648.9405160619792,661.2750092034768,690.0695569085699,244.98738478943588,690.1067432697158,704.6996010492549,737.0556555817682,233.6582235417571
7,30,14,598.4405868144623,671.8129851878373,693.6898935094443,372.1443364421334,631.1045153008271,714.1538521612399,738.5580924861192,363.63586225655166
7,30,15,509.6073309594439,681.3105702205914,697.1111140242432,471.0285959288917,533.1647300113966,727.5903709382843,744.684885529557,464.26414299786813
7,30,16,383.89259035005574,676.904328489068,698.3511308409265,527.7064644940016,388.24203250019673,703.5993984577415,725.8774334957868,512.7907445717973
7,30,17,204.17941249127287,618.4593586146763,670.8280425209064,524.060957539639,195.22106396058498,624.8183891983778,680.6969837943617,500.3987171640542
7,30,18,47.94833343673288,401.05330719845546,539.4988704537324,319.38099437512113,39.15567855759581,410.6261808283155,560.3854215323214,316.10716412808597
7,30,19,24.91625903632605,29.973618756295565,139.25180135956776,28.931427059808573,21.042582370516648,20.701998846430534,35.53539918162661,20.970941195587937
7,30,20,0.0,0.0,0.0,0.0,0.0,0.0,0.0,0.0
7,30,21,0.0,0.0,0.0,0.0,0.0,0.0,0.0,0.0
7,30,22,0.0,0.0,0.0,0.0,0.0,0.0,0.0,0.0
7,30,23,0.0,0.0,0.0,0.0,0.0,0.0,0.0,0.0
7,31,0,0.0,0.0,0.0,0.0,0.0,0.0,0.0,0.0
7,31,1,0.0,0.0,0.0,0.0,0.0,0.0,0.0,0.0
7,31,2,0.0,0.0,0.0,0.0,0.0,0.0,0.0,0.0
7,31,3,0.0,0.0,0.0,0.0,0.0,0.0,0.0,0.0
7,31,4,0.0,0.0,0.0,0.0,0.0,0.0,0.0,0.0
7,31,5,0.0,0.0,0.0,0.0,0.0,0.0,0.0,0.0
7,31,6,-0.0,4.928996811777507,8.85450992376749,6.102150024307844,7.623095415340504,120.38995427985454,196.95477857408136,134.15257592596984
7,31,7,73.51986041652899,289.67927685011824,325.6344242361953,311.7461599456947,115.33133612347137,456.79431703598215,509.4545169089021,486.1403496733123
7,31,8,262.53682912760524,517.6693678193468,540.5886259131548,491.573129550694,306.6711422810211,614.367432655582,640.2039614481843,575.768686770986
7,31,9,429.6505452805484,609.8571024730353,624.0521987646049,511.1770077186853,466.91956944029226,670.7690712213538,686.4352161080991,549.9983525099743
7,31,10,518.7320844263367,598.1881255893717,619.5240367499946,435.30178467504527,587.0758486520507,685.6354025128373,708.9985827219803,463.4456608573321
7,31,11,632.6905601325184,650.6113656438636,680.1417415858726,317.6093956738897,666.7267478824422,687.6450926120448,720.7651808099724,308.56298208979814
7,31,12,652.9745210451272,645.8036373470944,677.907833626533,168.53422668990666,704.9543771515247,696.2109042874926,733.7342343919028,151.27541631333688
7,31,13,646.8447496725314,654.359631074012,685.6118827616621,242.06107727118058,692.2302251938544,705.0509668348031,739.0524648010695,229.5748787086226
7,31,14,596.1156952161672,667.6901350511677,690.9134135515704,371.98695924120386,633.1848782662744,716.4004547111443,741.9180641014482,359.79821484538854
7,31,15,508.8126983897073,678.9576178367199,694.989659793719,470.403069517022,529.9469483047462,724.5638227863998,742.2235948181243,458.2734175923321
7,31,16,380.5463915933796,668.1781678051485,689.8013320432689,522.9489438164345,384.2947723959428,698.3043587305432,721.0553185137518,505.9549434264254
7,31,17,202.56580804396026,599.623485684327,650.5504696895543,510.29363222721264,193.02288275796718,617.074386317058,673.0368086900546,492.96094089729723
7,31,18,50.08499267366511,410.04588114064234,552.3763762343535,325.26971916211465,40.14817374662878,393.23888857809897,541.5152627478985,301.66731729772505
7,31,19,22.55698564308075,29.759988208413994,202.18199966860658,28.043793617182025,11.13637157720145,16.920178060766915,151.1370129776963,15.282707823294146
7,31,20,0.0,0.0,0.0,0.0,0.0,0.0,0.0,0.0
7,31,21,0.0,0.0,0.0,0.0,0.0,0.0,0.0,0.0
7,31,22,0.0,0.0,0.0,0.0,0.0,0.0,0.0,0.0
7,31,23,0.0,0.0,0.0,0.0,0.0,0.0,0.0,0.0
8,1,0,0.0,0.0,0.0,0.0,0.0,0.0,0.0,0.0
8,1,1,0.0,0.0,0.0,0.0,0.0,0.0,0.0,0.0
8,1,2,0.0,0.0,0.0,0.0,0.0,0.0,0.0,0.0
8,1,3,0.0,0.0,0.0,0.0,0.0,0.0,0.0,0.0
8,1,4,0.0,0.0,0.0,0.0,0.0,0.0,0.0,0.0
8,1,5,0.0,0.0,0.0,0.0,0.0,0.0,0.0,0.0
8,1,6,-0.0,-0.0,-0.0,-0.0,6.68623581745268,5.89175455777451,3.3852071845228244,6.610150399978073
8,1,7,18.27105728086847,19.144497121417373,16.855888315376184,21.2470798566698,87.57865226163241,130.51443464687216,131.03014613209578,142.46462349713474
8,1,8,88.0452757400921,103.16958011365567,104.33842691306926,109.15527364970768,114.14907994527903,117.21047719326002,116.10493432489713,124.55445419988227
8,1,9,73.37461290728052,69.31281589047036,73.87246845588835,75.94847936632593,3.506465210424741,2.999637991460202,3.4347165137753723,3.498658267710543
8,1,10,79.24717396083994,83.2199603284155,85.10541353554181,81.16422673651533,84.21838791630923,88.49236215663218,90.44379087673698,84.29006696434595
8,1,11,100.27664456362399,112.76912715338511,111.71582938442518,100.23043448431498,51.36063960839114,58.51687487486929,57.64541712489086,51.539091187284576
8,1,12,88.7226321943831,103.2715590797271,100.31865304472146,87.91842876695898,150.43607859176188,173.60603074732256,169.52212268178198,139.75206797274345
8,1,13,228.5785803542106,254.459970332602,253.506875227854,207.5336944901923,528.4956049498136,545.5125282202034,569.432825933366,257.7786956943477
8,1,14,335.58263900651895,367.10910219448175,378.5912580720998,286.1223233672841,569.4291424051294,639.1300357708433,664.7503762983574,359.9569237581516
8,1,15,319.3822313657059,369.6662842548631,387.27325361043165,315.8859502260097,407.0618830829566,492.1361386184126,515.1525898918228,383.79706023802134
8,1,16,316.9018302076349,465.21326538732717,482.07059194633723,397.25560718356104,308.47650996472055,438.2728148662366,455.64151627517305,370.31576896497387
8,1,17,169.66022122641283,298.61129552509897,313.4586944060369,274.78759715776323,63.54206859311723,63.2171827120091,57.24011610773371,66.82683742075254
8,1,18,67.94857745629206,186.72549481671265,216.4786366132187,154.1334886114325,77.35043457550452,184.0184755895386,205.58960039622727,152.5029741216575
8,1,19,45.21533929176132,43.98244917306183,80.96486752239547,45.17246496915186,13.044783468227553,11.819853327690728,5.5814847778415855,12.33304605603494
8,1,20,0.0,0.0,0.0,0.0,0.0,0.0,0.0,0.0
8,1,21,0.0,0.0,0.0,0.0,0.0,0.0,0.0,0.0
8,1,22,0.0,0.0,0.0,0.0,0.0,0.0,0.0,0.0
8,1,23,0.0,0.0,0.0,0.0,0.0,0.0,0.0,0.0
8,2,0,0.0,0.0,0.0,0.0,0.0,0.0,0.0,0.0
8,2,1,0.0,0.0,0.0,0.0,0.0,0.0,0.0,0.0
8,2,2,0.0,0.0,0.0,0.0,0.0,0.0,0.0,0.0
8,2,3,0.0,0.0,0.0,0.0,0.0,0.0,0.0,0.0
8,2,4,0.0,0.0,0.0,0.0,0.0,0.0,0.0,0.0
8,2,5,0.0,0.0,0.0,0.0,0.0,0.0,0.0,0.0
8,2,6,-0.0,-0.0,-0.0,-0.0,-0.0,-0.0,-0.0,-0.0
8,2,7,0.3263037368507914,0.25227770198319127,-0.0,0.637482680897808,13.240041594953997,11.976822053483255,9.75557778264958,13.279838875815939
8,2,8,41.415314915376655,38.65891605221481,37.59864949401597,42.832095727613655,78.1802019061958,76.90011567334045,75.42462831874654,82.86896151005544
8,2,9,83.36842766299495,79.30323718082887,84.4573807790219,86.52287685192739,108.04167666221923,105.02018174932066,111.67704731994479,111.1619725813565
8,2,10,124.52871788348064,131.25152144198827,134.37533935592248,126.75614503077134,135.5589595790164,143.34019930888118,146.78719655878086,135.03780049057815
8,2,11,166.3816617079208,185.68492915238866,184.66034363291055,162.7041128222623,242.99770196257072,269.618341917789,269.6732561798042,222.1185287371755
8,2,12,278.0531187895013,311.26148876582795,308.0177662199425,241.39835378398988,294.4230045445317,330.6496635729166,327.2066483529593,248.099958577061
8,2,13,319.1012973090291,351.4013858251732,352.0626385997883,276.797504217413,363.68154476748066,390.0976457371028,398.14631413378703,255.14741636357718
8,2,14,313.38857776446054,338.23247282431043,346.4553558043787,294.6634754875049,172.3290337488419,184.99033098759577,188.29951063654246,167.05101167686718
8,2,15,188.33890933484423,192.809325939413,203.410433514619,191.84105120228494,35.25912528601181,33.57541264143647,35.55585924812144,35.661248501385984
8,2,16,65.66655777181828,61.88222018680571,61.71441905536969,67.9635078315246,47.35651277677666,43.686547349157784,43.29829866134004,47.84314626974429
8,2,17,62.34145683337147,61.85711685035379,56.32784697971054,66.90047142119779,25.78219113866726,23.617787236579556,20.432569238174565,25.927787578295106
8,2,18,32.96065382462431,36.428330811808095,31.032868264755656,37.67725650810442,1.1326650577299495,0.7514649251772269,-0.0,1.1224065245358195
8,2,19,9.32647173899016,8.369328842902206,3.4735415816488517,8.840972776221095,3.2096354850629236,2.6912645534743858,0.04328636511372687,2.9044062565163964
8,2,20,0.0,0.0,0.0,0.0,0.0,0.0,0.0,0.0
8,2,21,0.0,0.0,0.0,0.0,0.0,0.0,0.0,0.0
8,2,22,0.0,0.0,0.0,0.0,0.0,0.0,0.0,0.0
8,2,23,0.0,0.0,0.0,0.0,0.0,0.0,0.0,0.0
8,3,0,0.0,0.0,0.0,0.0,0.0,0.0,0.0,0.0
8,3,1,0.0,0.0,0.0,0.0,0.0,0.0,0.0,0.0
8,3,2,0.0,0.0,0.0,0.0,0.0,0.0,0.0,0.0
8,3,3,0.0,0.0,0.0,0.0,0.0,0.0,0.0,0.0
8,3,4,0.0,0.0,0.0,0.0,0.0,0.0,0.0,0.0
8,3,5,0.0,0.0,0.0,0.0,0.0,0.0,0.0,0.0
8,3,6,-0.0,-0.0,-0.0,-0.0,7.322033020968372,6.487282872630165,3.8524250624295227,7.325563618101661
8,3,7,1.6704303012781934,1.6583634093012505,1.0158809442594439,2.168924026736439,13.91242210421511,12.60066876004524,10.274774530273277,13.956190687564344
8,3,8,4.21860855473659,3.7971237352655316,3.593816370615104,4.49529947196011,23.912458798290405,21.89353772718495,21.093826866100393,24.082488694853442
8,3,9,10.68495709799717,9.700503304102403,10.556142228123774,11.000196784033552,52.0926302784544,48.33817767996247,51.55767878345804,52.76146553481048
8,3,10,35.13749096386527,36.81955995894705,37.61007095703147,36.16450837574242,89.06271424896765,93.50955641220669,95.53013875165281,89.81472320600353
8,3,11,70.40884178569301,79.57083905756235,78.50129945398905,71.54135533787941,195.66218935342468,218.16898199187494,217.1654720749079,186.39245569773436
8,3,12,171.3584521074762,195.99931971739483,191.7122777879127,161.63718060137737,374.2963475910569,398.04852011261306,405.6306609202003,250.29927210722528
8,3,13,333.7130589586575,357.94117578622377,364.5521256218956,252.11572927280397,291.60896398099095,315.6229775615494,320.24866155720787,226.65621078070708
8,3,14,234.43961069914545,251.8441915309252,257.0715535853742,226.64521665444317,234.95605158450417,252.8163151961884,258.01852440569735,222.73348658736026
8,3,15,293.45493248409684,328.91962983972167,346.86929055928084,295.25761883927703,518.4765315655972,691.9588873183352,712.4915013204846,467.58939042234095
8,3,16,299.5222197572155,419.86192222333233,436.85798652462347,369.7308015249532,379.4960259599973,660.4750235471482,684.6598993571171,504.0724407634262
8,3,17,213.9081427748451,553.3143426827379,598.560132213349,477.6680411985344,198.25955210051163,574.951668335457,626.0552189321542,477.2883531850228
8,3,18,53.36890317202527,366.6871729801833,504.4631611490677,288.6733989956693,47.021440446260286,352.52781269526275,489.15235523371757,273.03320245259755
8,3,19,13.61921144474579,12.360644190065946,6.100105838755279,12.987149328616063,11.85596883023908,12.902773410373987,105.22390315433469,12.73797089910605
8,3,20,0.0,0.0,0.0,0.0,0.0,0.0,0.0,0.0
8,3,21,0.0,0.0,0.0,0.0,0.0,0.0,0.0,0.0
8,3,22,0.0,0.0,0.0,0.0,0.0,0.0,0.0,0.0
8,3,23,0.0,0.0,0.0,0.0,0.0,0.0,0.0,0.0
8,4,0,0.0,0.0,0.0,0.0,0.0,0.0,0.0,0.0
8,4,1,0.0,0.0,0.0,0.0,0.0,0.0,0.0,0.0
8,4,2,0.0,0.0,0.0,0.0,0.0,0.0,0.0,0.0
8,4,3,0.0,0.0,0.0,0.0,0.0,0.0,0.0,0.0
8,4,4,0.0,0.0,0.0,0.0,0.0,0.0,0.0,0.0
8,4,5,0.0,0.0,0.0,0.0,0.0,0.0,0.0,0.0
8,4,6,-0.0,-0.0,-0.0,-0.0,7.101748525857077,77.84858051187581,128.80687218131223,88.13075065192635
8,4,7,36.324827801796204,35.19638906510361,30.544984726496324,39.0071622722906,112.92958557832372,423.20378327717293,472.64072172377115,454.6522302419422
8,4,8,162.5963479438844,235.3019878070383,243.78815594166664,239.62929595389673,303.96218073668854,595.1778936681417,621.392489865579,563.5581540570009
8,4,9,216.37620775278725,247.2367740854246,260.2628107176952,240.58161130788412,471.73969921562616,669.8463048266337,686.3657230929437,554.3516129692474
8,4,10,327.4627052457983,368.5148758314921,384.4046012378851,292.173515059275,591.2035977841724,681.4698232009314,706.2472222470525,467.94035785144956
8,4,11,639.0454429979535,652.0296573782996,685.2409160038085,343.7671868174592,667.7613693244347,683.716086934351,717.9138439178105,314.0407411841945
8,4,12,684.8597318301705,666.0476501104272,706.5298824724886,182.74272300078573,700.1216204383086,684.702694109001,724.7840463800139,159.6183650826556
8,4,13,628.3350829220667,629.1426531887503,664.3064850487184,245.8966183837146,689.3481273761486,695.0431189643976,731.6220783601885,239.16389553962466
8,4,14,603.3408720799804,669.5472354663538,696.6139326794464,390.99035337480575,632.3123630683756,707.5485931927607,735.3415039421393,370.4763538331347
8,4,15,516.3320721441435,683.9417212382333,703.1217773208966,479.8704435334548,532.2631822678204,719.1490049575937,738.2719332192628,469.2366748486436
8,4,16,370.57390519169496,636.6137900368404,660.0214879178108,503.8601695980095,387.42177473091624,693.7741173778952,718.0514893288494,515.790916772087
8,4,17,213.62825810975522,627.3856421366023,681.9344864151636,536.2417337331672,194.69378519801802,612.5007831374664,669.5601470474313,498.0982362230827
8,4,18,47.2578157807071,402.61659756252163,570.095243434819,317.62189453690627,40.17625651339591,370.0333933718372,529.1604190493822,284.5476745951528
8,4,19,18.110988714287952,19.193210894650406,220.51875971813766,19.201378265790744,9.94315094630624,10.663115653671573,140.1602021614399,10.572321700206352
8,4,20,0.0,0.0,0.0,0.0,0.0,0.0,0.0,0.0
8,4,21,0.0,0.0,0.0,0.0,0.0,0.0,0.0,0.0
8,4,22,0.0,0.0,0.0,0.0,0.0,0.0,0.0,0.0
8,4,23,0.0,0.0,0.0,0.0,0.0,0.0,0.0,0.0
8,5,0,0.0,0.0,0.0,0.0,0.0,0.0,0.0,0.0
8,5,1,0.0,0.0,0.0,0.0,0.0,0.0,0.0,0.0
8,5,2,0.0,0.0,0.0,0.0,0.0,0.0,0.0,0.0
8,5,3,0.0,0.0,0.0,0.0,0.0,0.0,0.0,0.0
8,5,4,0.0,0.0,0.0,0.0,0.0,0.0,0.0,0.0
8,5,5,0.0,0.0,0.0,0.0,0.0,0.0,0.0,0.0
8,5,6,-0.0,5.926577091457015,11.99416302797253,7.0014708891712605,6.584863918282951,81.31649261268925,138.07369294831884,91.3473442292923
8,5,7,66.29062035710373,260.28891687656153,293.91108604204646,282.3230225845982,114.08044926246349,426.83451747567455,476.96822571212533,459.01173837552045
8,5,8,268.5352005957487,525.833435297491,550.3189026968886,501.1488343949857,303.0154371234854,590.4657654438038,617.1195402334359,560.3915781549222
8,5,9,438.9125781836707,619.0557005439501,634.7864862124657,518.9713074480419,463.91675884167444,652.8787088154986,669.5212763265065,544.1983130603066
8,5,10,540.6361071751605,618.5372598493336,643.4782081885381,444.3342485329209,573.2746554089435,656.5647119998607,680.982968707763,457.67664350854994
8,5,11,519.0446583928865,527.8190993214923,557.3817929839385,281.72736643120646,627.6366426657471,640.1683302470667,670.7487688933581,305.6282507093869
8,5,12,640.8054606787763,617.9661894020381,659.8224502064397,175.3494906745156,658.0500975700098,643.3123667900246,679.3975220943846,158.7562450080964
8,5,13,658.2724130112156,658.6020557787508,695.2310452132168,264.24616736323276,653.8158872821667,658.0432851370094,691.7020311999761,237.67642918700906
8,5,14,546.8211537056852,606.1886242684667,632.1673153106229,357.7337394448219,555.0980228321849,615.8477622020868,642.0536453908,356.41103390990077
8,5,15,478.5523379828885,621.6647001160343,642.1071863840425,450.74735943930585,455.33288228764053,594.6201806808205,614.759493242268,419.1141198570231
8,5,16,407.09892461309903,646.4338198202696,669.8252274774567,537.2130269550615,300.5473391851001,444.384117531279,460.31419323387973,370.1410312735646
8,5,17,210.47652659420368,403.32261770641685,429.8019062793212,369.2191664369664,84.53732835771959,94.2529356198814,88.63112011355928,96.55477258009658
8,5,18,78.11756261846959,327.608805944973,403.776795121243,250.1196196969562,18.565104558421016,268.8221977867142,397.4323225550808,200.25250341253158
8,5,19,31.524745055001972,29.510856858144713,174.28472291464394,30.66501368666396,9.847081730997315,9.25115922872288,116.7846724397432,9.550658548732025
8,5,20,0.0,0.0,0.0,0.0,0.0,0.0,0.0,0.0
8,5,21,0.0,0.0,0.0,0.0,0.0,0.0,0.0,0.0
8,5,22,0.0,0.0,0.0,0.0,0.0,0.0,0.0,0.0
8,5,23,0.0,0.0,0.0,0.0,0.0,0.0,0.0,0.0
8,6,0,0.0,0.0,0.0,0.0,0.0,0.0,0.0,0.0
8,6,1,0.0,0.0,0.0,0.0,0.0,0.0,0.0,0.0
8,6,2,0.0,0.0,0.0,0.0,0.0,0.0,0.0,0.0
8,6,3,0.0,0.0,0.0,0.0,0.0,0.0,0.0,0.0
8,6,4,0.0,0.0,0.0,0.0,0.0,0.0,0.0,0.0
8,6,5,0.0,0.0,0.0,0.0,0.0,0.0,0.0,0.0
8,6,6,-0.0,0.27323816591744354,2.1231678288627327,0.6456536710645606,5.944411656053103,65.7006912471049,109.88239167124365,75.32608462878834
8,6,7,69.94254247518917,249.09820275175989,279.2647953940477,270.4408670116921,110.74293134431146,399.8586583422233,447.50807364269366,432.0352674558469
8,6,8,278.68581448232993,511.72994703833353,535.3190914885895,495.0017300054081,297.5813225672818,577.0236747978007,603.8900753953641,549.097996834482
8,6,9,414.7232854126576,581.6107270848081,598.4228622177662,491.91739113901167,458.85373542003975,646.5742696266167,664.0585777070916,538.5136043556959
8,6,10,545.7095825170163,623.5866229116511,648.42781362155,442.96532122745475,569.0309789797108,651.3737932902275,676.9240655978135,453.0237073326487
8,6,11,623.7099965084228,631.9479322849594,666.4073680669744,308.33676879679797,626.1134774975689,637.4750638405915,669.4632072487756,302.817040060674
8,6,12,658.4895603909962,636.0030594516389,677.5124055293916,169.05422090795852,663.082064575777,646.1511250435441,684.5197924630029,156.95553245321443
8,6,13,665.9127996313098,664.2500864796592,702.1286697052208,262.1327135622406,655.754037641572,658.5653439988032,693.8729312253417,235.96596931981253
8,6,14,599.0525704123208,662.4070693915553,690.4599152230834,385.8601143485331,608.0886259172357,675.8066377909562,704.2249935339012,364.0038731810132
8,6,15,461.62933821570743,604.3391640767647,624.4219070404755,433.6474299772663,510.8585666839692,682.3532049483579,701.6717655093994,457.67169432950254
8,6,16,361.3930597441733,611.3948730435636,634.8503503876558,489.572246184107,374.5399462019184,665.5055529043858,690.1789337253082,502.988650300904
8,6,17,174.51872921067786,445.69507639382687,484.42730845552785,384.56234494230614,189.35052523814946,583.0047092699008,637.5111192975944,481.2639641314237
8,6,18,56.31329299586336,372.4082074045999,525.9497816168433,292.91002084221174,39.63498641183208,344.5769957911192,502.27908977187,264.9093046282929
8,6,19,21.74773449191822,19.90007152579014,10.261598738934856,20.835434444522686,8.86996252532642,7.944459686514429,3.125347816064448,8.299858697098763
8,6,20,0.0,0.0,0.0,0.0,0.0,0.0,0.0,0.0
8,6,21,0.0,0.0,0.0,0.0,0.0,0.0,0.0,0.0
8,6,22,0.0,0.0,0.0,0.0,0.0,0.0,0.0,0.0
8,6,23,0.0,0.0,0.0,0.0,0.0,0.0,0.0,0.0
8,7,0,0.0,0.0,0.0,0.0,0.0,0.0,0.0,0.0
8,7,1,0.0,0.0,0.0,0.0,0.0,0.0,0.0,0.0
8,7,2,0.0,0.0,0.0,0.0,0.0,0.0,0.0,0.0
8,7,3,0.0,0.0,0.0,0.0,0.0,0.0,0.0,0.0
8,7,4,0.0,0.0,0.0,0.0,0.0,0.0,0.0,0.0
8,7,5,0.0,0.0,0.0,0.0,0.0,0.0,0.0,0.0
8,7,6,-0.0,-0.0,-0.0,-0.0,5.4366873161797455,79.70137869820658,140.73190483834728,89.04839419483197
8,7,7,65.7535554134473,263.48333808425707,297.8168831083996,285.70471987535973,113.44619362598563,440.43240380618363,493.4573108678158,473.29197478587196
8,7,8,264.9369997127307,515.3037710368284,539.4630647236281,492.1176086463142,307.02130462373486,605.3694112585083,633.3180669189117,571.8502207764286
8,7,9,428.7588173036028,601.1085429789048,617.4316272656823,505.989670510207,472.96156574479534,671.986331467294,690.3721900536603,552.8408035278123
8,7,10,544.1305146018738,620.2361722698279,645.6124432741044,440.83479787825104,594.8990029923611,684.0460367160131,713.0070080496856,463.5335603379969
8,7,11,620.5992540877597,627.3519638542562,662.3795043484441,308.98272216027624,662.1140927340324,673.4734190647745,710.9523219421644,303.85757877427653
8,7,12,627.2315420071961,607.886116429179,647.8230892537015,208.84929123496622,688.6435120793941,668.8580860374016,711.9171195363818,152.71727495501676
8,7,13,568.7356251209256,569.9000810051714,602.2297802766565,256.8893376493465,326.96681823106087,351.16792154180524,357.7246503011609,242.46519831050168
8,7,14,297.39665595560734,324.05151844819204,336.7390516551914,244.49732271324908,371.8031992923607,405.73107215608206,420.0294298545149,299.0222865080599
8,7,15,385.9468954408782,500.0800851372327,519.3162193959982,364.02073446122967,475.0879289219037,629.2546413017235,651.7561803141276,424.47217477429643
8,7,16,379.4732182834033,649.1452756305046,673.9470471061485,516.9144518827773,378.88679706082155,680.1890990775288,706.585592307791,500.1286502510954
8,7,17,204.77314388677837,589.0472218465827,641.8599373499919,505.10892039223,190.94892551173487,592.2218170868366,649.1759801993965,478.58346530261224
8,7,18,48.340122732061886,372.022905735434,537.9628163722557,289.4098735969149,38.43544128403588,343.5667389963513,507.3076591904001,257.15972551839764
8,7,19,0.0,0.0,0.0,0.0,0.0,0.0,0.0,0.0
8,7,20,0.0,0.0,0.0,0.0,0.0,0.0,0.0,0.0
8,7,21,0.0,0.0,0.0,0.0,0.0,0.0,0.0,0.0
8,7,22,0.0,0.0,0.0,0.0,0.0,0.0,0.0,0.0
8,7,23,0.0,0.0,0.0,0.0,0.0,0.0,0.0,0.0
8,8,0,0.0,0.0,0.0,0.0,0.0,0.0,0.0,0.0
8,8,1,0.0,0.0,0.0,0.0,0.0,0.0,0.0,0.0
8,8,2,0.0,0.0,0.0,0.0,0.0,0.0,0.0,0.0
8,8,3,0.0,0.0,0.0,0.0,0.0,0.0,0.0,0.0
8,8,4,0.0,0.0,0.0,0.0,0.0,0.0,0.0,0.0
8,8,5,0.0,0.0,0.0,0.0,0.0,0.0,0.0,0.0
8,8,6,-0.0,-0.0,-0.0,-0.0,2.936041232861158,2.4145710626195283,0.6954400130703691,2.826833178583863
8,8,7,2.9554721215759905,2.4506485284663513,1.5397822073036198,3.0563223919437226,4.359735391465737,3.734675856933655,2.548603620963045,4.243827390576483
8,8,8,7.699298450672176,6.929511985082706,6.5679335397820715,7.96521467157162,0.5789794196857413,0.23952252990257236,0.06723056049293821,0.5253961863437462
8,8,9,17.065176894900027,15.588185778165318,16.783063813578337,17.532465412003514,108.2844633781525,104.94877478889491,111.37356325273073,110.05642280661489
8,8,10,26.277830868471753,27.45755424511446,28.037830562785814,27.06417198445183,21.427960915176694,22.45329365943972,22.908620925411142,21.345063371205747
8,8,11,109.9489453309753,123.30955662748367,121.68203322911654,109.62207837027239,229.10910227935443,254.40034907587417,253.2276685972771,210.9279563736899
8,8,12,359.82386882435173,379.1915116797086,387.19439050964445,242.0678981753914,61.15359666046915,72.16667654502935,69.28730370117805,60.23631572465215
8,8,13,157.48289839835442,177.0197819485933,174.47773313573825,152.04909910804597,145.74551619697436,164.76919966656263,162.04528160796244,136.8946013235364
8,8,14,244.85421153297304,262.3964732731743,267.8903834677756,233.48726749086643,240.25819803805308,258.2423803906246,263.4786984376308,219.8364932387575
8,8,15,195.4999851071141,198.37942683518756,209.7695024331722,199.21315780386018,91.42882338721478,88.26905757427464,93.18351803947228,91.1215004509659
8,8,16,203.04442341966939,227.7321688952974,232.14900760697927,225.6543359744904,102.53427074672344,101.33128852056052,100.73286549024105,105.25790831712513
8,8,17,173.0871271053585,256.92463673934185,262.75464392738365,247.13895862751383,192.84555343431327,535.7558926215829,582.5148001884854,451.04859127502715
8,8,18,53.48899898373835,93.07996835017255,95.68639843182348,80.61380902551973,51.306570604729174,302.84640244202933,433.56454310453563,231.5100089563152
8,8,19,0.0,0.0,0.0,0.0,0.0,0.0,0.0,0.0
8,8,20,0.0,0.0,0.0,0.0,0.0,0.0,0.0,0.0
8,8,21,0.0,0.0,0.0,0.0,0.0,0.0,0.0,0.0
8,8,22,0.0,0.0,0.0,0.0,0.0,0.0,0.0,0.0
8,8,23,0.0,0.0,0.0,0.0,0.0,0.0,0.0,0.0
8,9,0,0.0,0.0,0.0,0.0,0.0,0.0,0.0,0.0
8,9,1,0.0,0.0,0.0,0.0,0.0,0.0,0.0,0.0
8,9,2,0.0,0.0,0.0,0.0,0.0,0.0,0.0,0.0
8,9,3,0.0,0.0,0.0,0.0,0.0,0.0,0.0,0.0
8,9,4,0.0,0.0,0.0,0.0,0.0,0.0,0.0,0.0
8,9,5,0.0,0.0,0.0,0.0,0.0,0.0,0.0,0.0
8,9,6,-0.0,-0.0,-0.0,-0.0,-0.0,-0.0,-0.0,-0.0
8,9,7,-0.0,-0.0,-0.0,-0.0,1.2669783339481482,0.8699727102068463,0.10123323612107182,1.1524870699306318
8,9,8,6.853028360695367,6.159495559583532,5.8146622640195815,7.11518213693122,6.120552330848833,5.365364795615232,4.960184459772031,5.937806335439273
8,9,9,16.077942076846732,14.720322296484273,15.85028486504977,16.53762415594884,10.924157982208639,9.822778803345697,10.638949672851632,10.708274255865378
8,9,10,100.1338732908389,104.76316166735432,107.05051437598497,102.12230096748985,156.745651275346,165.36728229210277,169.2910222911395,151.9615641626829
8,9,11,212.0232617303577,234.68820779473614,233.51535038903654,202.91415196852066,317.03706522369123,340.0001421056244,347.1287524759009,247.2271382598765
8,9,12,157.98917798512036,180.89462551496567,176.02774959969398,150.01709606038796,220.95304180691127,250.3457868108054,245.3841811676976,189.54886661796363
8,9,13,338.9551002789032,352.0599421110506,365.1947781879729,221.49949811970478,550.2921533564194,563.7493887938948,590.7051058356672,288.33371095694326
8,9,14,477.0085613835254,521.0773804024094,544.2847547052793,361.55625158273256,529.1663164868278,583.8451953702818,611.8496732961064,338.78721231155697
8,9,15,490.6804828330743,610.3820923577912,635.2004145989945,472.3973451135301,434.83404398701595,548.4267294201295,570.8059191844885,394.8062327808783
8,9,16,334.27198858103606,488.4872033370405,507.63478759291144,420.11096046487773,367.92744074378464,623.8728810417814,647.8985003520627,476.8972206837974
8,9,17,209.6452720130052,486.89180835471,525.476205983577,429.28652256706494,193.31071487374103,521.7602247502361,567.1616754799111,437.120950129745
8,9,18,66.9224788768878,269.7315286622772,349.35813485365117,203.7911127513655,66.48842600456553,275.08231152329245,356.74832825284176,203.18764980127915
8,9,19,0.0,0.0,0.0,0.0,0.0,0.0,0.0,0.0
8,9,20,0.0,0.0,0.0,0.0,0.0,0.0,0.0,0.0
8,9,21,0.0,0.0,0.0,0.0,0.0,0.0,0.0,0.0
8,9,22,0.0,0.0,0.0,0.0,0.0,0.0,0.0,0.0
8,9,23,0.0,0.0,0.0,0.0,0.0,0.0,0.0,0.0
8,10,0,0.0,0.0,0.0,0.0,0.0,0.0,0.0,0.0
8,10,1,0.0,0.0,0.0,0.0,0.0,0.0,0.0,0.0
8,10,2,0.0,0.0,0.0,0.0,0.0,0.0,0.0,0.0
8,10,3,0.0,0.0,0.0,0.0,0.0,0.0,0.0,0.0
8,10,4,0.0,0.0,0.0,0.0,0.0,0.0,0.0,0.0
8,10,5,0.0,0.0,0.0,0.0,0.0,0.0,0.0,0.0
8,10,6,-0.0,-0.0,-0.0,-0.0,2.8812492361510094,2.3527296985623583,0.5456015909727365,2.625555513404104
8,10,7,10.605887776903376,9.897504642785803,8.02676957768874,11.210541856463195,12.500340747768623,11.246199713366268,8.744076173034369,11.94875382267299
8,10,8,58.422925923592565,55.718763787362086,53.968134270491305,61.37819096464263,29.44554756661399,26.9436079318006,25.502551143126123,28.493720870501896
8,10,9,117.05847969946942,114.05966663249137,121.0636905522288,122.67804703388501,325.393138085641,398.22961288944225,417.8529267023697,358.1442493837617
8,10,10,477.143528629151,539.2390543541803,565.6445662865187,394.2218261063882,509.2645029392188,575.6960929905586,603.2279523369903,405.3985163370632
8,10,11,627.0434064132992,628.1565466991626,667.4741727035572,319.49110880261975,587.3045828748333,592.4374944877273,629.4576277559831,286.3333939101169
8,10,12,644.5862139381854,613.8128808875382,661.0584979241003,176.90064730524085,676.3176275119923,647.5274551701998,694.9656067327888,133.39428474524908
8,10,13,590.9018092859532,586.5927615722546,623.8834043689033,255.13056705116057,571.1581659279748,569.7632583665537,605.2387946875892,225.00033819201167
8,10,14,569.8928347137553,624.9585163259433,654.6485022258693,380.4606567846034,540.6316827966895,595.9077558250603,624.5050325721982,332.1613408415744
8,10,15,515.9583663738896,666.1653142170069,689.3955037674344,488.13721455123556,508.0830612687676,676.0787922978398,697.685765453211,440.2631761197049
8,10,16,386.8919154054412,638.0769225104024,663.3398721887218,519.4791947058784,366.1390408806183,637.3200475461912,661.4612988437965,481.9705808542015
8,10,17,218.65954483656276,570.6021506643232,619.5892111357807,498.71394271479596,187.30152104112503,540.6544522179151,589.23778453793,452.48973269960334
8,10,18,58.89692446282011,331.9101117794833,485.2318510390968,258.63789488558115,43.71929507082095,298.25692226193513,442.7353744874056,225.3599155824708
8,10,19,0.0,0.0,0.0,0.0,0.0,0.0,0.0,0.0
8,10,20,0.0,0.0,0.0,0.0,0.0,0.0,0.0,0.0
8,10,21,0.0,0.0,0.0,0.0,0.0,0.0,0.0,0.0
8,10,22,0.0,0.0,0.0,0.0,0.0,0.0,0.0,0.0
8,10,23,0.0,0.0,0.0,0.0,0.0,0.0,0.0,0.0
8,11,0,0.0,0.0,0.0,0.0,0.0,0.0,0.0,0.0
8,11,1,0.0,0.0,0.0,0.0,0.0,0.0,0.0,0.0
8,11,2,0.0,0.0,0.0,0.0,0.0,0.0,0.0,0.0
8,11,3,0.0,0.0,0.0,0.0,0.0,0.0,0.0,0.0
8,11,4,0.0,0.0,0.0,0.0,0.0,0.0,0.0,0.0
8,11,5,0.0,0.0,0.0,0.0,0.0,0.0,0.0,0.0
8,11,6,-0.0,-0.0,-0.0,-0.0,5.3163578220124785,4.953596368382867,2.8974845734532058,5.331777866668031
8,11,7,19.843851290416644,20.33637361446014,17.589907959316946,22.61321696365232,114.60037147872004,444.53246473940834,497.92470237677946,477.4447119533841
8,11,8,179.82418468280667,326.21097292686375,344.22588531321065,319.99281087842,314.34145023018283,609.046514001386,636.5452058632148,573.4659682900696
8,11,9,394.62480001036647,544.1491757774866,563.3768426283546,465.92349861387936,481.3031974403459,676.774715274686,696.4266131456177,549.8236949626746
8,11,10,536.5707939325096,605.2602424463358,633.6192910303208,434.02170683307617,597.5774609633511,678.8544331706928,709.2288237446453,449.80997022846384
8,11,11,627.1782338827132,629.5361079844035,667.2582344951978,306.7379671686963,671.535637305238,675.6354237198477,717.3513979895423,286.09027929908586
8,11,12,659.3860220288049,633.0316849052119,676.7932167158992,164.36152220300693,702.3534504039819,674.3160912551874,722.9510649384879,128.9546502736703
8,11,13,647.9789933038761,642.1373400727163,681.7516757527154,245.26603853014169,689.4829337030753,684.3372794340845,728.505079594049,212.4293909353958
8,11,14,598.4436092262123,656.7238047699873,688.2983534983579,373.53886785774824,628.1568535215226,694.9027027934393,728.1785853172449,343.86743323335253
8,11,15,504.35927228493495,662.3216956976775,683.824839107672,467.2851864381091,526.9140797138682,708.3452675520517,730.696201889977,444.6958406554747
8,11,16,375.79019790552604,649.1169388824266,675.6133527502802,515.7303240143511,380.0821447247123,682.2505980367891,708.2699489773034,495.2743687422322
8,11,17,198.62103322347406,587.3640576545905,643.0048393924719,505.1257926847399,186.18480815593838,599.6564333009499,658.1704491771368,483.82503861405434
8,11,18,43.359800899210406,355.3085336714373,544.094536864728,272.21055053097473,33.58536447247316,327.74679881832077,516.8394223169422,243.69671355541553
8,11,19,0.0,0.0,0.0,0.0,0.0,0.0,0.0,0.0
8,11,20,0.0,0.0,0.0,0.0,0.0,0.0,0.0,0.0
8,11,21,0.0,0.0,0.0,0.0,0.0,0.0,0.0,0.0
8,11,22,0.0,0.0,0.0,0.0,0.0,0.0,0.0,0.0
8,11,23,0.0,0.0,0.0,0.0,0.0,0.0,0.0,0.0
8,12,0,0.0,0.0,0.0,0.0,0.0,0.0,0.0,0.0
8,12,1,0.0,0.0,0.0,0.0,0.0,0.0,0.0,0.0
8,12,2,0.0,0.0,0.0,0.0,0.0,0.0,0.0,0.0
8,12,3,0.0,0.0,0.0,0.0,0.0,0.0,0.0,0.0
8,12,4,0.0,0.0,0.0,0.0,0.0,0.0,0.0,0.0
8,12,5,0.0,0.0,0.0,0.0,0.0,0.0,0.0,0.0
8,12,6,-0.0,-0.0,-0.0,-0.0,2.9204921629323097,82.66395817711935,156.17966508383333,93.51945868391722
8,12,7,70.88141343098212,287.3719102524519,325.54865644189886,312.0102256004772,115.82160821547195,465.2491528364886,521.738406824244,498.9440263706156
8,12,8,271.2139480595359,522.2092986779656,548.4398747309496,500.9581717161083,318.35778211689563,622.5517270733733,651.162860170639,584.8612421263128
8,12,9,411.31827285014776,574.0427884287129,592.0263345582075,481.95575474160427,483.20329072982,676.9256871711541,696.4032315397208,548.6796555274168
8,12,10,-0.0,-0.0,-0.0,-0.0,603.2269228864843,684.5518957312919,716.4646767322015,450.4617710192139
8,12,11,639.1887148867872,639.0299053573121,678.6044752627469,307.5432092740687,676.6114344889141,678.2971223135181,722.0788183708576,283.4619027583728
8,12,12,667.2471779992493,637.9576853536767,683.5524267090368,161.1677447795358,702.6071750298123,672.1700884884158,722.388131108338,127.11747021754262
8,12,13,651.524188989213,643.7060302115523,684.5436998515537,244.96419970238856,683.9615690036221,676.9406566912295,721.9245662142393,210.51069612237566
8,12,14,602.9925366308623,660.1933021953298,692.6008387313453,377.1064592236948,620.3619884314162,684.5319393105433,718.1078261322025,341.2141479082988
8,12,15,508.96256035301815,667.6092315532214,689.5411454047776,471.8574015675791,516.3992887662388,690.6460163287,713.1300687734615,439.5293126816755
8,12,16,378.4819886570811,648.4738736059654,675.4964220781147,519.1320496380183,371.4902698276297,662.252905733489,688.6726456019586,487.43926665608114
8,12,17,176.35764302773367,427.63693401119565,463.8831673240316,373.4688413801315,185.1434781453912,563.5168913718645,617.579080930774,463.5043284796299
8,12,18,32.31239554287295,42.523535138060595,38.966816808607696,40.0875884794516,45.80898460533361,84.53733500006848,88.29133166212601,68.10586176872165
8,12,19,0.0,0.0,0.0,0.0,0.0,0.0,0.0,0.0
8,12,20,0.0,0.0,0.0,0.0,0.0,0.0,0.0,0.0
8,12,21,0.0,0.0,0.0,0.0,0.0,0.0,0.0,0.0
8,12,22,0.0,0.0,0.0,0.0,0.0,0.0,0.0,0.0
8,12,23,0.0,0.0,0.0,0.0,0.0,0.0,0.0,0.0
8,13,0,0.0,0.0,0.0,0.0,0.0,0.0,0.0,0.0
8,13,1,0.0,0.0,0.0,0.0,0.0,0.0,0.0,0.0
8,13,2,0.0,0.0,0.0,0.0,0.0,0.0,0.0,0.0
8,13,3,0.0,0.0,0.0,0.0,0.0,0.0,0.0,0.0
8,13,4,0.0,0.0,0.0,0.0,0.0,0.0,0.0,0.0
8,13,5,0.0,0.0,0.0,0.0,0.0,0.0,0.0,0.0
8,13,6,-0.0,-0.0,-0.0,-0.0,-0.0,-0.0,-0.0,-0.0
8,13,7,2.368626269499599,2.334118920457062,1.5449005189339748,2.9140029207557108,32.59215255366646,31.03794675310538,25.669123520457646,32.787634526515404
8,13,8,30.60809873441528,28.59250759653027,27.404518968749535,31.709632329019676,14.853856039212152,13.43223763964223,12.54177198468039,14.270994911095368
8,13,9,-0.0,-0.0,-0.0,-0.0,218.18283779419167,257.21283496669696,271.1299381170822,238.4661223090484
8,13,10,-0.0,-0.0,-0.0,-0.0,215.82278583540113,228.44883976602162,234.26352206506053,203.88385808362193
8,13,11,-0.0,-0.0,-0.0,-0.0,384.913562004825,401.65584364015314,417.35666959748556,264.2957057404335
8,13,12,-0.0,-0.0,-0.0,-0.0,535.1804682590714,527.6525098787004,560.532470259847,215.9203522122846
8,13,13,-0.0,-0.0,-0.0,-0.0,687.1940059475562,678.1305609224023,723.5651077676679,213.09059690161294
8,13,14,-0.0,-0.0,-0.0,-0.0,626.5815255021924,688.8580016497078,722.8938247514967,347.71201499296035
8,13,15,546.5147176363209,710.5489031710238,735.6803234650164,512.3760747346854,523.0469147321619,694.6113508230336,716.3375547107124,446.90991795660545
8,13,16,326.5032199591126,549.5553255274749,574.120718854916,438.63304379093006,381.6335271334497,679.2934938725296,705.8552252526033,502.65244605047815
8,13,17,161.15351469035912,457.94855298067677,503.49329850228423,389.31860526481086,185.94939140971633,596.5007309401126,655.3380083459983,488.76989829255484
8,13,18,51.37634981676931,287.5626388392261,430.2652243897246,216.636535475187,32.5968833727964,313.76147066331635,507.6827108658425,234.15120070391336
8,13,19,0.0,0.0,0.0,0.0,0.0,0.0,0.0,0.0
8,13,20,0.0,0.0,0.0,0.0,0.0,0.0,0.0,0.0
8,13,21,0.0,0.0,0.0,0.0,0.0,0.0,0.0,0.0
8,13,22,0.0,0.0,0.0,0.0,0.0,0.0,0.0,0.0
8,13,23,0.0,0.0,0.0,0.0,0.0,0.0,0.0,0.0
8,14,0,0.0,0.0,0.0,0.0,0.0,0.0,0.0,0.0
8,14,1,0.0,0.0,0.0,0.0,0.0,0.0,0.0,0.0
8,14,2,0.0,0.0,0.0,0.0,0.0,0.0,0.0,0.0
8,14,3,0.0,0.0,0.0,0.0,0.0,0.0,0.0,0.0
8,14,4,0.0,0.0,0.0,0.0,0.0,0.0,0.0,0.0
8,14,5,0.0,0.0,0.0,0.0,0.0,0.0,0.0,0.0
8,14,6,34.56761913133808,226.63114702484089,403.6929467695644,252.36196461489342,1.0956196264922433,0.7038061334128748,-0.0,0.9019321276466008
8,14,7,103.92337159758927,364.0456257131648,410.13645094088673,397.96979082052246,70.44064937377969,106.1237321278976,105.18876788403956,114.69090720611085
8,14,8,191.87910675776848,370.6001138391371,392.02216238538,358.03183682228683,315.45267377977854,603.6192981862685,632.2915690440271,570.8287596278925
8,14,9,255.25398473609016,359.8575874390135,373.48646102966785,301.83150261466113,481.3992981878035,668.3078293833928,689.2836138058044,546.6315119147231
8,14,10,300.363724364461,340.09944143270616,359.59296075537816,234.87547488401304,598.6567219985052,672.3348151875146,704.493423080239,450.4665384433377
8,14,11,325.28044844539875,322.23146299884263,346.64863101992205,149.52437098506226,667.7441259248333,665.333512975458,708.7599924144895,285.7355193085853
8,14,12,335.0224890431149,314.77702465523834,343.04321937655305,75.4348514436625,559.7539119055482,548.6392560782475,583.4823189726376,214.75493166171213
8,14,13,326.5839945489374,319.1244808036543,344.3135256627648,113.40293788083406,271.01185063422,298.82215548259734,297.2215124749822,228.5891141938734
8,14,14,299.8724783512814,330.54872989072464,349.823267058303,175.019321917994,614.9429123685586,672.7108578394843,705.7131211480604,349.6128247018764
8,14,15,255.45532837838115,345.3623663369181,358.3722710194066,225.8912202146444,518.6080137943438,684.1662151016717,705.7466979982702,448.65879562058444
8,14,16,194.2723872098587,358.0773923268417,375.99489431613716,264.6944181738765,378.93267941049936,669.9754793916269,696.6149427214611,501.5216261640774
8,14,17,103.71325243781084,350.33156911861965,390.838827163386,284.9120262704252,185.9964217300449,584.5911007416729,642.301191922474,484.0451845530751
8,14,18,20.588782434367303,238.23296662196321,395.72421711252747,174.56730613558847,37.58571772799443,291.96049015680603,475.71087533592976,219.90005568969212
8,14,19,0.0,0.0,0.0,0.0,0.0,0.0,0.0,0.0
8,14,20,0.0,0.0,0.0,0.0,0.0,0.0,0.0,0.0
8,14,21,0.0,0.0,0.0,0.0,0.0,0.0,0.0,0.0
8,14,22,0.0,0.0,0.0,0.0,0.0,0.0,0.0,0.0
8,14,23,0.0,0.0,0.0,0.0,0.0,0.0,0.0,0.0
8,15,0,0.0,0.0,0.0,0.0,0.0,0.0,0.0,0.0
8,15,1,0.0,0.0,0.0,0.0,0.0,0.0,0.0,0.0
8,15,2,0.0,0.0,0.0,0.0,0.0,0.0,0.0,0.0
8,15,3,0.0,0.0,0.0,0.0,0.0,0.0,0.0,0.0
8,15,4,0.0,0.0,0.0,0.0,0.0,0.0,0.0,0.0
8,15,5,0.0,0.0,0.0,0.0,0.0,0.0,0.0,0.0
8,15,6,-0.0,-0.0,1.0443735418973665,-0.0,2.304990312203418,1.8242759315157442,0.1542494705240669,2.1143655165087525
8,15,7,65.16449776233242,163.78116362915162,180.21156998986854,181.69153792524907,68.31869862366273,95.22351017909025,93.08610638026903,103.65534323638902
8,15,8,179.14682225187386,267.09770731100974,277.7297495199141,270.7969848452255,224.78685667752842,361.62556595520357,377.90113815019527,355.6483319077015
8,15,9,326.20394434460525,415.4503981088321,435.3530236504535,376.3813903815412,392.4016538261796,530.0012504745935,551.6458926997234,447.6150715553857
8,15,10,371.93899787269123,405.5151538566476,425.17375104324447,335.08100476721785,418.78653782955286,462.6071243820402,486.93611809777747,347.6737632517855
8,15,11,439.80762250411817,444.028730184766,470.7220327355301,271.5756803210708,684.0208987859605,679.1336915257953,726.7612389521132,291.3525220816181
8,15,12,676.2351939622866,641.7111140585369,691.4453722960645,166.6154617670829,717.8111357482571,680.0186649847336,735.6009991458924,134.46795505010147
8,15,13,657.9388967520575,645.3700580287442,690.1433557081758,249.31607003645655,703.2005190850471,690.0962160208882,740.5356141450778,222.08903490228533
8,15,14,618.6743388911916,673.7242834705609,708.5856653965776,386.46541374026293,640.8553266740221,703.3676236164749,741.7457859038442,355.0184170040535
8,15,15,521.6307775207292,684.8249262249687,708.7418147783807,481.3814323884384,536.5173290834039,718.7695544575547,744.511342980588,455.55588963869246
8,15,16,385.2588915480449,657.8598494615819,687.2962317273185,528.2171468979142,385.1666817005237,690.1625896147546,720.0200595982433,504.12838464826064
8,15,17,197.13353383046612,579.8468235752886,637.7502987065636,501.0791867892897,186.21686940518168,600.7069912737195,663.3126217955534,487.89692611026163
8,15,18,42.52907712353691,330.8729291268228,537.6446838967319,249.33233668452732,33.31860898032875,298.9688045394087,502.84721649229215,220.93165200005498
8,15,19,0.0,0.0,0.0,0.0,0.0,0.0,0.0,0.0
8,15,20,0.0,0.0,0.0,0.0,0.0,0.0,0.0,0.0
8,15,21,0.0,0.0,0.0,0.0,0.0,0.0,0.0,0.0
8,15,22,0.0,0.0,0.0,0.0,0.0,0.0,0.0,0.0
8,15,23,0.0,0.0,0.0,0.0,0.0,0.0,0.0,0.0
8,16,0,0.0,0.0,0.0,0.0,0.0,0.0,0.0,0.0
8,16,1,0.0,0.0,0.0,0.0,0.0,0.0,0.0,0.0
8,16,2,0.0,0.0,0.0,0.0,0.0,0.0,0.0,0.0
8,16,3,0.0,0.0,0.0,0.0,0.0,0.0,0.0,0.0
8,16,4,0.0,0.0,0.0,0.0,0.0,0.0,0.0,0.0
8,16,5,0.0,0.0,0.0,0.0,0.0,0.0,0.0,0.0
8,16,6,-0.0,-0.0,-0.0,-0.0,-0.0,-0.0,-0.0,-0.0
8,16,7,49.57725751142007,162.66917923366276,184.19137070372278,180.2244928350433,111.45349658961408,407.8929602990192,459.3087131950159,442.7433902067325
8,16,8,186.51223845098195,310.99819911934344,326.6248224385441,308.91531642847224,148.56429240681425,179.4315824213735,181.72187818505253,184.6654622685624
8,16,9,366.37503206999514,495.76722754300437,517.1366395489587,430.4083266150194,318.649414240805,406.0837168702557,426.19145860520547,357.2752954298253
8,16,10,292.86289700054107,321.8721849557236,339.90434383055566,255.51708994482902,471.62949083435626,519.8557738231409,548.0262871853885,390.1745022093928
8,16,11,508.7921572769494,505.9011698787006,541.8041566866872,292.7918458299889,686.843307853303,677.4088611280741,729.7995799352536,293.7985599153121
8,16,12,676.0042900280977,634.6157256217889,689.6734134271271,170.50376713197844,719.1179739621799,679.1659939023415,737.0373604843041,136.27404682717693
8,16,13,664.7989955432,647.7800963838681,696.3483574313059,254.69220930772283,702.14160665085,687.4708388088235,739.6982007367362,222.4602874640785
8,16,14,607.7173441340891,660.3434719591382,696.8318829693974,383.8934114618735,638.5750482604346,699.8284910892517,739.481457821296,353.337885579975
8,16,15,515.4621441925941,672.0460484261348,697.6577485269781,480.98655435452326,533.0868853467093,712.8124340948665,739.5547987706667,452.79170830784597
8,16,16,376.6625026276878,643.6926739571737,673.3441422712457,517.1016064585962,383.1307626643734,684.0410531748748,714.6144076762102,500.75399168810816
8,16,17,198.41210511871643,564.0009474085929,619.8435432839381,490.81922016366894,185.88369581099104,594.2576150134502,656.9970629638736,483.5962839948438
8,16,18,45.192863079183155,299.0123784254526,486.4133556488718,224.69498894839887,33.20395596729673,290.14340815210807,497.91703271747997,213.38268586791605
8,16,19,0.0,0.0,0.0,0.0,0.0,0.0,0.0,0.0
8,16,20,0.0,0.0,0.0,0.0,0.0,0.0,0.0,0.0
8,16,21,0.0,0.0,0.0,0.0,0.0,0.0,0.0,0.0
8,16,22,0.0,0.0,0.0,0.0,0.0,0.0,0.0,0.0
8,16,23,0.0,0.0,0.0,0.0,0.0,0.0,0.0,0.0
8,17,0,0.0,0.0,0.0,0.0,0.0,0.0,0.0,0.0
8,17,1,0.0,0.0,0.0,0.0,0.0,0.0,0.0,0.0
8,17,2,0.0,0.0,0.0,0.0,0.0,0.0,0.0,0.0
8,17,3,0.0,0.0,0.0,0.0,0.0,0.0,0.0,0.0
8,17,4,0.0,0.0,0.0,0.0,0.0,0.0,0.0,0.0
8,17,5,0.0,0.0,0.0,0.0,0.0,0.0,0.0,0.0
8,17,6,-0.0,-0.0,-0.0,-0.0,-0.0,-0.0,-0.0,-0.0
8,17,7,48.66060110185972,133.0069862248228,147.40390956345905,147.221178035109,33.51566472339664,30.726678469659813,24.920384548354235,32.69209874862579
8,17,8,126.80661737831312,189.071764799352,196.55319357530055,191.84379449753598,95.56750909436637,95.50617905051837,92.37830808176251,100.33839864059986
8,17,9,319.294554732399,406.90390397933436,426.7418471592646,367.47483517208735,170.48372611342933,171.0465571915688,180.52845928263125,173.06834681989596
8,17,10,386.24953903980327,422.1036626574333,445.6073418987349,339.47429270735495,239.32829229641192,253.3953265570938,260.3257867578047,223.73254754013394
8,17,11,350.4926901018287,360.80208178606307,377.20938975896405,253.0397458639711,181.97486458925312,202.66724546502408,199.75722377418631,167.3249253994413
8,17,12,159.15517876893517,181.78426466596926,175.83500520322474,150.680499615811,150.12362089790295,173.17111306777977,166.80035070162492,136.3178113530136
8,17,13,218.3375818578365,240.60713672894622,238.50792799791103,198.20106764138222,145.0987863430275,163.56622631166277,159.86702828586428,133.9150694427657
8,17,14,291.2167212916312,312.581103525185,327.33862289857706,240.03467152954576,350.3551893410189,376.9340310725546,392.21908982480085,276.6647003630092
8,17,15,524.3581894940302,673.0347625990204,700.8970194291876,495.9712596197274,522.3178055078816,695.0248967973707,723.5959384652771,447.7537612142239
8,17,16,374.6493453625221,638.512003100806,668.7763236403654,513.817194132699,373.5272848141634,659.1348565405725,690.5496540083913,487.859375183796
8,17,17,193.54134880383424,553.2761083497551,608.7226382539175,479.79202341124653,184.63682842315745,557.7992836791738,616.2615302575871,458.0333067951651
8,17,18,48.210377570307294,296.95791992055206,487.84046434195227,223.04856402851823,35.853564916003734,270.5556253721045,457.6152485421723,194.13722771907052
8,17,19,0.0,0.0,0.0,0.0,0.0,0.0,0.0,0.0
8,17,20,0.0,0.0,0.0,0.0,0.0,0.0,0.0,0.0
8,17,21,0.0,0.0,0.0,0.0,0.0,0.0,0.0,0.0
8,17,22,0.0,0.0,0.0,0.0,0.0,0.0,0.0,0.0
8,17,23,0.0,0.0,0.0,0.0,0.0,0.0,0.0,0.0
8,18,0,0.0,0.0,0.0,0.0,0.0,0.0,0.0,0.0
8,18,1,0.0,0.0,0.0,0.0,0.0,0.0,0.0,0.0
8,18,2,0.0,0.0,0.0,0.0,0.0,0.0,0.0,0.0
8,18,3,0.0,0.0,0.0,0.0,0.0,0.0,0.0,0.0
8,18,4,0.0,0.0,0.0,0.0,0.0,0.0,0.0,0.0
8,18,5,0.0,0.0,0.0,0.0,0.0,0.0,0.0,0.0
8,18,6,-0.0,-0.0,-0.0,-0.0,-0.0,-0.0,-0.0,-0.0
8,18,7,-0.0,-0.0,-0.0,-0.0,27.102064349120074,25.358414384115314,20.592653204968617,26.989462303369837
8,18,8,49.63429919233725,49.410684777546685,47.7127025055922,53.76498103082299,5.339391517756816,4.635545314691821,4.148294449176191,5.09923338820555
8,18,9,219.7615339912277,282.614299606841,296.9299100784168,253.5072734274769,486.4258134940368,669.8648665489357,695.6011436205976,551.7706652162523
8,18,10,561.1455948473529,620.3108906885257,656.2714257845377,447.90612772535763,613.261855874253,683.0960043333517,723.607651462808,459.08558819223913
8,18,11,635.171629536344,621.2818582933734,670.7907925936004,316.2440005437216,689.4590005050696,675.2927639542171,730.4201232710852,292.2364424434786
8,18,12,668.2251185523357,620.9614260883232,680.6351924841256,173.70302967350068,715.7262963565952,672.0931506234799,731.9457331064067,136.68757862936906
8,18,13,662.955578125314,642.9864197555928,693.8197705623434,257.02712095907094,694.3455620282128,676.7838530055403,730.126268394794,225.70692697380815
8,18,14,567.0894448791904,612.1894537032043,648.6864700708513,381.84210339381184,633.9862007326554,690.5878413406144,733.222022174309,357.3333304549248
8,18,15,492.7505913227359,624.4768355177274,652.767301135435,468.9824806051448,522.8596732430569,691.1681166545493,718.9687967137207,452.00590725596555
8,18,16,306.993943364364,483.3771133594266,505.87539916142396,400.2485310592282,373.6297752009248,656.188586614915,687.6073498239441,492.5250008424746
8,18,17,167.4154521409924,361.3223339133209,390.1421511888833,323.3214573497452,183.76820554123356,550.4697914599388,607.890959558899,459.58683552624484
8,18,18,58.814149896131575,329.9687909032944,443.57361784764345,211.21036264363437,35.76599618432177,260.1427198994565,442.4952441081591,187.95405271342526
8,18,19,0.0,0.0,0.0,0.0,0.0,0.0,0.0,0.0
8,18,20,0.0,0.0,0.0,0.0,0.0,0.0,0.0,0.0
8,18,21,0.0,0.0,0.0,0.0,0.0,0.0,0.0,0.0
8,18,22,0.0,0.0,0.0,0.0,0.0,0.0,0.0,0.0
8,18,23,0.0,0.0,0.0,0.0,0.0,0.0,0.0,0.0
8,19,0,0.0,0.0,0.0,0.0,0.0,0.0,0.0,0.0
8,19,1,0.0,0.0,0.0,0.0,0.0,0.0,0.0,0.0
8,19,2,0.0,0.0,0.0,0.0,0.0,0.0,0.0,0.0
8,19,3,0.0,0.0,0.0,0.0,0.0,0.0,0.0,0.0
8,19,4,0.0,0.0,0.0,0.0,0.0,0.0,0.0,0.0
8,19,5,0.0,0.0,0.0,0.0,0.0,0.0,0.0,0.0
8,19,6,-0.0,-0.0,-0.0,-0.0,-0.0,-0.0,-0.0,-0.0
8,19,7,60.51296522416582,202.96016104586968,230.13100735546914,224.1509666456405,112.29124843927283,403.7653171881627,455.7461604941734,439.7619331294378
8,19,8,235.3063623581348,436.4435837885622,463.23420074561676,425.92265567326336,311.307931543313,587.1492696898929,619.3108833738363,560.2048878063531
8,19,9,432.7746854484015,587.7199908577036,611.8640962488195,501.00469563942744,480.57942594971104,658.962688869064,684.8602230218346,543.5656833047979
8,19,10,558.9059864703263,616.3243802692588,652.8480955637949,441.4985116398402,603.0090462725642,668.9958207408921,709.6080266765647,451.0608340628499
8,19,11,624.4802661781222,608.9081980873697,658.1391516207015,298.0776951494667,672.7397889098651,660.0715031436571,712.2889469738053,287.07258870200553
8,19,12,660.7518173489844,619.9168083166418,673.6403068904948,163.78422812529007,700.552964865582,656.6667363710263,716.2406399703495,137.092766824057
8,19,13,653.4859461353424,631.5278206996737,683.0738429168165,248.35132802426736,691.2533062294306,668.1134882588049,725.5896685336334,221.48075000174066
8,19,14,596.2943803492988,643.9267808108328,682.9357118617077,377.2613837630574,626.9993838072887,681.7963233375947,725.2397148975132,352.5232040243435
8,19,15,504.1703847397567,657.0342235464709,684.0608692629064,469.83352153868805,518.6996976238593,686.995449970352,715.5531501829444,446.16827444723333
8,19,16,376.6950535814592,639.8768911827436,671.4347013495138,517.9808256903834,371.76400270849115,658.446578136751,691.1409726893191,488.95461817378737
8,19,17,196.06339984501363,556.6866694425753,613.9385313804061,487.25651974719585,180.5485653646103,556.9369059594985,617.3220273683506,460.53448723142685
8,19,18,45.60451138006127,252.3559550745985,422.52089622686555,186.8223021183345,33.79084983485965,256.06886886475536,447.9349718530287,183.2926065415446
8,19,19,0.0,0.0,0.0,0.0,0.0,0.0,0.0,0.0
8,19,20,0.0,0.0,0.0,0.0,0.0,0.0,0.0,0.0
8,19,21,0.0,0.0,0.0,0.0,0.0,0.0,0.0,0.0
8,19,22,0.0,0.0,0.0,0.0,0.0,0.0,0.0,0.0
8,19,23,0.0,0.0,0.0,0.0,0.0,0.0,0.0,0.0
8,20,0,0.0,0.0,0.0,0.0,0.0,0.0,0.0,0.0
8,20,1,0.0,0.0,0.0,0.0,0.0,0.0,0.0,0.0
8,20,2,0.0,0.0,0.0,0.0,0.0,0.0,0.0,0.0
8,20,3,0.0,0.0,0.0,0.0,0.0,0.0,0.0,0.0
8,20,4,0.0,0.0,0.0,0.0,0.0,0.0,0.0,0.0
8,20,5,0.0,0.0,0.0,0.0,0.0,0.0,0.0,0.0
8,20,6,-0.0,-0.0,-0.0,-0.0,-0.0,3.408612826714353,7.350769514631507,4.125684046207304
8,20,7,62.61568117904095,232.32458693037336,265.7798321758497,256.21724014901156,105.3293066657118,340.75514151495264,383.0171352738485,372.9657173433839
8,20,8,263.24165441769566,491.81490847140213,521.2059947135097,477.1648851567921,303.8493571193572,558.9390995750944,590.9634254007898,538.8788982489363
8,20,9,442.13395181127805,595.7437845047358,620.3571330395074,510.3732597024654,473.6147995385939,644.9174904006413,672.2681179439728,538.1718483997265
8,20,10,561.8433346343827,617.4358690536492,655.250556694477,442.3610410456579,599.4481640094479,661.6580229184193,703.2477541851047,453.7155455070156
8,20,11,631.7012459983906,616.5673572259473,665.1786950147717,299.7474113216385,679.1521348034386,660.5833321929742,717.4573332485971,292.3732475586436
8,20,12,663.1774856683193,619.4270235796137,675.1006397991903,160.4233436545728,709.8250030920075,661.5913317432645,724.1886672857873,138.6199962658625
8,20,13,648.9645825811641,628.3744202157596,678.5053429441342,247.95324831291623,692.850619915921,670.4380077155357,727.1351436143411,226.99333066462543
8,20,14,603.3212629306353,650.2316033086264,690.5357859609494,381.18484410520335,631.1758776828989,684.9789070692099,728.5929537406062,357.21392817391705
8,20,15,494.11168844076,632.8835087491489,661.2977849719568,468.290979093961,527.4665275571841,700.6841837592522,730.3231032940935,454.3210162310992
8,20,16,358.3827488556159,577.5105875669411,606.2669188283002,480.35891337357134,301.3407571666796,482.3877790617835,505.0396915918937,378.36635525768963
8,20,17,203.13139365286816,572.3797978108178,631.0175155055828,503.73445647563705,181.13420436041963,579.4835414235004,644.737650080814,477.9903428226776
8,20,18,43.913741814512754,195.03417499166005,295.3427484314061,136.3680784007113,50.83238101590817,246.3588979074757,332.06437468940203,151.44102139572345
8,20,19,0.0,0.0,0.0,0.0,0.0,0.0,0.0,0.0
8,20,20,0.0,0.0,0.0,0.0,0.0,0.0,0.0,0.0
8,20,21,0.0,0.0,0.0,0.0,0.0,0.0,0.0,0.0
8,20,22,0.0,0.0,0.0,0.0,0.0,0.0,0.0,0.0
8,20,23,0.0,0.0,0.0,0.0,0.0,0.0,0.0,0.0
8,21,0,0.0,0.0,0.0,0.0,0.0,0.0,0.0,0.0
8,21,1,0.0,0.0,0.0,0.0,0.0,0.0,0.0,0.0
8,21,2,0.0,0.0,0.0,0.0,0.0,0.0,0.0,0.0
8,21,3,0.0,0.0,0.0,0.0,0.0,0.0,0.0,0.0
8,21,4,0.0,0.0,0.0,0.0,0.0,0.0,0.0,0.0
8,21,5,0.0,0.0,0.0,0.0,0.0,0.0,0.0,0.0
8,21,6,-0.0,-0.0,-0.0,-0.0,0.7457410435147787,33.1609384110408,67.65961919495042,39.405326531765816
8,21,7,51.49976934672521,159.0604210151236,180.71912119902456,177.61024434763254,117.29206352912065,433.2499549009603,489.99561919117303,471.28875042236535
8,21,8,260.59037387367124,471.2366477011199,500.60862678083805,462.5520733758789,322.75204942597907,602.1490934141133,635.2127910334101,575.3839642059327
8,21,9,427.98965283734924,576.6948469447823,602.2256236216969,494.30083596551617,493.2995349707816,673.2846592931147,700.7850913371693,555.1713087461956
8,21,10,551.9031059861652,604.2022659092286,642.5702812083076,435.8584445168642,612.843375937654,674.7090652756974,716.7313565520941,453.89435483148475
8,21,11,651.8534798394579,633.2734842029104,685.6304650123556,319.61926423252794,687.7808957029297,669.1677185153399,725.6042477662535,286.63344766992907
8,21,12,670.7775478746622,619.771527392347,681.3923459602818,163.06010629909034,715.3947045941418,664.8202833085221,729.0979722934195,133.54030125974325
8,21,13,627.4458724701446,602.219365768539,655.9120830027217,245.24098714841978,517.750221023331,523.3114365794124,552.5408214974353,282.3412172457124
8,21,14,424.0456619623683,454.4318757368845,482.5491547599267,309.08592646055786,629.8531626861709,681.6188817291275,725.4673937891939,356.4551690870366
8,21,15,472.85034978763133,605.1827399791259,633.7683153053731,448.2049796272084,522.6212324075639,688.8054219793271,718.4533170155456,453.2701792284583
8,21,16,375.0194721093447,628.9108111860821,661.4386178774968,514.0729538270726,373.45626269709925,657.4513316508171,691.275978196781,495.50163268308086
8,21,17,192.85051224328515,552.7953301911023,611.3117927371961,483.5087975402697,180.52738997116677,553.7109345713604,614.7019364480637,464.6571358250282
8,21,18,45.99197438944843,276.3702641712152,490.2848140487614,203.6018644121638,32.77245869588866,243.63217470784565,441.9553593819563,172.42981595807944
8,21,19,0.0,0.0,0.0,0.0,0.0,0.0,0.0,0.0
8,21,20,0.0,0.0,0.0,0.0,0.0,0.0,0.0,0.0
8,21,21,0.0,0.0,0.0,0.0,0.0,0.0,0.0,0.0
8,21,22,0.0,0.0,0.0,0.0,0.0,0.0,0.0,0.0
8,21,23,0.0,0.0,0.0,0.0,0.0,0.0,0.0,0.0
8,22,0,0.0,0.0,0.0,0.0,0.0,0.0,0.0,0.0
8,22,1,0.0,0.0,0.0,0.0,0.0,0.0,0.0,0.0
8,22,2,0.0,0.0,0.0,0.0,0.0,0.0,0.0,0.0
8,22,3,0.0,0.0,0.0,0.0,0.0,0.0,0.0,0.0
8,22,4,0.0,0.0,0.0,0.0,0.0,0.0,0.0,0.0
8,22,5,0.0,0.0,0.0,0.0,0.0,0.0,0.0,0.0
8,22,6,-0.0,-0.0,-0.0,-0.0,-0.0,-0.0,-0.0,-0.0
8,22,7,-0.0,-0.0,-0.0,0.14240203580363617,12.069056716336055,10.86443242346695,8.279167866584944,11.75485328306367
8,22,8,47.67794462512971,44.767795438589914,42.552719707065975,49.502706337486735,136.34313434530017,162.61772165864957,164.26690978295412,168.8132752724184
8,22,9,149.2456171221819,158.93882791740378,168.05155772449191,161.99455459762095,109.3908477312087,105.90349326596886,111.06667675616193,110.20891803523207
8,22,10,159.45902827461668,167.98138276064876,174.3274831968876,154.34210778011203,152.46764085692377,159.23262059199217,162.47757580039186,146.71733909389204
8,22,11,281.39086714160686,296.93414529985046,303.7791801833835,233.73165096487665,327.52942771408976,343.81459853480084,353.51239260858785,248.1911342466477
8,22,12,113.8129431365202,130.95532153433885,125.35626347719811,109.33336560248547,69.89096669593098,82.33854121521108,77.74783989334965,68.02031288408986
8,22,13,92.14742433202348,103.87101250549368,100.76228797341952,91.77963080510742,117.93924597309189,132.86478092710908,129.05038201470128,111.51918934464601
8,22,14,96.13461080715041,100.68620203759934,101.6672102600777,97.03835000366138,162.97269821484002,171.41158800425856,174.04693916250824,153.12644407211948
8,22,15,230.29517361886843,233.9983438345211,248.79097776211316,233.81121327951257,354.5510277164426,416.05677323267645,441.24016863403665,332.74032328375773
8,22,16,146.58357417130358,156.585839886832,156.2834229901081,159.7973929258977,133.14849710604005,142.0993667279799,140.43641977648795,139.6825569207128
8,22,17,63.98879190485409,67.04591088397933,60.47119517149465,71.46015229222697,36.88519395272773,33.8782308923422,27.810122974551053,36.32606007534881
8,22,18,51.16569645760733,251.49752411756987,351.89803908646417,155.61130268232492,24.38969074657037,33.96587877816568,30.814918815915807,28.922016375972387
8,22,19,0.0,0.0,0.0,0.0,0.0,0.0,0.0,0.0
8,22,20,0.0,0.0,0.0,0.0,0.0,0.0,0.0,0.0
8,22,21,0.0,0.0,0.0,0.0,0.0,0.0,0.0,0.0
8,22,22,0.0,0.0,0.0,0.0,0.0,0.0,0.0,0.0
8,22,23,0.0,0.0,0.0,0.0,0.0,0.0,0.0,0.0
8,23,0,0.0,0.0,0.0,0.0,0.0,0.0,0.0,0.0
8,23,1,0.0,0.0,0.0,0.0,0.0,0.0,0.0,0.0
8,23,2,0.0,0.0,0.0,0.0,0.0,0.0,0.0,0.0
8,23,3,0.0,0.0,0.0,0.0,0.0,0.0,0.0,0.0
8,23,4,0.0,0.0,0.0,0.0,0.0,0.0,0.0,0.0
8,23,5,0.0,0.0,0.0,0.0,0.0,0.0,0.0,0.0
8,23,6,-0.0,-0.0,-0.0,-0.0,-0.0,-0.0,-0.0,-0.0
8,23,7,6.8440542911112345,6.385757240266027,4.8515713559139915,7.359828322523973,102.59766783576508,324.1253144075945,365.4604057137858,356.3743173296162
8,23,8,60.96515074800499,57.98881515194888,55.35316202972951,63.967805126825816,94.52825800686377,97.83086246086422,94.77624367781846,102.62258089584745
8,23,9,103.38912653863659,99.15426932627787,104.11290564120519,107.66085386228875,252.70593956876885,294.01067746864317,311.65557747333855,275.99271611178835
8,23,10,249.66432746005728,261.73985574207813,269.79810231647207,243.50540017354186,349.81345185391484,372.787377329817,391.1919675281529,308.6145166620619
8,23,11,450.75758173777683,454.94734889341134,480.87862948949515,305.37802846976365,226.55129964215203,249.61009927875253,246.4347200934238,205.18795413700332
8,23,12,182.9478358396828,206.32475445304777,199.860106193846,166.09640122063976,361.9617998510792,374.2915169823156,385.40206805501236,221.06930629429343
8,23,13,228.8943251378889,250.36876863063904,248.16759675329064,206.14771997293244,377.4500961747868,384.59907757790717,404.2477186820143,233.24352150562694
8,23,14,415.16962943746165,441.4944921427,466.5961525524479,331.87752506402353,477.36234385241335,511.8095161124731,545.392768046288,321.6592239575664
8,23,15,406.04898631840695,483.63671594703646,511.40787196192963,394.1326988432841,529.9875007201497,695.0338887569199,728.4754729773737,466.3047863559769
8,23,16,315.4079026337562,476.5287822384371,501.2326657714206,407.695921933422,376.73939141661856,650.9275443703698,686.8627218119638,499.69788148013987
8,23,17,137.92668209846403,238.54435197602885,252.05930605218663,224.91642406788358,181.95476433019778,533.3167637276682,592.4617396060382,449.3875172389641
8,23,18,48.784008921189496,259.57733373439714,344.10199324195474,148.61320774237075,37.89726163098401,219.83934960162034,399.0117809971177,153.80967647779758
8,23,19,0.0,0.0,0.0,0.0,0.0,0.0,0.0,0.0
8,23,20,0.0,0.0,0.0,0.0,0.0,0.0,0.0,0.0
8,23,21,0.0,0.0,0.0,0.0,0.0,0.0,0.0,0.0
8,23,22,0.0,0.0,0.0,0.0,0.0,0.0,0.0,0.0
8,23,23,0.0,0.0,0.0,0.0,0.0,0.0,0.0,0.0
8,24,0,0.0,0.0,0.0,0.0,0.0,0.0,0.0,0.0
8,24,1,0.0,0.0,0.0,0.0,0.0,0.0,0.0,0.0
8,24,2,0.0,0.0,0.0,0.0,0.0,0.0,0.0,0.0
8,24,3,0.0,0.0,0.0,0.0,0.0,0.0,0.0,0.0
8,24,4,0.0,0.0,0.0,0.0,0.0,0.0,0.0,0.0
8,24,5,0.0,0.0,0.0,0.0,0.0,0.0,0.0,0.0
8,24,6,-0.0,-0.0,-0.0,-0.0,-0.0,-0.0,-0.0,-0.0
8,24,7,32.90474607974553,81.12628373728045,89.96475406493386,91.26340966419957,103.47310943247558,329.7494395100014,372.04880711870857,362.2974661800368
8,24,8,93.87037457252248,114.09519372744397,115.33350050546491,120.25040515510607,128.99518823351136,138.95955215976656,136.4241606800018,145.35904551155505
8,24,9,127.87220348963292,124.21672245284424,130.5247562693085,133.83705240418854,76.0235760532685,71.13881419679268,74.30915017253018,75.73512833374531
8,24,10,109.17403918670274,113.21981076631668,114.95511219433233,110.92525805237652,160.7682455828568,167.7222637182789,171.11122876414743,154.25099298031716
8,24,11,144.3819564590503,160.36837896720058,156.83178892452736,141.53234382884062,263.2335474433335,278.4120337124341,284.193225353739,209.11280858204816
8,24,12,431.04406741576463,426.0139333096727,451.68698131857826,237.94721215915663,231.48899901947263,259.1160455694261,252.29106261361633,193.46120838715456
8,24,13,312.2353240034841,337.3226909846635,337.37198048964876,270.7086238012822,706.7322717744523,673.6671306621112,739.3613079647278,237.97775462046616
8,24,14,452.61510471859856,481.4890617715579,513.3187415763709,339.2871754533022,643.5869088082665,691.8135292704596,742.3297622791958,371.66357492282583
8,24,15,459.88903934830324,563.3363415262065,594.4126457425995,443.5158389528026,531.8139458912252,698.6754777444154,732.1173067535033,464.749758388915
8,24,16,369.22354881669014,613.7309466508434,647.7497327573102,501.66774789963273,378.86559884490083,665.6633988955297,703.7518434790096,504.08840241263295
8,24,17,193.93036788942985,556.5409458192023,618.6913402253368,487.46402848649024,181.0127497527787,550.6708815600014,615.1306014601272,462.4162538397611
8,24,18,43.884198553275276,259.4330227881585,492.5063130748608,187.0812939417766,32.914245224355035,220.9259598666291,421.9864466194153,152.33874282395035
8,24,19,0.0,0.0,0.0,0.0,0.0,0.0,0.0,0.0
8,24,20,0.0,0.0,0.0,0.0,0.0,0.0,0.0,0.0
8,24,21,0.0,0.0,0.0,0.0,0.0,0.0,0.0,0.0
8,24,22,0.0,0.0,0.0,0.0,0.0,0.0,0.0,0.0
8,24,23,0.0,0.0,0.0,0.0,0.0,0.0,0.0,0.0
8,25,0,0.0,0.0,0.0,0.0,0.0,0.0,0.0,0.0
8,25,1,0.0,0.0,0.0,0.0,0.0,0.0,0.0,0.0
8,25,2,0.0,0.0,0.0,0.0,0.0,0.0,0.0,0.0
8,25,3,0.0,0.0,0.0,0.0,0.0,0.0,0.0,0.0
8,25,4,0.0,0.0,0.0,0.0,0.0,0.0,0.0,0.0
8,25,5,0.0,0.0,0.0,0.0,0.0,0.0,0.0,0.0
8,25,6,-0.0,-0.0,-0.0,-0.0,-0.0,-0.0,-0.0,-0.0
8,25,7,-0.0,-0.0,-0.0,-0.0,3.1876116285825575,2.645601997933195,1.4540400177513297,3.031119834854698
8,25,8,-0.0,-0.0,-0.0,-0.0,0.04208905815585889,-0.0,-0.0,-0.0
8,25,9,-0.0,-0.0,-0.0,-0.0,9.814363773803755,8.792840275215408,9.287848105754207,9.603238489584678
8,25,10,8.92317611994989,9.349986931985699,9.453120517242121,9.167239566861968,10.900491311420604,11.398169276061015,11.46456561708198,10.714423964787807
8,25,11,45.56560516319548,51.71101645065336,49.73648676986566,46.51413298818481,97.38371770268623,109.59304477817052,106.02571138705848,93.77286490888132
8,25,12,147.3713419223052,158.6710192168385,158.7061206443957,117.9931110611148,461.64167279625826,453.72495011338356,483.1647766505061,222.61594022006187
8,25,13,439.99940693058466,440.7560244160385,467.33930154346666,269.019359004811,518.8834102594004,512.5486706036219,550.4852406441487,269.27660945234004
8,25,14,424.80839787567356,449.9235242131603,477.1355729988913,338.1261743274936,415.67330828423746,441.7825313813091,468.59910378158054,305.61533201439596
8,25,15,558.0603706796443,719.2636848056975,753.8855990227203,523.8699006855481,532.2254896604604,696.971285765496,730.6591303872581,468.5501776968677
8,25,16,391.5813675202355,675.6249952656631,713.8735229316884,543.2711517617545,380.3519586414513,669.0299008432332,707.85921950415,509.575924714134
8,25,17,192.2269755425883,604.8224924953215,676.8268851757055,526.6669466802601,180.31137429914176,566.7224632797572,634.9507730337449,476.4166353751119
8,25,18,38.39877054059228,229.52552040302675,493.6144228985455,177.53562895267711,28.933176210042674,223.50046689038658,449.0078711033935,153.0056098877202
8,25,19,0.0,0.0,0.0,0.0,0.0,0.0,0.0,0.0
8,25,20,0.0,0.0,0.0,0.0,0.0,0.0,0.0,0.0
8,25,21,0.0,0.0,0.0,0.0,0.0,0.0,0.0,0.0
8,25,22,0.0,0.0,0.0,0.0,0.0,0.0,0.0,0.0
8,25,23,0.0,0.0,0.0,0.0,0.0,0.0,0.0,0.0
8,26,0,0.0,0.0,0.0,0.0,0.0,0.0,0.0,0.0
8,26,1,0.0,0.0,0.0,0.0,0.0,0.0,0.0,0.0
8,26,2,0.0,0.0,0.0,0.0,0.0,0.0,0.0,0.0
8,26,3,0.0,0.0,0.0,0.0,0.0,0.0,0.0,0.0
8,26,4,0.0,0.0,0.0,0.0,0.0,0.0,0.0,0.0
8,26,5,0.0,0.0,0.0,0.0,0.0,0.0,0.0,0.0
8,26,6,-0.0,-0.0,-0.0,-0.0,-0.0,-0.0,-0.0,-0.0
8,26,7,51.228248675748716,173.84338729629437,199.1249386662545,192.91758857014577,114.35784243100402,399.60215376050746,456.0477511159899,439.3894847710412
8,26,8,258.9656132466891,469.4145356697143,501.49857797474925,460.3925586632057,322.0332295304156,590.9845942731796,629.7517088489896,572.604740537254
8,26,9,370.0668752603984,476.11198863026453,503.5289257864367,423.55369000085267,322.4000879973722,381.7720355194709,405.01754770403875,354.7185220523347
8,26,10,498.04399966781085,534.7835656433539,574.7858006088476,404.2232311760678,616.1103687112342,666.2148085540541,716.8703733946361,461.2963599528185
8,26,11,620.3131894811378,590.6608069514226,650.3318618979855,300.01455389456225,685.4998968206241,655.1057830636436,719.1320134163568,297.58660232690494
8,26,12,686.259799779001,625.1452019680991,695.6734124844817,172.77076665453052,712.0603718870066,651.1234802822801,722.9951744066885,152.1823376925683
8,26,13,620.9439028321582,588.0844229485367,648.456082315664,246.3790232331378,697.2609935127481,660.313652973454,728.4314273915795,243.8691231290982
8,26,14,614.2044336891042,654.5374030181142,702.6680822142572,389.00665805715863,625.3210081322784,668.3838446015353,719.1956612797339,374.87261187308803
8,26,15,517.2670764543345,667.123075098876,700.5737247476634,485.89217042595766,511.6921087262653,666.6613426384142,700.5707911994687,462.8012738233377
8,26,16,300.172960478746,459.25395880087694,484.5635648009767,391.0431794522887,357.4003744732743,606.3570287033077,641.81494692493,487.3769324835226
8,26,17,175.16534015609525,367.0965356033603,400.5092376743159,337.73332930442194,172.99759766816436,490.9298688135203,547.2792523561992,425.7137052767491
8,26,18,44.895918749040504,409.0400125457002,544.9735707860375,199.60071123624283,-0.0,-0.0,-0.0,-0.0
8,26,19,0.0,0.0,0.0,0.0,0.0,0.0,0.0,0.0
8,26,20,0.0,0.0,0.0,0.0,0.0,0.0,0.0,0.0
8,26,21,0.0,0.0,0.0,0.0,0.0,0.0,0.0,0.0
8,26,22,0.0,0.0,0.0,0.0,0.0,0.0,0.0,0.0
8,26,23,0.0,0.0,0.0,0.0,0.0,0.0,0.0,0.0
8,27,0,0.0,0.0,0.0,0.0,0.0,0.0,0.0,0.0
8,27,1,0.0,0.0,0.0,0.0,0.0,0.0,0.0,0.0
8,27,2,0.0,0.0,0.0,0.0,0.0,0.0,0.0,0.0
8,27,3,0.0,0.0,0.0,0.0,0.0,0.0,0.0,0.0
8,27,4,0.0,0.0,0.0,0.0,0.0,0.0,0.0,0.0
8,27,5,0.0,0.0,0.0,0.0,0.0,0.0,0.0,0.0
8,27,6,-0.0,-0.0,-0.0,-0.0,-0.0,-0.0,-0.0,-0.0
8,27,7,6.185286650028387,5.802297574588395,4.325696696704546,6.720400586840855,46.08615662221121,49.219906486990666,43.116614510930155,53.67693026137438
8,27,8,51.04420399626164,48.67306746874294,46.14237048105852,53.60476960886289,118.59529212210494,139.28837833284862,140.36221778846155,146.5294433321012
8,27,9,63.581864391827786,60.34391306667891,62.93171402531258,65.75148415257802,35.600646887886434,32.748807765643896,34.11594936759856,35.68682321830852
8,27,10,157.24694028617324,165.21901494901573,172.26843541467264,147.36248042093646,404.17362058605613,431.3160865620755,462.68458067438945,336.81431772682964
8,27,11,207.46091605228156,227.138356994897,224.0133837133708,195.3970715258573,254.54086574975977,268.3771886909552,274.02587166760145,206.09197482982785
8,27,12,435.9988937919976,428.9264859987372,456.26254139014935,242.01315803216326,501.207693324906,475.01420282395094,519.4417176566577,209.525881155042
8,27,13,670.8553571176689,636.7951791216453,700.982538366304,282.55990870765805,735.7902115510518,693.9134869801759,769.1989218836894,253.48779980759684
8,27,14,488.488585775408,518.4280779091167,558.2923162115599,343.8683194057794,283.3501183905704,298.1546498664876,312.10642132886016,240.11506228145464
8,27,15,480.4568756094645,586.2134672322652,620.0523354388239,465.0076089577891,555.8107447392904,732.3539288560623,772.8063516278244,487.73700149409916
8,27,16,348.38768974369833,521.0561798987767,549.8214342490811,452.41969123899486,364.72467566226095,604.046029747828,641.5461447060078,472.63431976852723
8,27,17,195.25284616755266,497.86857064819617,551.9827504291959,444.50759480857585,188.14123837089937,423.27622791505286,463.7668432195837,370.1624643162974
8,27,18,42.03077156789093,293.8305311709958,410.0632329104437,148.61901412615248,30.933911653855763,213.89345675131503,446.6587755656833,143.40856116807564
8,27,19,0.0,0.0,0.0,0.0,0.0,0.0,0.0,0.0
8,27,20,0.0,0.0,0.0,0.0,0.0,0.0,0.0,0.0
8,27,21,0.0,0.0,0.0,0.0,0.0,0.0,0.0,0.0
8,27,22,0.0,0.0,0.0,0.0,0.0,0.0,0.0,0.0
8,27,23,0.0,0.0,0.0,0.0,0.0,0.0,0.0,0.0
8,28,0,0.0,0.0,0.0,0.0,0.0,0.0,0.0,0.0
8,28,1,0.0,0.0,0.0,0.0,0.0,0.0,0.0,0.0
8,28,2,0.0,0.0,0.0,0.0,0.0,0.0,0.0,0.0
8,28,3,0.0,0.0,0.0,0.0,0.0,0.0,0.0,0.0
8,28,4,0.0,0.0,0.0,0.0,0.0,0.0,0.0,0.0
8,28,5,0.0,0.0,0.0,0.0,0.0,0.0,0.0,0.0
8,28,6,-0.0,-0.0,-0.0,-0.0,-0.0,-0.0,-0.0,-0.0
8,28,7,37.90308253184591,101.98833796361323,114.39788728681381,114.07716648025566,123.26218329830131,432.5451601985862,494.1243524880457,474.859620618142
8,28,8,272.23695745376654,491.973168466208,526.2772768667028,481.992703447703,340.24605073992876,613.7526453289094,654.2090380628023,596.9715279381975
8,28,9,487.87352229503495,642.734193209197,674.9678515732556,548.681620837243,513.1486417859394,678.4064572477371,713.013128163525,573.6091048904758
8,28,10,613.0983701147343,656.2969810948596,706.2152502269613,465.9327047952044,644.0169923846652,690.8884706821817,744.9073613749225,481.14883787553185
8,28,11,684.8346088009577,648.7309547445091,714.7246411623294,304.80929675900614,719.0602473110861,681.1221440629375,751.9413017508947,309.25501492744354
8,28,12,716.3610299190792,649.5414533687707,724.1702667289912,157.70989444125078,723.0425138266264,656.8470093853545,731.9992746118345,156.02505902200323
8,28,13,697.1552475774214,658.8344010366649,725.7445331730041,260.0968894629175,709.6313885222955,671.7285595526887,740.2772233092214,259.0294635260297
8,28,14,635.5650223667345,675.1853979082475,726.3507416637339,396.2235342705209,644.2219786177617,685.2396737598075,739.3513085418118,392.33484352889644
8,28,15,532.8275549667811,690.6897908496255,725.8973950684766,495.108379856449,536.0347700353474,698.8747761609799,735.672626185889,484.70404737330074
8,28,16,388.2805504807204,667.3730445224543,708.3090398483911,540.7118437279888,380.68826388812914,669.3700646416194,712.44881854847,520.3690436005323
8,28,17,190.38277158732407,590.440775237039,663.7256843180407,518.2868300486812,176.79895452609819,564.9122752385645,637.9433900145604,481.4292013082196
8,28,18,39.05914019948007,183.36545633000864,444.5247782385133,147.9368189573857,28.67393557342927,175.86125146951085,408.8974934518747,128.97088239151537
8,28,19,0.0,0.0,0.0,0.0,0.0,0.0,0.0,0.0
8,28,20,0.0,0.0,0.0,0.0,0.0,0.0,0.0,0.0
8,28,21,0.0,0.0,0.0,0.0,0.0,0.0,0.0,0.0
8,28,22,0.0,0.0,0.0,0.0,0.0,0.0,0.0,0.0
8,28,23,0.0,0.0,0.0,0.0,0.0,0.0,0.0,0.0
8,29,0,0.0,0.0,0.0,0.0,0.0,0.0,0.0,0.0
8,29,1,0.0,0.0,0.0,0.0,0.0,0.0,0.0,0.0
8,29,2,0.0,0.0,0.0,0.0,0.0,0.0,0.0,0.0
8,29,3,0.0,0.0,0.0,0.0,0.0,0.0,0.0,0.0
8,29,4,0.0,0.0,0.0,0.0,0.0,0.0,0.0,0.0
8,29,5,0.0,0.0,0.0,0.0,0.0,0.0,0.0,0.0
8,29,6,-0.0,-0.0,-0.0,-0.0,-0.0,-0.0,-0.0,-0.0
8,29,7,47.587016129609076,130.8884954547438,147.21620217531654,145.9596807595234,102.14849293464015,316.8517875763341,361.0217594041248,351.28481104367836
8,29,8,201.48576578880454,349.35194066339994,374.744415293121,347.2783822371252,307.80398314516106,547.1185258065608,586.429496597396,537.157947973868
8,29,9,397.17988513119207,506.5172039558481,537.3436161359957,450.57143197638555,486.83164291598285,644.3769146034891,682.2925234747848,547.8666068360045
8,29,10,545.0027767179962,580.6423171460175,628.9267958217893,426.2250883518251,617.3484245490915,660.3019112109403,716.509571908094,464.57537166766684
8,29,11,618.5956092850778,584.5447798448755,647.5535951669949,305.5419355913614,607.4266540344739,577.0402862464247,639.1933669322863,302.1380910239089
8,29,12,550.4744039997375,501.07183497102847,561.9597740765631,186.9520322643619,637.6282102578938,577.6506893839817,650.5962621583305,189.08917346197373
8,29,13,581.009515834208,552.8855860367627,608.979632097378,268.8812868640553,647.6898936752189,609.7928308705713,679.1113299223632,256.3303713439498
8,29,14,520.7875535160421,550.531251534523,594.7146247776408,360.78268364481374,639.3517411108626,679.8682274429824,737.7762303004607,385.4992616565215
8,29,15,474.95639568158214,603.5316746855642,638.4314606640063,452.1920505608429,524.9156660077016,684.6982423794794,724.9782121338955,471.7479598574706
8,29,16,380.11254440852815,615.5340124219554,652.8868577353454,516.3726870057714,368.4104854946505,634.7791707535861,677.7541124024015,494.9175846649423
8,29,17,188.58308205627324,473.9269888423133,526.1611875311936,425.60497976733217,173.153571936976,513.3486250281186,578.9934650825682,434.8349973132893
8,29,18,46.65454333004895,185.35082641488896,384.8406512182923,133.782016316658,31.291868916064807,171.81694869084265,357.5208789771382,112.44278814354489
8,29,19,0.0,0.0,0.0,0.0,0.0,0.0,0.0,0.0
8,29,20,0.0,0.0,0.0,0.0,0.0,0.0,0.0,0.0
8,29,21,0.0,0.0,0.0,0.0,0.0,0.0,0.0,0.0
8,29,22,0.0,0.0,0.0,0.0,0.0,0.0,0.0,0.0
8,29,23,0.0,0.0,0.0,0.0,0.0,0.0,0.0,0.0
8,30,0,0.0,0.0,0.0,0.0,0.0,0.0,0.0,0.0
8,30,1,0.0,0.0,0.0,0.0,0.0,0.0,0.0,0.0
8,30,2,0.0,0.0,0.0,0.0,0.0,0.0,0.0,0.0
8,30,3,0.0,0.0,0.0,0.0,0.0,0.0,0.0,0.0
8,30,4,0.0,0.0,0.0,0.0,0.0,0.0,0.0,0.0
8,30,5,0.0,0.0,0.0,0.0,0.0,0.0,0.0,0.0
8,30,6,-0.0,-0.0,-0.0,-0.0,-0.0,-0.0,-0.0,-0.0
8,30,7,-0.0,-0.0,-0.0,-0.0,5.0222391114478135,4.3518539812102075,2.8531629713277726,4.959054161930791
8,30,8,-0.0,-0.0,-0.0,-0.0,8.67381548895867,7.7406821310493825,6.953531621295801,8.62212419768161
8,30,9,3.820078313309577,3.276616585302533,3.5304586877330553,3.9744892804172975,8.494025041761011,7.5819032585398,7.961776350412204,8.476164308672235
8,30,10,36.08450778833331,37.32765595904551,37.45608258784465,36.948324836741996,56.56536319270301,58.4441893346836,58.495831544782135,56.893006868042725
8,30,11,215.41306383896543,234.953963160767,231.645727631764,201.199805241276,349.97604193623437,360.83922200996136,374.3016407904211,261.14908674721386
8,30,12,508.7403690899739,478.5304359832642,525.1785914891519,225.89142678996254,443.10832523278964,432.3724854396645,463.0940477400018,226.46200302275
8,30,13,457.81036327670165,454.7992586889324,485.26850275443354,283.9766348528543,496.28043810764814,492.0612640394653,526.7786616345211,284.01518043716607
8,30,14,521.9901394919001,549.4065157051226,590.6412343708403,387.2392420906531,574.7557346182894,608.1609421459304,659.616527584603,378.47507250295007
8,30,15,496.4733267832282,621.2223349161515,658.334498199751,475.55968151399367,538.0322978149874,701.5211161465973,741.9814662771441,480.11284261377386
8,30,16,394.5397921457901,680.2102641160064,724.911875356238,552.2909112590514,380.3175260182568,666.262353118877,711.5615219596867,517.407498643669
8,30,17,200.8880623374429,590.4552505002132,663.3169843655288,523.3413582369836,174.45398186285533,422.61628542544287,468.7327471845007,372.7606917488208
8,30,18,42.87742725354786,212.1450850805509,480.7859160103882,150.51615735753276,34.82174875800416,231.05041437797846,350.45638617825676,111.9126854574455
8,30,19,0.0,0.0,0.0,0.0,0.0,0.0,0.0,0.0
8,30,20,0.0,0.0,0.0,0.0,0.0,0.0,0.0,0.0
8,30,21,0.0,0.0,0.0,0.0,0.0,0.0,0.0,0.0
8,30,22,0.0,0.0,0.0,0.0,0.0,0.0,0.0,0.0
8,30,23,0.0,0.0,0.0,0.0,0.0,0.0,0.0,0.0
8,31,0,0.0,0.0,0.0,0.0,0.0,0.0,0.0,0.0
8,31,1,0.0,0.0,0.0,0.0,0.0,0.0,0.0,0.0
8,31,2,0.0,0.0,0.0,0.0,0.0,0.0,0.0,0.0
8,31,3,0.0,0.0,0.0,0.0,0.0,0.0,0.0,0.0
8,31,4,0.0,0.0,0.0,0.0,0.0,0.0,0.0,0.0
8,31,5,0.0,0.0,0.0,0.0,0.0,0.0,0.0,0.0
8,31,6,-0.0,-0.0,-0.0,-0.0,-0.0,-0.0,-0.0,-0.0
8,31,7,45.11898667182113,89.4588050654044,96.1259435313336,100.51956437635916,34.97691384303091,34.443402746861466,28.64204030060948,37.45786848497264
8,31,8,78.08901551624523,78.84412726364641,75.91955564491924,85.79903378113704,72.9532170693124,71.66667097405998,68.10408786330291,76.94069225977806
8,31,9,112.19565681025675,107.94138639839113,112.55473979625748,116.81264560560308,70.41802182121994,65.89190573180744,68.25433557965421,71.07625299103694
8,31,10,106.20957994455439,109.75605302840515,110.81870858433923,107.62644969339159,126.3409402890363,130.74635975217694,132.2368777169468,124.53511216509641
8,31,11,120.91235734358386,134.55941603788116,130.19759309421,119.2173047344865,152.46427787757605,168.7300063719212,164.0616540226878,144.80026434164287
8,31,12,116.05863707428901,133.67675634498212,126.33369751755865,112.52664002767474,89.8060890370302,104.75636854598085,98.14264353539889,87.60795667910911
8,31,13,229.79708928292143,249.61371620771803,246.65613182821045,207.72730715710807,304.3665064006784,316.2894597159579,325.3421290066354,230.6061769697884
8,31,14,221.2650435940737,229.47737591736436,235.30862038758147,211.40906725057562,10.765443006122938,11.233578697194867,11.20695205843856,10.794239728457223
8,31,15,321.22609335205675,341.12828771990013,361.9276372642197,323.6164938705705,323.5825348429116,361.73014798825943,385.44879471218735,316.3537239638648
8,31,16,298.03402131283667,464.9299727743766,493.9488980340873,391.60017148165684,362.78518077853283,609.6719300646333,650.656998357797,492.2445870185083
8,31,17,196.09977667766762,574.1936471045734,646.6743151854005,508.29320439014833,172.25568445503504,487.74914164242176,549.0388510467468,424.2108389099078
8,31,18,38.91215214474326,184.56007896654174,422.9008791594797,128.02988717420615,31.65372836121135,148.09195122604527,309.8773944091852,95.73662401264299
8,31,19,0.0,0.0,0.0,0.0,0.0,0.0,0.0,0.0
8,31,20,0.0,0.0,0.0,0.0,0.0,0.0,0.0,0.0
8,31,21,0.0,0.0,0.0,0.0,0.0,0.0,0.0,0.0
8,31,22,0.0,0.0,0.0,0.0,0.0,0.0,0.0,0.0
8,31,23,0.0,0.0,0.0,0.0,0.0,0.0,0.0,0.0
9,1,0,0.0,0.0,0.0,0.0,0.0,0.0,0.0,0.0
9,1,1,0.0,0.0,0.0,0.0,0.0,0.0,0.0,0.0
9,1,2,0.0,0.0,0.0,0.0,0.0,0.0,0.0,0.0
9,1,3,0.0,0.0,0.0,0.0,0.0,0.0,0.0,0.0
9,1,4,0.0,0.0,0.0,0.0,0.0,0.0,0.0,0.0
9,1,5,0.0,0.0,0.0,0.0,0.0,0.0,0.0,0.0
9,1,6,-0.0,-0.0,-0.0,-0.0,-0.0,-0.0,-0.0,-0.0
9,1,7,34.63342153516956,92.0054060330106,103.74774231962621,103.3646391002902,104.76580885191538,321.17993612269015,366.1971610774707,355.7839330662156
9,1,8,58.31115988051855,58.75557016550207,56.22639714957862,63.81832554321205,307.4126270281606,527.5486655533593,564.8921157210698,519.9542808991109
9,1,9,404.05148818008576,508.86460235337194,542.7087099226568,455.3037398008001,467.1672202104233,599.2529840243451,634.0292111633082,517.8230937573287
9,1,10,434.5096650303121,456.38554378863273,493.41577462883095,362.5862987426769,578.0374274091052,608.0656759683544,658.1357371060369,440.5367485056296
9,1,11,649.385916524901,606.0111360704536,677.0478621207277,301.63735575836034,658.8248365404016,616.2163274380447,685.486242724719,293.4433354214808
9,1,12,625.8417212588145,564.0172571949898,636.8167160096629,199.19276102319287,697.9591995580884,627.5544412809402,705.7626172670905,152.04033422187624
9,1,13,606.6010663849465,576.4081617465324,636.3381363941271,294.7345124171536,694.1108801795559,647.2203214212163,723.166754891233,250.8010620055468
9,1,14,597.7685699688674,628.6190093431849,681.7082999413273,407.26173549781316,633.6982726959985,668.8960881806016,727.8025381196402,384.2746832184451
9,1,15,562.0891378109769,709.8099726455797,751.3691321668339,537.7834278820012,524.4798461931749,678.9872177399078,719.2216733478291,475.35869794436115
9,1,16,375.4721493830198,616.4958468246234,657.641170757103,514.1475390103803,372.9249058937702,649.9663005223364,696.0728644934011,511.05144620163253
9,1,17,193.42708606108323,563.9772006923233,635.6925913798176,501.305844905765,171.29454011945563,539.9043577134719,613.411448735165,465.58922426718317
9,1,18,32.03094072282608,181.1458313467454,445.80104052071925,122.8658464395438,22.140043470642585,157.3868596625848,381.23612576381174,99.53927352250267
9,1,19,0.0,0.0,0.0,0.0,0.0,0.0,0.0,0.0
9,1,20,0.0,0.0,0.0,0.0,0.0,0.0,0.0,0.0
9,1,21,0.0,0.0,0.0,0.0,0.0,0.0,0.0,0.0
9,1,22,0.0,0.0,0.0,0.0,0.0,0.0,0.0,0.0
9,1,23,0.0,0.0,0.0,0.0,0.0,0.0,0.0,0.0
9,2,0,0.0,0.0,0.0,0.0,0.0,0.0,0.0,0.0
9,2,1,0.0,0.0,0.0,0.0,0.0,0.0,0.0,0.0
9,2,2,0.0,0.0,0.0,0.0,0.0,0.0,0.0,0.0
9,2,3,0.0,0.0,0.0,0.0,0.0,0.0,0.0,0.0
9,2,4,0.0,0.0,0.0,0.0,0.0,0.0,0.0,0.0
9,2,5,0.0,0.0,0.0,0.0,0.0,0.0,0.0,0.0
9,2,6,-0.0,-0.0,-0.0,-0.0,-0.0,-0.0,-0.0,-0.0
9,2,7,49.56670459271658,168.295067482723,196.52998997913386,189.04496401845125,112.84014529655826,367.6572941097529,423.11904938285244,407.7455176577634
9,2,8,261.8331479069243,460.93452843030866,497.4867053215606,455.46943269618635,323.1223882200715,567.4091002853444,610.1865035741934,556.1613977225763
9,2,9,447.0856617190592,578.1316751483838,614.7530299576031,500.16036343047506,496.54902678007664,645.4160104460262,686.3838352085487,549.1530602791493
9,2,10,577.7555246872888,607.1245983192458,662.8234751971463,438.49629824775684,624.7704841505335,657.9713475898867,719.9524489275576,460.2076565684942
9,2,11,656.1225576806179,608.6328766314149,682.732128160473,293.1410352543825,705.8366929617014,653.5356992105793,735.9709233608833,295.4154177164706
9,2,12,683.1335385340025,610.5994618851457,690.0556128400144,160.5331646039678,732.7135643717435,651.7844680143451,740.5978633373311,149.53079457659763
9,2,13,683.7349025833894,636.3993666850537,711.8038926851198,267.3141717843186,714.7510878130837,665.6310535234159,745.776647685653,252.74227970556552
9,2,14,629.1251246332314,661.0932199645972,719.659115500932,410.32275698401753,652.1247632463326,688.3134461189538,752.9158249941058,384.47374624271635
9,2,15,528.0044454251973,672.3081617640472,713.3758603768171,501.98013574060536,537.1359825161181,701.0684929132211,744.911960004419,478.14096449516614
9,2,16,389.9318094982474,650.2076706039601,695.2255524449309,542.1914101550468,378.6859092038634,669.8574726770919,719.8828359097613,516.2607273377106
9,2,17,182.9675601344456,544.7265150356696,616.8124639236761,479.62756147919606,171.15626998575658,556.2040628925002,635.3313471144021,469.6429688037416
9,2,18,29.504541676697656,157.56471099801357,404.22240091702844,106.60443592109917,23.31937635990731,107.44287105080217,325.5863471226726,83.83650607811529
9,2,19,0.0,0.0,0.0,0.0,0.0,0.0,0.0,0.0
9,2,20,0.0,0.0,0.0,0.0,0.0,0.0,0.0,0.0
9,2,21,0.0,0.0,0.0,0.0,0.0,0.0,0.0,0.0
9,2,22,0.0,0.0,0.0,0.0,0.0,0.0,0.0,0.0
9,2,23,0.0,0.0,0.0,0.0,0.0,0.0,0.0,0.0
9,3,0,0.0,0.0,0.0,0.0,0.0,0.0,0.0,0.0
9,3,1,0.0,0.0,0.0,0.0,0.0,0.0,0.0,0.0
9,3,2,0.0,0.0,0.0,0.0,0.0,0.0,0.0,0.0
9,3,3,0.0,0.0,0.0,0.0,0.0,0.0,0.0,0.0
9,3,4,0.0,0.0,0.0,0.0,0.0,0.0,0.0,0.0
9,3,5,0.0,0.0,0.0,0.0,0.0,0.0,0.0,0.0
9,3,6,-0.0,-0.0,-0.0,-0.0,-0.0,-0.0,-0.0,-0.0
9,3,7,52.89662312241896,184.43720149192438,215.51787695616872,205.97708690380622,122.07080849296605,414.2539428894924,478.0891389835515,457.2708741512166
9,3,8,278.10384495697764,488.95300709640503,527.5699646985286,482.1312411196734,343.8125087838017,606.3043409334578,652.6048903313148,592.7896267025707
9,3,9,458.1988977181025,592.1757786561519,630.2682819843571,509.6068307080557,524.1187486019019,684.0133993151643,728.924732642081,576.6297984670065
9,3,10,583.0208883488572,610.401994648862,666.3810201592936,439.2596258857431,652.2286537422532,684.943134673516,750.9477549813633,472.8833691392819
9,3,11,660.8101100449054,613.0533289170495,686.7346858191661,292.401055785564,730.8458581560649,675.4978987946706,761.4083028701332,297.47314352592736
9,3,12,690.2878123569727,613.9362112709683,696.5343365929259,157.20613965751025,759.0386411729638,670.3572525029335,766.1721131793213,145.64005410429402
9,3,13,677.894021264265,630.6412907266044,705.2476558930092,261.04925155697333,733.0423443779727,679.1948070507702,764.4026606634461,252.79941766838968
9,3,14,620.7598272817905,651.6366376556008,711.0884309311741,392.46668951370617,658.4510157304093,693.3073323002072,758.131429059401,387.9973374955509
9,3,15,517.7646318834038,664.8394800393396,705.6158334877355,486.6292432325196,544.5934101664855,710.0215511775172,754.7867399152735,486.5132801325838
9,3,16,375.77606435217507,641.6908623161812,688.6320322225185,528.5534049142273,383.1428928173061,674.546929176969,724.7871747960834,526.0787889364016
9,3,17,181.44919688966095,542.8134168359577,615.9873531798057,472.3635528405558,172.0314938243022,572.6134234998051,655.3741985204472,479.72411402096293
9,3,18,27.663292783429263,135.95725274832688,368.0571636140425,92.8625701771109,19.314213228592955,104.15941208613235,335.7430924886691,78.75467401938427
9,3,19,0.0,0.0,0.0,0.0,0.0,0.0,0.0,0.0
9,3,20,0.0,0.0,0.0,0.0,0.0,0.0,0.0,0.0
9,3,21,0.0,0.0,0.0,0.0,0.0,0.0,0.0,0.0
9,3,22,0.0,0.0,0.0,0.0,0.0,0.0,0.0,0.0
9,3,23,0.0,0.0,0.0,0.0,0.0,0.0,0.0,0.0
9,4,0,0.0,0.0,0.0,0.0,0.0,0.0,0.0,0.0
9,4,1,0.0,0.0,0.0,0.0,0.0,0.0,0.0,0.0
9,4,2,0.0,0.0,0.0,0.0,0.0,0.0,0.0,0.0
9,4,3,0.0,0.0,0.0,0.0,0.0,0.0,0.0,0.0
9,4,4,0.0,0.0,0.0,0.0,0.0,0.0,0.0,0.0
9,4,5,0.0,0.0,0.0,0.0,0.0,0.0,0.0,0.0
9,4,6,-0.0,-0.0,-0.0,-0.0,-0.0,-0.0,-0.0,-0.0
9,4,7,46.24466192588395,155.43591044317444,182.29268883779324,173.95720129096927,116.89763873391479,386.1733644761399,445.35740991215744,424.15990222790435
9,4,8,260.1995223076994,453.83342804508595,491.59159669106936,449.97746117538867,327.10947552522276,560.6708256546036,602.0739274145933,551.4570199569666
9,4,9,446.94788948339595,573.2894932325531,612.1315019865109,497.26025355825976,497.3417566465524,638.3889994993957,679.4780399527095,545.2111527023216
9,4,10,575.8322595406811,600.5459004795896,659.0497606176161,435.6751472719393,622.2279276996858,649.8028674710176,711.7735336146754,455.8389782156035
9,4,11,657.0863981228393,605.2789207976998,683.0071376512996,293.7624232991238,697.9844301162049,644.6398288426477,725.7170708097817,290.790036413228
9,4,12,688.2020162113673,605.6673513891785,694.3350752300164,159.80371938768377,720.9452644404627,638.391317621987,727.9790363143449,149.69307655872421
9,4,13,669.7873226160991,619.8292010432812,697.5657901185997,264.2674087128638,704.3883095253997,652.941742100515,734.2238457420683,254.1073711112917
9,4,14,618.3242124464047,647.6189122168897,708.0102917650228,397.00526592076955,645.0642209695454,677.38806335103,743.0440087235123,386.5291539852691
9,4,15,519.1627076574938,665.3710644254086,707.5116975328065,488.6996653335654,532.0109927229087,689.5783467412901,734.5408626962421,479.78275659716576
9,4,16,377.94314269369676,646.3022599175708,694.9501301619401,532.3319567242861,375.2905154707332,658.098529526029,709.1272487519212,516.5590281130557
9,4,17,181.14029430873302,544.5920566764744,619.575829589745,467.6179420660875,168.80854703277944,546.0207546848867,625.5146609190008,454.1359434422005
9,4,18,26.183684198946718,110.20580781833166,316.3722458051189,77.44824428049175,18.732114244954744,75.8807579850888,262.9527111734158,61.39619405297316
9,4,19,0.0,0.0,0.0,0.0,0.0,0.0,0.0,0.0
9,4,20,0.0,0.0,0.0,0.0,0.0,0.0,0.0,0.0
9,4,21,0.0,0.0,0.0,0.0,0.0,0.0,0.0,0.0
9,4,22,0.0,0.0,0.0,0.0,0.0,0.0,0.0,0.0
9,4,23,0.0,0.0,0.0,0.0,0.0,0.0,0.0,0.0
9,5,0,0.0,0.0,0.0,0.0,0.0,0.0,0.0,0.0
9,5,1,0.0,0.0,0.0,0.0,0.0,0.0,0.0,0.0
9,5,2,0.0,0.0,0.0,0.0,0.0,0.0,0.0,0.0
9,5,3,0.0,0.0,0.0,0.0,0.0,0.0,0.0,0.0
9,5,4,0.0,0.0,0.0,0.0,0.0,0.0,0.0,0.0
9,5,5,0.0,0.0,0.0,0.0,0.0,0.0,0.0,0.0
9,5,6,-0.0,-0.0,-0.0,-0.0,-0.0,-0.0,-0.0,-0.0
9,5,7,49.42663808617493,167.51179275363728,196.61009963911715,185.91097771854416,118.9153557661167,394.8210788266894,457.3830937770027,431.97054207582556
9,5,8,269.6772675824102,470.5446188207908,510.1229515204318,465.6502221783348,340.83908248937524,595.4473385443832,643.4272194179849,584.2924341084773
9,5,9,453.2842238790485,580.7596921065971,620.9115034345473,501.9161536671899,519.1381306156276,670.8620533256453,717.7919852974463,568.1051045807984
9,5,10,580.4450469051595,603.1977284478088,663.7353264149025,434.0135877070356,645.3279432241262,672.1388983270427,740.474497131066,466.4762045718227
9,5,11,653.4288317434169,601.725480694749,678.29759013667,287.6617841277543,724.2139660335408,664.4449135369568,753.3492063866923,294.0798294052996
9,5,12,683.3361778268121,603.8340789425728,689.3385727978587,157.80768693580032,750.4787777389561,659.1462677065634,757.5417154224442,149.6956463476334
9,5,13,669.032619811035,616.7553092442572,696.564352155581,260.17610069237134,726.9104121487233,670.2796570658394,758.3751782601663,256.46689002731
9,5,14,609.5330257989001,637.1761505638551,698.0217021763402,393.8233318065397,659.2840749775355,691.5766392553572,761.7295578765143,390.1074172657963
9,5,15,508.86286901709576,649.4294662034929,692.8646242034487,482.71179744719177,538.3353738526987,698.7751699842353,746.2890796449365,482.9316533247771
9,5,16,360.5931944755645,605.5440435745933,652.1820846590583,503.9588753127725,376.05347174425697,659.4146525948539,712.1074288297898,517.6871741517908
9,5,17,173.48140823933988,514.4436942492139,586.3959025486678,435.7973648523943,167.3772159378237,539.9239353816373,619.9221133278054,443.4528095569028
9,5,18,24.607123827227774,91.01988583165317,268.35634665107233,64.48317877129938,17.96468483858122,68.19109495236522,249.2983022108972,55.39191320592266
9,5,19,0.0,0.0,0.0,0.0,0.0,0.0,0.0,0.0
9,5,20,0.0,0.0,0.0,0.0,0.0,0.0,0.0,0.0
9,5,21,0.0,0.0,0.0,0.0,0.0,0.0,0.0,0.0
9,5,22,0.0,0.0,0.0,0.0,0.0,0.0,0.0,0.0
9,5,23,0.0,0.0,0.0,0.0,0.0,0.0,0.0,0.0
9,6,0,0.0,0.0,0.0,0.0,0.0,0.0,0.0,0.0
9,6,1,0.0,0.0,0.0,0.0,0.0,0.0,0.0,0.0
9,6,2,0.0,0.0,0.0,0.0,0.0,0.0,0.0,0.0
9,6,3,0.0,0.0,0.0,0.0,0.0,0.0,0.0,0.0
9,6,4,0.0,0.0,0.0,0.0,0.0,0.0,0.0,0.0
9,6,5,0.0,0.0,0.0,0.0,0.0,0.0,0.0,0.0
9,6,6,-0.0,-0.0,-0.0,-0.0,-0.0,-0.0,-0.0,-0.0
9,6,7,34.65192529585391,112.79549011971145,131.87015524631053,124.59432078503842,114.21953121078577,368.8223889734464,427.8347200199615,402.51427768126274
9,6,8,247.39407860659276,430.0493475500905,467.7958692353865,426.94287086862147,330.8111480084777,573.8667720918049,621.5497145655092,564.4992251926436
9,6,9,448.402578957935,572.3893185444994,613.4805964427809,495.4258909793673,503.86938978324264,645.3827900874072,691.4505433723205,550.1635074165807
9,6,10,580.959822286842,601.3891389462285,663.576561486829,434.01405505711347,629.499786725268,652.5484905821821,721.3194784155846,456.1599327437653
9,6,11,653.9857736766406,597.2647247979471,678.7705520091657,286.3220641550264,697.9817480096475,639.1956756998816,725.0169142335031,287.3035716305631
9,6,12,679.1092422946978,598.3071281238838,685.064928722456,158.40568677214222,719.4733444553589,631.7036819286901,726.0002611096861,147.84356379691806
9,6,13,665.6366228461491,614.3150098635778,692.7375351167524,260.2984585250501,692.7124082272447,638.5609451006007,721.9231746661417,252.18885461545625
9,6,14,611.9310707609066,638.8272459975014,701.7456209129732,389.36634058296784,626.0095580749888,654.3667864903038,719.895674134674,381.58801202072044
9,6,15,508.1844625093666,650.4383645279452,694.1605731981849,479.51330476410004,512.251980936566,658.2759854868541,702.4498181801185,470.9877129456618
9,6,16,363.2793321356439,621.3206516724869,670.9713670444411,513.1101548464563,358.0961248017692,616.4051756235973,664.5942485760667,502.84166170922737
9,6,17,167.2276427527043,508.87442858461145,582.8638228263565,424.4772270802505,159.48396786642758,504.59963043663845,578.2093183664648,419.45493182534807
9,6,18,22.312768800999223,91.37239359138734,300.16367867807594,64.20605955626442,16.42333082052758,58.64838338308193,226.53819472660055,47.92088519691575
9,6,19,0.0,0.0,0.0,0.0,0.0,0.0,0.0,0.0
9,6,20,0.0,0.0,0.0,0.0,0.0,0.0,0.0,0.0
9,6,21,0.0,0.0,0.0,0.0,0.0,0.0,0.0,0.0
9,6,22,0.0,0.0,0.0,0.0,0.0,0.0,0.0,0.0
9,6,23,0.0,0.0,0.0,0.0,0.0,0.0,0.0,0.0
9,7,0,0.0,0.0,0.0,0.0,0.0,0.0,0.0,0.0
9,7,1,0.0,0.0,0.0,0.0,0.0,0.0,0.0,0.0
9,7,2,0.0,0.0,0.0,0.0,0.0,0.0,0.0,0.0
9,7,3,0.0,0.0,0.0,0.0,0.0,0.0,0.0,0.0
9,7,4,0.0,0.0,0.0,0.0,0.0,0.0,0.0,0.0
9,7,5,0.0,0.0,0.0,0.0,0.0,0.0,0.0,0.0
9,7,6,-0.0,-0.0,-0.0,-0.0,-0.0,-0.0,-0.0,-0.0
9,7,7,40.67460771841421,129.91213069549312,151.91656266349923,142.61883278129892,112.64376080808914,360.38653291277456,418.13727496905483,391.06891202766917
9,7,8,257.6024791139779,444.1513471491948,483.74221843742635,441.60486522364954,330.9224363111991,570.1026876787959,617.7546283678801,560.348079960465
9,7,9,447.34666052542156,568.5616734557042,610.8343232228893,493.1239009501368,506.4842138693699,646.1141580508838,693.274638999379,549.2620287521058
9,7,10,579.1748431550618,597.2649906600698,661.0630852487816,431.0815291644413,633.554193971679,654.4473488594501,723.9811203150703,454.10829913662025
9,7,11,648.0910543407266,592.4815776257667,672.143750623386,284.4913077919572,715.199738888183,651.2542966426481,742.8981221029933,284.48353419011517
9,7,12,671.5807730854118,589.4014921094011,677.3500755084929,156.6748543170331,745.9477826565203,649.6241628261383,752.3362708316262,141.44641500095537
9,7,13,663.7551798618997,611.0133979422056,690.8706163099625,260.8232980024635,724.2518943869363,663.2731310781542,755.7435402475245,249.51512473613687
9,7,14,610.8780369396003,636.1440444281693,700.1227342996135,394.3285361700318,589.5257817868426,615.2371806329126,681.8279428558934,364.95501957239543
9,7,15,499.96622528122833,638.5068027656076,683.7640366475838,473.86035655772434,535.1132939369515,695.5285080236648,746.1708493952821,474.6705049248703
9,7,16,349.57182997810224,584.8489625479468,632.396759536581,488.6666340369718,370.8882771100008,654.4593558904859,710.2357013091038,508.1863042872616
9,7,17,207.76291709934955,535.5478375436551,602.4390507005694,455.09875612855177,161.93551930879832,531.0061707568326,613.771662898803,419.9364048156145
9,7,18,26.691427082462678,66.01339554272371,235.12360553505113,54.708711247815735,15.773672493510682,56.10648777620707,236.7468511516928,45.644422941494454
9,7,19,0.0,0.0,0.0,0.0,0.0,0.0,0.0,0.0
9,7,20,0.0,0.0,0.0,0.0,0.0,0.0,0.0,0.0
9,7,21,0.0,0.0,0.0,0.0,0.0,0.0,0.0,0.0
9,7,22,0.0,0.0,0.0,0.0,0.0,0.0,0.0,0.0
9,7,23,0.0,0.0,0.0,0.0,0.0,0.0,0.0,0.0
9,8,0,0.0,0.0,0.0,0.0,0.0,0.0,0.0,0.0
9,8,1,0.0,0.0,0.0,0.0,0.0,0.0,0.0,0.0
9,8,2,0.0,0.0,0.0,0.0,0.0,0.0,0.0,0.0
9,8,3,0.0,0.0,0.0,0.0,0.0,0.0,0.0,0.0
9,8,4,0.0,0.0,0.0,0.0,0.0,0.0,0.0,0.0
9,8,5,0.0,0.0,0.0,0.0,0.0,0.0,0.0,0.0
9,8,6,-0.0,-0.0,-0.0,-0.0,-0.0,-0.0,-0.0,-0.0
9,8,7,55.52000099741514,142.22140227947895,161.9104824513755,155.7754754852679,57.300989416606946,80.5724627000507,79.57263504665887,88.74705771553175
9,8,8,126.9661502036652,178.13077530741708,188.30505165526017,184.70265910679112,249.32723327932987,379.7498014320174,407.18489212925294,383.40577394166917
9,8,9,354.7017054547444,436.1207274895762,471.99103141091075,393.9591283036141,509.6613421934446,649.7584000255645,699.9539260167124,551.6634325397447
9,8,10,511.2897564955009,525.0534543543856,583.0706422845017,395.93887894197553,459.2293628041545,472.66622610340136,520.0416714604993,357.81886916386367
9,8,11,649.8177483959637,590.6526971806625,675.0177666073004,299.0500946310641,721.0608410236853,653.666032176993,748.8017390081858,285.3732051152279
9,8,12,454.7552510917956,413.3971825076604,466.2069209886321,185.4464501045853,640.5414383555161,561.6838852558766,651.4747484872239,178.28995577209267
9,8,13,618.7643682671234,570.5687003122465,647.1642184849574,275.2272819779786,521.7492318608769,507.11040672995176,551.6246563926359,293.63160992375015
9,8,14,616.6521239480124,639.633364218232,702.4930349229236,426.79419546946843,651.0931357260608,679.1935047355696,754.5098758741245,380.97618044939264
9,8,15,530.7807797935615,668.007953480873,715.767522829985,510.5728352624496,529.4069227275799,686.3127979561056,738.1269816998145,470.9762169466598
9,8,16,334.59635417094717,541.1463467468287,584.5559673641612,458.427325163034,295.6034980250836,462.2426595293447,496.4912498265469,379.7944502327044
9,8,17,210.48817204275326,507.0052391513674,575.4920635029628,436.3994951597894,167.1813636411821,409.7916828601524,466.470818860709,336.8365361638741
9,8,18,15.731672460583662,165.09406489216758,223.45875076110968,44.28580541773606,13.410342041417636,184.5081426201556,267.3345627641405,46.84548906537096
9,8,19,0.0,0.0,0.0,0.0,0.0,0.0,0.0,0.0
9,8,20,0.0,0.0,0.0,0.0,0.0,0.0,0.0,0.0
9,8,21,0.0,0.0,0.0,0.0,0.0,0.0,0.0,0.0
9,8,22,0.0,0.0,0.0,0.0,0.0,0.0,0.0,0.0
9,8,23,0.0,0.0,0.0,0.0,0.0,0.0,0.0,0.0
9,9,0,0.0,0.0,0.0,0.0,0.0,0.0,0.0,0.0
9,9,1,0.0,0.0,0.0,0.0,0.0,0.0,0.0,0.0
9,9,2,0.0,0.0,0.0,0.0,0.0,0.0,0.0,0.0
9,9,3,0.0,0.0,0.0,0.0,0.0,0.0,0.0,0.0
9,9,4,0.0,0.0,0.0,0.0,0.0,0.0,0.0,0.0
9,9,5,0.0,0.0,0.0,0.0,0.0,0.0,0.0,0.0
9,9,6,-0.0,-0.0,-0.0,-0.0,-0.0,-0.0,-0.0,-0.0
9,9,7,47.072378619477206,138.90964613321506,162.4813179062786,152.21002283931506,54.409177992370424,65.16892496728417,59.78495854380442,70.73728231127656
9,9,8,153.1892737956568,216.52542244740079,229.61895330943875,223.9919032930768,151.90469721269443,186.93273189750442,191.4766795719204,194.64830954668312
9,9,9,225.8277497490908,257.7891730452312,277.177888568248,246.35231740825859,525.6827319680772,670.3356143437688,724.0611818112258,566.2985320754541
9,9,10,605.5246353318231,619.4465429877084,688.590436083222,447.513477861243,656.275665396414,672.8419177006064,750.7450932068997,462.7388411270462
9,9,11,627.3253993966908,566.5291724000488,650.6628322138037,275.78869337104413,738.6665230454865,665.2773192398943,766.6370325469759,284.9703155038458
9,9,12,667.7021916988756,577.5096792031427,673.5326945275712,158.899163380856,766.679596599096,660.7793562213607,772.8582758490081,142.06673916797547
9,9,13,697.1689328207231,638.2289088155812,725.3657983150579,274.20614137150574,590.7833254789339,543.90218363915,621.138187120245,249.31482622535952
9,9,14,605.6147219392061,628.042030023434,694.6817657691495,402.12338265062493,664.3330767946322,691.8857886525439,769.5414933806296,385.04855863731694
9,9,15,475.7424478975323,595.6413074463271,640.6615364070358,456.5119607402424,501.72254163715183,642.9859182551535,695.003407400774,451.7955401417952
9,9,16,289.3344165187976,427.9835127025405,457.4008043280004,375.3276785542884,222.89768377108592,293.5789624433401,307.48372504759834,264.94263356029404
9,9,17,200.26962839745295,489.36384883684826,562.6995314283511,416.28391766390223,152.08698800743525,344.8385426881844,392.4594368106677,285.2954850771077
9,9,18,29.835965827728344,62.15121780485449,247.71724074818286,50.423281300322316,15.291590643057653,58.997975313269,208.41369657386292,36.84202663636328
9,9,19,0.0,0.0,0.0,0.0,0.0,0.0,0.0,0.0
9,9,20,0.0,0.0,0.0,0.0,0.0,0.0,0.0,0.0
9,9,21,0.0,0.0,0.0,0.0,0.0,0.0,0.0,0.0
9,9,22,0.0,0.0,0.0,0.0,0.0,0.0,0.0,0.0
9,9,23,0.0,0.0,0.0,0.0,0.0,0.0,0.0,0.0
9,10,0,0.0,0.0,0.0,0.0,0.0,0.0,0.0,0.0
9,10,1,0.0,0.0,0.0,0.0,0.0,0.0,0.0,0.0
9,10,2,0.0,0.0,0.0,0.0,0.0,0.0,0.0,0.0
9,10,3,0.0,0.0,0.0,0.0,0.0,0.0,0.0,0.0
9,10,4,0.0,0.0,0.0,0.0,0.0,0.0,0.0,0.0
9,10,5,0.0,0.0,0.0,0.0,0.0,0.0,0.0,0.0
9,10,6,-0.0,-0.0,-0.0,-0.0,-0.0,-0.0,-0.0,-0.0
9,10,7,24.54308631396825,44.390523117600466,47.38821504962507,49.283969277336446,42.702103306847704,47.07576977232355,41.21208109097187,50.81545293412429
9,10,8,72.28473544437081,74.14070431820349,71.13509698809081,80.44675601332376,36.99109488196821,34.36324342369398,31.287374729396493,37.00196225612358
9,10,9,134.51488394360513,141.04866577823358,149.23972173938847,143.35594053287505,324.13227858046315,383.13771030507604,415.3110367080571,349.3036811245514
9,10,10,397.9076379659301,405.95063728685165,447.4198366009769,327.26243639449945,353.6006500617228,361.9689809692292,387.70882778742106,302.72941556930533
9,10,11,453.8972444536015,428.0630973004285,476.1668505164773,273.0211911826483,568.267644967379,520.0608529370793,594.5329155611145,277.7167028921267
9,10,12,538.593943220801,490.81760338538356,552.3558267018967,226.68374807872297,671.864082399214,577.474650915165,681.0390229420774,163.2115790141728
9,10,13,614.3075932318183,571.3384163776622,644.0284242587576,302.95294508776874,723.9936918659001,656.2718460231423,755.9523450054228,250.23148099355942
9,10,14,642.273589283562,664.6256165018749,735.3333437038016,428.38509503838907,587.0344745477036,609.9344421164166,682.8516261010413,351.29397891139655
9,10,15,226.99895666107622,246.30548213965824,262.0745428388989,227.94938701720852,250.3899830200299,273.10848787212,290.7749307890691,242.22905010531449
9,10,16,359.84092712439025,563.1687706154875,606.7728380420244,485.8029844937742,288.96616560650284,452.3520589706573,487.70039530633727,372.1607703386083
9,10,17,174.90646297037594,448.2068108650824,525.6349962460348,372.8408319144052,155.81994839615095,514.451261148023,623.9329550200756,396.19751681338414
9,10,18,23.23762634735232,59.97480512477637,292.04813017167095,49.615454609648864,25.140935454422525,23.431416661806566,15.627667191426315,23.982685900634372
9,10,19,0.0,0.0,0.0,0.0,0.0,0.0,0.0,0.0
9,10,20,0.0,0.0,0.0,0.0,0.0,0.0,0.0,0.0
9,10,21,0.0,0.0,0.0,0.0,0.0,0.0,0.0,0.0
9,10,22,0.0,0.0,0.0,0.0,0.0,0.0,0.0,0.0
9,10,23,0.0,0.0,0.0,0.0,0.0,0.0,0.0,0.0
9,11,0,0.0,0.0,0.0,0.0,0.0,0.0,0.0,0.0
9,11,1,0.0,0.0,0.0,0.0,0.0,0.0,0.0,0.0
9,11,2,0.0,0.0,0.0,0.0,0.0,0.0,0.0,0.0
9,11,3,0.0,0.0,0.0,0.0,0.0,0.0,0.0,0.0
9,11,4,0.0,0.0,0.0,0.0,0.0,0.0,0.0,0.0
9,11,5,0.0,0.0,0.0,0.0,0.0,0.0,0.0,0.0
9,11,6,-0.0,-0.0,-0.0,-0.0,-0.0,-0.0,-0.0,-0.0
9,11,7,45.86353010820262,153.61861230628745,182.59499852148323,164.6722474942349,111.85864356909764,348.055837809018,407.349110660154,370.4178149077396
9,11,8,274.76828784637905,466.9372079831851,511.58842191318473,464.597418990845,335.20558567855375,572.313924279826,626.1545921991936,563.6435147657152
9,11,9,463.5475861076277,582.2122380976604,630.5399094806659,502.7357625227097,518.2676654986857,654.723036412312,710.6426882219572,553.5686798156962
9,11,10,592.2256075042219,601.1797468447334,671.7567188721184,430.4536682187703,644.1432390260316,654.8183253565675,734.9854906109775,448.62779869981694
9,11,11,669.456594533533,600.279496219192,692.1267336328993,277.02766026372586,723.4499196316855,646.6712478751008,749.9714211458166,274.23970664615285
9,11,12,694.8558076946217,598.2550076802958,699.340747839379,147.9252055033511,755.1050852476052,645.1947410301289,760.6125729403532,132.2865404551258
9,11,13,676.2520140213877,613.695176764308,704.0863720556971,260.5118111104368,732.2080975069141,660.5511339738833,764.5883361718011,243.61025632044817
9,11,14,609.6923923458658,630.4513248891006,700.6819928139603,395.6588331797117,658.7945747680607,683.5115807570096,764.0589101597571,377.71032968389056
9,11,15,517.682268922368,655.1783519517375,706.8171892683323,495.23488385026053,538.686763401233,701.5559969536155,759.5541352842806,471.8036573345704
9,11,16,356.40367389833403,597.4104706817034,651.3200940198452,501.6109391958639,368.6080738368832,656.2270564042642,719.1055650307734,503.52280221604536
9,11,17,170.51719850631463,495.77877150844307,599.239268959777,402.7735125227388,154.5758390671618,502.97544017612745,619.7870485901038,384.67770599933374
9,11,18,26.09308345088722,45.05894883262065,188.74230071106078,39.95731164586537,13.925748236078581,36.89585552807998,211.52819155105735,30.023110366370783
9,11,19,0.0,0.0,0.0,0.0,0.0,0.0,0.0,0.0
9,11,20,0.0,0.0,0.0,0.0,0.0,0.0,0.0,0.0
9,11,21,0.0,0.0,0.0,0.0,0.0,0.0,0.0,0.0
9,11,22,0.0,0.0,0.0,0.0,0.0,0.0,0.0,0.0
9,11,23,0.0,0.0,0.0,0.0,0.0,0.0,0.0,0.0
9,12,0,0.0,0.0,0.0,0.0,0.0,0.0,0.0,0.0
9,12,1,0.0,0.0,0.0,0.0,0.0,0.0,0.0,0.0
9,12,2,0.0,0.0,0.0,0.0,0.0,0.0,0.0,0.0
9,12,3,0.0,0.0,0.0,0.0,0.0,0.0,0.0,0.0
9,12,4,0.0,0.0,0.0,0.0,0.0,0.0,0.0,0.0
9,12,5,0.0,0.0,0.0,0.0,0.0,0.0,0.0,0.0
9,12,6,-0.0,-0.0,-0.0,-0.0,-0.0,-0.0,-0.0,-0.0
9,12,7,19.296342891572735,48.80974503417703,56.01526841121546,53.30404195828579,104.94604792225846,318.435784016689,373.48462466641325,338.5940582096439
9,12,8,268.00831816176,440.0100934245164,483.4142147765839,444.00341817566857,317.7886188881084,535.1048655205108,586.8624818885031,529.7879755117046
9,12,9,307.4970637655606,365.65782312343345,397.4523732884924,335.16695225212277,496.69059812572084,623.7638126347647,679.8591158295316,530.4682259683309
9,12,10,503.08061534853675,509.0529249668109,568.8320551515632,394.517834022074,7.625780390592132,7.936420057867166,7.729452138968265,7.462323217244085
9,12,11,26.74610924701752,30.75355301666044,28.453471163509704,27.549839830936946,29.257555602138908,33.739085025950615,31.096767405899126,28.928101533580755
9,12,12,133.07298059173883,150.67654945532405,141.61792375903156,123.72870035396139,46.250612167491845,55.21126789695256,49.735907795093645,45.873215481631874
9,12,13,96.05611809319612,106.3797550185838,101.25994783820865,95.09077340233507,234.30359872493875,250.46117939121683,247.28695563549945,197.10953807188025
9,12,14,68.81873538846209,69.54116289322693,69.41929364663223,70.39960555833878,66.79729630029675,67.53047402666823,67.13721773588667,65.74312675721349
9,12,15,122.55056407883713,126.55812874769987,132.54964165530396,124.1380287724569,6.421960613089048,5.645776836959005,5.620904578066077,6.246712017912039
9,12,16,43.46372236340876,40.11930998064131,36.11251236573279,44.569038827730516,7.840871927343785,6.952966296123537,5.789183071622315,7.615777650551898
9,12,17,-0.0,-0.0,-0.0,-0.0,0.5635795296079675,0.21778180951604398,-0.0,0.45785737368624957
9,12,18,-0.0,-0.0,-0.0,-0.0,-0.0,-0.0,-0.0,-0.0
9,12,19,0.0,0.0,0.0,0.0,0.0,0.0,0.0,0.0
9,12,20,0.0,0.0,0.0,0.0,0.0,0.0,0.0,0.0
9,12,21,0.0,0.0,0.0,0.0,0.0,0.0,0.0,0.0
9,12,22,0.0,0.0,0.0,0.0,0.0,0.0,0.0,0.0
9,12,23,0.0,0.0,0.0,0.0,0.0,0.0,0.0,0.0
9,13,0,0.0,0.0,0.0,0.0,0.0,0.0,0.0,0.0
9,13,1,0.0,0.0,0.0,0.0,0.0,0.0,0.0,0.0
9,13,2,0.0,0.0,0.0,0.0,0.0,0.0,0.0,0.0
9,13,3,0.0,0.0,0.0,0.0,0.0,0.0,0.0,0.0
9,13,4,0.0,0.0,0.0,0.0,0.0,0.0,0.0,0.0
9,13,5,0.0,0.0,0.0,0.0,0.0,0.0,0.0,0.0
9,13,6,-0.0,-0.0,-0.0,-0.0,-0.0,-0.0,-0.0,-0.0
9,13,7,2.3505471157320685,2.1009009395224285,1.0523030120399033,2.6440032895864425,43.61099728579233,49.68287935821293,44.025375750894895,53.083943770922666
9,13,8,47.35154364789746,44.56810452149041,41.068881571076496,49.25711303915114,129.55378302585027,153.1791193652373,155.4086042181681,160.20512214072056
9,13,9,97.35619010925689,93.05987926294856,95.6126956757557,100.811811042556,132.87047816185998,131.29602935737125,135.8863092528127,133.7482042704002
9,13,10,314.8581522226135,319.1464215394566,346.99126236531777,275.334270452063,424.471440138514,429.1622318512998,476.683396522258,330.65455913551466
9,13,11,284.828128345117,289.76382281307525,300.3633066505945,226.6087309458301,364.3897793706804,355.3431180385521,383.78667373466715,241.42442886557987
9,13,12,625.1118958055832,552.9528802558485,637.8584099086843,228.5729987612522,640.1525141069117,563.3430447868199,653.5096343025182,204.4254507285801
9,13,13,538.1915712421858,507.24997166584836,566.5401978224631,301.4642526728505,422.35051423267885,408.24389057849424,445.80689376410794,246.6733913140791
9,13,14,568.1966195746284,582.9238966171299,642.9838107226525,422.0686695474263,616.4912598285703,635.9315508083405,714.812002131716,378.64586724254633
9,13,15,530.662427542483,668.9551342327807,724.7717811709099,509.0835885162819,539.8065375514087,696.6273930763804,756.5325960084651,481.3474098565203
9,13,16,390.73019315147366,667.7370291987411,731.5315001082295,557.3877837451381,308.96157725620134,494.9629970717311,537.1177894468649,403.1995266653059
9,13,17,155.52807780252516,361.98167544133537,434.86557557067164,299.74601835472174,102.21410635066981,182.01191935712185,200.56159590479987,154.65434659137406
9,13,18,31.92237187600027,41.59213658034271,154.25512873722045,39.323513169084045,14.37091090483806,29.022931942808427,188.78916094855546,24.68111811993393
9,13,19,0.0,0.0,0.0,0.0,0.0,0.0,0.0,0.0
9,13,20,0.0,0.0,0.0,0.0,0.0,0.0,0.0,0.0
9,13,21,0.0,0.0,0.0,0.0,0.0,0.0,0.0,0.0
9,13,22,0.0,0.0,0.0,0.0,0.0,0.0,0.0,0.0
9,13,23,0.0,0.0,0.0,0.0,0.0,0.0,0.0,0.0
9,14,0,0.0,0.0,0.0,0.0,0.0,0.0,0.0,0.0
9,14,1,0.0,0.0,0.0,0.0,0.0,0.0,0.0,0.0
9,14,2,0.0,0.0,0.0,0.0,0.0,0.0,0.0,0.0
9,14,3,0.0,0.0,0.0,0.0,0.0,0.0,0.0,0.0
9,14,4,0.0,0.0,0.0,0.0,0.0,0.0,0.0,0.0
9,14,5,0.0,0.0,0.0,0.0,0.0,0.0,0.0,0.0
9,14,6,-0.0,-0.0,-0.0,-0.0,-0.0,-0.0,-0.0,-0.0
9,14,7,10.265009352976717,9.654730597284175,7.282763478992882,10.89622009444676,108.0039279883356,323.6996586940796,381.0638433776237,340.09618950076253
9,14,8,67.3059028189893,64.97670850681821,60.785945098664726,71.55399849945927,144.78293723772447,178.82850073105988,183.67692704513033,185.32158877182272
9,14,9,334.7756887959484,403.79624768639343,443.30204451175075,366.42389280732203,511.9366668907837,637.4265607712865,696.6109336271791,541.9231946854394
9,14,10,559.9140035837058,561.4173259974042,636.339431813884,410.11196039522156,555.0262610541248,557.0247961248901,633.5432711101117,395.73217510376077
9,14,11,596.8094163526896,527.9365903690841,619.3766758378019,265.8573123467864,720.6456068224104,636.4403820453224,745.913458473521,270.8093244223417
9,14,12,600.2727429685591,521.6202199448746,610.6293429623407,199.3007247844561,749.6900560780841,634.2284247791754,755.3363685402662,135.99776346637864
9,14,13,492.4471622892517,449.30491526764615,518.0044027569463,238.09609498598607,589.673578623294,536.1250415884361,620.3240649121991,250.30206609914737
9,14,14,440.9616541896212,451.8189835818061,500.82228449397434,327.23730338962844,552.6398252462386,567.258691291958,630.6462149447623,374.0332873547291
9,14,15,400.8152370282134,481.8061716103242,522.3910852861724,392.07684085491815,531.5869264705,686.4416893107768,747.8520947417907,472.29783387214655
9,14,16,340.7526210425102,555.1480382368137,607.1877884797204,472.45001764556133,363.4724556172024,643.5632925005594,710.3019059133488,502.24962938879463
9,14,17,144.60086695080773,362.68577134023076,449.6885084810728,294.233317330726,114.0083859244411,218.1604560962196,247.1054282439377,180.18823598826265
9,14,18,39.65380010547001,41.558238305884664,89.56417856925793,41.720787029909374,22.40652763526571,21.322933430127392,21.939165064501825,21.683582607683448
9,14,19,0.0,0.0,0.0,0.0,0.0,0.0,0.0,0.0
9,14,20,0.0,0.0,0.0,0.0,0.0,0.0,0.0,0.0
9,14,21,0.0,0.0,0.0,0.0,0.0,0.0,0.0,0.0
9,14,22,0.0,0.0,0.0,0.0,0.0,0.0,0.0,0.0
9,14,23,0.0,0.0,0.0,0.0,0.0,0.0,0.0,0.0
9,15,0,0.0,0.0,0.0,0.0,0.0,0.0,0.0,0.0
9,15,1,0.0,0.0,0.0,0.0,0.0,0.0,0.0,0.0
9,15,2,0.0,0.0,0.0,0.0,0.0,0.0,0.0,0.0
9,15,3,0.0,0.0,0.0,0.0,0.0,0.0,0.0,0.0
9,15,4,0.0,0.0,0.0,0.0,0.0,0.0,0.0,0.0
9,15,5,0.0,0.0,0.0,0.0,0.0,0.0,0.0,0.0
9,15,6,-0.0,-0.0,-0.0,-0.0,-0.0,-0.0,-0.0,-0.0
9,15,7,33.067013005558344,100.81052124371533,120.97187264379436,107.13818303916875,110.9281149000495,332.7794511809354,395.4772916492391,348.94466087782104
9,15,8,251.46249113021088,417.45406342553616,462.4976251994202,419.6974741617324,334.703632352434,557.1514120159926,614.0944752442554,552.4317636097321
9,15,9,442.05382578262726,544.9201175648323,597.6226255930617,476.1316777632283,514.567285098861,637.3753225553394,698.22825397888,543.1563173491786
9,15,10,575.8174482207546,575.0639024867024,652.3541084722293,418.65393810489047,646.7117383057303,646.0546898217152,736.4835145617672,444.25044838967494
9,15,11,657.9651808360729,579.4115039858962,680.4533026288711,275.9041154189643,718.3965688404435,632.1824444497335,743.2232347817807,269.7006640092213
9,15,12,687.2017791848614,580.2005321978655,692.7005167590327,154.39435871985455,737.595881815706,623.78982404879,743.4470182313901,138.9983330678602
9,15,13,665.983783127981,597.1158384913795,695.5465935121022,269.0590657277701,715.5088907495239,637.3926660571481,748.2327332191446,248.44778535603896
9,15,14,607.1682987081019,623.200618092995,700.3761155099093,397.62359878990617,639.3946767529343,657.3951250472253,741.7202906627585,381.3780735788501
9,15,15,490.77799869322143,617.65541871547,672.5910568820049,472.277027512716,517.5092785983952,662.5114380021912,722.0778364288574,467.8072108979042
9,15,16,243.76872564628263,368.0021111906263,400.11588418663473,322.40841376647586,354.25125365037337,616.8028439753989,680.8744749718901,491.82508349313315
9,15,17,158.60289776633257,398.6136280161472,502.6765150881078,323.60223150984683,146.53999400048218,426.59201276185553,554.9316006420728,332.98917091445054
9,15,18,29.57126933395406,36.626815141547524,181.08568139731224,35.08752056792402,13.099494672859363,21.037571143765355,169.01565485433827,18.69707823622729
9,15,19,0.0,0.0,0.0,0.0,0.0,0.0,0.0,0.0
9,15,20,0.0,0.0,0.0,0.0,0.0,0.0,0.0,0.0
9,15,21,0.0,0.0,0.0,0.0,0.0,0.0,0.0,0.0
9,15,22,0.0,0.0,0.0,0.0,0.0,0.0,0.0,0.0
9,15,23,0.0,0.0,0.0,0.0,0.0,0.0,0.0,0.0
9,16,0,0.0,0.0,0.0,0.0,0.0,0.0,0.0,0.0
9,16,1,0.0,0.0,0.0,0.0,0.0,0.0,0.0,0.0
9,16,2,0.0,0.0,0.0,0.0,0.0,0.0,0.0,0.0
9,16,3,0.0,0.0,0.0,0.0,0.0,0.0,0.0,0.0
9,16,4,0.0,0.0,0.0,0.0,0.0,0.0,0.0,0.0
9,16,5,0.0,0.0,0.0,0.0,0.0,0.0,0.0,0.0
9,16,6,-0.0,-0.0,-0.0,-0.0,-0.0,-0.0,-0.0,-0.0
9,16,7,31.048042025024458,88.90397578617068,107.31289790550058,95.92432428968735,98.5619364717421,278.83870429739324,331.8877603833678,292.93221053753456
9,16,8,266.39427480142484,428.84061701982847,475.26018620947906,435.620154212436,317.9085697462754,519.4082996636295,573.3088966591988,518.3613625900701
9,16,9,470.6969081471031,564.2945250667229,618.2590174635297,506.6089392861292,341.06511780551085,395.84709865885395,432.9356117060223,360.73258365920697
9,16,10,309.31588686529153,310.479501213895,341.8230586160274,258.94046596109445,487.9289081264034,486.9543306210294,551.6378286016084,365.2354395408113
9,16,11,593.0376668830532,524.5193227288241,615.8930722484852,278.04748443905913,710.6529390805787,620.9396420936495,735.7037374133831,270.8626195808784
9,16,12,659.0260093470428,555.6941522033411,666.4512472659495,169.19808539827625,745.2816377306277,621.9325372069119,751.2279135080611,135.1486993223976
9,16,13,672.5178735144864,602.7619754810153,702.7723137548854,278.7403094878505,720.8303584060592,639.86827569622,754.4461549461129,251.0148280995155
9,16,14,616.9374232487805,631.465994792859,710.1073505818476,414.0110018836855,644.5926281192261,661.4183830667952,749.4986879205875,383.18022325281476
9,16,15,512.3196932848801,638.6670927595916,695.598719687553,496.7270486428706,519.9910881349093,667.7691539413883,731.3571276723424,467.2701506513772
9,16,16,353.9227531020369,578.6795185412273,635.4795362510001,494.0120079997954,351.563863985738,613.1620055737884,679.2963755953286,486.73070080910014
9,16,17,161.79229051939237,434.8517540801165,565.3241268645312,348.15574057275694,143.35784518052728,414.1345678553477,549.2314622930484,321.0299465191459
9,16,18,26.759112506510306,30.71575865010419,161.95639209959455,30.031242577244733,19.593074319898566,18.272287904683715,17.962575485791536,18.705983535275667
9,16,19,0.0,0.0,0.0,0.0,0.0,0.0,0.0,0.0
9,16,20,0.0,0.0,0.0,0.0,0.0,0.0,0.0,0.0
9,16,21,0.0,0.0,0.0,0.0,0.0,0.0,0.0,0.0
9,16,22,0.0,0.0,0.0,0.0,0.0,0.0,0.0,0.0
9,16,23,0.0,0.0,0.0,0.0,0.0,0.0,0.0,0.0
9,17,0,0.0,0.0,0.0,0.0,0.0,0.0,0.0,0.0
9,17,1,0.0,0.0,0.0,0.0,0.0,0.0,0.0,0.0
9,17,2,0.0,0.0,0.0,0.0,0.0,0.0,0.0,0.0
9,17,3,0.0,0.0,0.0,0.0,0.0,0.0,0.0,0.0
9,17,4,0.0,0.0,0.0,0.0,0.0,0.0,0.0,0.0
9,17,5,0.0,0.0,0.0,0.0,0.0,0.0,0.0,0.0
9,17,6,-0.0,-0.0,-0.0,-0.0,-0.0,-0.0,-0.0,-0.0
9,17,7,33.46730088761869,102.92687908452913,126.92644705329741,110.78000408831461,107.45805808398269,312.27174006927754,377.4612087246218,328.3638026124823
9,17,8,260.7941798434993,429.0228960876639,477.24986680773725,431.9687649389387,332.32936232350806,546.4231766661146,604.682980974025,543.546791240219
9,17,9,464.35194452019357,566.406442775172,623.878172892648,496.8130941752678,506.7491686943027,620.7221910281476,683.2682640321136,532.053072393433
9,17,10,591.6882955289996,586.1896437553443,669.400693163583,430.07921359502836,496.78964462281044,493.5752191951458,562.6125040239677,365.19244409271295
9,17,11,646.7132773990569,566.6549844681986,669.910194559167,284.51691796902395,720.7608123466619,628.3411635137055,745.3524947918737,267.8105357636271
9,17,12,688.3450692451659,576.7708589383099,694.1314671214533,154.73540570651397,751.669667893148,627.7881952510404,757.2922482761317,134.61424770942645
9,17,13,671.0422942192718,597.2553247652071,701.3534419461945,267.4795090019284,725.2028226175089,643.1568298008607,758.720632207353,251.09466917900227
9,17,14,629.55218595651,643.5316786903177,726.0859112690305,415.7927012000948,652.9417559160809,668.9703376925152,761.2550834905259,382.4280881584109
9,17,15,504.09455467991376,633.6795454840022,692.7761520174552,485.73055669102916,367.5415419191333,425.9105199433371,461.8986076626607,347.81860708763526
9,17,16,346.3648289430252,559.358409411443,614.8481742846848,480.62471313747733,354.22631305801127,623.017628058111,692.7274328102392,492.01335144226243
9,17,17,165.3560351553085,410.5244131952812,534.0479497827648,330.96213720744976,142.86211404266777,418.7616718304565,568.4499302653982,321.538909549488
9,17,18,29.464479329106865,32.73436689212393,229.20330496025622,32.302342437851344,11.292832778953803,14.562137278018454,172.63660045385438,13.607100104126642
9,17,19,0.0,0.0,0.0,0.0,0.0,0.0,0.0,0.0
9,17,20,0.0,0.0,0.0,0.0,0.0,0.0,0.0,0.0
9,17,21,0.0,0.0,0.0,0.0,0.0,0.0,0.0,0.0
9,17,22,0.0,0.0,0.0,0.0,0.0,0.0,0.0,0.0
9,17,23,0.0,0.0,0.0,0.0,0.0,0.0,0.0,0.0
9,18,0,0.0,0.0,0.0,0.0,0.0,0.0,0.0,0.0
9,18,1,0.0,0.0,0.0,0.0,0.0,0.0,0.0,0.0
9,18,2,0.0,0.0,0.0,0.0,0.0,0.0,0.0,0.0
9,18,3,0.0,0.0,0.0,0.0,0.0,0.0,0.0,0.0
9,18,4,0.0,0.0,0.0,0.0,0.0,0.0,0.0,0.0
9,18,5,0.0,0.0,0.0,0.0,0.0,0.0,0.0,0.0
9,18,6,-0.0,-0.0,-0.0,-0.0,-0.0,-0.0,-0.0,-0.0
9,18,7,44.00299291177702,137.92728292835147,171.40253038256128,145.5099101669483,115.60758500303419,342.7463273050568,418.8730083650163,357.45232807970825
9,18,8,286.592493325761,472.906945925243,526.1792972990542,473.76479330970574,345.49626883418205,568.9429884969627,630.6728504264632,564.9151199446401
9,18,9,472.4275174677286,575.3681441714111,633.2327997491132,500.147128496714,522.7877871727793,639.9998250533415,705.5557316580179,544.1408239401617
9,18,10,598.0030093769094,589.9467062361175,674.5801448563883,422.7826761301335,654.4250923200873,645.5028801238909,741.8741668071923,441.8412661290366
9,18,11,667.9007194233864,581.3347607167257,689.002277659171,265.8488996448297,733.7201926388465,635.085853215983,758.0063660338411,263.6341909937477
9,18,12,694.1701334811485,581.2759620820332,698.9420276870321,145.31426585616148,757.41473719126,629.373720713781,762.79871802556,131.55862856591094
9,18,13,664.5978907177239,590.5114888050482,694.1079003798832,260.75394767570845,728.7553416058859,643.4140165014439,762.3921231397572,248.52613336843373
9,18,14,606.1571497766681,618.9321583533551,700.088387896817,387.5033231094382,651.0512292377982,665.6002656456463,757.1135228471769,381.56499410836045
9,18,15,511.4720253436267,650.4726860345764,712.358663312886,485.31631075546585,527.9614110747274,679.275271556404,746.4907391891937,472.93300942430227
9,18,16,360.40328728062997,621.0044361142692,689.2978258754388,519.2299950863708,357.17928910940714,631.7876850308336,703.7317218913719,499.7876847096638
9,18,17,152.61356127050198,444.57541369740386,612.7501537753584,349.1525678080784,141.1448064968511,427.50901047618515,595.565191059435,325.4850274840074
9,18,18,16.995150046108325,18.457954550344525,269.59768925456,18.336272560031514,9.019564212687827,10.267569445528611,194.71456386303117,9.910332855497977
9,18,19,0.0,0.0,0.0,0.0,0.0,0.0,0.0,0.0
9,18,20,0.0,0.0,0.0,0.0,0.0,0.0,0.0,0.0
9,18,21,0.0,0.0,0.0,0.0,0.0,0.0,0.0,0.0
9,18,22,0.0,0.0,0.0,0.0,0.0,0.0,0.0,0.0
9,18,23,0.0,0.0,0.0,0.0,0.0,0.0,0.0,0.0
9,19,0,0.0,0.0,0.0,0.0,0.0,0.0,0.0,0.0
9,19,1,0.0,0.0,0.0,0.0,0.0,0.0,0.0,0.0
9,19,2,0.0,0.0,0.0,0.0,0.0,0.0,0.0,0.0
9,19,3,0.0,0.0,0.0,0.0,0.0,0.0,0.0,0.0
9,19,4,0.0,0.0,0.0,0.0,0.0,0.0,0.0,0.0
9,19,5,0.0,0.0,0.0,0.0,0.0,0.0,0.0,0.0
9,19,6,-0.0,-0.0,-0.0,-0.0,-0.0,-0.0,-0.0,-0.0
9,19,7,32.03624883035931,84.67864720782185,104.25907126055753,92.69107861629526,42.36897378322327,47.11331549589528,41.64509389743181,50.67565775275001
9,19,8,172.15259908513997,255.35796097086967,280.64485478970346,263.5263621587163,198.19068304028045,275.80508904767544,296.30687881204767,282.42124742207056
9,19,9,357.297202749105,420.33865383277134,466.19540938993805,385.9681514591636,509.16803594110473,619.3935377211347,685.2575244364698,531.0341847017701
9,19,10,606.8404877241076,597.1109098208769,683.4607783320115,448.59872237608204,643.3303226550105,631.6741454578405,729.5090466322223,436.2587812894854
9,19,11,678.2393469717862,590.1765185169212,701.9679222814468,295.1815246394766,722.2293796565148,623.6410600849076,746.1762401781409,263.4234774359518
9,19,12,697.14407010117,583.6691618138034,705.3836300271813,180.69168265916764,755.1298184344199,624.866020416298,760.7049672126273,132.07507463298884
9,19,13,691.5214728941162,612.3488801382941,723.3449497454045,278.1743912028256,688.5086419841625,616.208937174374,723.8774046112351,285.36282950807225
9,19,14,621.0199269318532,632.8561670266956,718.3807894066268,403.29798708964773,651.006039273388,664.3203693806627,758.4266265003638,380.8085010958063
9,19,15,483.62929520645105,605.5223946887237,665.7019421625121,467.2525664988823,519.7154807202699,665.3416234875998,733.4099725560376,468.13274482259396
9,19,16,341.7456016569455,558.9208822471436,618.6042619049373,477.99275298568324,352.60396965380124,622.8493654515821,696.3987407741009,494.0689310146581
9,19,17,146.04950137903887,385.3533465289699,529.4828079198318,302.7700274880829,139.02838051815658,409.3818285884057,580.7075549658175,310.71980645608915
9,19,18,20.38843178770957,18.63989377804437,9.531511133513648,19.521091185106744,14.085770234811621,12.787390550844295,6.031281958929961,13.195654750711846
9,19,19,0.0,0.0,0.0,0.0,0.0,0.0,0.0,0.0
9,19,20,0.0,0.0,0.0,0.0,0.0,0.0,0.0,0.0
9,19,21,0.0,0.0,0.0,0.0,0.0,0.0,0.0,0.0
9,19,22,0.0,0.0,0.0,0.0,0.0,0.0,0.0,0.0
9,19,23,0.0,0.0,0.0,0.0,0.0,0.0,0.0,0.0
9,20,0,0.0,0.0,0.0,0.0,0.0,0.0,0.0,0.0
9,20,1,0.0,0.0,0.0,0.0,0.0,0.0,0.0,0.0
9,20,2,0.0,0.0,0.0,0.0,0.0,0.0,0.0,0.0
9,20,3,0.0,0.0,0.0,0.0,0.0,0.0,0.0,0.0
9,20,4,0.0,0.0,0.0,0.0,0.0,0.0,0.0,0.0
9,20,5,0.0,0.0,0.0,0.0,0.0,0.0,0.0,0.0
9,20,6,-0.0,-0.0,-0.0,-0.0,-0.0,-0.0,-0.0,-0.0
9,20,7,-0.0,-0.0,-0.0,0.007459284994987764,107.63820207628564,306.66846723017113,381.9052989164842,321.7696606229352
9,20,8,25.676839941423907,23.776541193497096,21.34205792153864,26.45147467870827,52.86701531033457,49.230501437572805,44.16665898054277,52.68041332620239
9,20,9,58.467700416585544,54.42984099250729,54.70500780997356,60.132477276986656,124.61744061153857,119.55223072862464,122.13938748870429,124.70354034092632
9,20,10,256.8143138001915,256.99470481292434,276.21755607917595,227.24542538671173,221.6025080405934,224.2950433677749,230.14600614309393,202.82776173665303
9,20,11,192.78327226767513,206.6514456073339,201.07955604499085,174.85327438240907,717.1884859952748,617.6317949865775,739.9321309424156,259.77108825922613
9,20,12,417.94665654567325,384.8000804542634,430.07399520322275,209.63337574479002,738.216251514533,611.1790575462743,743.4816883364016,130.20674855980175
9,20,13,424.82256918323543,394.11580274943907,448.3815198028937,244.83258905398182,309.2091756766613,309.89425376516397,325.06058994160946,224.4808661268376
9,20,14,419.0728447799708,423.433586729726,470.75733403569086,324.63002410163244,635.6437930677592,646.9213926739839,738.6433577842597,380.39464212469323
9,20,15,402.4533328060892,481.9581285228487,528.103024197092,394.6647014124064,513.9639607681366,656.9882385963675,726.513457903816,465.33872513016735
9,20,16,259.91099534035624,384.75474782636553,419.388805905989,340.5462238072401,343.0699880354889,597.796785969317,669.8763078518958,477.10773818888816
9,20,17,137.19099803023707,298.2763086456714,370.95593110066073,231.13202063179142,134.1512890057979,363.898103840439,521.1021756512729,276.99536203572524
9,20,18,0.0,0.0,0.0,0.0,0.0,0.0,0.0,0.0
9,20,19,0.0,0.0,0.0,0.0,0.0,0.0,0.0,0.0
9,20,20,0.0,0.0,0.0,0.0,0.0,0.0,0.0,0.0
9,20,21,0.0,0.0,0.0,0.0,0.0,0.0,0.0,0.0
9,20,22,0.0,0.0,0.0,0.0,0.0,0.0,0.0,0.0
9,20,23,0.0,0.0,0.0,0.0,0.0,0.0,0.0,0.0
9,21,0,0.0,0.0,0.0,0.0,0.0,0.0,0.0,0.0
9,21,1,0.0,0.0,0.0,0.0,0.0,0.0,0.0,0.0
9,21,2,0.0,0.0,0.0,0.0,0.0,0.0,0.0,0.0
9,21,3,0.0,0.0,0.0,0.0,0.0,0.0,0.0,0.0
9,21,4,0.0,0.0,0.0,0.0,0.0,0.0,0.0,0.0
9,21,5,0.0,0.0,0.0,0.0,0.0,0.0,0.0,0.0
9,21,6,-0.0,-0.0,-0.0,-0.0,-0.0,-0.0,-0.0,-0.0
9,21,7,-0.0,-0.0,-0.0,-0.0,8.803894473597452,7.83985539158086,5.241506776432717,8.535446968976398
9,21,8,23.112772130011162,21.624936320027167,19.450928752954425,24.025326380052647,9.968619437339783,8.922708115258056,7.5462173153383905,9.70169360291664
9,21,9,76.54450241650129,71.93358638229964,72.64748324766843,78.9222983313615,112.7351339050342,108.58954903770012,110.86875964140137,112.42484050253601
9,21,10,160.70270017296951,162.9979509556111,164.95286263985233,156.88441385254163,256.241377740866,256.3711625302744,274.30760761429593,220.21306800531738
9,21,11,547.1688313623274,485.3351630942421,569.7800465119747,285.0065385044881,485.5880751389547,440.0816094678048,507.02760153136035,256.71907691989566
9,21,12,461.33318673328677,408.95843183135355,473.4737350729882,202.3693686853594,387.1206207689774,362.7661978945787,400.3585447950689,198.27963257877528
9,21,13,316.95410538186684,314.3681840172798,333.0305416008618,235.8170054453305,312.4191715709368,312.9863295782213,328.49046017154006,225.74910720763702
9,21,14,452.06075036709524,455.6725070977325,506.74943295177076,357.24511103963874,642.4129271029049,652.7956993293537,753.7503299046656,382.5995069952937
9,21,15,295.67874870106715,332.01603405357196,358.44507669866994,293.8702266503737,335.953167459093,393.47341587116745,429.0671529759451,313.67801074438114
9,21,16,290.77449860321633,423.39403324436546,462.7899945363379,382.31264204780445,222.41756800872253,301.4910221093272,322.01346508030076,270.37419070317645
9,21,17,169.46755043240515,391.7222389568036,493.7801494686241,294.92061742551914,132.79958160185447,364.83021657376264,532.8854792243012,271.49751670291624
9,21,18,0.0,0.0,0.0,0.0,0.0,0.0,0.0,0.0
9,21,19,0.0,0.0,0.0,0.0,0.0,0.0,0.0,0.0
9,21,20,0.0,0.0,0.0,0.0,0.0,0.0,0.0,0.0
9,21,21,0.0,0.0,0.0,0.0,0.0,0.0,0.0,0.0
9,21,22,0.0,0.0,0.0,0.0,0.0,0.0,0.0,0.0
9,21,23,0.0,0.0,0.0,0.0,0.0,0.0,0.0,0.0
9,22,0,0.0,0.0,0.0,0.0,0.0,0.0,0.0,0.0
9,22,1,0.0,0.0,0.0,0.0,0.0,0.0,0.0,0.0
9,22,2,0.0,0.0,0.0,0.0,0.0,0.0,0.0,0.0
9,22,3,0.0,0.0,0.0,0.0,0.0,0.0,0.0,0.0
9,22,4,0.0,0.0,0.0,0.0,0.0,0.0,0.0,0.0
9,22,5,0.0,0.0,0.0,0.0,0.0,0.0,0.0,0.0
9,22,6,-0.0,-0.0,-0.0,-0.0,-0.0,-0.0,-0.0,-0.0
9,22,7,-0.0,-0.0,-0.0,-0.0,15.986677211213106,14.49181634782135,10.433005512785403,15.605890087782878
9,22,8,14.924355021050948,13.787976013662734,12.197231018132223,15.454332327199745,93.23400599697656,96.04129903533308,91.45744926189408,101.46986315727028
9,22,9,234.26154957084657,254.98998948104256,279.0286534504765,250.03316770838984,312.32145023619125,347.9415588250793,382.20449933075076,322.70066218488336
9,22,10,315.4813749932192,312.12632420979287,345.15544224282166,269.3728217355292,254.159954379276,253.63959534153886,271.8107513155869,217.41250217213363
9,22,11,249.80451121744298,239.2596490333288,261.346296069738,176.19080664902842,305.77502680608455,303.677394075437,319.26479535906117,218.47567207200922
9,22,12,313.7961424940631,291.0250366835456,323.57877790740696,169.6982253195195,500.379766398617,460.19012030572566,515.4685542416613,230.91860905291432
9,22,13,358.16876670554,337.0321717093996,376.90611956033985,219.6325081831898,67.97626235438835,75.67560092044305,69.90616958265386,66.54389708183673
9,22,14,212.8058182955335,213.88225649564717,236.61741216177873,172.86494808583353,35.271041242692625,34.89302509177123,34.26310440001392,34.817642666178195
9,22,15,386.1733121330125,463.1369937385273,509.8287564693178,377.85085330257374,507.578241018335,644.6407464600628,715.7053699906327,464.821798778539
9,22,16,288.10384098879535,451.2748240598595,499.87198229427565,391.2981394585995,337.3925829528713,581.3993186577004,652.9565221474861,476.02701633646853
9,22,17,176.23427474212843,400.6160240865461,533.9619625833687,309.85964163261474,130.40865790173942,347.37543527944814,511.5813474792145,262.2825413187076
9,22,18,0.0,0.0,0.0,0.0,0.0,0.0,0.0,0.0
9,22,19,0.0,0.0,0.0,0.0,0.0,0.0,0.0,0.0
9,22,20,0.0,0.0,0.0,0.0,0.0,0.0,0.0,0.0
9,22,21,0.0,0.0,0.0,0.0,0.0,0.0,0.0,0.0
9,22,22,0.0,0.0,0.0,0.0,0.0,0.0,0.0,0.0
9,22,23,0.0,0.0,0.0,0.0,0.0,0.0,0.0,0.0
9,23,0,0.0,0.0,0.0,0.0,0.0,0.0,0.0,0.0
9,23,1,0.0,0.0,0.0,0.0,0.0,0.0,0.0,0.0
9,23,2,0.0,0.0,0.0,0.0,0.0,0.0,0.0,0.0
9,23,3,0.0,0.0,0.0,0.0,0.0,0.0,0.0,0.0
9,23,4,0.0,0.0,0.0,0.0,0.0,0.0,0.0,0.0
9,23,5,0.0,0.0,0.0,0.0,0.0,0.0,0.0,0.0
9,23,6,-0.0,-0.0,-0.0,-0.0,-0.0,-0.0,-0.0,-0.0
9,23,7,25.838211228402145,66.62953286686661,85.1092711677722,73.36260805472268,48.17242238846217,65.13497683176594,65.97586279754636,71.08969967300811
9,23,8,269.0897828111636,423.6917777973588,478.06507228103646,432.72609809673605,373.37964936563776,599.9272642443548,672.2538878818282,598.3442615784828
9,23,9,465.58556038086624,554.6386196034873,621.28518982268,489.399904919866,552.6020843354761,661.2560059297818,738.0608572348071,565.8594679457013
9,23,10,625.2391050111646,604.2087760038359,704.3255239997762,440.148392442866,678.1749216989318,654.8084513450812,763.820700776435,451.2281669942999
9,23,11,680.105741763232,578.3620127656512,702.8116827727201,272.2908389657499,743.280680769433,631.106327310657,766.3423738125684,261.0867645063508
9,23,12,716.3292614096059,590.549829155968,723.0898016577203,161.0132212088181,758.0986483057242,620.5088404484341,764.3243292228234,135.9025763915898
9,23,13,689.5486127146958,604.1746053877446,722.3881035168469,276.3651842372727,724.9837319073253,632.5227619952872,759.8980205688694,259.2267330098683
9,23,14,610.8444195203757,617.6455774410315,709.1493707801983,408.0989546763427,652.5106314755728,660.3979771917379,762.4974298608917,391.82521772847184
9,23,15,523.4855447911602,651.5283342596722,721.7025498221029,508.20270122128323,522.751613369719,664.4752955118325,739.2410274330351,476.11106249159815
9,23,16,360.2317537081783,595.8264257930416,666.5677635420357,510.61898101523826,349.5428236076728,612.9575771699302,692.7536201199468,492.68104942930023
9,23,17,151.49980501768468,354.92109158035953,512.8084289232216,277.53434345498306,124.33653221100734,277.0936738148948,366.8980381998109,203.7647233408697
9,23,18,0.0,0.0,0.0,0.0,0.0,0.0,0.0,0.0
9,23,19,0.0,0.0,0.0,0.0,0.0,0.0,0.0,0.0
9,23,20,0.0,0.0,0.0,0.0,0.0,0.0,0.0,0.0
9,23,21,0.0,0.0,0.0,0.0,0.0,0.0,0.0,0.0
9,23,22,0.0,0.0,0.0,0.0,0.0,0.0,0.0,0.0
9,23,23,0.0,0.0,0.0,0.0,0.0,0.0,0.0,0.0
9,24,0,0.0,0.0,0.0,0.0,0.0,0.0,0.0,0.0
9,24,1,0.0,0.0,0.0,0.0,0.0,0.0,0.0,0.0
9,24,2,0.0,0.0,0.0,0.0,0.0,0.0,0.0,0.0
9,24,3,0.0,0.0,0.0,0.0,0.0,0.0,0.0,0.0
9,24,4,0.0,0.0,0.0,0.0,0.0,0.0,0.0,0.0
9,24,5,0.0,0.0,0.0,0.0,0.0,0.0,0.0,0.0
9,24,6,-0.0,-0.0,-0.0,-0.0,-0.0,-0.0,-0.0,-0.0
9,24,7,3.1347898402738705,2.8849565802221533,1.6747586036510405,3.490301518448256,14.642919552234984,13.248312687893725,9.403968738939746,14.290191803371082
9,24,8,45.873835231320236,42.95991832002432,38.756692631482146,47.557504357965726,25.034853414963962,22.883325530033783,19.91620055238616,24.568738891853428
9,24,9,136.90652602485125,140.69580882400382,149.7852017049854,143.55738502892982,241.38818216095152,253.4520567579721,273.44002379325207,247.13935196015137
9,24,10,234.87163225661942,232.94828030602685,251.34046154256293,206.25575956735932,12.833381113605308,13.221872120004614,12.587007940260872,12.596008103717775
9,24,11,99.69898070948709,111.292008929193,103.11868892178826,99.32713470695374,37.63843275459418,43.286476674730935,38.85677631017797,37.23555222670476
9,24,12,246.37287915314155,245.46531954473375,255.01340786391796,167.16589455104423,557.7915438851554,489.8825400849215,571.8584561467786,216.4919759920365
9,24,13,521.4580632225029,478.84312864060723,549.8744319144893,297.33189005691383,515.8359607637763,480.68377987624115,542.7652088425108,286.3834810493959
9,24,14,587.2506500401116,591.9829536056258,679.6513072079674,405.60011398114466,651.4670802453358,658.0300307297676,763.7050004544182,387.50493541423714
9,24,15,408.9784604378152,491.4540497017112,543.1037502986302,399.96647428966355,522.3494572897662,665.5968795520164,743.6296940750235,473.0730769344352
9,24,16,321.8618066473257,507.892303590061,565.3631469632325,441.8437317997951,347.5259099609325,613.6346910036812,696.5071627483928,491.1075422694209
9,24,17,123.23631295528571,286.65297529031403,413.19053613473824,218.08263914771416,129.922542695792,352.61459363346347,555.6007794850508,263.55342678713293
9,24,18,0.0,0.0,0.0,0.0,0.0,0.0,0.0,0.0
9,24,19,0.0,0.0,0.0,0.0,0.0,0.0,0.0,0.0
9,24,20,0.0,0.0,0.0,0.0,0.0,0.0,0.0,0.0
9,24,21,0.0,0.0,0.0,0.0,0.0,0.0,0.0,0.0
9,24,22,0.0,0.0,0.0,0.0,0.0,0.0,0.0,0.0
9,24,23,0.0,0.0,0.0,0.0,0.0,0.0,0.0,0.0
9,25,0,0.0,0.0,0.0,0.0,0.0,0.0,0.0,0.0
9,25,1,0.0,0.0,0.0,0.0,0.0,0.0,0.0,0.0
9,25,2,0.0,0.0,0.0,0.0,0.0,0.0,0.0,0.0
9,25,3,0.0,0.0,0.0,0.0,0.0,0.0,0.0,0.0
9,25,4,0.0,0.0,0.0,0.0,0.0,0.0,0.0,0.0
9,25,5,0.0,0.0,0.0,0.0,0.0,0.0,0.0,0.0
9,25,6,-0.0,-0.0,-0.0,-0.0,-0.0,-0.0,-0.0,-0.0
9,25,7,2.0064576046865885,2.724002341014582,2.325261467727786,3.2841120527060146,103.28912869063464,272.6171194913122,356.58433513089466,287.81459695171344
9,25,8,253.34568544566747,404.1098350076839,459.25695497473924,410.5155907903003,332.7052962571137,530.343003519721,599.8122888130699,532.662103568198
9,25,9,469.5112893167696,556.9330884586797,627.7302144952723,488.3581017813867,514.8933872866761,611.9922602006221,690.0774103308333,526.6997598201494
9,25,10,597.8520757770895,572.680437841025,673.7438820174763,416.2710047142271,638.2906014548087,611.0361648732896,718.9810889271552,423.9812152473886
9,25,11,667.6815694029724,564.8575019776748,689.1423366899826,262.39732580724865,708.0909434930106,596.297216949737,730.4639405451745,249.85279205756112
9,25,12,620.3495898364661,506.01781730853736,630.25786473489,167.3299761681988,726.5563834233639,589.6011623062526,733.0336238820174,129.76835779737843
9,25,13,503.4606387313988,446.2876521542994,532.2631076301685,247.70869446663986,696.3079116227847,603.6036069506279,730.587142469017,250.04797168847932
9,25,14,432.10364199575343,433.54934147142177,494.3591766128151,318.1650306187709,625.0652472045817,630.0312846274064,730.775744915904,378.66923999128306
9,25,15,477.50754454550975,590.9661695869071,658.7384877333432,465.0792958655544,497.19849865457047,628.6172978582957,702.1857117477556,458.47373534040446
9,25,16,298.6570203815207,485.47145312703395,546.3820506222115,417.78595238772016,329.1618230991986,572.260174595141,649.4623724866846,468.1845357939025
9,25,17,159.80352547679124,367.7932378449838,525.561966826107,276.878025588664,122.05429099076198,311.30970953019965,495.22037100685327,235.1299701185843
9,25,18,0.0,0.0,0.0,0.0,0.0,0.0,0.0,0.0
9,25,19,0.0,0.0,0.0,0.0,0.0,0.0,0.0,0.0
9,25,20,0.0,0.0,0.0,0.0,0.0,0.0,0.0,0.0
9,25,21,0.0,0.0,0.0,0.0,0.0,0.0,0.0,0.0
9,25,22,0.0,0.0,0.0,0.0,0.0,0.0,0.0,0.0
9,25,23,0.0,0.0,0.0,0.0,0.0,0.0,0.0,0.0
9,26,0,0.0,0.0,0.0,0.0,0.0,0.0,0.0,0.0
9,26,1,0.0,0.0,0.0,0.0,0.0,0.0,0.0,0.0
9,26,2,0.0,0.0,0.0,0.0,0.0,0.0,0.0,0.0
9,26,3,0.0,0.0,0.0,0.0,0.0,0.0,0.0,0.0
9,26,4,0.0,0.0,0.0,0.0,0.0,0.0,0.0,0.0
9,26,5,0.0,0.0,0.0,0.0,0.0,0.0,0.0,0.0
9,26,6,-0.0,-0.0,-0.0,-0.0,-0.0,-0.0,-0.0,-0.0
9,26,7,-0.0,-0.0,-0.0,-0.0,77.71656868084075,181.79463892239278,234.51383622515146,197.2583047986485
9,26,8,29.131094553288044,26.891719778520944,23.837763560479512,29.901939624860347,302.8146297407789,467.8947504863532,529.2806522506481,475.086632186964
9,26,9,89.22263382629278,84.16612169568026,84.69089514315121,91.98633626722862,160.40144949077484,156.84177452041754,161.9257284554924,161.44742458743536
9,26,10,160.28840669734726,162.11179911440178,162.51591444106373,158.03289025917695,173.03140223747693,174.9084667817065,175.4581523155903,164.30635994309642
9,26,11,203.94148687656192,219.4958333877454,210.90584062053665,189.33948628378698,263.1725871752416,275.9602405191002,272.27221335884684,218.44976931337942
9,26,12,269.7576983562493,290.73770967609966,280.00339693300486,228.0248862879575,283.763139731057,301.47467082417035,293.80028032755325,216.9917381653844
9,26,13,410.69384069185855,387.166394077708,432.59507240184234,265.9854800738571,721.8401135313271,620.9268258510342,760.9830887595581,265.9758011013994
9,26,14,568.4664523171705,569.620111842856,649.5819729835553,415.26720688644264,640.3374479801739,644.118275001131,752.3004897855656,390.9964802232942
9,26,15,377.2643908850558,428.7805282768166,469.85424838807353,377.0265273210091,509.26765096971496,645.2986567110023,726.4480093807834,466.5448615820003
9,26,16,205.43121533741504,274.2674157796206,296.2601178835957,258.9277728662792,332.7545354417994,577.5042140957571,658.8924001216845,469.23620163082865
9,26,17,126.78472445974913,286.2647276514486,358.55358845653933,195.5675053946803,121.56521603635989,300.79151359911094,491.11257574833496,225.92667229377167
9,26,18,0.0,0.0,0.0,0.0,0.0,0.0,0.0,0.0
9,26,19,0.0,0.0,0.0,0.0,0.0,0.0,0.0,0.0
9,26,20,0.0,0.0,0.0,0.0,0.0,0.0,0.0,0.0
9,26,21,0.0,0.0,0.0,0.0,0.0,0.0,0.0,0.0
9,26,22,0.0,0.0,0.0,0.0,0.0,0.0,0.0,0.0
9,26,23,0.0,0.0,0.0,0.0,0.0,0.0,0.0,0.0
9,27,0,0.0,0.0,0.0,0.0,0.0,0.0,0.0,0.0
9,27,1,0.0,0.0,0.0,0.0,0.0,0.0,0.0,0.0
9,27,2,0.0,0.0,0.0,0.0,0.0,0.0,0.0,0.0
9,27,3,0.0,0.0,0.0,0.0,0.0,0.0,0.0,0.0
9,27,4,0.0,0.0,0.0,0.0,0.0,0.0,0.0,0.0
9,27,5,0.0,0.0,0.0,0.0,0.0,0.0,0.0,0.0
9,27,6,-0.0,-0.0,-0.0,-0.0,-0.0,-0.0,-0.0,-0.0
9,27,7,18.624479544487436,50.66558750318402,68.78386539936382,54.827421742108235,104.45358190455872,271.69863202370806,365.1968891463621,286.61010389321774
9,27,8,259.73865130490015,410.83665066748944,469.2716390719598,417.8459484880557,342.3962835943703,544.2792939886469,620.8818366604822,548.7891860810427
9,27,9,461.0515735120971,542.6244484186951,615.564268407516,476.4454880476055,530.6122204974164,628.5551225100452,716.5600240293895,540.488891801428
9,27,10,591.5077559062703,561.9074199737611,664.7161572446049,405.5720544442656,659.9149874074477,625.0633425966096,746.4719660229192,431.7681587875643
9,27,11,669.9089759423916,561.3237541973685,691.3510715351014,257.1317036168103,737.5327864173041,610.2373967663998,762.3609547293245,252.43409770104273
9,27,12,690.3499966247844,557.6500145209081,697.6965406573717,146.52763527350274,760.9190719404813,605.2962922376056,769.0578002888553,134.24684422785842
9,27,13,669.3338398835913,578.0812928265578,703.2889777419788,265.536314035666,731.2692101309727,624.5959741714398,771.0243776803716,255.46180216301298
9,27,14,605.9834311040721,608.41273039665,707.980841858327,391.7518334125121,647.6357538290804,650.1224615816553,763.525312360613,383.0331884565634
9,27,15,495.7650812314589,621.9087805025898,697.5220736285964,476.8768972471183,519.515290849836,663.2654986387971,750.3175506269267,467.3572340455971
9,27,16,340.6243397569499,585.3424899351032,667.3425629374452,496.7487844397885,341.7607616915958,609.5951958231686,701.4705318226627,482.89474753514435
9,27,17,135.3344908889146,330.9000370815583,553.8215497271376,254.55597208419096,122.6013749693785,322.0214373545284,552.9152375533854,234.4666720128213
9,27,18,0.0,0.0,0.0,0.0,0.0,0.0,0.0,0.0
9,27,19,0.0,0.0,0.0,0.0,0.0,0.0,0.0,0.0
9,27,20,0.0,0.0,0.0,0.0,0.0,0.0,0.0,0.0
9,27,21,0.0,0.0,0.0,0.0,0.0,0.0,0.0,0.0
9,27,22,0.0,0.0,0.0,0.0,0.0,0.0,0.0,0.0
9,27,23,0.0,0.0,0.0,0.0,0.0,0.0,0.0,0.0
9,28,0,0.0,0.0,0.0,0.0,0.0,0.0,0.0,0.0
9,28,1,0.0,0.0,0.0,0.0,0.0,0.0,0.0,0.0
9,28,2,0.0,0.0,0.0,0.0,0.0,0.0,0.0,0.0
9,28,3,0.0,0.0,0.0,0.0,0.0,0.0,0.0,0.0
9,28,4,0.0,0.0,0.0,0.0,0.0,0.0,0.0,0.0
9,28,5,0.0,0.0,0.0,0.0,0.0,0.0,0.0,0.0
9,28,6,-0.0,-0.0,-0.0,-0.0,-0.0,-0.0,-0.0,-0.0
9,28,7,1.3983306126252317,1.8361791431632601,1.416081022059437,2.3443657282779955,12.727314401325552,11.482483422691537,7.9828644732003,12.517810489877622
9,28,8,38.9764656083835,36.63193469534091,32.82697676027813,40.529532817934786,63.25764237355562,62.177326799789775,57.20291078800965,66.48044558197837
9,28,9,173.6668711713865,178.90626086123544,192.35647861776494,181.49057200100992,178.13231413564048,182.25832726947226,195.1125001632983,181.91255768018095
9,28,10,322.1375912251277,311.8017896348794,352.8794728112115,261.3301486666744,258.7715605602094,255.2397161163798,274.66061597333766,224.08097426347834
9,28,11,404.49516942140696,369.12430822699594,420.5095544448125,244.46682566034121,486.95540753719524,443.473281143496,506.26209997660476,276.07457767293783
9,28,12,333.8642968003944,321.1159390249879,343.9394007179004,205.47233836261387,169.2336904030195,188.16133566876266,174.79448116696366,146.71818279204132
9,28,13,244.17404554356744,243.64350348940624,254.6592932660764,194.01765412192242,318.12240042999167,312.1772062239105,332.6366541727034,227.87909382205004
9,28,14,129.96593383292836,127.32893816196807,129.70808857693186,127.34041865006533,43.71464172906549,42.59288657981418,41.76493085582909,43.54252237446988
9,28,15,424.48313016631727,510.1954545108251,569.0857266749454,414.8580424850648,310.93833200352833,347.8742675957471,379.10380476040797,301.11029109362954
9,28,16,315.02037334494895,491.80479775060365,552.5406397352102,432.8858253990472,322.78404046290234,556.0631774486138,637.501033169143,456.8637937793395
9,28,17,137.78243954978055,310.42938672827705,500.8140650817988,234.73656484455262,116.86888506076494,288.4138670208444,485.04619042408603,209.70197146388531
9,28,18,0.0,0.0,0.0,0.0,0.0,0.0,0.0,0.0
9,28,19,0.0,0.0,0.0,0.0,0.0,0.0,0.0,0.0
9,28,20,0.0,0.0,0.0,0.0,0.0,0.0,0.0,0.0
9,28,21,0.0,0.0,0.0,0.0,0.0,0.0,0.0,0.0
9,28,22,0.0,0.0,0.0,0.0,0.0,0.0,0.0,0.0
9,28,23,0.0,0.0,0.0,0.0,0.0,0.0,0.0,0.0
9,29,0,0.0,0.0,0.0,0.0,0.0,0.0,0.0,0.0
9,29,1,0.0,0.0,0.0,0.0,0.0,0.0,0.0,0.0
9,29,2,0.0,0.0,0.0,0.0,0.0,0.0,0.0,0.0
9,29,3,0.0,0.0,0.0,0.0,0.0,0.0,0.0,0.0
9,29,4,0.0,0.0,0.0,0.0,0.0,0.0,0.0,0.0
9,29,5,0.0,0.0,0.0,0.0,0.0,0.0,0.0,0.0
9,29,6,-0.0,-0.0,-0.0,-0.0,-0.0,-0.0,-0.0,-0.0
9,29,7,16.6256634977346,43.095693204195776,59.33027150031713,47.46098018482662,83.19726464142143,198.02086189165843,267.5827000364088,211.4562704689782
9,29,8,238.35561691563166,367.40655718276093,422.6091285067726,378.654621712757,314.43697198518174,489.2368911296045,561.3584359701861,497.67218090641535
9,29,9,339.0823224125056,386.9298610804749,441.94138526156996,355.9424818578834,504.08342914847833,589.7230429632023,677.2791935486156,512.7632288888477
9,29,10,576.580042385395,543.4912939049578,649.561899688619,402.6774024111549,643.4163997057249,604.1076521248968,728.4976086859426,423.9743044625999
9,29,11,482.8310167235247,429.932029531152,503.00718819552867,276.3947064878984,299.38669967401256,295.3874662144404,310.86206530459515,219.08727678835456
9,29,12,222.8228150274755,241.020160623482,229.99861042847823,189.92025840437105,753.8407558993164,592.3282037553333,764.118612934356,138.72490565494957
9,29,13,388.54483843767906,362.36092838009864,409.0857035170169,248.01606895818838,724.3300848713029,614.1290325322761,766.3322481396154,259.6476400193223
9,29,14,491.870280063951,489.83794154268924,564.2584246301454,359.48935211395997,640.6974653273154,640.6493085448045,758.0167018759494,385.28421518759814
9,29,15,371.9666408449753,439.3867982094916,490.21241135999065,367.8961446575817,234.8815979632971,253.80966889946524,272.6295684379311,229.3538739368287
9,29,16,226.51733027282077,327.3908968766959,362.9215277295828,297.6368974031504,325.6722912010271,569.0451182989361,657.1086933626478,460.05966266221276
9,29,17,135.2709936771702,295.1325046193763,483.10881965939114,222.9389460244007,114.68031029476307,280.3967937980264,486.3115672957234,200.45610681309745
9,29,18,0.0,0.0,0.0,0.0,0.0,0.0,0.0,0.0
9,29,19,0.0,0.0,0.0,0.0,0.0,0.0,0.0,0.0
9,29,20,0.0,0.0,0.0,0.0,0.0,0.0,0.0,0.0
9,29,21,0.0,0.0,0.0,0.0,0.0,0.0,0.0,0.0
9,29,22,0.0,0.0,0.0,0.0,0.0,0.0,0.0,0.0
9,29,23,0.0,0.0,0.0,0.0,0.0,0.0,0.0,0.0
9,30,0,0.0,0.0,0.0,0.0,0.0,0.0,0.0,0.0
9,30,1,0.0,0.0,0.0,0.0,0.0,0.0,0.0,0.0
9,30,2,0.0,0.0,0.0,0.0,0.0,0.0,0.0,0.0
9,30,3,0.0,0.0,0.0,0.0,0.0,0.0,0.0,0.0
9,30,4,0.0,0.0,0.0,0.0,0.0,0.0,0.0,0.0
9,30,5,0.0,0.0,0.0,0.0,0.0,0.0,0.0,0.0
9,30,6,-0.0,-0.0,-0.0,-0.0,-0.0,-0.0,-0.0,-0.0
9,30,7,13.425590915742067,34.98214915806432,48.76804261048348,38.858743109025134,95.80184370991553,234.81556331488446,324.3163888533284,249.8290381527956
9,30,8,217.13629545094994,336.78357900247346,389.5812929271503,346.69368695970434,332.1957972891659,519.8132443465918,597.6515826957365,525.066202627684
9,30,9,448.84652053456426,520.1836255980761,596.8624354616185,462.14615165997304,521.2681589823342,608.0932214816123,699.1056224434434,523.4612674265802
9,30,10,583.1491767461843,546.575187241205,656.8234695276019,397.85865640534513,652.6656024177119,610.2608562576187,736.2117935243762,419.59274447820695
9,30,11,661.4765949347791,547.1640019692309,683.4045995942656,251.88668505604753,732.3972336880597,598.968021429398,756.9416109185335,241.43187098509077
9,30,12,681.4850694468028,539.934948549283,691.0659395305285,145.48084838938487,761.3218742752359,598.760378728221,770.2696957000247,125.92537319755063
9,30,13,619.155056317424,533.0229352314572,655.2630456941572,273.5025059014451,733.5408744884274,620.8140209349455,774.5695055661696,250.22727707960192
9,30,14,600.0635331296245,598.7421264510236,701.137984500568,405.9170800932271,650.7827052202572,649.3089486251905,768.4571106391093,380.9353321733643
9,30,15,475.54953520294964,575.1548142627678,645.8974263990884,467.9969299215107,519.3311609397233,660.1661646338243,752.3831098924531,465.55729840530205
9,30,16,264.3083077172522,392.9620050966422,439.56776706216806,353.928970292705,121.76529992197541,138.12505358883539,135.51025079515745,133.8899636775526
9,30,17,93.60779876390335,190.41042800432726,226.5192529576835,124.48098005789984,89.25818665969771,178.49920442132438,213.8830036317013,114.89660259483442
9,30,18,0.0,0.0,0.0,0.0,0.0,0.0,0.0,0.0
9,30,19,0.0,0.0,0.0,0.0,0.0,0.0,0.0,0.0
9,30,20,0.0,0.0,0.0,0.0,0.0,0.0,0.0,0.0
9,30,21,0.0,0.0,0.0,0.0,0.0,0.0,0.0,0.0
9,30,22,0.0,0.0,0.0,0.0,0.0,0.0,0.0,0.0
9,30,23,0.0,0.0,0.0,0.0,0.0,0.0,0.0,0.0
10,1,0,0.0,0.0,0.0,0.0,0.0,0.0,0.0,0.0
10,1,1,0.0,0.0,0.0,0.0,0.0,0.0,0.0,0.0
10,1,2,0.0,0.0,0.0,0.0,0.0,0.0,0.0,0.0
10,1,3,0.0,0.0,0.0,0.0,0.0,0.0,0.0,0.0
10,1,4,0.0,0.0,0.0,0.0,0.0,0.0,0.0,0.0
10,1,5,0.0,0.0,0.0,0.0,0.0,0.0,0.0,0.0
10,1,6,-0.0,-0.0,-0.0,-0.0,-0.0,-0.0,-0.0,-0.0
10,1,7,13.484863165595593,34.2385143751093,48.015434205919455,38.3092629512488,93.15313180836364,223.14024436140392,310.799156785418,238.58765765736442
10,1,8,246.09601529131544,378.2604926329933,437.7420375373061,389.4461362576006,335.14149530209596,520.8306766133095,600.1431167069775,527.1867988896411
10,1,9,452.48439531602645,521.9756092196226,600.715119396721,464.6783311938174,529.1366521198569,615.785239269971,710.9869346218387,528.7488739095667
10,1,10,589.3879277051466,550.6540626251341,663.0053173246687,403.7716299144164,660.601804396598,614.2920140106814,745.8245045230242,418.79727056741547
10,1,11,607.6482885713905,499.60417609791665,630.8786663578131,245.5642583312817,740.8897324120039,601.1417161296342,765.8153587116359,236.77082512536492
10,1,12,674.4307634067442,538.4924426744474,686.5098489586087,173.56106972348522,763.7350122749622,597.1404427859044,773.1439920211498,124.39073687281241
10,1,13,646.5529563027098,563.0508561633841,683.2204859310889,306.4892467131031,733.3399275835612,617.8487289696992,775.206886051352,248.44181515160832
10,1,14,459.6991735406733,455.43659622155195,527.0091748183011,341.67312855079547,283.6593794688816,278.1458251009373,307.10873989136803,228.1173461346088
10,1,15,400.6334447708709,471.6264702671648,527.8793320763732,397.7673367098782,520.5744756335712,662.3948481993618,757.8353777502069,465.36480522999653
10,1,16,290.9582679433082,436.74876847863817,491.1387258662808,393.89559217796017,242.0734378965132,373.8078190038637,421.66712613024833,318.83903461466264
10,1,17,168.49015568520042,412.6080375515639,598.0812874006934,261.90943937081175,94.29422699917144,210.60567337775004,270.138380003969,127.69062247779549
10,1,18,0.0,0.0,0.0,0.0,0.0,0.0,0.0,0.0
10,1,19,0.0,0.0,0.0,0.0,0.0,0.0,0.0,0.0
10,1,20,0.0,0.0,0.0,0.0,0.0,0.0,0.0,0.0
10,1,21,0.0,0.0,0.0,0.0,0.0,0.0,0.0,0.0
10,1,22,0.0,0.0,0.0,0.0,0.0,0.0,0.0,0.0
10,1,23,0.0,0.0,0.0,0.0,0.0,0.0,0.0,0.0
10,2,0,0.0,0.0,0.0,0.0,0.0,0.0,0.0,0.0
10,2,1,0.0,0.0,0.0,0.0,0.0,0.0,0.0,0.0
10,2,2,0.0,0.0,0.0,0.0,0.0,0.0,0.0,0.0
10,2,3,0.0,0.0,0.0,0.0,0.0,0.0,0.0,0.0
10,2,4,0.0,0.0,0.0,0.0,0.0,0.0,0.0,0.0
10,2,5,0.0,0.0,0.0,0.0,0.0,0.0,0.0,0.0
10,2,6,-0.0,-0.0,-0.0,-0.0,-0.0,-0.0,-0.0,-0.0
10,2,7,16.861582384901485,42.675846021804695,61.22507217628696,46.753996654621695,99.86745346601889,239.6958882371632,339.6415687961034,253.9060141500369
10,2,8,233.68838475794624,359.46372729718854,417.91720710228645,370.19440326844824,339.01863366718914,524.6775644915139,605.6022484462826,530.4550581523117
10,2,9,122.26652523398569,123.34976993974469,131.40433565408372,127.07435533163468,198.6014590424017,201.96260494057447,217.16979306893745,198.7025243280157
10,2,10,447.6233996307266,422.3352345761113,497.08908784524186,336.79280228520827,650.5834819843536,602.7779196417647,733.2809820258851,411.046375478543
10,2,11,679.0122844670068,557.5815665479943,703.077398666014,265.75543631514245,724.362678917111,586.9896470111597,748.7663031383426,232.14225481102838
10,2,12,692.6026476064318,546.3017527179614,703.5097086188655,153.62970206297175,750.4560467894229,585.4083727988746,760.0060828333404,120.07124156324444
10,2,13,683.4783435995804,582.2400781268983,723.1633530284029,285.50989738073685,719.2587592628946,604.811307119344,760.5610263111208,242.6975052235258
10,2,14,462.77413117022945,457.96570162078007,532.6660166901702,337.89213027543025,216.56150877203572,210.52944960830973,220.6900869796952,190.28084017515084
10,2,15,264.26644632104586,300.5294784215801,332.7105786431045,263.1555808432823,227.6170397887396,245.60380808571267,263.61038128252125,218.4550989858187
10,2,16,231.3324852256762,346.92563443068394,390.1702293940095,309.8151862677699,326.349415067534,579.4448056287428,675.6189775075293,467.8194873385338
10,2,17,96.6632607864679,219.32437162813483,293.03333528358473,134.6413683559209,97.38222215969508,224.28185844416683,285.6684564671428,130.11602034094744
10,2,18,0.0,0.0,0.0,0.0,0.0,0.0,0.0,0.0
10,2,19,0.0,0.0,0.0,0.0,0.0,0.0,0.0,0.0
10,2,20,0.0,0.0,0.0,0.0,0.0,0.0,0.0,0.0
10,2,21,0.0,0.0,0.0,0.0,0.0,0.0,0.0,0.0
10,2,22,0.0,0.0,0.0,0.0,0.0,0.0,0.0,0.0
10,2,23,0.0,0.0,0.0,0.0,0.0,0.0,0.0,0.0
10,3,0,0.0,0.0,0.0,0.0,0.0,0.0,0.0,0.0
10,3,1,0.0,0.0,0.0,0.0,0.0,0.0,0.0,0.0
10,3,2,0.0,0.0,0.0,0.0,0.0,0.0,0.0,0.0
10,3,3,0.0,0.0,0.0,0.0,0.0,0.0,0.0,0.0
10,3,4,0.0,0.0,0.0,0.0,0.0,0.0,0.0,0.0
10,3,5,0.0,0.0,0.0,0.0,0.0,0.0,0.0,0.0
10,3,6,-0.0,-0.0,-0.0,-0.0,-0.0,-0.0,-0.0,-0.0
10,3,7,-0.0,-0.0,-0.0,-0.0,99.57803951712565,234.0815788839186,335.1754328185785,249.06530607055677
10,3,8,-0.0,-0.0,-0.0,-0.0,1.5698794040645765,1.1466806489164918,0.45347532280877983,1.3732022426910935
10,3,9,5.5632996195342965,4.913494067492261,4.727323085750805,5.728947196021164,7.3372631731833335,6.483493169695254,6.117638604986723,6.975118328708215
10,3,10,22.70999953487433,23.140703567510307,21.985516453961623,23.210252617851683,3.980456969125121,4.124711381381666,3.687374638948655,3.739576371627362
10,3,11,18.31282678260869,21.319840443119087,18.54795727604714,18.824330284917668,16.277516897605295,19.137928432513206,16.4053549366961,15.723615944782217
10,3,12,37.673368476064994,44.771393667912726,38.514376360135905,38.56296805954621,17.547750785733324,21.47048269648633,17.908471098199165,16.969585413764204
10,3,13,65.95764697250746,72.37304030058391,66.02057118228498,67.35875731893586,66.06534668648416,72.85335136823137,65.77038984605706,63.969572898445996
10,3,14,79.67505726706625,76.98448993700312,76.58085971152838,80.61675951629176,40.604968129650125,39.036772645029124,37.977724951334785,39.43092787603337
10,3,15,47.1385168431388,43.55936949131747,40.9740102429793,48.34323959898695,128.17388561688406,124.85974774717872,122.93605880810432,124.1513789262771
10,3,16,56.35736379652216,54.891242390933236,48.370382564296484,59.29763363975694,143.72088760347677,169.45583494064883,170.27840585652118,161.61251714761227
10,3,17,45.73903999857276,70.86824921641873,75.74792419126354,52.64612781276133,2.5446243527292305,2.0435490649013057,0.2747280292998526,2.3001265216688136
10,3,18,0.0,0.0,0.0,0.0,0.0,0.0,0.0,0.0
10,3,19,0.0,0.0,0.0,0.0,0.0,0.0,0.0,0.0
10,3,20,0.0,0.0,0.0,0.0,0.0,0.0,0.0,0.0
10,3,21,0.0,0.0,0.0,0.0,0.0,0.0,0.0,0.0
10,3,22,0.0,0.0,0.0,0.0,0.0,0.0,0.0,0.0
10,3,23,0.0,0.0,0.0,0.0,0.0,0.0,0.0,0.0
10,4,0,0.0,0.0,0.0,0.0,0.0,0.0,0.0,0.0
10,4,1,0.0,0.0,0.0,0.0,0.0,0.0,0.0,0.0
10,4,2,0.0,0.0,0.0,0.0,0.0,0.0,0.0,0.0
10,4,3,0.0,0.0,0.0,0.0,0.0,0.0,0.0,0.0
10,4,4,0.0,0.0,0.0,0.0,0.0,0.0,0.0,0.0
10,4,5,0.0,0.0,0.0,0.0,0.0,0.0,0.0,0.0
10,4,6,-0.0,-0.0,-0.0,-0.0,-0.0,-0.0,-0.0,-0.0
10,4,7,2.730155925435406,3.189044095330788,2.7955378249545113,3.814874789785057,83.44264599478493,185.03102168935735,263.64710490369896,197.99078171442935
10,4,8,68.04736091860659,78.53642845733555,80.78117216849812,84.45211807208419,1.5230335848270606,1.1031371697593915,0.40505381065445556,1.3280132391623245
10,4,9,81.02033381390568,76.2252046324616,75.66688088484533,83.27199621381978,157.63104403012312,153.48078087351905,157.75723392950218,154.82895387827142
10,4,10,176.00022268395745,172.26420629554423,183.60786805503633,159.71060091327047,123.02865733955277,123.54616850581465,121.53779765232468,114.74208390353803
10,4,11,295.4636524248239,305.16025781071215,303.1597524464456,252.16509614028212,380.3065111395463,361.62559718529644,392.84722447965686,247.11617525777078
10,4,12,298.1121959100816,310.3236398139859,305.52372328365175,232.58103945927712,390.65179067760636,370.9882835155609,400.89412690723583,218.72885521815195
10,4,13,267.7493508008805,274.00656281515523,274.3018135122192,233.053949060931,690.1683945727134,582.5763015555436,732.0781961689968,261.54254779415754
10,4,14,180.34523632779138,174.69478740657885,181.06204897588714,173.29048722300098,214.69325413706525,207.8994384856624,217.44926131192375,190.64901735774322
10,4,15,251.60448968634307,263.8646750609931,279.2761194928869,254.42101603074082,320.85049237750127,359.55146670423517,395.2662756705173,305.5590853560273
10,4,16,230.43377646953667,324.0079911113189,362.091009429708,302.20942634206773,300.41328251550834,503.2750681627809,583.3048564801194,420.57099694932924
10,4,17,142.1352112666321,313.85694049488353,508.39504530052795,204.7921802871559,103.6781730967485,226.6466885845409,397.01675217362083,150.8632284545017
10,4,18,0.0,0.0,0.0,0.0,0.0,0.0,0.0,0.0
10,4,19,0.0,0.0,0.0,0.0,0.0,0.0,0.0,0.0
10,4,20,0.0,0.0,0.0,0.0,0.0,0.0,0.0,0.0
10,4,21,0.0,0.0,0.0,0.0,0.0,0.0,0.0,0.0
10,4,22,0.0,0.0,0.0,0.0,0.0,0.0,0.0,0.0
10,4,23,0.0,0.0,0.0,0.0,0.0,0.0,0.0,0.0
10,5,0,0.0,0.0,0.0,0.0,0.0,0.0,0.0,0.0
10,5,1,0.0,0.0,0.0,0.0,0.0,0.0,0.0,0.0
10,5,2,0.0,0.0,0.0,0.0,0.0,0.0,0.0,0.0
10,5,3,0.0,0.0,0.0,0.0,0.0,0.0,0.0,0.0
10,5,4,0.0,0.0,0.0,0.0,0.0,0.0,0.0,0.0
10,5,5,0.0,0.0,0.0,0.0,0.0,0.0,0.0,0.0
10,5,6,-0.0,-0.0,-0.0,-0.0,-0.0,-0.0,-0.0,-0.0
10,5,7,-0.0,-0.0,-0.0,-0.0,5.067058954537799,4.3727675042855685,2.260246394818416,4.735527483387324
10,5,8,23.727978454300203,22.07265006363817,19.235254064877036,24.547610261551185,33.26146991175315,30.76803242068855,26.257560276932587,32.42660568566448
10,5,9,71.09990961336736,66.67131599679821,65.8218396273433,73.04147807237008,139.31928749809333,134.10042521191477,136.33511390811816,136.571795628456
10,5,10,185.96740271500224,184.4753149687366,188.44953329143465,176.50588648902098,146.62607261142668,146.99546586245992,145.07169437867086,136.60855001155025
10,5,11,166.2038695812655,163.21827757878233,170.82197052338108,125.17125685339687,722.4282904600842,576.8546914408499,749.1336149612523,235.60627077578573
10,5,12,304.95017148497794,275.3818151935479,313.6488733295829,166.21886122816576,16.390384782836094,20.11634418559944,16.620912395147787,15.838697788034517
10,5,13,525.9380675223226,466.2370257160767,556.8243459491758,290.66327522693854,208.44462523879562,217.2715213455588,210.99499283779076,177.48086750673048
10,5,14,453.4734648532741,445.963453580457,524.1476472190432,329.45297773260893,668.9760913181066,660.4667381595153,796.5364489700451,391.14384424629776
10,5,15,370.47301559900404,423.31936040392117,474.04994247347867,370.21792960992735,532.7827420973389,670.8379051815684,775.8394610600109,479.76854338098354
10,5,16,321.79876976499435,518.399876619123,598.6055670309094,455.20169467417657,342.74243300314896,607.0067917868025,715.1690497292632,492.700273310013
10,5,17,109.20057294803551,236.04375573242936,383.00200847789773,151.40569454569453,41.21976952949356,66.22680911173491,71.2293967882832,44.881904015747196
10,5,18,0.0,0.0,0.0,0.0,0.0,0.0,0.0,0.0
10,5,19,0.0,0.0,0.0,0.0,0.0,0.0,0.0,0.0
10,5,20,0.0,0.0,0.0,0.0,0.0,0.0,0.0,0.0
10,5,21,0.0,0.0,0.0,0.0,0.0,0.0,0.0,0.0
10,5,22,0.0,0.0,0.0,0.0,0.0,0.0,0.0,0.0
10,5,23,0.0,0.0,0.0,0.0,0.0,0.0,0.0,0.0
10,6,0,0.0,0.0,0.0,0.0,0.0,0.0,0.0,0.0
10,6,1,0.0,0.0,0.0,0.0,0.0,0.0,0.0,0.0
10,6,2,0.0,0.0,0.0,0.0,0.0,0.0,0.0,0.0
10,6,3,0.0,0.0,0.0,0.0,0.0,0.0,0.0,0.0
10,6,4,0.0,0.0,0.0,0.0,0.0,0.0,0.0,0.0
10,6,5,0.0,0.0,0.0,0.0,0.0,0.0,0.0,0.0
10,6,6,-0.0,-0.0,-0.0,-0.0,-0.0,-0.0,-0.0,-0.0
10,6,7,-0.0,-0.0,-0.0,-0.0,79.22294613595885,170.15792556423816,247.73116488764333,183.0719429701941
10,6,8,21.760165527754893,20.185430143241717,17.486286690583174,22.474755993256863,43.59761505891377,40.06301157666171,34.04500395063246,42.280118322715914
10,6,9,37.410768815149254,34.615625051942246,33.61165064161668,38.32258470920056,49.02054978451877,45.1019422509941,43.141742096797344,47.63162413255883
10,6,10,52.978325846963386,53.77229526927617,51.178920565831625,54.14224740374947,59.34103287926654,60.356529034908185,56.72381038696666,57.785803618934175
10,6,11,94.08379104488715,104.92194407120962,94.86037799407633,93.18340767863079,54.73078011982568,62.8649572077015,54.68502439355453,53.36534837776366
10,6,12,97.71910571509258,112.20867858498684,99.25258627364128,95.54018839866274,96.40055883254571,111.86673819656068,97.53437774677913,89.92298841358847
10,6,13,183.67065164911426,191.97761983324816,185.8118560535309,169.57642675700293,142.2213604181594,151.6329403636229,142.21365163413844,128.68745039697947
10,6,14,265.9592946036494,257.2595524586045,277.00782635001195,240.04801356691203,144.33678054822582,138.48881783281954,140.73766772706685,133.52728375539058
10,6,15,411.54283212413094,474.00083589638405,533.3057401724803,409.52721411128863,544.6773501797741,684.1621265046389,794.4247367134822,489.724420203013
10,6,16,245.83985813828738,352.6345967576819,398.8208708931851,327.18555432386046,351.35146064940807,622.3932517848021,736.9410919111153,502.2561326761128
10,6,17,121.02660960074545,242.90199467985332,483.38895452631033,173.08651757388316,109.91169214667212,232.03453818059208,520.1170431340867,165.13245743162688
10,6,18,0.0,0.0,0.0,0.0,0.0,0.0,0.0,0.0
10,6,19,0.0,0.0,0.0,0.0,0.0,0.0,0.0,0.0
10,6,20,0.0,0.0,0.0,0.0,0.0,0.0,0.0,0.0
10,6,21,0.0,0.0,0.0,0.0,0.0,0.0,0.0,0.0
10,6,22,0.0,0.0,0.0,0.0,0.0,0.0,0.0,0.0
10,6,23,0.0,0.0,0.0,0.0,0.0,0.0,0.0,0.0
10,7,0,0.0,0.0,0.0,0.0,0.0,0.0,0.0,0.0
10,7,1,0.0,0.0,0.0,0.0,0.0,0.0,0.0,0.0
10,7,2,0.0,0.0,0.0,0.0,0.0,0.0,0.0,0.0
10,7,3,0.0,0.0,0.0,0.0,0.0,0.0,0.0,0.0
10,7,4,0.0,0.0,0.0,0.0,0.0,0.0,0.0,0.0
10,7,5,0.0,0.0,0.0,0.0,0.0,0.0,0.0,0.0
10,7,6,0.0,0.0,0.0,0.0,0.0,0.0,0.0,0.0
10,7,7,28.95253325128363,69.66510794959844,108.79911630841704,74.81268745309474,124.00566929535016,273.70498236465966,415.025293424411,287.54333802325715
10,7,8,318.89966104032374,482.09915281670186,567.40688268687,495.4164516771723,398.26713946860235,600.4644541338677,701.9054188542925,610.197197230109
10,7,9,542.8679979270024,611.86475411069,715.6578448966529,542.8543856782494,591.3835031847545,666.9450619373416,779.1450974732929,578.0145853919138
10,7,10,683.0223545040943,621.8732348114871,766.4562875421402,449.3647852700171,715.3101623174246,650.4761632241554,801.2161699584358,448.22686836876153
10,7,11,754.0439366756179,602.7365699894006,780.592049350322,265.2276617260218,783.7272143749329,625.6144343302519,809.6673629543512,244.65251349295738
10,7,12,777.1463435455161,601.6091976319804,790.5140940487079,157.6608001639614,801.9635864006933,619.7544110226816,814.0366630062144,128.95218313172214
10,7,13,750.8351043195419,627.6347949123267,796.1377409107025,297.0428695774696,767.1376166994229,640.0082769093716,811.9510486883192,269.96584541628994
10,7,14,676.0243275159573,665.9514622099855,797.1142553329493,439.139550147424,683.3787661772651,672.4238849787204,805.6579308039128,414.41431136864264
10,7,15,553.9829574728535,687.1063828215762,793.7051537656779,534.1499846087696,548.986787637822,682.7035094690344,786.8822778592951,508.0602457428943
10,7,16,372.2280988733708,640.9541022927596,754.1569347087461,551.4339179939374,359.4418556413671,628.5054345851901,739.8428379883065,528.143760530537
10,7,17,127.1005907456658,251.95303114622286,590.7969094685407,189.65510678283025,113.6903025725482,243.0315234378261,559.3481529740357,171.42898800140804
10,7,18,0.0,0.0,0.0,0.0,0.0,0.0,0.0,0.0
10,7,19,0.0,0.0,0.0,0.0,0.0,0.0,0.0,0.0
10,7,20,0.0,0.0,0.0,0.0,0.0,0.0,0.0,0.0
10,7,21,0.0,0.0,0.0,0.0,0.0,0.0,0.0,0.0
10,7,22,0.0,0.0,0.0,0.0,0.0,0.0,0.0,0.0
10,7,23,0.0,0.0,0.0,0.0,0.0,0.0,0.0,0.0
10,8,0,0.0,0.0,0.0,0.0,0.0,0.0,0.0,0.0
10,8,1,0.0,0.0,0.0,0.0,0.0,0.0,0.0,0.0
10,8,2,0.0,0.0,0.0,0.0,0.0,0.0,0.0,0.0
10,8,3,0.0,0.0,0.0,0.0,0.0,0.0,0.0,0.0
10,8,4,0.0,0.0,0.0,0.0,0.0,0.0,0.0,0.0
10,8,5,0.0,0.0,0.0,0.0,0.0,0.0,0.0,0.0
10,8,6,0.0,0.0,0.0,0.0,0.0,0.0,0.0,0.0
10,8,7,25.222406767626804,60.04021218387973,94.88567194507287,65.05201164088224,118.60673467401011,258.9758535520056,399.8613533985566,272.3533059070016
10,8,8,304.63186041196883,459.07626604651546,542.7408664918732,472.66274581753805,391.34787867982,589.4524619875496,692.5211138717638,599.7476529901251
10,8,9,526.505755952868,591.3344686637987,694.7023979640946,525.1728119335093,585.4181913781878,659.1138363998923,775.4682338133791,569.9167361962398
10,8,10,660.8183052217641,598.9187856075829,742.057931375566,432.70345785419045,723.5556119259548,652.099753253386,815.5336903482936,442.80609267823183
10,8,11,730.9741707930938,581.2156739657343,757.2972695220093,255.42714655255818,803.4348973815518,630.8229628340007,832.1169391083898,239.42146992144882
10,8,12,747.4938725163003,575.7583730886432,761.2601477832733,153.41086787098297,819.590255155703,621.7651422747313,833.3333333333334,126.25868046354441
10,8,13,719.1882104115932,599.0432320462385,763.8154008178612,286.42836013237917,780.9754050246324,642.8149754290927,830.8229888810439,263.8647114128331
10,8,14,643.0514790115578,632.1667641141045,759.6724572314862,419.87314591125903,688.2253309459537,675.1902564968339,820.7770826526347,402.1622078583505
10,8,15,523.1840773784991,647.2812451407005,750.7735841670174,505.153647408082,545.7047583659273,685.34935327455,801.1946875640721,490.9524053614217
10,8,16,352.57829553253856,608.66886310563,720.4117709600373,523.2536038316059,347.11910128225304,614.7775643904442,732.0274653424367,501.02108483462126
10,8,17,116.21742457366366,218.22262367371755,535.2784391536846,166.67677517522014,104.6054727858377,215.8118644306337,521.4454079098323,150.36988739139977
10,8,18,0.0,0.0,0.0,0.0,0.0,0.0,0.0,0.0
10,8,19,0.0,0.0,0.0,0.0,0.0,0.0,0.0,0.0
10,8,20,0.0,0.0,0.0,0.0,0.0,0.0,0.0,0.0
10,8,21,0.0,0.0,0.0,0.0,0.0,0.0,0.0,0.0
10,8,22,0.0,0.0,0.0,0.0,0.0,0.0,0.0,0.0
10,8,23,0.0,0.0,0.0,0.0,0.0,0.0,0.0,0.0
10,9,0,0.0,0.0,0.0,0.0,0.0,0.0,0.0,0.0
10,9,1,0.0,0.0,0.0,0.0,0.0,0.0,0.0,0.0
10,9,2,0.0,0.0,0.0,0.0,0.0,0.0,0.0,0.0
10,9,3,0.0,0.0,0.0,0.0,0.0,0.0,0.0,0.0
10,9,4,0.0,0.0,0.0,0.0,0.0,0.0,0.0,0.0
10,9,5,0.0,0.0,0.0,0.0,0.0,0.0,0.0,0.0
10,9,6,0.0,0.0,0.0,0.0,0.0,0.0,0.0,0.0
10,9,7,-0.0,-0.0,-0.0,-0.0,1.4687167118483948,1.0497594627314835,-0.0,1.2618447489820024
10,9,8,7.163391143414367,6.483358914561674,5.252871172653466,7.449845345198964,165.57499152641574,215.61574030035072,240.52149182921846,224.99157693200516
10,9,9,84.10806865664246,79.2440914478146,78.37780149296002,86.33966445696647,127.76291950112069,121.81251872232656,122.35790923761996,124.8785300455958
10,9,10,484.1484657362199,439.4036986910799,545.3432438941694,335.79940836018443,673.9649842116237,604.6843791147959,762.6887893445521,417.4686066795052
10,9,11,606.4030025091892,481.5288757465645,632.7932930895294,239.78975670139013,758.3847148899376,590.4038882064842,788.4239154551342,233.012430843278
10,9,12,718.1475170201591,549.1882192779566,733.8482654944851,157.42171094892515,779.5799698762214,588.3400326746424,794.3659673005556,127.72364204936562
10,9,13,681.4731441322749,566.5118854573184,726.4614913292493,282.6684538024794,743.8313622252541,607.812331431271,794.9061055395696,252.73766685917067
10,9,14,612.7548433453529,600.8883553356766,726.7767291415214,407.50075321106425,649.5736666277203,635.630260569454,779.0276067690821,381.67068351240755
10,9,15,452.23106619456587,546.3368116839436,632.3927432702243,442.58836654417354,507.9290541571528,635.8558009748009,747.84820885196,457.23291527557575
10,9,16,217.95923996350174,327.56209680731655,376.49768335382777,294.1080829337809,152.4932122721006,189.72774039322718,198.3101274475091,178.01244119879524
10,9,17,138.6377347254907,306.3095000977376,542.0392615694597,176.41485204521615,92.9189012266973,191.12143538718317,434.73908122751595,123.39655833736849
10,9,18,0.0,0.0,0.0,0.0,0.0,0.0,0.0,0.0
10,9,19,0.0,0.0,0.0,0.0,0.0,0.0,0.0,0.0
10,9,20,0.0,0.0,0.0,0.0,0.0,0.0,0.0,0.0
10,9,21,0.0,0.0,0.0,0.0,0.0,0.0,0.0,0.0
10,9,22,0.0,0.0,0.0,0.0,0.0,0.0,0.0,0.0
10,9,23,0.0,0.0,0.0,0.0,0.0,0.0,0.0,0.0
10,10,0,0.0,0.0,0.0,0.0,0.0,0.0,0.0,0.0
10,10,1,0.0,0.0,0.0,0.0,0.0,0.0,0.0,0.0
10,10,2,0.0,0.0,0.0,0.0,0.0,0.0,0.0,0.0
10,10,3,0.0,0.0,0.0,0.0,0.0,0.0,0.0,0.0
10,10,4,0.0,0.0,0.0,0.0,0.0,0.0,0.0,0.0
10,10,5,0.0,0.0,0.0,0.0,0.0,0.0,0.0,0.0
10,10,6,0.0,0.0,0.0,0.0,0.0,0.0,0.0,0.0
10,10,7,0.9421288936373846,2.8792362499881805,4.84239897870091,3.4764908421077365,76.10319494826379,159.56883380612268,246.94869560891289,174.1469873685768
10,10,8,183.80422416043854,271.7246382202862,325.87167272459294,285.8772898728457,37.49619420822016,34.396441230399155,28.80239277458609,36.296601523558884
10,10,9,95.69591757682261,90.41792924630903,89.82603700776586,98.29544152733588,111.50407279705392,105.507241755914,104.74975631221531,108.90875035661995
10,10,10,113.44849553354304,113.61585698519049,111.00169533149446,112.60912613275227,183.1946012418994,181.28771782543734,181.87042590850447,166.18477243896413
10,10,11,206.63701488932742,219.517156756092,208.92956483626728,188.1241733462161,130.10262204757458,143.85638065326475,129.8146855294035,119.05206110523613
10,10,12,291.3361721431652,305.2300159724607,296.57072406321754,235.6504390884926,259.39680796335347,275.6735170408905,262.50106538254676,198.5190065636426
10,10,13,322.9148711110473,322.42709784372795,330.41520482108444,270.495689702711,794.2265044391766,648.8337640042829,833.3333333333334,270.5967020515466
10,10,14,370.9258385014474,356.3425357392736,395.43725426473554,325.3061025865064,331.53801046631895,318.5209950170156,360.4127660306117,262.30043418392506
10,10,15,326.1996107442888,350.19573267673985,381.9317105875113,330.1923485774725,287.44373473338294,315.3380483858831,347.49502997211465,274.4969138590026
10,10,16,215.2790726109627,282.3913027669711,311.3732956771799,273.9057615923679,84.24208511188127,90.18789529487483,84.09869872683049,89.6175777311551
10,10,17,105.15197465598493,271.90132337541513,353.2380270450801,119.29148244982323,99.2791852462859,189.4965631366177,500.8555258073014,131.88287118703175
10,10,18,0.0,0.0,0.0,0.0,0.0,0.0,0.0,0.0
10,10,19,0.0,0.0,0.0,0.0,0.0,0.0,0.0,0.0
10,10,20,0.0,0.0,0.0,0.0,0.0,0.0,0.0,0.0
10,10,21,0.0,0.0,0.0,0.0,0.0,0.0,0.0,0.0
10,10,22,0.0,0.0,0.0,0.0,0.0,0.0,0.0,0.0
10,10,23,0.0,0.0,0.0,0.0,0.0,0.0,0.0,0.0
10,11,0,0.0,0.0,0.0,0.0,0.0,0.0,0.0,0.0
10,11,1,0.0,0.0,0.0,0.0,0.0,0.0,0.0,0.0
10,11,2,0.0,0.0,0.0,0.0,0.0,0.0,0.0,0.0
10,11,3,0.0,0.0,0.0,0.0,0.0,0.0,0.0,0.0
10,11,4,0.0,0.0,0.0,0.0,0.0,0.0,0.0,0.0
10,11,5,0.0,0.0,0.0,0.0,0.0,0.0,0.0,0.0
10,11,6,0.0,0.0,0.0,0.0,0.0,0.0,0.0,0.0
10,11,7,21.207201037647366,48.59832879284819,80.38260245184512,53.11554840938499,128.43310869591284,267.2840559146638,433.8143455754024,280.8062211517577
10,11,8,316.07254703637267,470.308095653829,562.066069738124,486.3446589488844,432.28800999665526,644.1105665021631,765.1810675370488,657.731590053756
10,11,9,566.8236208427428,629.4509327178514,747.8191305679652,560.3828007392697,657.9027006703515,733.3558766306987,833.3333333333334,633.9513593782141
10,11,10,723.6564577604028,647.3538122030758,813.3096867429338,466.3896477851973,806.7037360390793,716.6957767519283,833.3333333333334,484.81438078364135
10,11,11,804.1096063325417,629.508685755459,833.3333333333334,270.7626760715524,833.3333333333334,681.1391436083014,833.3333333333334,251.95571626779858
10,11,12,823.3514744640298,624.7718398776342,833.3333333333334,161.3715373824587,833.3333333333334,674.764089020077,833.3333333333334,132.59623118531584
10,11,13,788.885265773275,649.5665838279295,833.3333333333334,308.74357566333515,833.3333333333334,700.3165321667561,833.3333333333334,285.62240682247074
10,11,14,708.3923663965153,692.3503831468261,833.3333333333334,457.8377459348155,760.2056697604991,740.9621979704415,833.3333333333334,440.16114256231947
10,11,15,578.684958082393,714.289369433196,833.3333333333334,556.4336401393803,600.527789258988,749.8696344005596,833.3333333333334,538.9259163846833
10,11,16,384.3725639993304,662.3971678810013,791.5942365692583,570.9148490227611,384.2770892096207,683.3790377150027,823.8565923633224,557.9657392485657
10,11,17,115.9134429369006,194.16243867691145,560.9302446763139,151.08379738168705,102.83566013343547,180.3791129569655,533.4384683864102,134.47658949495428
10,11,18,0.0,0.0,0.0,0.0,0.0,0.0,0.0,0.0
10,11,19,0.0,0.0,0.0,0.0,0.0,0.0,0.0,0.0
10,11,20,0.0,0.0,0.0,0.0,0.0,0.0,0.0,0.0
10,11,21,0.0,0.0,0.0,0.0,0.0,0.0,0.0,0.0
10,11,22,0.0,0.0,0.0,0.0,0.0,0.0,0.0,0.0
10,11,23,0.0,0.0,0.0,0.0,0.0,0.0,0.0,0.0
10,12,0,0.0,0.0,0.0,0.0,0.0,0.0,0.0,0.0
10,12,1,0.0,0.0,0.0,0.0,0.0,0.0,0.0,0.0
10,12,2,0.0,0.0,0.0,0.0,0.0,0.0,0.0,0.0
10,12,3,0.0,0.0,0.0,0.0,0.0,0.0,0.0,0.0
10,12,4,0.0,0.0,0.0,0.0,0.0,0.0,0.0,0.0
10,12,5,0.0,0.0,0.0,0.0,0.0,0.0,0.0,0.0
10,12,6,0.0,0.0,0.0,0.0,0.0,0.0,0.0,0.0
10,12,7,22.864266574441253,51.27709774753294,86.50957809087852,55.73947834031157,128.52665580718175,262.43480240573933,431.8535079489869,275.57887585725825
10,12,8,323.18555086189485,476.64284435967727,569.790177974664,493.29345083251457,419.409829453063,619.1339257453735,736.0948139205927,633.5259156457511
10,12,9,554.9376262794589,613.7208881194656,731.725899678068,547.5565339819476,623.5744003807469,690.8632411966405,824.6575661224091,600.5062784403128
10,12,10,689.7602173774757,614.5298394941019,775.4683106154392,444.2728870476623,765.4047840766447,677.7292963249478,833.3333333333334,461.19166776646426
10,12,11,762.2536754422049,594.4383349243035,791.6758162788767,257.0201752759616,833.3333333333334,650.695592268964,833.3333333333334,242.0174261644892
10,12,12,784.1459619850231,592.9987493128756,801.329682686991,155.20271711046797,833.3333333333334,644.891125678166,833.3333333333334,127.63145263445682
10,12,13,756.1515357627673,621.3538685741287,806.449227044724,298.5609877964702,829.482660082595,671.8007431617683,833.3333333333334,275.80716039800626
10,12,14,661.5144265465941,645.2884956913327,787.1150575614378,433.93312436428147,732.3800665856944,712.3136511510926,833.3333333333334,424.9150111200466
10,12,15,537.265821709888,659.0568891161965,774.49345375254,520.48562337535,579.1867610170299,722.138860358042,833.3333333333334,520.1155022036602
10,12,16,383.6719516150116,640.9385194795296,762.0262305950217,564.2217229660419,368.9897960081847,655.9533625146802,794.0370612805154,538.0562948192186
10,12,17,110.11900146963586,171.45975195948645,514.7427507854426,135.5729854827059,94.03047845212934,157.37084410474463,497.1197104742437,118.19196953225519
10,12,18,0.0,0.0,0.0,0.0,0.0,0.0,0.0,0.0
10,12,19,0.0,0.0,0.0,0.0,0.0,0.0,0.0,0.0
10,12,20,0.0,0.0,0.0,0.0,0.0,0.0,0.0,0.0
10,12,21,0.0,0.0,0.0,0.0,0.0,0.0,0.0,0.0
10,12,22,0.0,0.0,0.0,0.0,0.0,0.0,0.0,0.0
10,12,23,0.0,0.0,0.0,0.0,0.0,0.0,0.0,0.0
10,13,0,0.0,0.0,0.0,0.0,0.0,0.0,0.0,0.0
10,13,1,0.0,0.0,0.0,0.0,0.0,0.0,0.0,0.0
10,13,2,0.0,0.0,0.0,0.0,0.0,0.0,0.0,0.0
10,13,3,0.0,0.0,0.0,0.0,0.0,0.0,0.0,0.0
10,13,4,0.0,0.0,0.0,0.0,0.0,0.0,0.0,0.0
10,13,5,0.0,0.0,0.0,0.0,0.0,0.0,0.0,0.0
10,13,6,0.0,0.0,0.0,0.0,0.0,0.0,0.0,0.0
10,13,7,16.499073734803154,37.30639115996017,63.14165030401357,41.64528217582849,114.34138852209612,228.96856864700337,380.9332038613108,242.14027205943913
10,13,8,294.81978902073797,434.3348753403541,523.3815716659321,451.55103061018735,398.8439929697609,584.9406787133536,697.6930132584291,600.3614119856046
10,13,9,533.8764988090218,587.8046013498691,703.8824148655488,526.8958136046953,589.3332676781517,648.2790866562943,772.4616506630573,568.3462251435881
10,13,10,673.4848480891937,597.8428674399165,757.5287918662862,434.0613096543252,716.914366848669,635.2834968350451,804.4552648990634,439.64693714080505
10,13,11,747.2072538078826,580.7087197050158,776.8148330437444,254.0531917180839,786.813377092695,608.9182234043282,816.2262855142578,234.54461835948754
10,13,12,765.004471089993,576.7561236491939,782.7927269394128,155.66029931745607,805.664811223053,602.346456719715,822.6674457331025,126.68013158078801
10,13,13,725.3352798732759,594.2576850690798,774.8641269427469,289.72505020072174,765.3064807123167,622.0452019519136,817.2811940108927,265.59371041603237
10,13,14,647.611893668174,630.343180681363,772.7958526896687,420.8385926931786,670.6890498758816,651.324933279695,800.9198835386162,402.7083709206593
10,13,15,521.2023364367744,639.9412238657529,754.9169469987438,503.63138311242324,530.1994435607803,656.359967338444,776.6624473722557,488.2108001749652
10,13,16,345.5703751947065,593.891632357786,715.9410576743308,516.9167687226898,330.40893311150006,575.2056108379521,693.3947525723939,489.76064308293894
10,13,17,91.74323016136664,138.2399601205739,443.45130301014177,109.64249718775795,79.8037502072366,133.86343483281414,408.2624334358344,95.30161461210501
10,13,18,0.0,0.0,0.0,0.0,0.0,0.0,0.0,0.0
10,13,19,0.0,0.0,0.0,0.0,0.0,0.0,0.0,0.0
10,13,20,0.0,0.0,0.0,0.0,0.0,0.0,0.0,0.0
10,13,21,0.0,0.0,0.0,0.0,0.0,0.0,0.0,0.0
10,13,22,0.0,0.0,0.0,0.0,0.0,0.0,0.0,0.0
10,13,23,0.0,0.0,0.0,0.0,0.0,0.0,0.0,0.0
10,14,0,0.0,0.0,0.0,0.0,0.0,0.0,0.0,0.0
10,14,1,0.0,0.0,0.0,0.0,0.0,0.0,0.0,0.0
10,14,2,0.0,0.0,0.0,0.0,0.0,0.0,0.0,0.0
10,14,3,0.0,0.0,0.0,0.0,0.0,0.0,0.0,0.0
10,14,4,0.0,0.0,0.0,0.0,0.0,0.0,0.0,0.0
10,14,5,0.0,0.0,0.0,0.0,0.0,0.0,0.0,0.0
10,14,6,0.0,0.0,0.0,0.0,0.0,0.0,0.0,0.0
10,14,7,12.640670257914424,29.00852568021683,49.65796827064194,33.00562446014857,90.41574907483528,179.00745205358237,297.89551847811964,193.191517157861
10,14,8,264.19523858719583,388.0460793623288,470.2466416642946,404.8118485394087,363.84839181049347,531.6319643494246,638.6728453644555,548.6200052842577
10,14,9,497.0877441765426,546.3162815381088,659.8048851233598,489.71915208981005,564.5026478633374,620.5338299542877,749.6382615107676,544.0823252674662
10,14,10,635.8094245112761,561.705762821821,716.3275398239381,408.5019940778539,700.9054216351552,616.2785921647592,790.9987674227033,426.30560824210545
10,14,11,711.5213906130323,549.5537908602323,740.6825465080965,240.7220725719795,779.6039341064784,596.1886659218538,811.2655437007544,232.34240205572786
10,14,12,731.9528175976327,548.2702920030409,749.9808746611612,148.50546108972344,809.2358791095581,596.746725428526,828.1351605227966,126.38233820343596
10,14,13,698.9893246470886,570.193894247428,747.9848562153784,278.5893466940855,771.1647432073066,620.9990467953313,826.719509362298,262.761720618336
10,14,14,627.0132476551398,609.0263492399582,749.9832404269132,406.6789830887186,674.4190502998885,652.8936503561613,811.6107799033099,396.70579432784996
10,14,15,508.5833624632469,624.1174216621978,739.3982889143329,490.730555937543,529.5977939040448,658.05953806273,786.6163352867338,478.18354001587784
10,14,16,334.4021047334318,575.7012475323827,697.4503122327435,501.86191279247066,327.02177581672396,576.3929717749941,703.3132958485626,477.11910518726097
10,14,17,80.64221415240259,116.84024453470914,399.1284647275645,92.62912662091634,69.66475940953426,109.75543819078234,364.37026672354057,79.29589752033527
10,14,18,0.0,0.0,0.0,0.0,0.0,0.0,0.0,0.0
10,14,19,0.0,0.0,0.0,0.0,0.0,0.0,0.0,0.0
10,14,20,0.0,0.0,0.0,0.0,0.0,0.0,0.0,0.0
10,14,21,0.0,0.0,0.0,0.0,0.0,0.0,0.0,0.0
10,14,22,0.0,0.0,0.0,0.0,0.0,0.0,0.0,0.0
10,14,23,0.0,0.0,0.0,0.0,0.0,0.0,0.0,0.0
10,15,0,0.0,0.0,0.0,0.0,0.0,0.0,0.0,0.0
10,15,1,0.0,0.0,0.0,0.0,0.0,0.0,0.0,0.0
10,15,2,0.0,0.0,0.0,0.0,0.0,0.0,0.0,0.0
10,15,3,0.0,0.0,0.0,0.0,0.0,0.0,0.0,0.0
10,15,4,0.0,0.0,0.0,0.0,0.0,0.0,0.0,0.0
10,15,5,0.0,0.0,0.0,0.0,0.0,0.0,0.0,0.0
10,15,6,0.0,0.0,0.0,0.0,0.0,0.0,0.0,0.0
10,15,7,-0.0,-0.0,-0.0,-0.0,58.060958746778574,109.9485572468468,179.13559233363915,121.02040898593178
10,15,8,18.15384473191082,17.2095906196561,14.897526327621602,19.135695804923206,29.088663919468715,26.608032832395235,21.801848972064246,28.09837049673179
10,15,9,141.18784047368197,149.22331468710263,176.9229624464676,144.2831121698037,509.61837106235555,556.54580087088,674.1139673571606,492.64946764011967
10,15,10,259.44890123975654,238.6149518009165,281.7303766570037,205.2244511572209,94.48446115378698,94.5163780772239,89.83097692422146,89.9791632561041
10,15,11,86.91379209686758,97.3716690619865,85.77237048433334,86.95466297530228,99.55355154170581,111.3230101879849,97.80405310327586,93.02165686103022
10,15,12,177.43999597870734,192.3333023773931,178.0165214935694,155.07666366431093,201.685668706385,219.46705505009217,201.65401910535311,165.01168101230888
10,15,13,251.85756706054477,251.60862219442896,254.48202036759696,215.06857869559866,313.7034569582692,296.77551729507434,324.1568009503094,216.98026341016367
10,15,14,513.5413553498055,495.60836758151873,603.6575623850555,369.98328269187715,686.7722012819634,663.2259647782,832.0549910394384,400.18638775770637
10,15,15,521.0248848163404,636.0139390564191,754.9445100264671,504.1803699435293,542.7010769849976,673.7876266992564,809.7899723745197,487.2862605404404
10,15,16,343.3943143033049,585.9858377890313,711.3794115876796,509.10775127864923,337.1086834666974,595.4996070086262,731.0430654023099,486.00245046489647
10,15,17,74.7476519309755,101.86756376408759,361.138829125945,80.87472105513791,64.98528522831398,98.35262233925604,351.7408904248794,70.85329629831465
10,15,18,0.0,0.0,0.0,0.0,0.0,0.0,0.0,0.0
10,15,19,0.0,0.0,0.0,0.0,0.0,0.0,0.0,0.0
10,15,20,0.0,0.0,0.0,0.0,0.0,0.0,0.0,0.0
10,15,21,0.0,0.0,0.0,0.0,0.0,0.0,0.0,0.0
10,15,22,0.0,0.0,0.0,0.0,0.0,0.0,0.0,0.0
10,15,23,0.0,0.0,0.0,0.0,0.0,0.0,0.0,0.0
10,16,0,0.0,0.0,0.0,0.0,0.0,0.0,0.0,0.0
10,16,1,0.0,0.0,0.0,0.0,0.0,0.0,0.0,0.0
10,16,2,0.0,0.0,0.0,0.0,0.0,0.0,0.0,0.0
10,16,3,0.0,0.0,0.0,0.0,0.0,0.0,0.0,0.0
10,16,4,0.0,0.0,0.0,0.0,0.0,0.0,0.0,0.0
10,16,5,0.0,0.0,0.0,0.0,0.0,0.0,0.0,0.0
10,16,6,0.0,0.0,0.0,0.0,0.0,0.0,0.0,0.0
10,16,7,16.06624780922827,34.67931444051013,62.809910671105705,38.37766050931802,101.29786720480341,192.6559232986154,335.9703264989906,206.02953156804492
10,16,8,301.21540023266186,439.2482603709128,535.4471341897275,458.12677463344005,391.31393560231515,568.505346586565,688.3375374390289,588.0745785611125
10,16,9,536.4931798110529,584.3900578780929,708.5036070174285,525.0260092605229,594.1852929240351,647.8316168535192,787.0402500249768,570.2721970416236
10,16,10,681.2383580464017,596.9743855083223,767.990466525876,434.5111510443773,732.6669777565295,639.2230165473449,826.8470633593604,444.888160508212
10,16,11,760.7651381878882,582.1808424144273,793.1358107676498,253.39939937093047,801.5746893627784,609.163541172121,833.3333333333334,238.070928980664
10,16,12,782.5754348343512,580.7917308910702,803.4558964753645,156.2292304600856,809.8702024965165,597.5479449866438,829.9309484793409,132.47077304907404
10,16,13,749.6559988499056,606.9673932566737,804.1438720682559,296.16676333263933,764.7382584446772,617.1978243255768,819.012055939012,273.95814500085675
10,16,14,668.4559217358884,646.4420761094545,799.4950426888197,434.1354491439034,667.9365611894585,645.0225831698511,797.8339691239197,411.7116068515799
10,16,15,540.8044838296856,661.1037036687227,788.5051669281614,520.7550322597895,528.7739341149924,647.4952385522138,770.0735833790479,498.13923480095707
10,16,16,354.1057432695652,607.2662667642593,740.9267442899045,519.3559266070934,330.9988488150472,570.9797553123467,693.8340153012372,487.3152761410335
10,16,17,76.77231714942788,101.33488928666635,388.43972924825584,80.0821702492811,64.23831398092734,92.52547410338035,345.0162042537772,67.43847730156143
10,16,18,0.0,0.0,0.0,0.0,0.0,0.0,0.0,0.0
10,16,19,0.0,0.0,0.0,0.0,0.0,0.0,0.0,0.0
10,16,20,0.0,0.0,0.0,0.0,0.0,0.0,0.0,0.0
10,16,21,0.0,0.0,0.0,0.0,0.0,0.0,0.0,0.0
10,16,22,0.0,0.0,0.0,0.0,0.0,0.0,0.0,0.0
10,16,23,0.0,0.0,0.0,0.0,0.0,0.0,0.0,0.0
10,17,0,0.0,0.0,0.0,0.0,0.0,0.0,0.0,0.0
10,17,1,0.0,0.0,0.0,0.0,0.0,0.0,0.0,0.0
10,17,2,0.0,0.0,0.0,0.0,0.0,0.0,0.0,0.0
10,17,3,0.0,0.0,0.0,0.0,0.0,0.0,0.0,0.0
10,17,4,0.0,0.0,0.0,0.0,0.0,0.0,0.0,0.0
10,17,5,0.0,0.0,0.0,0.0,0.0,0.0,0.0,0.0
10,17,6,0.0,0.0,0.0,0.0,0.0,0.0,0.0,0.0
10,17,7,9.635333703674222,21.929493727268824,39.74246830949663,25.330472546800756,95.1485237344688,178.24475203186734,316.3222388270652,191.27381916431796
10,17,8,270.81729711931797,393.05452043101184,481.80540290965257,411.7948054596256,382.02366528390075,554.0800498690623,674.7132086468148,574.2896153642175
10,17,9,514.5400822303221,558.2210975018138,679.6681837138411,503.31828057290784,585.307976387808,635.9639500467975,776.7423626355538,560.5473243506359
10,17,10,654.6795650807333,571.6585297562276,738.4162729755286,417.90019815410113,726.9046381856223,629.9369416840458,823.0655765090462,436.7418550872712
10,17,11,734.3112560552986,560.0745707003437,766.2375888662042,245.4978109717361,803.8305177166972,603.5368082277986,833.3333333333334,232.58419726759962
10,17,12,752.8069350612528,557.6939921113773,773.8138404607524,154.33803253602153,824.5604748869276,598.4073102540273,833.3333333333334,128.39093023511637
10,17,13,722.5477527000479,584.3623897858492,775.6703703867952,289.51790749107033,784.5527596592915,624.3618636346813,833.3333333333334,268.7369952724532
10,17,14,648.0250098584454,625.5541810834814,777.0767748884823,422.2706112536959,688.3366641305031,662.0132255207441,832.8786397067443,406.1800328415935
10,17,15,524.1618325661112,638.5865108574552,763.3211827117418,506.8048729121731,543.9822830187637,672.1728882835896,812.6474561019143,493.5543706635392
10,17,16,343.2019910905581,587.1972611943594,718.246802728896,497.37231734963484,335.9164836830896,591.5793698936588,730.7924395084896,476.15121277392143
10,17,17,73.49280540936302,92.0814766917676,375.8752887906003,72.70838170454465,62.42692196377641,82.61661927307998,343.1664966800049,62.13204323441115
10,17,18,0.0,0.0,0.0,0.0,0.0,0.0,0.0,0.0
10,17,19,0.0,0.0,0.0,0.0,0.0,0.0,0.0,0.0
10,17,20,0.0,0.0,0.0,0.0,0.0,0.0,0.0,0.0
10,17,21,0.0,0.0,0.0,0.0,0.0,0.0,0.0,0.0
10,17,22,0.0,0.0,0.0,0.0,0.0,0.0,0.0,0.0
10,17,23,0.0,0.0,0.0,0.0,0.0,0.0,0.0,0.0
10,18,0,0.0,0.0,0.0,0.0,0.0,0.0,0.0,0.0
10,18,1,0.0,0.0,0.0,0.0,0.0,0.0,0.0,0.0
10,18,2,0.0,0.0,0.0,0.0,0.0,0.0,0.0,0.0
10,18,3,0.0,0.0,0.0,0.0,0.0,0.0,0.0,0.0
10,18,4,0.0,0.0,0.0,0.0,0.0,0.0,0.0,0.0
10,18,5,0.0,0.0,0.0,0.0,0.0,0.0,0.0,0.0
10,18,6,0.0,0.0,0.0,0.0,0.0,0.0,0.0,0.0
10,18,7,6.603839330885136,15.923715798589742,30.22636680429953,18.562242966416648,88.38995257405823,163.22663181758193,294.92844563883733,175.9252894822555
10,18,8,271.8697952332388,394.16197554412923,485.1737731994033,412.6550260161988,375.05953133497314,542.8218242317115,664.7579793096276,563.8492605097689
10,18,9,501.32816200894894,542.2618582861206,663.5803897603816,488.60982131527624,580.4567369425871,628.9640308393269,773.8511339813952,554.1578280962731
10,18,10,644.2370901257028,559.6779796356387,727.6840962992712,407.875141646846,720.416321438552,620.9399589054279,817.2337280560733,429.97686247409763
10,18,11,719.150213677573,544.7678017997982,751.2875688662308,236.5880095628977,796.6817924308699,593.7784699869228,832.672653360853,227.6557671273789
10,18,12,737.0805492020415,541.8342156660842,758.5700887807586,146.8547065336409,816.8628821600762,588.6828473443131,833.3333333333334,127.76176316478482
10,18,13,705.1427247730765,566.8826245498053,758.4727553980977,279.0515599724364,779.5429028636387,616.7601938006127,833.3333333333334,265.67145086786866
10,18,14,627.4779603647428,604.2688287149265,752.9960156893126,407.4690070461796,680.3134842288857,652.525538629005,826.2720041346555,399.0602327401308
10,18,15,508.7632663798813,619.9426859510683,745.1902544904711,490.0273434152028,533.6237697879038,659.6279632408947,802.9806599789116,480.4887065146357
10,18,16,328.6107647970904,563.5885878910184,693.3434156393638,469.37560630098693,325.0682912980608,574.8173794606297,715.4445970584522,451.6541790689865
10,18,17,66.19737310519322,81.2439444460364,352.72853760377984,64.496359512931,55.18056255873777,69.84440801537156,315.35034801037483,54.13966031498101
10,18,18,0.0,0.0,0.0,0.0,0.0,0.0,0.0,0.0
10,18,19,0.0,0.0,0.0,0.0,0.0,0.0,0.0,0.0
10,18,20,0.0,0.0,0.0,0.0,0.0,0.0,0.0,0.0
10,18,21,0.0,0.0,0.0,0.0,0.0,0.0,0.0,0.0
10,18,22,0.0,0.0,0.0,0.0,0.0,0.0,0.0,0.0
10,18,23,0.0,0.0,0.0,0.0,0.0,0.0,0.0,0.0
10,19,0,0.0,0.0,0.0,0.0,0.0,0.0,0.0,0.0
10,19,1,0.0,0.0,0.0,0.0,0.0,0.0,0.0,0.0
10,19,2,0.0,0.0,0.0,0.0,0.0,0.0,0.0,0.0
10,19,3,0.0,0.0,0.0,0.0,0.0,0.0,0.0,0.0
10,19,4,0.0,0.0,0.0,0.0,0.0,0.0,0.0,0.0
10,19,5,0.0,0.0,0.0,0.0,0.0,0.0,0.0,0.0
10,19,6,0.0,0.0,0.0,0.0,0.0,0.0,0.0,0.0
10,19,7,-0.0,-0.0,-0.0,-0.0,69.40701302826619,127.51552816962122,228.1408813509173,140.3336310935409
10,19,8,179.24557025792234,256.2235722797693,318.39399362234917,273.18596883361624,342.0464375537169,491.41112877159725,604.2385036486754,512.6762048867861
10,19,9,470.84234007824074,507.4248225720648,625.77821579263,460.41666013506614,565.3111994028224,610.4982752406913,755.5875488105742,539.5632964336226
10,19,10,629.6555828651615,545.2771847871968,711.9146881416821,400.8642385398222,710.4723958080457,610.5490861338859,805.7727325240892,425.1637178641424
10,19,11,721.1348030056301,543.9998403963673,754.2609580561498,238.1172825607115,796.332520958027,592.1700192590796,832.7741119517975,228.40498649294906
10,19,12,749.7575140663401,548.4566870194722,772.4777670578566,148.10654835655,823.0873290723721,591.6452671155154,833.3333333333334,126.67999389566101
10,19,13,721.7758310196333,577.8632156028592,777.3170035220088,283.5788011344866,784.9822982225397,619.7806753339872,833.3333333333334,267.0811166352386
10,19,14,644.7330128689,619.6174786613492,774.9121486400854,416.99348733943793,690.6690243711694,661.4025631147143,833.3333333333334,406.5597845928977
10,19,15,525.7088517229583,640.0792811067083,772.1891330965932,505.06306464557014,540.9138691638433,664.7972077576059,807.5874058901607,491.6035651167131
10,19,16,340.585862279532,585.0190894352645,721.6771307956317,479.94810405442587,335.1119332604883,590.3252260838788,734.3322367814105,465.14395575306906
10,19,17,65.46518505049579,81.33555166062227,388.9078876094926,64.15219193521158,54.45395388010782,68.77046274195484,342.89030227245206,53.51572230512987
10,19,18,0.0,0.0,0.0,0.0,0.0,0.0,0.0,0.0
10,19,19,0.0,0.0,0.0,0.0,0.0,0.0,0.0,0.0
10,19,20,0.0,0.0,0.0,0.0,0.0,0.0,0.0,0.0
10,19,21,0.0,0.0,0.0,0.0,0.0,0.0,0.0,0.0
10,19,22,0.0,0.0,0.0,0.0,0.0,0.0,0.0,0.0
10,19,23,0.0,0.0,0.0,0.0,0.0,0.0,0.0,0.0
10,20,0,0.0,0.0,0.0,0.0,0.0,0.0,0.0,0.0
10,20,1,0.0,0.0,0.0,0.0,0.0,0.0,0.0,0.0
10,20,2,0.0,0.0,0.0,0.0,0.0,0.0,0.0,0.0
10,20,3,0.0,0.0,0.0,0.0,0.0,0.0,0.0,0.0
10,20,4,0.0,0.0,0.0,0.0,0.0,0.0,0.0,0.0
10,20,5,0.0,0.0,0.0,0.0,0.0,0.0,0.0,0.0
10,20,6,0.0,0.0,0.0,0.0,0.0,0.0,0.0,0.0
10,20,7,7.485899185091614,16.972838921521337,32.73295813314903,19.982720040737693,82.8899810311346,149.06625955705155,277.9337783806451,161.84086888337455
10,20,8,253.83179060125266,364.09416075000996,452.15223720630325,383.95343604379184,366.4385595484959,525.2006778500327,648.1811339056824,548.5596661953354
10,20,9,497.78250539403365,534.8015955721635,661.6368280924451,484.15520316449556,570.0641834766514,613.351314192948,762.1141800160415,544.472023440496
10,20,10,644.6932031698188,555.9864996606149,730.4607602479754,409.7449204363305,702.0236912030462,600.8691497149373,797.5008775824678,422.3583041210455
10,20,11,703.4607823666236,535.6838833929426,738.5575534201342,262.8161719554343,773.1260185366775,572.2803460074841,810.1358486698706,227.60346110677264
10,20,12,602.8446630999939,444.74728964705116,625.9448465903407,162.0019256197906,787.8736386195086,564.8096678077936,813.0290296916086,134.3950662384089
10,20,13,666.5209766364181,535.1954169608427,721.0478442327549,282.4037549144955,553.2305154312178,460.7635606376855,592.9398349975507,263.41815331045797
10,20,14,492.01040906865427,468.9781299274479,577.7325950955484,353.98491222192644,224.21390012815453,209.96419593917508,237.79704576113255,186.6699415920167
10,20,15,316.10776216137253,354.9994039924093,411.62850623859697,314.648969601505,291.65217313918095,328.2028742642631,379.3966720533713,278.1592324468856
10,20,16,244.11512355716766,360.79396032643785,434.53287593136304,320.3772395272972,224.40175586526374,343.0837693234024,411.78516317498963,287.834278991664
10,20,17,71.63073043180006,218.58121643554463,312.8757135980356,53.096483638228825,33.266589720506424,83.71548286409113,115.14042040746162,26.26135739292495
10,20,18,0.0,0.0,0.0,0.0,0.0,0.0,0.0,0.0
10,20,19,0.0,0.0,0.0,0.0,0.0,0.0,0.0,0.0
10,20,20,0.0,0.0,0.0,0.0,0.0,0.0,0.0,0.0
10,20,21,0.0,0.0,0.0,0.0,0.0,0.0,0.0,0.0
10,20,22,0.0,0.0,0.0,0.0,0.0,0.0,0.0,0.0
10,20,23,0.0,0.0,0.0,0.0,0.0,0.0,0.0,0.0
10,21,0,0.0,0.0,0.0,0.0,0.0,0.0,0.0,0.0
10,21,1,0.0,0.0,0.0,0.0,0.0,0.0,0.0,0.0
10,21,2,0.0,0.0,0.0,0.0,0.0,0.0,0.0,0.0
10,21,3,0.0,0.0,0.0,0.0,0.0,0.0,0.0,0.0
10,21,4,0.0,0.0,0.0,0.0,0.0,0.0,0.0,0.0
10,21,5,0.0,0.0,0.0,0.0,0.0,0.0,0.0,0.0
10,21,6,0.0,0.0,0.0,0.0,0.0,0.0,0.0,0.0
10,21,7,7.98122798391176,17.380140743040382,35.551714126766065,19.91175349130239,104.92432191036094,178.61401229015522,351.1252953454288,188.39320221840512
10,21,8,279.75237538889195,400.46000348092406,498.63879129750086,421.3639283201023,400.18679204246155,572.2504853182959,707.5447740512946,596.26741332405
10,21,9,521.6838416241352,558.0176870635044,690.4130183146395,505.5317133562288,610.8461161876274,655.0688786212025,816.1883998065881,579.6856670054779
10,21,10,667.7622189350708,573.8848921257421,755.3746693558329,421.202855000239,755.9499323086401,642.830729646233,833.3333333333334,446.5068492163265
10,21,11,746.7984753202355,559.4586668330367,782.388309596647,246.02350443930928,832.0447159230941,609.88256886697,833.3333333333334,232.62849378503364
10,21,12,766.3938487135334,557.8625740683051,791.5316190679658,157.3945148372374,833.3333333333334,603.0963334220735,833.3333333333334,132.3574427424863
10,21,13,737.4292124570205,587.3466599366353,797.3028661914265,296.18565479972926,809.5586812814904,632.9434515804775,833.3333333333334,277.3696682662587
10,21,14,646.7196444683509,618.6216336954246,778.6126496876233,429.66720885813027,710.1317163850399,676.4553798136665,833.3333333333334,417.7371687832218
10,21,15,510.2864680521379,609.733618350033,735.7549828552675,496.7874792744176,557.2319384232622,684.220409830593,833.3333333333334,502.68143439570514
10,21,16,309.71263893556625,498.0130631850277,612.7304156157464,410.3967404708776,336.8779286168754,590.1110561670848,748.5844751932117,448.0244812112083
10,21,17,61.09938146300137,66.13124844836682,231.76689933781216,58.829902607962595,46.568340624718566,57.75138759476821,331.40929220667243,44.24121878592747
10,21,18,0.0,0.0,0.0,0.0,0.0,0.0,0.0,0.0
10,21,19,0.0,0.0,0.0,0.0,0.0,0.0,0.0,0.0
10,21,20,0.0,0.0,0.0,0.0,0.0,0.0,0.0,0.0
10,21,21,0.0,0.0,0.0,0.0,0.0,0.0,0.0,0.0
10,21,22,0.0,0.0,0.0,0.0,0.0,0.0,0.0,0.0
10,21,23,0.0,0.0,0.0,0.0,0.0,0.0,0.0,0.0
10,22,0,0.0,0.0,0.0,0.0,0.0,0.0,0.0,0.0
10,22,1,0.0,0.0,0.0,0.0,0.0,0.0,0.0,0.0
10,22,2,0.0,0.0,0.0,0.0,0.0,0.0,0.0,0.0
10,22,3,0.0,0.0,0.0,0.0,0.0,0.0,0.0,0.0
10,22,4,0.0,0.0,0.0,0.0,0.0,0.0,0.0,0.0
10,22,5,0.0,0.0,0.0,0.0,0.0,0.0,0.0,0.0
10,22,6,0.0,0.0,0.0,0.0,0.0,0.0,0.0,0.0
10,22,7,7.562501042313844,16.327340492701115,33.916515879586264,18.88835858458996,87.64385793003757,150.31427480421019,294.13289349279705,162.4452356963156
10,22,8,276.3399512845116,394.4669832060404,493.55285449918176,415.6305647852028,390.9639679601121,556.7686768559636,692.1559927621723,582.2025692346101
10,22,9,527.7544926388292,562.6743712911496,699.410363685414,510.004275922011,593.1371614365798,632.8204298911737,788.3749994476528,563.4792379268083
10,22,10,674.2009612168666,576.6250631817026,763.6632276160243,422.0696291047838,732.8368639865338,622.2585473283476,832.6741152504757,435.9837773945356
10,22,11,748.8742303988973,556.9895291204673,785.426422570156,241.31155103628225,805.9485362028062,590.9936681874967,833.3333333333334,229.386668173647
10,22,12,766.1199126375477,553.1499677911437,792.1137291915795,150.38905318528785,817.9312022357733,581.684183039246,833.3333333333334,133.53996383240775
10,22,13,736.7408560191881,584.1341573673412,796.4018426422774,289.8808645863352,777.7327538871575,609.2822844844039,833.3333333333334,274.30739629214355
10,22,14,655.1177866816519,625.3138637765759,790.4119350715636,424.1071058754295,683.7722221752159,650.3121463155933,832.4030176833885,410.4037294811464
10,22,15,531.5570554689874,642.9532434277232,784.0598396868164,509.9281381054027,536.8681248697211,655.0966165975487,806.5250598205043,491.32887992871997
10,22,16,341.94019191425366,573.9890870923261,727.7794185137127,460.56801562037674,323.518831674638,550.9960950041187,703.0899887012125,430.7511795113291
10,22,17,53.795959175024485,65.21781529688295,376.4580080061109,51.70564974840957,41.34071757031665,50.66246830798481,305.9977530635292,39.395117438215635
10,22,18,0.0,0.0,0.0,0.0,0.0,0.0,0.0,0.0
10,22,19,0.0,0.0,0.0,0.0,0.0,0.0,0.0,0.0
10,22,20,0.0,0.0,0.0,0.0,0.0,0.0,0.0,0.0
10,22,21,0.0,0.0,0.0,0.0,0.0,0.0,0.0,0.0
10,22,22,0.0,0.0,0.0,0.0,0.0,0.0,0.0,0.0
10,22,23,0.0,0.0,0.0,0.0,0.0,0.0,0.0,0.0
10,23,0,0.0,0.0,0.0,0.0,0.0,0.0,0.0,0.0
10,23,1,0.0,0.0,0.0,0.0,0.0,0.0,0.0,0.0
10,23,2,0.0,0.0,0.0,0.0,0.0,0.0,0.0,0.0
10,23,3,0.0,0.0,0.0,0.0,0.0,0.0,0.0,0.0
10,23,4,0.0,0.0,0.0,0.0,0.0,0.0,0.0,0.0
10,23,5,0.0,0.0,0.0,0.0,0.0,0.0,0.0,0.0
10,23,6,0.0,0.0,0.0,0.0,0.0,0.0,0.0,0.0
10,23,7,-0.0,-0.0,2.310212772675257,0.5248872624845389,64.1847658297428,110.78364855388975,214.05740285707117,123.11466572418544
10,23,8,202.72579346729484,288.83973018372194,365.1120434789233,306.7160619609468,353.6490562824703,499.40024995169085,623.4629451485548,525.3805077976242
10,23,9,504.6133771594425,535.3263551636562,668.9653062727482,490.2658598458734,564.6117688970527,600.5939192158473,756.2373702975412,537.3717432660634
10,23,10,534.3299733790714,462.1168678682371,602.7081854316438,364.66785144313724,441.4861586077303,386.2302404013759,490.86521798898247,306.7517109678503
10,23,11,645.4131817500031,479.38397800884724,681.0433002883224,229.15909781379716,772.3991592134784,565.8996646317121,811.8563049079726,230.369660013428
10,23,12,727.2625992007928,524.8896591344086,753.2790837412384,152.8994177532613,798.6630138203564,565.6062995970461,826.7639146098218,133.29524109036493
10,23,13,705.4699606126,559.0092602438382,763.6483475547233,284.62911885021185,749.0222865577445,586.3376564347084,812.3500669634824,269.2787886119287
10,23,14,636.6246436753077,606.2759781144489,769.583862719677,416.94391782284595,654.8903521904379,621.7523296075082,797.6833262281624,398.59469868288494
10,23,15,508.88585357453866,612.5714771351074,749.1147351716494,489.46301179675663,509.3271699529025,617.408406864624,759.9595843209996,471.73109822282953
10,23,16,329.12796470610203,544.5127470347433,700.966325624287,436.53903606663096,307.9799250262515,518.3545273830215,673.480663042791,402.47749717760945
10,23,17,49.048635200919264,57.90206157404507,343.25921188503986,47.169207606437034,35.32075228051533,42.29192856189591,267.9923789207556,33.59649190417503
10,23,18,0.0,0.0,0.0,0.0,0.0,0.0,0.0,0.0
10,23,19,0.0,0.0,0.0,0.0,0.0,0.0,0.0,0.0
10,23,20,0.0,0.0,0.0,0.0,0.0,0.0,0.0,0.0
10,23,21,0.0,0.0,0.0,0.0,0.0,0.0,0.0,0.0
10,23,22,0.0,0.0,0.0,0.0,0.0,0.0,0.0,0.0
10,23,23,0.0,0.0,0.0,0.0,0.0,0.0,0.0,0.0
10,24,0,0.0,0.0,0.0,0.0,0.0,0.0,0.0,0.0
10,24,1,0.0,0.0,0.0,0.0,0.0,0.0,0.0,0.0
10,24,2,0.0,0.0,0.0,0.0,0.0,0.0,0.0,0.0
10,24,3,0.0,0.0,0.0,0.0,0.0,0.0,0.0,0.0
10,24,4,0.0,0.0,0.0,0.0,0.0,0.0,0.0,0.0
10,24,5,0.0,0.0,0.0,0.0,0.0,0.0,0.0,0.0
10,24,6,0.0,0.0,0.0,0.0,0.0,0.0,0.0,0.0
10,24,7,-0.0,-0.0,-0.0,-0.0,0.2734113272206618,-0.0,-0.0,0.16985566324486345
10,24,8,-0.0,-0.0,-0.0,-0.0,14.78846506630081,13.388285346168013,10.398890843665429,14.4205258425294
10,24,9,8.786331867775141,7.870450059288013,7.033338767837064,9.004077180482605,-0.0,-0.0,-0.0,-0.0
10,24,10,30.80865657516337,30.82275765068841,28.21888500339085,31.530586063614148,181.42115592249345,173.62920511653792,178.37065664533233,160.83796196100326
10,24,11,99.07994629140153,109.59349926566351,96.0311751068902,97.35946681686772,84.62475961912139,95.18519749171988,81.12892765324601,81.5665321202924
10,24,12,148.08907382562535,163.56559612035653,145.5250328429418,135.90472550300436,270.28250210947255,277.53948867611575,268.77528870087787,200.02072607410835
10,24,13,117.61320890517037,122.34046949115937,113.32661682853417,113.72096083074858,91.21114429155988,96.40971682218681,86.37842212122051,87.1042490397887
10,24,14,33.50568789032408,30.863704905864655,29.68008865040398,34.205041127711404,3.605274818658096,3.0402033063885066,2.717751144874048,3.463316789915792
10,24,15,17.85155638179603,16.38900431451614,14.221998491843017,18.187423813047918,8.417939351589808,7.491102364488049,6.019552445668153,8.171024216936909
10,24,16,12.66006854211222,11.66052132927495,8.655741212829946,12.975472264444607,-0.0,-0.0,-0.0,-0.0
10,24,17,1.5326274914688682,1.1419895928972252,-0.0,1.3289319565365172,4.4200215502830495,3.8187993447902766,0.8542551193361247,4.001608236731934
10,24,18,0.0,0.0,0.0,0.0,0.0,0.0,0.0,0.0
10,24,19,0.0,0.0,0.0,0.0,0.0,0.0,0.0,0.0
10,24,20,0.0,0.0,0.0,0.0,0.0,0.0,0.0,0.0
10,24,21,0.0,0.0,0.0,0.0,0.0,0.0,0.0,0.0
10,24,22,0.0,0.0,0.0,0.0,0.0,0.0,0.0,0.0
10,24,23,0.0,0.0,0.0,0.0,0.0,0.0,0.0,0.0
10,25,0,0.0,0.0,0.0,0.0,0.0,0.0,0.0,0.0
10,25,1,0.0,0.0,0.0,0.0,0.0,0.0,0.0,0.0
10,25,2,0.0,0.0,0.0,0.0,0.0,0.0,0.0,0.0
10,25,3,0.0,0.0,0.0,0.0,0.0,0.0,0.0,0.0
10,25,4,0.0,0.0,0.0,0.0,0.0,0.0,0.0,0.0
10,25,5,0.0,0.0,0.0,0.0,0.0,0.0,0.0,0.0
10,25,6,0.0,0.0,0.0,0.0,0.0,0.0,0.0,0.0
10,25,7,-0.0,-0.0,-0.0,-0.0,-0.0,-0.0,-0.0,-0.0
10,25,8,6.07620857121953,5.560761081747396,4.300634446688542,6.423645158772766,18.466961264418153,16.797708930634638,13.189592365811363,18.04447238559975
10,25,9,31.558540362838052,29.128688030043833,27.01597881290967,32.23302889034179,32.31955818056682,29.649906252429414,26.897071508627683,31.75295068777916
10,25,10,53.46902919858375,53.327480753287126,49.292774164098105,54.516707193116666,30.41858121853938,30.420105327477092,27.46469928695607,29.9179458392433
10,25,11,64.41101783928623,72.75835207631502,61.746094534947595,65.2582159753544,52.52928097407926,60.19280993104593,49.83334094157091,51.899260154856705
10,25,12,51.212809383326096,60.19813869805543,49.33732465660836,52.080654658631104,36.80164039601017,43.949593903081784,35.12150366093637,36.28843298533568
10,25,13,57.15150563652308,60.9297346617741,53.84877461998755,58.00284795477243,15.450645182044743,16.833548918486617,14.169122725330421,15.146761778147999
10,25,14,57.80133549202599,53.500821766130585,51.548766676910454,59.061474316391546,54.519247082640504,50.267379175947056,47.757244526241635,53.82374074125587
10,25,15,30.422547463864813,28.119192535924576,24.644527956915816,31.03844977223449,10.235404821275898,9.172709979307857,7.451282631397423,9.957060636781776
10,25,16,20.941701334321255,19.398429695823964,14.84415205130901,21.455161965847623,6.842361056541289,6.027585291055883,3.710108466608366,6.607417287980995
10,25,17,2.2367980675263133,1.7952036749776095,-0.0,2.00721833916066,4.309754853509202,3.716130841137159,0.7702493297928671,3.8982765464018
10,25,18,0.0,0.0,0.0,0.0,0.0,0.0,0.0,0.0
10,25,19,0.0,0.0,0.0,0.0,0.0,0.0,0.0,0.0
10,25,20,0.0,0.0,0.0,0.0,0.0,0.0,0.0,0.0
10,25,21,0.0,0.0,0.0,0.0,0.0,0.0,0.0,0.0
10,25,22,0.0,0.0,0.0,0.0,0.0,0.0,0.0,0.0
10,25,23,0.0,0.0,0.0,0.0,0.0,0.0,0.0,0.0
10,26,0,0.0,0.0,0.0,0.0,0.0,0.0,0.0,0.0
10,26,1,0.0,0.0,0.0,0.0,0.0,0.0,0.0,0.0
10,26,2,0.0,0.0,0.0,0.0,0.0,0.0,0.0,0.0
10,26,3,0.0,0.0,0.0,0.0,0.0,0.0,0.0,0.0
10,26,4,0.0,0.0,0.0,0.0,0.0,0.0,0.0,0.0
10,26,5,0.0,0.0,0.0,0.0,0.0,0.0,0.0,0.0
10,26,6,0.0,0.0,0.0,0.0,0.0,0.0,0.0,0.0
10,26,7,-0.0,-0.0,-0.0,-0.0,59.51673028422262,97.37896904894363,201.0067691784384,108.55799607802142
10,26,8,189.26371408412942,266.5891315001228,341.7467248221651,285.0960214580537,355.36442033953136,496.9589813640811,627.6899194290075,524.7934772240073
10,26,9,488.82694648266545,514.5006836014849,653.8767612388866,471.0723203524322,570.9161346930163,600.735792374032,761.8927337594548,540.7745149533316
10,26,10,647.8573101611635,545.40134017313,737.640688489576,402.59195044019594,709.5578522827973,595.4596552502531,806.9124891661303,424.3760032256757
10,26,11,738.9620620414709,538.3251986629496,779.0016240757944,232.9662128771602,791.0936314703732,573.0049081884528,832.8236727875972,227.09038012804623
10,26,12,766.456828600062,541.3860395225945,796.6880971391815,145.5239835234631,808.3649267164983,567.6600658369365,833.3333333333334,131.1547716083755
10,26,13,738.1700018779983,575.2061327264121,802.8715269344428,284.7513635039962,767.5396852639204,594.9494921427935,833.3333333333334,272.78442875514224
10,26,14,659.3593359448391,623.0201298164244,801.670175823893,421.18205608106666,678.4033081732086,639.4132960576684,826.8633619671583,411.80218426555086
10,26,15,529.4473516085532,635.0798096309388,786.1613778579699,503.85507407508965,533.4827602759333,643.1268648149647,800.0883245784717,490.9286930401205
10,26,16,339.79377947095037,544.9573617557281,737.2436761258425,430.89150873000267,324.3861466654689,526.0081952647986,716.3132247930567,406.8966444016119
10,26,17,37.79387466892759,44.966180552662514,395.10968558422286,36.32593923564137,28.32057728440195,34.17703983864354,320.2426354096355,26.955906940710484
10,26,18,0.0,0.0,0.0,0.0,0.0,0.0,0.0,0.0
10,26,19,0.0,0.0,0.0,0.0,0.0,0.0,0.0,0.0
10,26,20,0.0,0.0,0.0,0.0,0.0,0.0,0.0,0.0
10,26,21,0.0,0.0,0.0,0.0,0.0,0.0,0.0,0.0
10,26,22,0.0,0.0,0.0,0.0,0.0,0.0,0.0,0.0
10,26,23,0.0,0.0,0.0,0.0,0.0,0.0,0.0,0.0
10,27,0,0.0,0.0,0.0,0.0,0.0,0.0,0.0,0.0
10,27,1,0.0,0.0,0.0,0.0,0.0,0.0,0.0,0.0
10,27,2,0.0,0.0,0.0,0.0,0.0,0.0,0.0,0.0
10,27,3,0.0,0.0,0.0,0.0,0.0,0.0,0.0,0.0
10,27,4,0.0,0.0,0.0,0.0,0.0,0.0,0.0,0.0
10,27,5,0.0,0.0,0.0,0.0,0.0,0.0,0.0,0.0
10,27,6,0.0,0.0,0.0,0.0,0.0,0.0,0.0,0.0
10,27,7,0.5072398063958626,3.1536664406080437,9.52504308501079,4.313744822624636,57.846119575936505,93.15455758746576,195.08710767590804,104.5282544442161
10,27,8,242.37378765403813,340.1172643855606,435.7552757943142,362.04429144060606,354.45702428763036,492.1220991427066,622.7399890969541,521.1060375900115
10,27,9,512.5035780033849,537.4136822942202,682.6300040474721,491.64800402440454,566.3590759366198,593.3863071338277,753.7401884366435,538.8725684213176
10,27,10,666.2067183331545,558.7262703486903,758.7054507762134,410.95109815529185,692.4074602571826,581.1872052870053,786.6081371584437,421.75737774609144
10,27,11,747.3120131525329,542.0931078567057,788.4255293886247,232.8360445641899,769.0158544178508,557.9573498729171,810.4841182711214,231.31987503055007
10,27,12,764.2454871723991,538.2985909722472,795.3630453186832,146.98375171565584,793.265408189258,556.4537120440735,824.8585336030693,139.47401680475903
10,27,13,730.9392398783248,569.2765843688461,795.7938823043245,287.83408551708237,756.5071913442961,584.9071326988126,824.5547064201837,277.04644416029066
10,27,14,632.286883325902,595.7991913056164,770.5371378388619,412.26045399618755,672.636153207395,631.948592681283,825.7200752841176,408.7441237316797
10,27,15,516.8195891972595,616.3684420085303,765.5923902167636,493.9391213229162,522.2696330064483,628.5691626603965,789.0882990285394,479.164640848564
10,27,16,324.98989215664585,509.5468980048738,697.0019748948675,403.66152155667595,311.78295003935494,499.4563244453332,694.5856999847076,380.44621875010006
10,27,17,36.2105356949491,40.418052717852134,328.2953556235434,34.806076924072386,24.285460721874724,27.751208939975797,258.0463413018163,23.06715111003371
10,27,18,0.0,0.0,0.0,0.0,0.0,0.0,0.0,0.0
10,27,19,0.0,0.0,0.0,0.0,0.0,0.0,0.0,0.0
10,27,20,0.0,0.0,0.0,0.0,0.0,0.0,0.0,0.0
10,27,21,0.0,0.0,0.0,0.0,0.0,0.0,0.0,0.0
10,27,22,0.0,0.0,0.0,0.0,0.0,0.0,0.0,0.0
10,27,23,0.0,0.0,0.0,0.0,0.0,0.0,0.0,0.0
10,28,0,0.0,0.0,0.0,0.0,0.0,0.0,0.0,0.0
10,28,1,0.0,0.0,0.0,0.0,0.0,0.0,0.0,0.0
10,28,2,0.0,0.0,0.0,0.0,0.0,0.0,0.0,0.0
10,28,3,0.0,0.0,0.0,0.0,0.0,0.0,0.0,0.0
10,28,4,0.0,0.0,0.0,0.0,0.0,0.0,0.0,0.0
10,28,5,0.0,0.0,0.0,0.0,0.0,0.0,0.0,0.0
10,28,6,0.0,0.0,0.0,0.0,0.0,0.0,0.0,0.0
10,28,7,-0.0,-0.0,-0.0,-0.0,49.42522021775442,79.45907613081549,167.13797125927147,90.5460430591209
10,28,8,10.329779320909426,9.428048178064534,7.391107610813173,10.673780433825838,350.56753140862133,488.13331442356855,624.3400006072801,517.8161838943516
10,28,9,58.49691166337956,54.32720441049334,50.59550825749933,59.880535451031605,93.26865901601153,87.22474904176615,83.60285695464185,91.91631780120984
10,28,10,127.7222513517916,124.44898067297805,121.66058509853268,124.77414091091758,112.30223205878914,110.04090798998492,104.93537962562634,107.00511131700003
10,28,11,111.68875643517559,122.38496116619608,107.65079196998106,108.33798788873911,95.84426639051202,106.69382958905938,91.3080618400612,91.16088223658447
10,28,12,167.0409772843802,181.44765410643816,163.5472666838729,148.95718210323358,179.03810061764455,194.30198925273916,174.6160750450553,151.81786327293543
10,28,13,166.83465244668636,168.77495188512478,162.18660192488787,153.30509444887846,119.59762441718134,123.93375299143442,113.52990724202022,110.82550708109484
10,28,14,141.06202590590075,130.88644016212413,134.76267283119984,135.78722788781084,109.38648088440004,101.1266802750514,100.62215709636156,103.7132708524871
10,28,15,48.02248507513685,44.4666058493652,38.82267672144923,49.1769892950724,40.24452358557498,37.00358399810694,31.4664805048022,39.6056486641039
10,28,16,31.359951587357127,29.60684050075687,23.425576077619386,32.28694765227075,2.3745630109796916,1.8947274227578674,0.4881503754377451,2.227390905953998
10,28,17,21.577897004285667,19.761267347687664,10.675661868691595,20.66739505321045,23.758312461626964,24.998452311852166,184.05756759412287,22.470186332365284
10,28,18,0.0,0.0,0.0,0.0,0.0,0.0,0.0,0.0
10,28,19,0.0,0.0,0.0,0.0,0.0,0.0,0.0,0.0
10,28,20,0.0,0.0,0.0,0.0,0.0,0.0,0.0,0.0
10,28,21,0.0,0.0,0.0,0.0,0.0,0.0,0.0,0.0
10,28,22,0.0,0.0,0.0,0.0,0.0,0.0,0.0,0.0
10,28,23,0.0,0.0,0.0,0.0,0.0,0.0,0.0,0.0
10,29,0,0.0,0.0,0.0,0.0,0.0,0.0,0.0,0.0
10,29,1,0.0,0.0,0.0,0.0,0.0,0.0,0.0,0.0
10,29,2,0.0,0.0,0.0,0.0,0.0,0.0,0.0,0.0
10,29,3,0.0,0.0,0.0,0.0,0.0,0.0,0.0,0.0
10,29,4,0.0,0.0,0.0,0.0,0.0,0.0,0.0,0.0
10,29,5,0.0,0.0,0.0,0.0,0.0,0.0,0.0,0.0
10,29,6,0.0,0.0,0.0,0.0,0.0,0.0,0.0,0.0
10,29,7,-0.0,-0.0,0.06689158071761032,-0.0,41.379578820257095,67.11260899237925,137.83019533332742,78.47047287194727
10,29,8,33.7274696686509,31.85446128336033,27.077230527608283,35.23868768062359,11.069518332160893,9.946000500321414,7.394100450954848,10.763797893940458
10,29,9,101.80466579211526,96.64561492516658,97.39427684431905,103.05179263801551,106.22896918670567,100.22351643443928,99.05600029335393,104.25307709449804
10,29,10,72.00193025281206,70.99282290263827,66.4719272461572,72.51055417598003,2.4650203513895557,2.428552833827915,1.8383489578284666,2.3478414279593385
10,29,11,119.01914019889081,129.27103862125836,114.79241282999791,113.65257991012378,96.30997360591115,106.61341444127028,91.65139591237183,90.57314908093014
10,29,12,60.67358520372116,71.41785231106267,57.8252435042598,62.36204801813789,26.60873123889303,31.975266119492026,25.020906126433513,26.183811776393433
10,29,13,53.885111309920056,57.44168468910772,50.10506444208892,55.092108606607304,7.147465736197834,7.896213489200139,6.293899298670232,6.959055160770689
10,29,14,45.79594721704119,42.30403784655473,40.434989489576935,46.475952216739636,6.533891955007114,5.752417382055522,5.174129360436439,6.3390610762246
10,29,15,37.649287951895865,35.009011228456146,30.714420578710506,38.3510897351408,50.04605300107482,46.271989009502875,39.75760076598775,49.283811249134864
10,29,16,23.115524203500755,21.449761032576777,16.40883430195402,23.6693104829764,21.315181766788122,19.442631547773956,13.897782964709354,20.869519958916275
10,29,17,5.160323717562704,4.516803165375481,1.7668375648923467,4.825066305602214,21.63120029788275,21.95651520186955,152.30172731618092,20.42283892640026
10,29,18,0.0,0.0,0.0,0.0,0.0,0.0,0.0,0.0
10,29,19,0.0,0.0,0.0,0.0,0.0,0.0,0.0,0.0
10,29,20,0.0,0.0,0.0,0.0,0.0,0.0,0.0,0.0
10,29,21,0.0,0.0,0.0,0.0,0.0,0.0,0.0,0.0
10,29,22,0.0,0.0,0.0,0.0,0.0,0.0,0.0,0.0
10,29,23,0.0,0.0,0.0,0.0,0.0,0.0,0.0,0.0
10,30,0,0.0,0.0,0.0,0.0,0.0,0.0,0.0,0.0
10,30,1,0.0,0.0,0.0,0.0,0.0,0.0,0.0,0.0
10,30,2,0.0,0.0,0.0,0.0,0.0,0.0,0.0,0.0
10,30,3,0.0,0.0,0.0,0.0,0.0,0.0,0.0,0.0
10,30,4,0.0,0.0,0.0,0.0,0.0,0.0,0.0,0.0
10,30,5,0.0,0.0,0.0,0.0,0.0,0.0,0.0,0.0
10,30,6,0.0,0.0,0.0,0.0,0.0,0.0,0.0,0.0
10,30,7,-0.0,-0.0,-0.0,-0.0,13.437935446845191,20.046829424865866,39.020806642028596,23.673409963846577
10,30,8,6.608852761912822,6.200524284180558,4.968363513924027,7.105543218804893,297.97328113274716,406.2262572193087,521.5605819574503,436.06785754092306
10,30,9,16.452390672096822,15.092520590732848,13.867933387713872,16.73604599198656,14.309466605342152,12.951728165482152,11.34036776783011,13.972125041272083
10,30,10,44.602925786641244,44.11384618765575,40.58499989440131,45.274991662875614,55.76438392678861,55.37461783192949,50.01219334303338,55.04017027248303
10,30,11,60.686315129152256,68.67752640086664,57.37245936345235,61.7031967266695,73.51609677068284,83.18587958149078,69.15012477424041,71.63006694146635
10,30,12,74.18169780148928,85.59769176436804,70.91272398459479,73.61544970718101,99.38707038855597,113.94116931826566,94.81047688330712,93.19090181317819
10,30,13,149.04143636133102,151.4550577744123,143.5863056000723,138.95580170836195,99.98321285487498,104.4699632334652,93.6433922587465,94.41988197138892
10,30,14,136.83975366485154,126.8447086630662,129.79751527022023,132.09933264280693,75.53797652034999,69.72973712642614,66.7923375598259,73.32867921031861
10,30,15,96.4960404510186,93.34427414152567,89.6018868380331,97.90602043236431,62.397663358867696,58.440928408276605,51.71037940103708,61.29792288869225
10,30,16,79.5962831181294,91.29202459300338,94.25838297637178,85.65703314074838,72.97907999201621,82.20141261372977,82.10599620781129,75.69407706930217
10,30,17,14.576645641787131,13.257044883270432,6.685921506640625,13.907418050749857,6.650011331409501,5.890796831259923,2.012741361630411,6.121916875013323
10,30,18,0.0,0.0,0.0,0.0,0.0,0.0,0.0,0.0
10,30,19,0.0,0.0,0.0,0.0,0.0,0.0,0.0,0.0
10,30,20,0.0,0.0,0.0,0.0,0.0,0.0,0.0,0.0
10,30,21,0.0,0.0,0.0,0.0,0.0,0.0,0.0,0.0
10,30,22,0.0,0.0,0.0,0.0,0.0,0.0,0.0,0.0
10,30,23,0.0,0.0,0.0,0.0,0.0,0.0,0.0,0.0
10,31,0,0.0,0.0,0.0,0.0,0.0,0.0,0.0,0.0
10,31,1,0.0,0.0,0.0,0.0,0.0,0.0,0.0,0.0
10,31,2,0.0,0.0,0.0,0.0,0.0,0.0,0.0,0.0
10,31,3,0.0,0.0,0.0,0.0,0.0,0.0,0.0,0.0
10,31,4,0.0,0.0,0.0,0.0,0.0,0.0,0.0,0.0
10,31,5,0.0,0.0,0.0,0.0,0.0,0.0,0.0,0.0
10,31,6,0.0,0.0,0.0,0.0,0.0,0.0,0.0,0.0
10,31,7,0.42073685139175154,2.8872251457931934,10.31976253649738,4.1331968951641,71.89896482028354,99.06167459414436,245.00289433943752,107.13112672788792
10,31,8,245.92533134716876,340.88944702950005,444.7343294291498,364.2735460141205,410.33733835832055,565.6106386276205,728.1710621131831,598.6084453094147
10,31,9,553.9679640193283,573.7490043131261,740.9849114398273,528.3169636918905,637.8348087955037,660.910014638774,833.3333333333334,597.2649526953926
10,31,10,729.7248468523521,603.2341577347241,833.3333333333334,445.4992896003161,785.9545312553398,644.2985779833177,833.3333333333334,456.1458382697815
10,31,11,812.6844049520348,578.8686002993005,833.3333333333334,247.4903899519959,833.3333333333334,607.4033174684666,833.3333333333334,232.00957428027084
10,31,12,833.3333333333334,576.5115180611641,833.3333333333334,154.18237122137324,833.3333333333334,595.3799552829441,833.3333333333334,133.87398706920092
10,31,13,796.404150388937,609.8386731181821,833.3333333333334,304.5970990695099,829.2886199893258,627.5392125321628,833.3333333333334,286.38245957503693
10,31,14,706.3013612761501,658.7766698563544,833.3333333333334,448.91042323475114,718.922892655575,667.8052966744559,833.3333333333334,427.60758386309556
10,31,15,561.6667315896382,665.3670077443307,833.3333333333334,529.9229515191241,561.1179000176269,669.1573478327724,833.3333333333334,511.15107493584287
10,31,16,351.5029772525701,524.8444657655431,768.162940157496,410.28517845809273,327.9788764798593,494.29147010404864,729.2161059024179,378.7817805031365
10,31,17,22.658313833431382,24.035631101053337,398.1995781545395,21.703065012066446,15.06300286778886,16.173465265488897,300.59467715502507,14.191591148138167
10,31,18,0.0,0.0,0.0,0.0,0.0,0.0,0.0,0.0
10,31,19,0.0,0.0,0.0,0.0,0.0,0.0,0.0,0.0
10,31,20,0.0,0.0,0.0,0.0,0.0,0.0,0.0,0.0
10,31,21,0.0,0.0,0.0,0.0,0.0,0.0,0.0,0.0
10,31,22,0.0,0.0,0.0,0.0,0.0,0.0,0.0,0.0
10,31,23,0.0,0.0,0.0,0.0,0.0,0.0,0.0,0.0
11,1,0,0.0,0.0,0.0,0.0,0.0,0.0,0.0,0.0
11,1,1,0.0,0.0,0.0,0.0,0.0,0.0,0.0,0.0
11,1,2,0.0,0.0,0.0,0.0,0.0,0.0,0.0,0.0
11,1,3,0.0,0.0,0.0,0.0,0.0,0.0,0.0,0.0
11,1,4,0.0,0.0,0.0,0.0,0.0,0.0,0.0,0.0
11,1,5,0.0,0.0,0.0,0.0,0.0,0.0,0.0,0.0
11,1,6,0.0,0.0,0.0,0.0,0.0,0.0,0.0,0.0
11,1,7,-0.0,0.8427726886798884,6.142568116268819,1.768112839808739,-0.0,-0.0,-0.0,-0.0
11,1,8,257.09701007177426,354.55129004663786,462.51734033728945,378.087149833395,390.24647814296657,537.4985036357394,697.5357343011847,570.9498345446435
11,1,9,541.1973294243272,559.0036183802835,724.8558309854843,514.7057603993677,610.6284181063606,630.4721206367793,819.9650580329998,572.7944881583364
11,1,10,694.5667693022027,572.1152912318686,795.4401553682186,422.6876623782275,757.8810069600864,619.3400300500007,833.3333333333334,442.2404709089553
11,1,11,770.9085301174993,546.5375375528291,818.3057689335672,233.11506194840902,832.4969527938875,581.33288188762,833.3333333333334,228.20599015419813
11,1,12,785.2482334882732,540.1452715875974,822.4270866864548,145.5181838013364,833.3333333333334,569.815941617205,833.3333333333334,133.14772989487477
11,1,13,749.3826966915788,572.0573603735533,821.263775801771,288.04161546210395,791.9375061385485,596.3787189144609,833.3333333333334,275.3500000997228
11,1,14,663.3091876556566,617.0030165718274,812.1919030715837,423.18898448523777,683.6727664169972,633.1196779476115,833.3333333333334,408.9036346887337
11,1,15,527.9548351424463,623.6949456990881,790.7104792271297,498.75478924005307,527.462197765125,626.3964583919104,800.013485610244,481.53730233024976
11,1,16,327.36993540558996,482.1056136800289,713.9463084508967,376.16662805940956,309.94390072849154,460.87240431319543,687.738276615298,352.7418980136671
11,1,17,20.462818557584473,20.34332154218797,338.4844044593795,19.58769358789394,12.623452399557754,12.707176921994256,258.2649608565417,11.836519389668567
11,1,18,0.0,0.0,0.0,0.0,0.0,0.0,0.0,0.0
11,1,19,0.0,0.0,0.0,0.0,0.0,0.0,0.0,0.0
11,1,20,0.0,0.0,0.0,0.0,0.0,0.0,0.0,0.0
11,1,21,0.0,0.0,0.0,0.0,0.0,0.0,0.0,0.0
11,1,22,0.0,0.0,0.0,0.0,0.0,0.0,0.0,0.0
11,1,23,0.0,0.0,0.0,0.0,0.0,0.0,0.0,0.0
11,2,0,0.0,0.0,0.0,0.0,0.0,0.0,0.0,0.0
11,2,1,0.0,0.0,0.0,0.0,0.0,0.0,0.0,0.0
11,2,2,0.0,0.0,0.0,0.0,0.0,0.0,0.0,0.0
11,2,3,0.0,0.0,0.0,0.0,0.0,0.0,0.0,0.0
11,2,4,0.0,0.0,0.0,0.0,0.0,0.0,0.0,0.0
11,2,5,0.0,0.0,0.0,0.0,0.0,0.0,0.0,0.0
11,2,6,0.0,0.0,0.0,0.0,0.0,0.0,0.0,0.0
11,2,7,-0.0,-0.0,2.4633234977910377,-0.0,-0.0,-0.0,-0.0,-0.0
11,2,8,240.53333589690595,332.19635045008226,437.58255540546804,355.57541472141276,385.916914364344,528.8332322693485,686.9176658080954,562.103686587775
11,2,9,535.3861967983179,551.4445452699063,718.7379072315872,508.7951122779513,604.1118517639148,621.9879276952923,810.3435395893007,565.6297864781163
11,2,10,697.2227007433687,572.1524596185968,799.9240465119858,423.5616922125939,742.4726810642975,606.0573574366385,833.3333333333334,433.3320448483598
11,2,11,777.7981937806916,548.742026849901,826.8679508681108,234.6742271937297,812.7410606482887,568.1827390474808,833.3333333333334,221.5826662528992
11,2,12,797.1661338740062,545.4019296498262,833.3333333333334,146.2654821111231,828.4324289675804,561.4370567772256,833.3333333333334,129.31186452785508
11,2,13,759.160647532027,576.9172604831457,833.2249736062575,289.81785285259184,783.2150411755143,590.3332077134969,833.3333333333334,273.8689106788021
11,2,14,678.3415376427048,629.2173834560949,831.8109290706901,430.73301845081045,684.7015146330981,633.1089929449639,833.3333333333334,412.32208415036393
11,2,15,544.747485907665,642.6820992398051,818.3273987644128,512.2712531722392,529.1192303829035,625.9945409299926,799.9009868538301,485.9223987994666
11,2,16,336.9732748710769,488.46320034331023,737.789161632994,380.8180563406969,309.6550649357185,451.15103501637157,682.908446948706,348.14123571806624
11,2,17,16.219660799111477,15.478193541728476,373.615204582772,15.490568081782488,9.889768310933293,9.424737206409771,269.3373638062717,9.220683345574198
11,2,18,0.0,0.0,0.0,0.0,0.0,0.0,0.0,0.0
11,2,19,0.0,0.0,0.0,0.0,0.0,0.0,0.0,0.0
11,2,20,0.0,0.0,0.0,0.0,0.0,0.0,0.0,0.0
11,2,21,0.0,0.0,0.0,0.0,0.0,0.0,0.0,0.0
11,2,22,0.0,0.0,0.0,0.0,0.0,0.0,0.0,0.0
11,2,23,0.0,0.0,0.0,0.0,0.0,0.0,0.0,0.0
11,3,0,0.0,0.0,0.0,0.0,0.0,0.0,0.0,0.0
11,3,1,0.0,0.0,0.0,0.0,0.0,0.0,0.0,0.0
11,3,2,0.0,0.0,0.0,0.0,0.0,0.0,0.0,0.0
11,3,3,0.0,0.0,0.0,0.0,0.0,0.0,0.0,0.0
11,3,4,0.0,0.0,0.0,0.0,0.0,0.0,0.0,0.0
11,3,5,0.0,0.0,0.0,0.0,0.0,0.0,0.0,0.0
11,3,6,0.0,0.0,0.0,0.0,0.0,0.0,0.0,0.0
11,3,7,123.36820789455159,163.12231779318594,394.69525871374924,182.29234540223172,-0.0,-0.0,-0.0,-0.0
11,3,8,393.8314125941371,531.4079077765808,687.706732007979,568.4628160557625,352.23318767683025,481.3935746602225,631.3178450231866,515.5850353825676
11,3,9,574.9189142849505,590.0022191925951,767.7910051798708,547.9911081064934,572.6024802092497,588.0091303954887,774.377762018963,540.3180011578021
11,3,10,682.9378160285725,560.9639206731945,782.6501843596159,421.5452761425588,715.6911267079605,581.5847278487507,826.2418075521863,424.8864098947993
11,3,11,738.5604487967345,521.9834877122132,786.1109328412903,232.44876176567124,798.6942122033131,553.2849980429254,833.3333333333334,230.5835343699301
11,3,12,744.0577476436865,508.66878498562335,781.734041428299,145.37998233957293,821.8625951046422,548.4123458324609,833.3333333333334,137.71313380568245
11,3,13,701.6445742524469,532.0056238391401,771.5538071491382,272.3869829430481,777.8002427867341,579.9402804032819,833.3333333333334,275.3809662866259
11,3,14,609.6388883145831,563.44042256702,752.1173976917352,386.294424029991,677.7415991345073,623.2714722114539,833.3333333333334,402.698555126043
11,3,15,455.12149202357614,535.8427452139131,688.683409149138,426.47250900777095,514.4815129876788,608.9379177962785,789.8632915074734,464.13576834080664
11,3,16,203.29802737357252,296.71438995089846,460.56530869781284,225.18390469436633,295.2470914871871,427.3811790327313,663.5981484013242,322.0295253875651
11,3,17,1.4421294290708986,1.0529621005113563,-0.0,1.2412883578970242,9.974919800698387,8.975814497324555,3.7724542956489557,9.3566623853298
11,3,18,0.0,0.0,0.0,0.0,0.0,0.0,0.0,0.0
11,3,19,0.0,0.0,0.0,0.0,0.0,0.0,0.0,0.0
11,3,20,0.0,0.0,0.0,0.0,0.0,0.0,0.0,0.0
11,3,21,0.0,0.0,0.0,0.0,0.0,0.0,0.0,0.0
11,3,22,0.0,0.0,0.0,0.0,0.0,0.0,0.0,0.0
11,3,23,0.0,0.0,0.0,0.0,0.0,0.0,0.0,0.0
11,4,0,0.0,0.0,0.0,0.0,0.0,0.0,0.0,0.0
11,4,1,0.0,0.0,0.0,0.0,0.0,0.0,0.0,0.0
11,4,2,0.0,0.0,0.0,0.0,0.0,0.0,0.0,0.0
11,4,3,0.0,0.0,0.0,0.0,0.0,0.0,0.0,0.0
11,4,4,0.0,0.0,0.0,0.0,0.0,0.0,0.0,0.0
11,4,5,0.0,0.0,0.0,0.0,0.0,0.0,0.0,0.0
11,4,6,0.0,0.0,0.0,0.0,0.0,0.0,0.0,0.0
11,4,7,106.5091795917425,140.46035224202797,334.66643596176584,160.17677383848653,-0.0,-0.0,-0.0,-0.0
11,4,8,368.45395173290785,494.28566277924614,642.9406748865819,532.1613726797422,307.6122344948516,416.6409859143604,547.8594900585155,449.5974995324617
11,4,9,545.7898239710119,557.9598848143037,728.15166281868,523.3141489779499,558.0986273619591,571.5180000144089,755.2952776274046,526.6077551954774
11,4,10,665.9694282325784,545.1762978503994,765.9628750562356,413.3295004587554,695.790440553826,564.4437873291021,802.9586556721098,413.40607498325676
11,4,11,721.9077741721264,507.0152462739944,771.2109407412604,231.35622951547117,774.2008460526321,535.8366796321117,827.0608658290201,223.7844419204112
11,4,12,727.9408929932155,493.7199461901152,767.5413460283778,145.46204576331482,796.5811840679006,531.8422282602908,833.3333333333334,137.20485134516974
11,4,13,688.676689016152,520.9347108715214,759.7269594116333,272.75800886816603,753.8736775516035,561.6684661121769,833.3333333333334,270.3876316222054
11,4,14,589.0855413988706,542.9842716639217,727.1518525698062,376.9609018666575,659.338058185073,604.9082249369059,822.5310478992719,394.82662045981033
11,4,15,435.4710688159532,511.12111790140983,660.8742227627773,406.99493242362433,502.3476940674084,592.3096747539332,770.5725644462134,453.7119166404714
11,4,16,213.10796927921788,305.37266234323465,479.0230083488703,232.3505449656716,282.61316864849647,402.5745122435752,634.1861898760867,302.73514691700444
11,4,17,0.5690440727995558,0.24267812478487322,-0.0,0.40031141623198996,9.983241652663175,8.98346308366007,3.7541512553217786,9.363857580534916
11,4,18,0.0,0.0,0.0,0.0,0.0,0.0,0.0,0.0
11,4,19,0.0,0.0,0.0,0.0,0.0,0.0,0.0,0.0
11,4,20,0.0,0.0,0.0,0.0,0.0,0.0,0.0,0.0
11,4,21,0.0,0.0,0.0,0.0,0.0,0.0,0.0,0.0
11,4,22,0.0,0.0,0.0,0.0,0.0,0.0,0.0,0.0
11,4,23,0.0,0.0,0.0,0.0,0.0,0.0,0.0,0.0
11,5,0,0.0,0.0,0.0,0.0,0.0,0.0,0.0,0.0
11,5,1,0.0,0.0,0.0,0.0,0.0,0.0,0.0,0.0
11,5,2,0.0,0.0,0.0,0.0,0.0,0.0,0.0,0.0
11,5,3,0.0,0.0,0.0,0.0,0.0,0.0,0.0,0.0
11,5,4,0.0,0.0,0.0,0.0,0.0,0.0,0.0,0.0
11,5,5,0.0,0.0,0.0,0.0,0.0,0.0,0.0,0.0
11,5,6,0.0,0.0,0.0,0.0,0.0,0.0,0.0,0.0
11,5,7,112.93128613572641,145.683301660998,368.26054919713226,164.59694676884368,-0.0,-0.0,-0.0,-0.0
11,5,8,389.97567415703475,523.8955881207478,684.4081600710663,563.1531265831774,327.39596432152007,443.24317402691776,584.2026113395091,477.66040714900663
11,5,9,576.3839016718525,588.47833776933,772.8179904340702,548.4744199020288,556.6515869073343,568.3446257439641,752.6668102961421,523.9207006585049
11,5,10,688.3135872435516,560.9875455920434,791.4514029484855,420.8279672701895,696.0739345910335,563.9375182982891,802.335520176918,412.5880058437347
11,5,11,748.6701735744156,522.8204785855526,799.1273262044547,229.02162502416112,773.430592489606,535.1682218573927,825.8712645175708,220.5650744643996
11,5,12,755.9187784039212,510.4680044473889,796.3114839743962,141.22503138649301,791.2620908638715,529.0499723338958,833.3333333333334,131.2093813329233
11,5,13,712.071530954116,534.8500061352019,785.1951455441115,271.7261506066436,750.6913546327261,559.6215841585761,828.6980462528068,267.48802993046496
11,5,14,613.6099901252398,563.9270610929857,757.3828857942065,387.16900449585467,654.3561182240647,599.5085700050527,810.7480871509456,394.60700471245735
11,5,15,461.71171016745336,541.6985840721183,702.8568633876243,428.7958652346517,509.9171030669377,599.2993959653396,779.4445132735656,462.1690629170654
11,5,16,228.45995966707733,324.70505364784015,522.1947493932852,244.5054147519703,291.1309767033782,409.55106781195985,652.5462632867885,309.85448341028064
11,5,17,0.0,0.0,0.0,0.0,0.0,0.0,0.0,0.0
11,5,18,0.0,0.0,0.0,0.0,0.0,0.0,0.0,0.0
11,5,19,0.0,0.0,0.0,0.0,0.0,0.0,0.0,0.0
11,5,20,0.0,0.0,0.0,0.0,0.0,0.0,0.0,0.0
11,5,21,0.0,0.0,0.0,0.0,0.0,0.0,0.0,0.0
11,5,22,0.0,0.0,0.0,0.0,0.0,0.0,0.0,0.0
11,5,23,0.0,0.0,0.0,0.0,0.0,0.0,0.0,0.0
11,6,0,0.0,0.0,0.0,0.0,0.0,0.0,0.0,0.0
11,6,1,0.0,0.0,0.0,0.0,0.0,0.0,0.0,0.0
11,6,2,0.0,0.0,0.0,0.0,0.0,0.0,0.0,0.0
11,6,3,0.0,0.0,0.0,0.0,0.0,0.0,0.0,0.0
11,6,4,0.0,0.0,0.0,0.0,0.0,0.0,0.0,0.0
11,6,5,0.0,0.0,0.0,0.0,0.0,0.0,0.0,0.0
11,6,6,0.0,0.0,0.0,0.0,0.0,0.0,0.0,0.0
11,6,7,32.12421003268151,45.32742365436041,87.35659612855547,55.76882167267173,-0.0,-0.0,-0.0,-0.0
11,6,8,329.92216064740984,436.57710847858993,570.7605976632879,475.01670055387655,280.37882323830144,376.6685818456985,497.84531022407015,408.7295236494632
11,6,9,507.5777190630167,515.2150115126982,676.0421256189555,489.42276272614,500.1767658672803,508.6833783523726,672.6545135792453,473.2121187067971
11,6,10,601.0078177537226,493.2388876130793,690.9398816923283,389.0024732367324,635.1954609684988,514.9192721478199,733.0384754688988,383.80217840436774
11,6,11,593.1507920486239,430.42675835640586,634.0539573325847,234.6748418213796,702.5829048365177,487.94004831385274,752.4428637973126,216.87669979002098
11,6,12,44.708568297639864,52.903534908181335,41.63108506637039,45.90027888251183,118.97819807629196,132.80492371561817,112.89426965998695,107.73815735145537
11,6,13,55.78189374970723,59.00905170386306,50.816373259381265,57.08387285735137,26.694790641947673,28.489395981448105,23.82755229239062,26.469799628093416
11,6,14,146.44727917763544,135.03784605087395,140.84149770194443,138.15067451309196,110.21216520502294,101.51735334477506,101.1897317884125,103.96840280654376
11,6,15,28.419766966980887,26.11211175118121,21.84212322162875,29.065199405643764,52.560721167677926,49.07866249067826,42.65107871820085,52.08932538967367
11,6,16,1.1536303617867087,0.7779076885353204,-0.0,1.2160862885463495,26.465114907690012,25.339824766752706,19.725152271822175,26.318906677423037
11,6,17,0.0,0.0,0.0,0.0,0.0,0.0,0.0,0.0
11,6,18,0.0,0.0,0.0,0.0,0.0,0.0,0.0,0.0
11,6,19,0.0,0.0,0.0,0.0,0.0,0.0,0.0,0.0
11,6,20,0.0,0.0,0.0,0.0,0.0,0.0,0.0,0.0
11,6,21,0.0,0.0,0.0,0.0,0.0,0.0,0.0,0.0
11,6,22,0.0,0.0,0.0,0.0,0.0,0.0,0.0,0.0
11,6,23,0.0,0.0,0.0,0.0,0.0,0.0,0.0,0.0
11,7,0,0.0,0.0,0.0,0.0,0.0,0.0,0.0,0.0
11,7,1,0.0,0.0,0.0,0.0,0.0,0.0,0.0,0.0
11,7,2,0.0,0.0,0.0,0.0,0.0,0.0,0.0,0.0
11,7,3,0.0,0.0,0.0,0.0,0.0,0.0,0.0,0.0
11,7,4,0.0,0.0,0.0,0.0,0.0,0.0,0.0,0.0
11,7,5,0.0,0.0,0.0,0.0,0.0,0.0,0.0,0.0
11,7,6,0.0,0.0,0.0,0.0,0.0,0.0,0.0,0.0
11,7,7,0.6214305107701862,0.316076894071062,-0.0,0.6927854550646318,-0.0,-0.0,-0.0,-0.0
11,7,8,42.433303869572,40.05834607867388,33.73593540274444,44.472789151583946,5.36192176599698,4.660451219265351,2.897731647771624,5.156543350313312
11,7,9,73.76379013727453,68.73686306764372,64.3399275969507,75.37441060405531,50.18212932634697,46.29290230510914,41.026132582999075,49.38927500355835
11,7,10,133.3588809350336,127.24883205691808,125.6321657721399,129.03025375613828,94.10320431406862,90.6950896075923,85.70596321796373,89.4303163785423
11,7,11,203.3203531005931,204.95156088333025,198.47233819438748,172.5388229777535,201.51429980104146,201.4076493881855,195.77334906269712,159.18663527579534
11,7,12,469.4416281837645,351.3739314587333,492.8958194649835,176.40275838248226,477.9517738176114,377.3318217045893,495.10536884789497,192.63706149259235
11,7,13,537.7503971259799,414.488666720457,593.4572518817282,250.2342631820555,541.1481361328691,425.5246819037147,589.2902746709592,253.71601462609203
11,7,14,510.30725839143656,466.05148667801825,626.2497212791149,339.6492180170729,505.2472638279155,459.78529553616073,607.5313777079892,332.87540565212976
11,7,15,385.78491398042956,446.9519657983073,584.9325410685418,359.5269574458074,380.8642396617561,429.7009666320661,544.6306036577911,349.0937835674446
11,7,16,97.20266521218296,129.85657192382072,199.87977672189857,100.61590659211521,308.88149233734515,423.4840035988388,702.2273274102599,314.413269370921
11,7,17,0.0,0.0,0.0,0.0,0.0,0.0,0.0,0.0
11,7,18,0.0,0.0,0.0,0.0,0.0,0.0,0.0,0.0
11,7,19,0.0,0.0,0.0,0.0,0.0,0.0,0.0,0.0
11,7,20,0.0,0.0,0.0,0.0,0.0,0.0,0.0,0.0
11,7,21,0.0,0.0,0.0,0.0,0.0,0.0,0.0,0.0
11,7,22,0.0,0.0,0.0,0.0,0.0,0.0,0.0,0.0
11,7,23,0.0,0.0,0.0,0.0,0.0,0.0,0.0,0.0
11,8,0,0.0,0.0,0.0,0.0,0.0,0.0,0.0,0.0
11,8,1,0.0,0.0,0.0,0.0,0.0,0.0,0.0,0.0
11,8,2,0.0,0.0,0.0,0.0,0.0,0.0,0.0,0.0
11,8,3,0.0,0.0,0.0,0.0,0.0,0.0,0.0,0.0
11,8,4,0.0,0.0,0.0,0.0,0.0,0.0,0.0,0.0
11,8,5,0.0,0.0,0.0,0.0,0.0,0.0,0.0,0.0
11,8,6,0.0,0.0,0.0,0.0,0.0,0.0,0.0,0.0
11,8,7,11.584400460030691,14.533144485469824,26.068749696498667,17.890380883481527,-0.0,-0.0,-0.0,-0.0
11,8,8,55.05494524491399,53.54090932434979,48.00894471004055,59.54456785439969,337.921702986679,454.5084515688959,605.4942851255066,492.4182185153585
11,8,9,103.8014957106312,97.41381843326744,95.37919838426703,105.76413118367024,83.82669587161655,78.03262020964422,73.06017372034972,82.00242005787346
11,8,10,122.22099929257026,116.714163629965,114.39542689882573,118.7261844536915,105.49135206173676,101.40960610743791,96.10502464061496,99.61731524563316
11,8,11,195.2776884927556,200.31004982967585,189.4000683694107,172.16758441532093,146.1397139632344,155.28317733718734,138.3113771948437,129.14083963363225
11,8,12,270.29374361222096,272.2677480831343,266.59348649658375,210.59030845565786,325.4223951510605,293.1953620839526,329.1021770158508,189.13375308834162
11,8,13,246.33204585423346,235.70531528839354,243.2321806578165,206.89968510717557,261.90920765987096,245.975367736315,258.8791162850514,198.75822307201904
11,8,14,242.1445120628051,222.15328832963198,247.81904697407785,215.75593485729735,239.77496318064186,219.0340912651267,244.8160559768612,200.027912132307
11,8,15,128.48775256423156,127.05165862100053,130.0029270957213,129.26445009288557,193.73368039800084,198.19946695879463,217.2162137588558,185.18800064407912
11,8,16,101.57973939162423,130.31761361943387,185.38631835980055,104.2124712769141,295.00758251127274,397.315477934986,661.9643081237282,297.90019658621435
11,8,17,0.0,0.0,0.0,0.0,0.0,0.0,0.0,0.0
11,8,18,0.0,0.0,0.0,0.0,0.0,0.0,0.0,0.0
11,8,19,0.0,0.0,0.0,0.0,0.0,0.0,0.0,0.0
11,8,20,0.0,0.0,0.0,0.0,0.0,0.0,0.0,0.0
11,8,21,0.0,0.0,0.0,0.0,0.0,0.0,0.0,0.0
11,8,22,0.0,0.0,0.0,0.0,0.0,0.0,0.0,0.0
11,8,23,0.0,0.0,0.0,0.0,0.0,0.0,0.0,0.0
11,9,0,0.0,0.0,0.0,0.0,0.0,0.0,0.0,0.0
11,9,1,0.0,0.0,0.0,0.0,0.0,0.0,0.0,0.0
11,9,2,0.0,0.0,0.0,0.0,0.0,0.0,0.0,0.0
11,9,3,0.0,0.0,0.0,0.0,0.0,0.0,0.0,0.0
11,9,4,0.0,0.0,0.0,0.0,0.0,0.0,0.0,0.0
11,9,5,0.0,0.0,0.0,0.0,0.0,0.0,0.0,0.0
11,9,6,0.0,0.0,0.0,0.0,0.0,0.0,0.0,0.0
11,9,7,79.47377046274545,105.31870276177925,293.349080934854,121.80554292896784,-0.0,-0.0,-0.0,-0.0
11,9,8,377.3829103512313,501.9740949711947,666.8335107321792,545.2130211957381,338.0217575729099,455.34114745198104,610.8101562018533,493.9628690745293
11,9,9,568.1822373737984,574.4411857913733,766.5473851464221,539.7272705641041,562.483156040124,568.4806717330805,762.8075615948621,524.7774278689565
11,9,10,681.7185358013451,549.1193885169712,788.4701419503441,414.9602990770937,701.4268201663843,559.4477343867986,813.4306284865083,404.148813607488
11,9,11,738.9459586208376,507.5568044829828,793.1857351268887,224.89438820485972,774.2163672489921,523.3470934759608,830.6492758841715,203.46776389260617
11,9,12,743.3654263756612,492.686955493056,787.3211849217188,136.09733859988785,788.3914347382259,514.9579236592573,833.3333333333334,115.68211949738154
11,9,13,696.6469408038602,515.0945194438223,772.1667994662693,262.11725388265745,746.1991591980021,545.3484765486864,827.7506238930222,250.98544213554905
11,9,14,597.5692319713197,542.6184573889326,741.331229873512,373.253744886106,651.923587581554,589.2487737459434,812.5481674702207,380.66243838686677
11,9,15,447.5590497405344,519.4350426689228,685.1505954500038,410.8986397114133,502.63702719924527,584.6527228008281,772.850045321532,448.3264397383999
11,9,16,222.46754958860566,297.5213876797353,512.5338295882764,222.79034863773444,285.5361429390015,377.0347502919203,642.5039036735398,284.0618351177981
11,9,17,0.0,0.0,0.0,0.0,0.0,0.0,0.0,0.0
11,9,18,0.0,0.0,0.0,0.0,0.0,0.0,0.0,0.0
11,9,19,0.0,0.0,0.0,0.0,0.0,0.0,0.0,0.0
11,9,20,0.0,0.0,0.0,0.0,0.0,0.0,0.0,0.0
11,9,21,0.0,0.0,0.0,0.0,0.0,0.0,0.0,0.0
11,9,22,0.0,0.0,0.0,0.0,0.0,0.0,0.0,0.0
11,9,23,0.0,0.0,0.0,0.0,0.0,0.0,0.0,0.0
11,10,0,0.0,0.0,0.0,0.0,0.0,0.0,0.0,0.0
11,10,1,0.0,0.0,0.0,0.0,0.0,0.0,0.0,0.0
11,10,2,0.0,0.0,0.0,0.0,0.0,0.0,0.0,0.0
11,10,3,0.0,0.0,0.0,0.0,0.0,0.0,0.0,0.0
11,10,4,0.0,0.0,0.0,0.0,0.0,0.0,0.0,0.0
11,10,5,0.0,0.0,0.0,0.0,0.0,0.0,0.0,0.0
11,10,6,0.0,0.0,0.0,0.0,0.0,0.0,0.0,0.0
11,10,7,67.33621520217407,89.05470834857178,243.62898922067046,104.29310068269574,-0.0,-0.0,-0.0,-0.0
11,10,8,286.70401316573805,374.15282208833924,495.45705737523446,411.47310165994674,331.73007254770613,445.3256762131509,598.4349402778597,484.3049251375323
11,10,9,452.0412448392834,452.8544120471192,597.9928539673843,437.49476282202534,551.5220539973636,555.9686244724859,745.581287261655,515.6728814068805
11,10,10,573.4464413896776,471.12016118635114,655.343177020751,385.4672369669183,459.3068783581221,375.4875992104675,525.9288011808778,300.8246126025033
11,10,11,536.3977381374538,391.54725681158783,575.2257067463937,230.04450865895842,495.58564203605283,371.4259610197773,525.567916511342,211.64661041455724
11,10,12,608.8142930544235,417.17660437809536,646.331185709984,157.96029665362715,584.6574171220922,407.77579534232746,618.4065421715835,156.05879564551708
11,10,13,496.7034162279882,380.3264115045269,549.2056264038936,232.59907527148354,516.9533177027283,401.4136922056937,564.1290554489382,235.3205833683023
11,10,14,439.8849496455981,399.20047673422096,526.4630890392185,310.74650521710504,465.47553754453895,420.3494672959202,559.2907753636337,305.98708462552105
11,10,15,308.39976363333443,345.7437910757654,443.8378833026444,289.2311836386817,377.40264739996644,427.3903961070611,554.7059831206695,343.38767868497985
11,10,16,38.30116209380372,40.57087550154346,40.31372966673373,38.81375511734196,269.4017700148405,351.98786937786195,601.2824826065121,264.12594382042147
11,10,17,0.0,0.0,0.0,0.0,0.0,0.0,0.0,0.0
11,10,18,0.0,0.0,0.0,0.0,0.0,0.0,0.0,0.0
11,10,19,0.0,0.0,0.0,0.0,0.0,0.0,0.0,0.0
11,10,20,0.0,0.0,0.0,0.0,0.0,0.0,0.0,0.0
11,10,21,0.0,0.0,0.0,0.0,0.0,0.0,0.0,0.0
11,10,22,0.0,0.0,0.0,0.0,0.0,0.0,0.0,0.0
11,10,23,0.0,0.0,0.0,0.0,0.0,0.0,0.0,0.0
11,11,0,0.0,0.0,0.0,0.0,0.0,0.0,0.0,0.0
11,11,1,0.0,0.0,0.0,0.0,0.0,0.0,0.0,0.0
11,11,2,0.0,0.0,0.0,0.0,0.0,0.0,0.0,0.0
11,11,3,0.0,0.0,0.0,0.0,0.0,0.0,0.0,0.0
11,11,4,0.0,0.0,0.0,0.0,0.0,0.0,0.0,0.0
11,11,5,0.0,0.0,0.0,0.0,0.0,0.0,0.0,0.0
11,11,6,0.0,0.0,0.0,0.0,0.0,0.0,0.0,0.0
11,11,7,-0.0,-0.0,-0.0,-0.0,-0.0,-0.0,-0.0,-0.0
11,11,8,8.152750112060303,7.335253228645838,5.253151919879364,8.387812091889831,2.6711009876192877,2.1708054385189137,0.8610387251736371,2.5193812480441373
11,11,9,17.003338582251043,15.52790365183832,13.531311110027392,17.337793188779038,23.468712928300747,21.439541571326043,18.322724224594925,22.97967945710652
11,11,10,39.415607980241326,38.28575785756956,34.634156404442855,40.108972732132926,35.034323059101354,34.077608312697684,30.149842149849892,34.43640144107604
11,11,11,75.10242512165722,83.51730938530949,69.42400520830476,75.05285222472932,4.673646426282663,5.822973189582522,3.8838400974224263,4.51898008708736
11,11,12,112.97118181433372,105.73518159416408,112.27449808933473,75.8661762675767,76.33665154051113,88.5366795872494,70.3329708420775,72.92936294473105
11,11,13,151.5379310717235,126.58362798700448,160.79994444235484,93.949702915342,56.024317714047804,59.32170395323818,49.78100479985123,55.26586855381878
11,11,14,181.2620148469426,164.02632064383542,215.98867247664955,132.0556175981638,542.7328529148883,487.9372231612112,666.4889164913479,345.08163827806624
11,11,15,186.0327314378026,205.5760457268715,262.00979337421717,175.75892246026095,403.51804488996896,452.8929571579028,586.4469859230965,362.1746029065001
11,11,16,173.32069446102412,224.49560093291066,339.10276228561287,172.23509716902282,199.2503197187385,266.7089486331667,386.5350202080936,192.72515219468914
11,11,17,0.0,0.0,0.0,0.0,0.0,0.0,0.0,0.0
11,11,18,0.0,0.0,0.0,0.0,0.0,0.0,0.0,0.0
11,11,19,0.0,0.0,0.0,0.0,0.0,0.0,0.0,0.0
11,11,20,0.0,0.0,0.0,0.0,0.0,0.0,0.0,0.0
11,11,21,0.0,0.0,0.0,0.0,0.0,0.0,0.0,0.0
11,11,22,0.0,0.0,0.0,0.0,0.0,0.0,0.0,0.0
11,11,23,0.0,0.0,0.0,0.0,0.0,0.0,0.0,0.0
11,12,0,0.0,0.0,0.0,0.0,0.0,0.0,0.0,0.0
11,12,1,0.0,0.0,0.0,0.0,0.0,0.0,0.0,0.0
11,12,2,0.0,0.0,0.0,0.0,0.0,0.0,0.0,0.0
11,12,3,0.0,0.0,0.0,0.0,0.0,0.0,0.0,0.0
11,12,4,0.0,0.0,0.0,0.0,0.0,0.0,0.0,0.0
11,12,5,0.0,0.0,0.0,0.0,0.0,0.0,0.0,0.0
11,12,6,0.0,0.0,0.0,0.0,0.0,0.0,0.0,0.0
11,12,7,133.03889963659086,143.33926685391992,512.5589568608693,146.5459344848163,-0.0,-0.0,-0.0,-0.0
11,12,8,462.0454603692354,608.409633243047,811.0050939477504,663.0959603090729,383.09561331940665,512.475951667916,692.3461114661479,557.694880640761
11,12,9,633.089818070017,635.9160187114836,833.3333333333334,600.5461335441485,618.0732064453355,620.7758577830025,833.3333333333334,576.7743150459808
11,12,10,766.7846830948622,613.3308237586153,833.3333333333334,467.79335689241213,746.1923180641317,596.8613116959289,833.3333333333334,440.360911125626
11,12,11,833.3333333333334,568.2529572265043,833.3333333333334,254.0079479379504,823.1541075750122,560.7488940065637,833.3333333333334,225.38026111755693
11,12,12,833.3333333333334,552.3010269195491,833.3333333333334,152.83613151273244,833.3333333333334,561.7169246971046,833.3333333333334,124.0093675641621
11,12,13,793.8297401810954,580.6978980311503,833.3333333333334,295.631816554721,833.3333333333334,605.5768728513622,833.3333333333334,279.1565543500764
11,12,14,684.8147089319042,616.3164471962327,833.3333333333334,424.0320155092034,738.1239248338486,661.2251345229274,833.3333333333334,428.1395219027085
11,12,15,517.0827574575432,594.1910068677081,791.522088661036,469.557220163818,573.218375156533,661.2313872252081,833.3333333333334,505.1404965237005
11,12,16,256.6728440231294,327.6626303607057,588.9921988459724,244.3780174697724,329.5345234500641,418.70707575876025,756.3687888741466,310.38868790659546
11,12,17,0.0,0.0,0.0,0.0,0.0,0.0,0.0,0.0
11,12,18,0.0,0.0,0.0,0.0,0.0,0.0,0.0,0.0
11,12,19,0.0,0.0,0.0,0.0,0.0,0.0,0.0,0.0
11,12,20,0.0,0.0,0.0,0.0,0.0,0.0,0.0,0.0
11,12,21,0.0,0.0,0.0,0.0,0.0,0.0,0.0,0.0
11,12,22,0.0,0.0,0.0,0.0,0.0,0.0,0.0,0.0
11,12,23,0.0,0.0,0.0,0.0,0.0,0.0,0.0,0.0
11,13,0,0.0,0.0,0.0,0.0,0.0,0.0,0.0,0.0
11,13,1,0.0,0.0,0.0,0.0,0.0,0.0,0.0,0.0
11,13,2,0.0,0.0,0.0,0.0,0.0,0.0,0.0,0.0
11,13,3,0.0,0.0,0.0,0.0,0.0,0.0,0.0,0.0
11,13,4,0.0,0.0,0.0,0.0,0.0,0.0,0.0,0.0
11,13,5,0.0,0.0,0.0,0.0,0.0,0.0,0.0,0.0
11,13,6,0.0,0.0,0.0,0.0,0.0,0.0,0.0,0.0
11,13,7,55.719412537648,74.1188985172608,242.77461180463996,86.45656301163658,-0.0,-0.0,-0.0,-0.0
11,13,8,386.78280175126764,511.4827174260875,689.9264465548675,560.3771062884231,341.11786643102585,458.08393419164184,629.2538255337222,503.0533115870388
11,13,9,586.4874277782648,587.9535298118145,796.3138129541901,557.130933378966,584.8951417540344,586.1024401420784,807.2457593781056,548.1748226521833
11,13,10,703.4377107868836,560.9087309818916,818.5268055872051,428.52513209308074,744.9313557663565,584.7793888543205,833.3333333333334,430.6641103929488
11,13,11,763.2139093784832,516.673783751178,823.9728709670688,232.90037939733878,831.4887186284553,548.7786273106288,833.3333333333334,225.49392498297388
11,13,12,767.8825220194614,500.6108751773757,817.7188281617414,141.49491711802696,833.3333333333334,538.7999931010124,833.3333333333334,129.36312003820743
11,13,13,725.4268300444252,529.5002738637054,807.7309813701318,273.5832223712501,798.2286211617918,571.0102819132852,833.3333333333334,268.7129506508918
11,13,14,629.3505479812753,564.4206601297082,785.1226295092525,390.0024019208337,687.4550078549532,612.9067357483541,833.3333333333334,398.79978066369523
11,13,15,462.3652444433351,529.2718883799188,708.345602276932,419.5939310877471,523.3954293838011,601.5105491180562,810.8089228082945,460.3644000943479
11,13,16,179.41579018956236,230.0285298030055,411.30189089396924,169.3373473506978,289.98679932925916,360.6711150250983,652.5400821473108,270.9597893043027
11,13,17,0.0,0.0,0.0,0.0,0.0,0.0,0.0,0.0
11,13,18,0.0,0.0,0.0,0.0,0.0,0.0,0.0,0.0
11,13,19,0.0,0.0,0.0,0.0,0.0,0.0,0.0,0.0
11,13,20,0.0,0.0,0.0,0.0,0.0,0.0,0.0,0.0
11,13,21,0.0,0.0,0.0,0.0,0.0,0.0,0.0,0.0
11,13,22,0.0,0.0,0.0,0.0,0.0,0.0,0.0,0.0
11,13,23,0.0,0.0,0.0,0.0,0.0,0.0,0.0,0.0
11,14,0,0.0,0.0,0.0,0.0,0.0,0.0,0.0,0.0
11,14,1,0.0,0.0,0.0,0.0,0.0,0.0,0.0,0.0
11,14,2,0.0,0.0,0.0,0.0,0.0,0.0,0.0,0.0
11,14,3,0.0,0.0,0.0,0.0,0.0,0.0,0.0,0.0
11,14,4,0.0,0.0,0.0,0.0,0.0,0.0,0.0,0.0
11,14,5,0.0,0.0,0.0,0.0,0.0,0.0,0.0,0.0
11,14,6,0.0,0.0,0.0,0.0,0.0,0.0,0.0,0.0
11,14,7,41.708205663488904,58.53475940517114,165.98577229213373,71.47005160755255,-0.0,-0.0,-0.0,-0.0
11,14,8,371.81806680964047,486.47795346542665,654.9472499528471,536.3269890073589,53.009238086826336,51.89442045863261,46.38654148067088,56.20833707937833
11,14,9,565.0902239693912,565.3383571526277,768.4224213777691,537.6538336051865,551.1464660964664,551.1320681933115,758.1563571723367,517.0124335555374
11,14,10,687.8603834740971,546.4044147122314,803.4820934764615,418.8923532965737,708.6918135619569,557.4041747340048,830.4796304370054,412.7514684488427
11,14,11,744.5758132767022,503.6262747042595,804.9819229914858,232.10817667883012,801.2180229173059,530.292639058259,833.3333333333334,217.27690972465197
11,14,12,754.0291321460655,491.0581197520406,803.9773222189076,143.6488775008958,820.9948294831884,522.6190852487283,833.3333333333334,122.47042669383434
11,14,13,717.396809755565,519.9623120165292,801.4497943618001,266.63806211443125,782.5332573423021,560.2695491420506,833.3333333333334,261.99497796514373
11,14,14,620.6110796663746,554.6908404330057,775.4410807165171,382.50901461132827,681.7088745800643,606.6549800437421,833.3333333333334,395.9387309535415
11,14,15,461.39991960497514,526.8318283245899,708.2102606521379,417.02895159512724,526.5525585272222,602.7503480676894,812.5143828961371,463.8080909202294
11,14,16,221.8611919248878,276.1981509846703,510.46151282078586,205.05451217987152,294.65657866588884,361.6603679976165,663.8746550521363,270.8799637043766
11,14,17,0.0,0.0,0.0,0.0,0.0,0.0,0.0,0.0
11,14,18,0.0,0.0,0.0,0.0,0.0,0.0,0.0,0.0
11,14,19,0.0,0.0,0.0,0.0,0.0,0.0,0.0,0.0
11,14,20,0.0,0.0,0.0,0.0,0.0,0.0,0.0,0.0
11,14,21,0.0,0.0,0.0,0.0,0.0,0.0,0.0,0.0
11,14,22,0.0,0.0,0.0,0.0,0.0,0.0,0.0,0.0
11,14,23,0.0,0.0,0.0,0.0,0.0,0.0,0.0,0.0
11,15,0,0.0,0.0,0.0,0.0,0.0,0.0,0.0,0.0
11,15,1,0.0,0.0,0.0,0.0,0.0,0.0,0.0,0.0
11,15,2,0.0,0.0,0.0,0.0,0.0,0.0,0.0,0.0
11,15,3,0.0,0.0,0.0,0.0,0.0,0.0,0.0,0.0
11,15,4,0.0,0.0,0.0,0.0,0.0,0.0,0.0,0.0
11,15,5,0.0,0.0,0.0,0.0,0.0,0.0,0.0,0.0
11,15,6,0.0,0.0,0.0,0.0,0.0,0.0,0.0,0.0
11,15,7,49.2312959352458,65.8618708514947,233.94460154968516,77.3645568518956,-0.0,-0.0,-0.0,-0.0
11,15,8,385.003173669681,508.2556879233108,691.0097953458875,557.9737133190964,329.5981112550701,438.4156556459058,599.2664354342726,481.0859597807591
11,15,9,577.1568381551286,576.4243191154187,784.2455556377624,548.3988521551612,555.889797167898,554.9767934717083,756.2660569790346,521.5650169130591
11,15,10,693.6093171923472,550.3008540263323,809.5168199579314,421.7115846739882,704.5939149342316,555.6553160750191,822.7680283420374,412.77071449776804
11,15,11,749.9614972644241,503.55204820396165,811.8124855658192,226.64538450256262,790.8461857307385,522.8644775484165,833.3333333333334,214.16427691280165
11,15,12,756.0873080301528,487.7729278954391,807.087142888605,134.05207602694614,809.043376408363,512.8402869411492,833.3333333333334,118.25878446550627
11,15,13,710.6338073105263,513.0916642429809,793.2740410128962,261.08912989353774,770.2564070349289,548.6177060796877,833.3333333333334,255.88551037373918
11,15,14,611.4309064228306,544.8687284041638,763.2321098843441,375.23679499706947,670.4341942213405,594.2475350875978,833.3333333333334,386.61107782594615
11,15,15,452.08128416141574,514.9043270085847,695.4137915897692,406.6270373223878,515.2495826291242,588.6292375226352,799.2203438512679,449.8131711704023
11,15,16,211.56550767357362,262.686730682799,490.0440813413734,192.00855508762152,284.75954963381145,345.34420129251475,646.5047344222814,256.7551122292032
11,15,17,0.0,0.0,0.0,0.0,0.0,0.0,0.0,0.0
11,15,18,0.0,0.0,0.0,0.0,0.0,0.0,0.0,0.0
11,15,19,0.0,0.0,0.0,0.0,0.0,0.0,0.0,0.0
11,15,20,0.0,0.0,0.0,0.0,0.0,0.0,0.0,0.0
11,15,21,0.0,0.0,0.0,0.0,0.0,0.0,0.0,0.0
11,15,22,0.0,0.0,0.0,0.0,0.0,0.0,0.0,0.0
11,15,23,0.0,0.0,0.0,0.0,0.0,0.0,0.0,0.0
11,16,0,0.0,0.0,0.0,0.0,0.0,0.0,0.0,0.0
11,16,1,0.0,0.0,0.0,0.0,0.0,0.0,0.0,0.0
11,16,2,0.0,0.0,0.0,0.0,0.0,0.0,0.0,0.0
11,16,3,0.0,0.0,0.0,0.0,0.0,0.0,0.0,0.0
11,16,4,0.0,0.0,0.0,0.0,0.0,0.0,0.0,0.0
11,16,5,0.0,0.0,0.0,0.0,0.0,0.0,0.0,0.0
11,16,6,0.0,0.0,0.0,0.0,0.0,0.0,0.0,0.0
11,16,7,39.58786406621235,54.35791145631986,190.89336110441826,65.312523369556,-0.0,-0.0,-0.0,-0.0
11,16,8,354.61009924533766,466.9756423122161,637.5044205181653,509.4961889448607,299.9652460934805,400.2948366325811,555.0580157396953,437.5577043896247
11,16,9,533.8205270601756,530.0814302207115,712.8201950914556,516.114941633522,539.8586155456303,537.9535807196609,748.0606487755782,506.23515368602875
11,16,10,598.8480638727178,480.5326527334657,694.8990780466754,388.1045845436425,686.9337971693255,537.0493435534426,808.8263936138652,399.466184189625
11,16,11,705.1078372800099,473.06976723172755,766.0323935350143,224.1388423959373,771.1944496116546,505.2043785807009,833.3333333333334,210.38940414674002
11,16,12,683.2598839338675,444.68745257274435,732.3415499197574,147.1244677628359,785.9667513811116,493.94694707932047,833.3333333333334,118.66794993307303
11,16,13,687.1197894512189,497.1151671205988,768.2955139426231,262.66416546888337,745.0628429628013,526.8759637710049,833.3333333333334,246.99231709057028
11,16,14,514.8021089281257,457.53176930670816,643.5417942220445,326.41625219004686,652.7817341980267,575.3632154439646,826.5823224226741,370.48016270378116
11,16,15,342.2925103160975,386.9780801554716,526.3009612207018,309.712142026337,498.540868607303,568.0425934686835,777.6778253298049,430.6395852618801
11,16,16,110.63690815346378,137.6223502039963,218.60528293634258,103.93681713759257,275.8287145669295,334.35040188912194,635.5922615874532,242.57774953104234
11,16,17,0.0,0.0,0.0,0.0,0.0,0.0,0.0,0.0
11,16,18,0.0,0.0,0.0,0.0,0.0,0.0,0.0,0.0
11,16,19,0.0,0.0,0.0,0.0,0.0,0.0,0.0,0.0
11,16,20,0.0,0.0,0.0,0.0,0.0,0.0,0.0,0.0
11,16,21,0.0,0.0,0.0,0.0,0.0,0.0,0.0,0.0
11,16,22,0.0,0.0,0.0,0.0,0.0,0.0,0.0,0.0
11,16,23,0.0,0.0,0.0,0.0,0.0,0.0,0.0,0.0
11,17,0,0.0,0.0,0.0,0.0,0.0,0.0,0.0,0.0
11,17,1,0.0,0.0,0.0,0.0,0.0,0.0,0.0,0.0
11,17,2,0.0,0.0,0.0,0.0,0.0,0.0,0.0,0.0
11,17,3,0.0,0.0,0.0,0.0,0.0,0.0,0.0,0.0
11,17,4,0.0,0.0,0.0,0.0,0.0,0.0,0.0,0.0
11,17,5,0.0,0.0,0.0,0.0,0.0,0.0,0.0,0.0
11,17,6,0.0,0.0,0.0,0.0,0.0,0.0,0.0,0.0
11,17,7,5.639645440535427,6.39659227285267,9.861510395202254,8.114263916289222,-0.0,-0.0,-0.0,-0.0
11,17,8,240.66021885631628,299.5923268192988,394.019890151565,331.87986301367994,16.678084878958288,15.139003182146443,10.876306701745012,16.285155739286715
11,17,9,206.76225765490904,201.66501621013924,257.79899616247224,203.61230617898107,85.96173054676873,80.05942150880743,75.91054567108016,84.52227356074957
11,17,10,618.9039371614168,489.8953643348632,726.4103105769785,384.0970666632719,684.0598993393736,533.68421522901,807.0527521209709,398.5354200756253
11,17,11,720.4091238023962,482.15044511666974,782.1796395904857,224.7077305465664,781.5603987795375,510.6618972655395,833.3333333333334,212.1264581387601
11,17,12,739.2082912163457,474.3901228586835,791.0632264284081,135.41619006760777,807.3181639098786,505.2955263765011,833.3333333333334,116.83541448689985
11,17,13,710.717431733336,510.40260726040333,795.7232263620548,263.90934917350216,768.7351179119385,541.51871093978,833.3333333333334,250.88289999298033
11,17,14,610.1933335312316,540.1074651259304,764.2931959570336,372.0226659142012,672.0503595850306,591.2606217295872,833.3333333333334,382.7640318132655
11,17,15,454.208042831373,513.9327639689448,698.7768595376989,405.9099385797695,522.0354523933588,593.0279503159506,812.8368962815397,450.8164029548817
11,17,16,218.57176017731712,261.602040582853,505.43289851758834,192.5144080872086,290.6063206121448,343.04889464176694,661.6254786309705,253.81871224192105
11,17,17,0.0,0.0,0.0,0.0,0.0,0.0,0.0,0.0
11,17,18,0.0,0.0,0.0,0.0,0.0,0.0,0.0,0.0
11,17,19,0.0,0.0,0.0,0.0,0.0,0.0,0.0,0.0
11,17,20,0.0,0.0,0.0,0.0,0.0,0.0,0.0,0.0
11,17,21,0.0,0.0,0.0,0.0,0.0,0.0,0.0,0.0
11,17,22,0.0,0.0,0.0,0.0,0.0,0.0,0.0,0.0
11,17,23,0.0,0.0,0.0,0.0,0.0,0.0,0.0,0.0
11,18,0,0.0,0.0,0.0,0.0,0.0,0.0,0.0,0.0
11,18,1,0.0,0.0,0.0,0.0,0.0,0.0,0.0,0.0
11,18,2,0.0,0.0,0.0,0.0,0.0,0.0,0.0,0.0
11,18,3,0.0,0.0,0.0,0.0,0.0,0.0,0.0,0.0
11,18,4,0.0,0.0,0.0,0.0,0.0,0.0,0.0,0.0
11,18,5,0.0,0.0,0.0,0.0,0.0,0.0,0.0,0.0
11,18,6,0.0,0.0,0.0,0.0,0.0,0.0,0.0,0.0
11,18,7,9.056132991487196,12.335492285955926,29.871136658469748,15.943893419949031,-0.0,-0.0,-0.0,-0.0
11,18,8,336.79146228242877,442.3179642448569,608.6415576778866,475.4206810405438,290.90490268864534,388.2597337861027,543.4804642284513,416.333311240811
11,18,9,532.3538722729402,528.7798352592997,726.3488722439249,509.52223844865796,288.7696195091869,282.25008621375895,370.16655682389876,280.2208036598358
11,18,10,545.1224079545839,433.2809360942436,639.9031745467487,350.0381703510401,155.15631813238298,141.81464998206462,147.17750774703333,138.51547565568794
11,18,11,709.3920171865554,477.8367342508115,772.0527128531673,236.81516593431743,214.61762633660376,207.34719566443417,208.26679974943647,163.66869174574435
11,18,12,597.760621588084,397.59719301686283,640.3583846771104,151.81764552168093,622.574630737097,426.16068234257307,663.1961479949425,170.57425155388646
11,18,13,672.5238068463074,479.42441737676506,753.3782051165008,242.9748982915176,731.5523660127321,512.4839885563131,822.5823510635256,235.55810640425875
11,18,14,580.3664142310477,511.83193239032744,728.0965101748802,351.80321677644224,637.3362891190875,558.9122637557384,804.0148466867915,362.51756751607894
11,18,15,423.9685739504353,478.258995812775,653.3195239834631,377.638997755916,487.6169036010596,551.3090476788974,755.6950129653927,423.52999342271477
11,18,16,203.6164095512473,240.99166509860757,472.0258035444238,176.74395101405506,271.78765868702914,316.60149968642,615.9201899606431,234.85887047940813
11,18,17,0.0,0.0,0.0,0.0,0.0,0.0,0.0,0.0
11,18,18,0.0,0.0,0.0,0.0,0.0,0.0,0.0,0.0
11,18,19,0.0,0.0,0.0,0.0,0.0,0.0,0.0,0.0
11,18,20,0.0,0.0,0.0,0.0,0.0,0.0,0.0,0.0
11,18,21,0.0,0.0,0.0,0.0,0.0,0.0,0.0,0.0
11,18,22,0.0,0.0,0.0,0.0,0.0,0.0,0.0,0.0
11,18,23,0.0,0.0,0.0,0.0,0.0,0.0,0.0,0.0
11,19,0,0.0,0.0,0.0,0.0,0.0,0.0,0.0,0.0
11,19,1,0.0,0.0,0.0,0.0,0.0,0.0,0.0,0.0
11,19,2,0.0,0.0,0.0,0.0,0.0,0.0,0.0,0.0
11,19,3,0.0,0.0,0.0,0.0,0.0,0.0,0.0,0.0
11,19,4,0.0,0.0,0.0,0.0,0.0,0.0,0.0,0.0
11,19,5,0.0,0.0,0.0,0.0,0.0,0.0,0.0,0.0
11,19,6,0.0,0.0,0.0,0.0,0.0,0.0,0.0,0.0
11,19,7,32.72808793320724,45.27910005211457,189.23324462696246,54.769755626413726,-0.0,-0.0,-0.0,-0.0
11,19,8,352.69484822980553,463.9057700652545,640.7361763361937,492.4254136213359,286.6844420304843,378.59082310620636,523.0681549951111,401.3119162007079
11,19,9,554.4899925727707,550.4164960544127,759.9157459009965,527.6180178855346,509.0615580149452,505.0904485229741,695.8004313888749,479.7804015796068
11,19,10,664.4406770221914,522.6339886139393,780.9156377821183,403.9911993080443,656.9924217973487,514.7165372082176,771.4648102041847,387.9515489940923
11,19,11,720.7965194134304,476.61720283091324,784.8918111818817,216.8001621164756,749.5390653895403,488.6790744338268,816.9632492895656,204.848300810782
11,19,12,726.5935034202802,460.11890247068214,779.472528714553,124.0865863002434,773.6126081349287,480.1323472295394,830.9587841255757,109.78582640597415
11,19,13,684.113992506801,486.0140064082702,766.7804971767764,245.6470276058571,729.5306689364392,508.7362133593444,821.3048710783407,233.2781183735206
11,19,14,595.5057199314539,523.8360454403094,746.3794505027439,361.46255036185744,634.2751114991537,554.160043033337,801.4466403271555,359.0018554824969
11,19,15,423.21114870146806,474.92477273634813,649.5054803285684,377.37043013226827,493.435624001322,556.2441642482511,767.067467142261,425.0993849440741
11,19,16,128.66420377926087,155.81726589103422,284.68765790227303,113.01508593382455,274.03115583918583,315.2114194389754,625.4293465722378,232.13204269177723
11,19,17,0.0,0.0,0.0,0.0,0.0,0.0,0.0,0.0
11,19,18,0.0,0.0,0.0,0.0,0.0,0.0,0.0,0.0
11,19,19,0.0,0.0,0.0,0.0,0.0,0.0,0.0,0.0
11,19,20,0.0,0.0,0.0,0.0,0.0,0.0,0.0,0.0
11,19,21,0.0,0.0,0.0,0.0,0.0,0.0,0.0,0.0
11,19,22,0.0,0.0,0.0,0.0,0.0,0.0,0.0,0.0
11,19,23,0.0,0.0,0.0,0.0,0.0,0.0,0.0,0.0
11,20,0,0.0,0.0,0.0,0.0,0.0,0.0,0.0,0.0
11,20,1,0.0,0.0,0.0,0.0,0.0,0.0,0.0,0.0
11,20,2,0.0,0.0,0.0,0.0,0.0,0.0,0.0,0.0
11,20,3,0.0,0.0,0.0,0.0,0.0,0.0,0.0,0.0
11,20,4,0.0,0.0,0.0,0.0,0.0,0.0,0.0,0.0
11,20,5,0.0,0.0,0.0,0.0,0.0,0.0,0.0,0.0
11,20,6,0.0,0.0,0.0,0.0,0.0,0.0,0.0,0.0
11,20,7,10.256753784389801,14.261610161324196,24.056697056556757,18.828292124292354,-0.0,-0.0,-0.0,-0.0
11,20,8,69.11349565316837,71.39286358856458,72.7028315811119,80.15046914246842,10.128162567696917,9.06887757293889,6.057921502077951,9.83368284078687
11,20,9,122.87557676725075,115.55540686711903,119.28933698043248,124.79333996782464,27.879775051020175,25.52151538875516,21.328412623141052,27.344915580860814
11,20,10,105.51468609270162,98.31754835293023,96.74039482467525,102.64633714338875,88.21190866769219,82.12689674489742,79.24522690448028,82.49328593422595
11,20,11,65.60765696980019,72.93218213618331,59.28123946163611,66.2688901550615,94.01308617112956,101.11199705121491,85.88292083761242,86.20308736088276
11,20,12,93.25685907202616,104.93718592854884,86.29602953839128,88.93975230038383,63.10030109899341,73.71470914097526,56.788716954221556,60.74095843017189
11,20,13,85.54125984559909,87.28620530616882,77.69610539816722,83.42042179849808,38.42526044584206,40.504214749039875,33.23677666575689,37.82331673747606
11,20,14,32.42454483038806,29.839468127316817,26.706511843646126,33.17865271346416,19.67100693079951,17.911634172021362,15.581987379400854,19.25385925882638
11,20,15,4.502220839758649,3.8853990736279314,2.561164218165423,4.623259814117014,17.155475279064838,15.576471440364687,11.991492308484691,16.755495347482125
11,20,16,4.83627678686657,4.202593797323338,2.182539628683027,4.947679186955652,5.609902006049918,4.886173587510123,2.4157458534717304,5.400774078851382
11,20,17,0.0,0.0,0.0,0.0,0.0,0.0,0.0,0.0
11,20,18,0.0,0.0,0.0,0.0,0.0,0.0,0.0,0.0
11,20,19,0.0,0.0,0.0,0.0,0.0,0.0,0.0,0.0
11,20,20,0.0,0.0,0.0,0.0,0.0,0.0,0.0,0.0
11,20,21,0.0,0.0,0.0,0.0,0.0,0.0,0.0,0.0
11,20,22,0.0,0.0,0.0,0.0,0.0,0.0,0.0,0.0
11,20,23,0.0,0.0,0.0,0.0,0.0,0.0,0.0,0.0
11,21,0,0.0,0.0,0.0,0.0,0.0,0.0,0.0,0.0
11,21,1,0.0,0.0,0.0,0.0,0.0,0.0,0.0,0.0
11,21,2,0.0,0.0,0.0,0.0,0.0,0.0,0.0,0.0
11,21,3,0.0,0.0,0.0,0.0,0.0,0.0,0.0,0.0
11,21,4,0.0,0.0,0.0,0.0,0.0,0.0,0.0,0.0
11,21,5,0.0,0.0,0.0,0.0,0.0,0.0,0.0,0.0
11,21,6,0.0,0.0,0.0,0.0,0.0,0.0,0.0,0.0
11,21,7,-0.0,-0.0,-0.0,-0.0,-0.0,-0.0,-0.0,-0.0
11,21,8,32.66060423874485,30.575403051590715,24.570287596233875,34.081193789274955,274.9007875256981,365.5729489873978,517.8403027246643,382.05722452431735
11,21,9,142.25201126491007,133.981082640511,140.8371976198199,144.45281912677683,59.87351073754597,55.398597703312625,49.32085421642674,58.91200778434446
11,21,10,329.49754733113804,273.5314157840026,366.48744564159836,246.97268482080554,170.78620433941032,153.70054842960795,163.99804294031998,149.612312386991
11,21,11,709.9793784087074,472.6820648657309,776.8883507265305,237.78329419248863,761.2019615231061,491.88939038918164,833.3333333333334,212.58600032135544
11,21,12,620.8833162559539,408.52775391328726,667.3668506539617,156.5803785025053,785.4046661458184,481.3532202795887,833.3333333333334,114.555717944039
11,21,13,518.1194153415147,389.900638337866,571.853196485692,246.32455741392957,742.3363602391571,515.1955191303149,833.3333333333334,243.50960056076238
11,21,14,113.78546864075902,104.05520129071657,105.28391476182038,108.24427508463316,162.25869517711914,146.8374964993235,156.28557265873806,141.96404452469577
11,21,15,27.256482633996928,25.034412868487788,20.23778191911702,27.856683786920964,-0.0,-0.0,-0.0,-0.0
11,21,16,16.006306453827705,14.699092636367796,11.193006474165273,16.189293935832637,10.627658582046033,9.536199092497236,5.7927226575093975,10.339578598405826
11,21,17,0.0,0.0,0.0,0.0,0.0,0.0,0.0,0.0
11,21,18,0.0,0.0,0.0,0.0,0.0,0.0,0.0,0.0
11,21,19,0.0,0.0,0.0,0.0,0.0,0.0,0.0,0.0
11,21,20,0.0,0.0,0.0,0.0,0.0,0.0,0.0,0.0
11,21,21,0.0,0.0,0.0,0.0,0.0,0.0,0.0,0.0
11,21,22,0.0,0.0,0.0,0.0,0.0,0.0,0.0,0.0
11,21,23,0.0,0.0,0.0,0.0,0.0,0.0,0.0,0.0
11,22,0,0.0,0.0,0.0,0.0,0.0,0.0,0.0,0.0
11,22,1,0.0,0.0,0.0,0.0,0.0,0.0,0.0,0.0
11,22,2,0.0,0.0,0.0,0.0,0.0,0.0,0.0,0.0
11,22,3,0.0,0.0,0.0,0.0,0.0,0.0,0.0,0.0
11,22,4,0.0,0.0,0.0,0.0,0.0,0.0,0.0,0.0
11,22,5,0.0,0.0,0.0,0.0,0.0,0.0,0.0,0.0
11,22,6,0.0,0.0,0.0,0.0,0.0,0.0,0.0,0.0
11,22,7,-0.0,-0.0,-0.0,-0.0,-0.0,-0.0,-0.0,-0.0
11,22,8,19.405176290701448,17.92429980232328,13.687523589806762,19.967963691526094,263.8667059100053,349.4770197193977,495.3717240308826,362.9122952571399
11,22,9,47.68375704023303,44.111780066336756,38.49478967662017,48.76730836163243,83.42966729014957,77.65027695088608,73.36738577411772,82.0668039282706
11,22,10,66.1192314570289,62.560080736285805,57.82571016366484,66.63141597791272,37.728189154249385,35.85866213735844,31.578868784211327,37.12552070403399
11,22,11,56.35915094850481,62.87823748461281,50.49202371513699,57.13918468340258,89.1065530263003,97.25033122555148,80.42224309543775,84.17278722876145
11,22,12,62.21664096006471,72.33899055939813,56.393610798554526,62.305724907671085,23.186816621231284,28.027632239083882,20.332811173173326,22.762156614654575
11,22,13,77.05160474033512,78.79908132936937,69.46114700607893,75.34967299496971,46.809870208897415,49.265958330771156,40.492518046900734,46.15561337849482
11,22,14,72.1678359419245,66.42942463694591,62.784772340227725,71.66231610158178,68.5154236829289,62.952139879146976,57.96100720454788,66.12108913210544
11,22,15,47.584780959290775,44.437332681434505,38.34357889216723,48.325145039102345,43.5655264091895,40.30219373207544,33.144664771206116,42.77371035643687
11,22,16,10.138737033873086,9.17234474750692,6.3669616244986305,10.2758783261708,277.5931418101022,310.677380745238,624.1540431191027,227.04306079443768
11,22,17,0.0,0.0,0.0,0.0,0.0,0.0,0.0,0.0
11,22,18,0.0,0.0,0.0,0.0,0.0,0.0,0.0,0.0
11,22,19,0.0,0.0,0.0,0.0,0.0,0.0,0.0,0.0
11,22,20,0.0,0.0,0.0,0.0,0.0,0.0,0.0,0.0
11,22,21,0.0,0.0,0.0,0.0,0.0,0.0,0.0,0.0
11,22,22,0.0,0.0,0.0,0.0,0.0,0.0,0.0,0.0
11,22,23,0.0,0.0,0.0,0.0,0.0,0.0,0.0,0.0
11,23,0,0.0,0.0,0.0,0.0,0.0,0.0,0.0,0.0
11,23,1,0.0,0.0,0.0,0.0,0.0,0.0,0.0,0.0
11,23,2,0.0,0.0,0.0,0.0,0.0,0.0,0.0,0.0
11,23,3,0.0,0.0,0.0,0.0,0.0,0.0,0.0,0.0
11,23,4,0.0,0.0,0.0,0.0,0.0,0.0,0.0,0.0
11,23,5,0.0,0.0,0.0,0.0,0.0,0.0,0.0,0.0
11,23,6,0.0,0.0,0.0,0.0,0.0,0.0,0.0,0.0
11,23,7,10.924056467924123,11.246368298364745,68.51999959517029,11.53776279450427,-0.0,-0.0,-0.0,-0.0
11,23,8,313.34708471301326,403.99883487207234,568.5147113303852,422.5090963563254,274.46319423526927,360.09762422727226,516.2392424716877,373.1254705650623
11,23,9,533.3251465171923,526.3699238412217,736.6884565534131,512.7774446598258,534.0018331247377,527.1166561730255,749.31542441975,504.60470452276326
11,23,10,672.8167608663045,527.0361519027645,796.8644775444035,416.9615609703658,692.4221151561302,535.7637292153224,823.6616849934262,407.2338752608415
11,23,11,738.6234551278797,484.9364563079858,810.1620481050477,235.33150695522207,784.2575790283375,505.3914549101804,833.3333333333334,218.099065938192
11,23,12,756.5929191673691,471.93789685962474,816.916020036668,134.17084594833034,809.8497566728441,497.1215283059354,833.3333333333334,116.116060291606
11,23,13,719.8636872372397,504.6334559575208,810.9235805489592,258.7272931064399,779.5614717215716,539.4804969113167,833.3333333333334,252.82017753900072
11,23,14,616.9590272176754,536.0641079994763,774.2627894114523,373.01087449118705,686.7966091889327,593.2692989565869,833.3333333333334,388.7529278663853
11,23,15,461.7879795721711,511.83779498504407,710.01871358927,403.63659576370395,527.9623187981429,586.6636769697764,817.8173474666506,449.64258822435045
11,23,16,207.2765871314882,230.93548071132167,475.3590703374657,168.7573587155293,285.5926475236303,311.4954140534612,640.3080321557994,231.14046800967338
11,23,17,0.0,0.0,0.0,0.0,0.0,0.0,0.0,0.0
11,23,18,0.0,0.0,0.0,0.0,0.0,0.0,0.0,0.0
11,23,19,0.0,0.0,0.0,0.0,0.0,0.0,0.0,0.0
11,23,20,0.0,0.0,0.0,0.0,0.0,0.0,0.0,0.0
11,23,21,0.0,0.0,0.0,0.0,0.0,0.0,0.0,0.0
11,23,22,0.0,0.0,0.0,0.0,0.0,0.0,0.0,0.0
11,23,23,0.0,0.0,0.0,0.0,0.0,0.0,0.0,0.0
11,24,0,0.0,0.0,0.0,0.0,0.0,0.0,0.0,0.0
11,24,1,0.0,0.0,0.0,0.0,0.0,0.0,0.0,0.0
11,24,2,0.0,0.0,0.0,0.0,0.0,0.0,0.0,0.0
11,24,3,0.0,0.0,0.0,0.0,0.0,0.0,0.0,0.0
11,24,4,0.0,0.0,0.0,0.0,0.0,0.0,0.0,0.0
11,24,5,0.0,0.0,0.0,0.0,0.0,0.0,0.0,0.0
11,24,6,0.0,0.0,0.0,0.0,0.0,0.0,0.0,0.0
11,24,7,15.127035492081806,16.346843934095283,136.92169461854775,16.590880517700228,-0.0,-0.0,-0.0,-0.0
11,24,8,353.88468340817485,455.4961814058296,652.2254707975161,470.2378854705288,292.5789773024312,380.91193678180224,555.1606604820716,393.15637169424195
11,24,9,558.2290575249108,551.1175678309668,775.0357306692975,533.5818904657555,541.8369894261539,534.5315456886726,759.5551844393303,512.9970743627619
11,24,10,681.9110679124527,532.7600724149248,807.7452020507336,417.0501646189117,691.7855487362419,535.7432973449236,822.9543417566034,409.09667844817864
11,24,11,743.3260253263793,485.0744030290635,814.7385718062143,226.1041289111972,775.7516695802831,498.8704492887467,833.3333333333334,217.2913622432753
11,24,12,748.988586733707,465.6310611424508,807.7682844201049,124.52421653400818,797.2038021870995,487.001333444626,833.3333333333334,113.81588515686829
11,24,13,702.7419754211087,490.5493014694356,790.649764545278,247.25480905274875,758.2006365598554,521.7222590088202,833.3333333333334,244.6693051379737
11,24,14,608.1748053210656,526.4974482108491,762.8191587434278,362.2137417351316,661.3123778727718,569.2069136221265,833.3333333333334,373.4704572373699
11,24,15,454.04024675053506,502.2355067704312,699.7017501278023,394.38234841623654,506.28713349144977,560.2937591914293,780.4175808009949,434.22682612831454
11,24,16,209.62882373109304,230.8410333642809,484.79916727823695,167.28616705253822,282.7343540334353,305.6393340237046,634.4790899290981,226.2829492979178
11,24,17,0.0,0.0,0.0,0.0,0.0,0.0,0.0,0.0
11,24,18,0.0,0.0,0.0,0.0,0.0,0.0,0.0,0.0
11,24,19,0.0,0.0,0.0,0.0,0.0,0.0,0.0,0.0
11,24,20,0.0,0.0,0.0,0.0,0.0,0.0,0.0,0.0
11,24,21,0.0,0.0,0.0,0.0,0.0,0.0,0.0,0.0
11,24,22,0.0,0.0,0.0,0.0,0.0,0.0,0.0,0.0
11,24,23,0.0,0.0,0.0,0.0,0.0,0.0,0.0,0.0
11,25,0,0.0,0.0,0.0,0.0,0.0,0.0,0.0,0.0
11,25,1,0.0,0.0,0.0,0.0,0.0,0.0,0.0,0.0
11,25,2,0.0,0.0,0.0,0.0,0.0,0.0,0.0,0.0
11,25,3,0.0,0.0,0.0,0.0,0.0,0.0,0.0,0.0
11,25,4,0.0,0.0,0.0,0.0,0.0,0.0,0.0,0.0
11,25,5,0.0,0.0,0.0,0.0,0.0,0.0,0.0,0.0
11,25,6,0.0,0.0,0.0,0.0,0.0,0.0,0.0,0.0
11,25,7,12.537772048620992,13.449692731336063,121.22620661137174,13.686632723815148,-0.0,-0.0,-0.0,-0.0
11,25,8,348.4434749799074,443.84917223687256,644.1846320182573,458.72766068439455,281.1541527127505,361.18403041132086,530.4339824883241,372.95166235237616
11,25,9,556.8383598886705,549.2897260045768,774.8491585554608,533.0285057331158,528.6753191911106,521.1953228006093,740.6273933280023,501.41185604483877
11,25,10,679.4441953298356,530.3100092965608,806.3267872634412,416.81348829936024,680.6999479649796,527.0153583078084,810.555864717004,404.026947402401
11,25,11,740.6487249331241,482.3791975916023,813.0363687081142,227.4934137824585,769.2083620070225,493.17417213448294,833.3333333333334,216.13365553563636
11,25,12,747.103165152007,462.9551990945685,806.7521445780379,125.5127952832958,787.8956418615478,479.58698794080476,833.3333333333334,112.68346898581966
11,25,13,699.4553402971344,486.9200640026411,787.7067342812938,247.10356889270574,752.2808740582814,515.6296633453634,833.3333333333334,241.65241336489635
11,25,14,604.819970229341,521.5269762819602,760.8644032987013,358.7032283901082,651.2329500227565,559.1033077855499,821.6767260413368,368.6618286725413
11,25,15,444.2535458336815,489.3007553034738,683.62461720274,385.12234008386486,500.28895231125426,551.9270210310211,772.9789645307582,425.9438452378691
11,25,16,178.39044140665268,198.8430063632909,411.49573781717226,141.61672457558848,273.7549412433824,292.61691805694363,611.0247434550108,217.27181149279835
11,25,17,0.0,0.0,0.0,0.0,0.0,0.0,0.0,0.0
11,25,18,0.0,0.0,0.0,0.0,0.0,0.0,0.0,0.0
11,25,19,0.0,0.0,0.0,0.0,0.0,0.0,0.0,0.0
11,25,20,0.0,0.0,0.0,0.0,0.0,0.0,0.0,0.0
11,25,21,0.0,0.0,0.0,0.0,0.0,0.0,0.0,0.0
11,25,22,0.0,0.0,0.0,0.0,0.0,0.0,0.0,0.0
11,25,23,0.0,0.0,0.0,0.0,0.0,0.0,0.0,0.0
11,26,0,0.0,0.0,0.0,0.0,0.0,0.0,0.0,0.0
11,26,1,0.0,0.0,0.0,0.0,0.0,0.0,0.0,0.0
11,26,2,0.0,0.0,0.0,0.0,0.0,0.0,0.0,0.0
11,26,3,0.0,0.0,0.0,0.0,0.0,0.0,0.0,0.0
11,26,4,0.0,0.0,0.0,0.0,0.0,0.0,0.0,0.0
11,26,5,0.0,0.0,0.0,0.0,0.0,0.0,0.0,0.0
11,26,6,0.0,0.0,0.0,0.0,0.0,0.0,0.0,0.0
11,26,7,2.099632370159314,1.6814243997475538,0.4589836392634722,1.88905460132728,-0.0,-0.0,-0.0,-0.0
11,26,8,145.49090846101765,167.9140616116296,216.19729897689012,187.84675877871706,20.400120206887355,18.921508358783733,14.40348749228813,20.413068105680082
11,26,9,315.52866548435685,305.4815921548475,400.3327460809212,313.0055528227699,140.4289781573145,133.4709812590483,153.83259887019136,139.1351890963704
11,26,10,425.87019331897505,340.7005669021829,494.12663140798384,292.83045657716445,206.31832043052464,176.8459763625595,214.26334723692858,168.32202431541546
11,26,11,532.7266072175197,360.35202778106174,585.2905352348052,205.7420019094122,502.5749395099587,357.6099577121985,543.5520084338544,214.17595581993527
11,26,12,690.1701191362882,428.84817055082544,748.0856010756116,131.42382553585853,530.9191868412083,367.0124511927359,565.9098162379096,162.1002978279505
11,26,13,658.1660000436917,459.666693503533,742.2697156619477,243.43454942743006,735.2006919041083,500.83855795474574,833.3333333333334,237.68757961821996
11,26,14,490.7318671094583,422.87368741046333,615.5718408158891,304.3153976135248,649.1015869745543,553.2484628122206,826.6516846514147,359.9274597574407
11,26,15,321.40316130698744,348.9157884407004,483.7983326786732,283.27103757731726,3.9900223980814538,3.3922156921301245,1.9987435459814655,3.8709786609376553
11,26,16,33.38020528080322,36.26365328629635,44.087239903337,31.393701604741803,86.10388068184116,107.67783609440417,135.0841302492897,75.65081514535652
11,26,17,0.0,0.0,0.0,0.0,0.0,0.0,0.0,0.0
11,26,18,0.0,0.0,0.0,0.0,0.0,0.0,0.0,0.0
11,26,19,0.0,0.0,0.0,0.0,0.0,0.0,0.0,0.0
11,26,20,0.0,0.0,0.0,0.0,0.0,0.0,0.0,0.0
11,26,21,0.0,0.0,0.0,0.0,0.0,0.0,0.0,0.0
11,26,22,0.0,0.0,0.0,0.0,0.0,0.0,0.0,0.0
11,26,23,0.0,0.0,0.0,0.0,0.0,0.0,0.0,0.0
11,27,0,0.0,0.0,0.0,0.0,0.0,0.0,0.0,0.0
11,27,1,0.0,0.0,0.0,0.0,0.0,0.0,0.0,0.0
11,27,2,0.0,0.0,0.0,0.0,0.0,0.0,0.0,0.0
11,27,3,0.0,0.0,0.0,0.0,0.0,0.0,0.0,0.0
11,27,4,0.0,0.0,0.0,0.0,0.0,0.0,0.0,0.0
11,27,5,0.0,0.0,0.0,0.0,0.0,0.0,0.0,0.0
11,27,6,0.0,0.0,0.0,0.0,0.0,0.0,0.0,0.0
11,27,7,10.737585187785983,11.499816800548224,127.9220104732447,11.7231926504954,-0.0,-0.0,-0.0,-0.0
11,27,8,350.7008778818986,437.7698800411618,652.2294741852648,452.99010386299364,291.6320353641347,368.0013741780155,558.37074850242,379.9075235552974
11,27,9,566.2465585395486,557.8546971693429,791.1825305004038,543.9573100148924,546.7159659107506,538.1319265956432,772.5293620414076,517.7130103074854
11,27,10,696.1270152911407,543.3574879357732,829.1996959356809,433.42123270229604,717.9702189127358,551.5042675103563,833.3333333333334,418.9531586949623
11,27,11,746.9495232187697,489.9471891394057,823.0893836546412,250.27079839493814,807.1751304195889,511.8542494236385,833.3333333333334,217.07868269845727
11,27,12,655.6746472874441,428.03614554866874,707.2800922234281,168.48976316109588,821.7774287487559,494.55799255497084,833.3333333333334,104.36252246699519
11,27,13,445.99306394882575,345.8715122335667,484.14623266460814,239.29442533256073,607.7618178448506,429.24341108188884,681.9925473610151,229.5199219468679
11,27,14,474.16002915404624,412.5028906852625,565.9690903079922,331.41658906783704,438.1625158532603,378.29724632608026,527.1498475652528,283.4103717301655
11,27,15,163.3506920438618,165.42892557539238,197.9099179978942,156.82634293770792,326.91578092555943,346.25166394390135,459.74388990938985,291.23857493631886
11,27,16,43.109192497695986,47.83884737810653,51.88125679108964,40.73117068548125,119.95485327930473,152.30721341694405,206.6990800124331,102.12824713076935
11,27,17,0.0,0.0,0.0,0.0,0.0,0.0,0.0,0.0
11,27,18,0.0,0.0,0.0,0.0,0.0,0.0,0.0,0.0
11,27,19,0.0,0.0,0.0,0.0,0.0,0.0,0.0,0.0
11,27,20,0.0,0.0,0.0,0.0,0.0,0.0,0.0,0.0
11,27,21,0.0,0.0,0.0,0.0,0.0,0.0,0.0,0.0
11,27,22,0.0,0.0,0.0,0.0,0.0,0.0,0.0,0.0
11,27,23,0.0,0.0,0.0,0.0,0.0,0.0,0.0,0.0
11,28,0,0.0,0.0,0.0,0.0,0.0,0.0,0.0,0.0
11,28,1,0.0,0.0,0.0,0.0,0.0,0.0,0.0,0.0
11,28,2,0.0,0.0,0.0,0.0,0.0,0.0,0.0,0.0
11,28,3,0.0,0.0,0.0,0.0,0.0,0.0,0.0,0.0
11,28,4,0.0,0.0,0.0,0.0,0.0,0.0,0.0,0.0
11,28,5,0.0,0.0,0.0,0.0,0.0,0.0,0.0,0.0
11,28,6,0.0,0.0,0.0,0.0,0.0,0.0,0.0,0.0
11,28,7,-0.0,-0.0,-0.0,-0.0,-0.0,-0.0,-0.0,-0.0
11,28,8,9.357807944385854,8.561418762484283,6.2641236284932305,9.677770442146578,1.8330093434585744,1.3913489353362662,0.04237400389405775,1.6555436149048317
11,28,9,28.3890438243778,26.138615281961325,22.453460349800984,28.92661816703194,2.5781282781950456,2.082616603044997,1.0914942423533116,2.3896666143170195
11,28,10,32.29254804166776,29.993005478577274,27.47024201438155,32.445835890717156,29.408096185240474,27.430522507120024,24.01850632060961,28.63666145823433
11,28,11,25.41794471256111,28.30637698345921,22.294825692594515,25.40466238677869,28.519534946203574,32.2783334710989,24.46541262380618,27.786076600622224
11,28,12,36.841497166215305,43.00435941611455,32.916343170632544,36.36672838112478,26.24461818466139,31.69107841368227,22.73076935104161,25.560787034073925
11,28,13,53.137269025447424,55.25800571985163,46.62057826394321,53.45117468932847,57.460912594590276,60.09833879604012,49.48344377813617,55.64433477254366
11,28,14,34.5968593740241,31.780704507070134,28.623216694046516,34.913892765612076,29.205144980709605,26.742627340099038,23.112691555123636,28.433241800674413
11,28,15,19.52094452613545,17.967679337806217,14.691385600950428,19.744088409612544,42.93220120711815,39.757028021262364,32.70754850956969,41.67571150182883
11,28,16,5.826493974208123,5.150467798166529,3.3520842073897064,5.866560911396758,206.56559141032716,229.8076907207802,436.44443333108023,166.07514038494952
11,28,17,0.0,0.0,0.0,0.0,0.0,0.0,0.0,0.0
11,28,18,0.0,0.0,0.0,0.0,0.0,0.0,0.0,0.0
11,28,19,0.0,0.0,0.0,0.0,0.0,0.0,0.0,0.0
11,28,20,0.0,0.0,0.0,0.0,0.0,0.0,0.0,0.0
11,28,21,0.0,0.0,0.0,0.0,0.0,0.0,0.0,0.0
11,28,22,0.0,0.0,0.0,0.0,0.0,0.0,0.0,0.0
11,28,23,0.0,0.0,0.0,0.0,0.0,0.0,0.0,0.0
11,29,0,0.0,0.0,0.0,0.0,0.0,0.0,0.0,0.0
11,29,1,0.0,0.0,0.0,0.0,0.0,0.0,0.0,0.0
11,29,2,0.0,0.0,0.0,0.0,0.0,0.0,0.0,0.0
11,29,3,0.0,0.0,0.0,0.0,0.0,0.0,0.0,0.0
11,29,4,0.0,0.0,0.0,0.0,0.0,0.0,0.0,0.0
11,29,5,0.0,0.0,0.0,0.0,0.0,0.0,0.0,0.0
11,29,6,0.0,0.0,0.0,0.0,0.0,0.0,0.0,0.0
11,29,7,-0.0,-0.0,-0.0,-0.0,-0.0,-0.0,-0.0,-0.0
11,29,8,9.112627097675318,8.232900234766271,5.692163777959296,9.353883535428599,1.7596893346750562,1.326313491895725,0.0057314332478575385,1.625412259878478
11,29,9,31.06701029931159,28.596464532487488,24.118799957405386,31.737158359412703,30.574265007664927,28.060946974280093,23.36548692525039,29.980872123453135
11,29,10,75.41213617215185,69.87240752436726,66.04145972308629,75.33461093389009,53.45118132444891,49.863928876502236,44.68872797801194,52.406347451724535
11,29,11,32.89013926733998,36.947609059708604,28.72227620281742,33.674583370885614,46.42475360327512,52.10582291820268,40.23992655784121,45.78734893147508
11,29,12,48.87529805462494,57.56079060201305,43.51757950693134,49.56307126095508,2.33707521387089,3.4944732246491417,1.5937772183819814,2.21840090647611
11,29,13,30.411299369413726,31.923496400755607,26.242807570592046,30.87921198459329,24.2229642787048,25.625237273370164,20.390866878667865,23.768141688182784
11,29,14,21.533061811468983,19.679727934856373,17.39239066740824,21.828064980683497,32.81348194756947,30.10555088518556,26.13774127400294,32.24251984731706
11,29,15,13.744383837332379,12.488503168033784,9.686206409866482,14.001858539074828,-0.0,-0.0,-0.0,-0.0
11,29,16,2.7318294781204453,2.249349475641317,0.7194204228205644,2.799642040146158,213.07674851581217,236.2918381409962,470.2895863282204,169.00301409303992
11,29,17,0.0,0.0,0.0,0.0,0.0,0.0,0.0,0.0
11,29,18,0.0,0.0,0.0,0.0,0.0,0.0,0.0,0.0
11,29,19,0.0,0.0,0.0,0.0,0.0,0.0,0.0,0.0
11,29,20,0.0,0.0,0.0,0.0,0.0,0.0,0.0,0.0
11,29,21,0.0,0.0,0.0,0.0,0.0,0.0,0.0,0.0
11,29,22,0.0,0.0,0.0,0.0,0.0,0.0,0.0,0.0
11,29,23,0.0,0.0,0.0,0.0,0.0,0.0,0.0,0.0
11,30,0,0.0,0.0,0.0,0.0,0.0,0.0,0.0,0.0
11,30,1,0.0,0.0,0.0,0.0,0.0,0.0,0.0,0.0
11,30,2,0.0,0.0,0.0,0.0,0.0,0.0,0.0,0.0
11,30,3,0.0,0.0,0.0,0.0,0.0,0.0,0.0,0.0
11,30,4,0.0,0.0,0.0,0.0,0.0,0.0,0.0,0.0
11,30,5,0.0,0.0,0.0,0.0,0.0,0.0,0.0,0.0
11,30,6,0.0,0.0,0.0,0.0,0.0,0.0,0.0,0.0
11,30,7,4.176497141416518,4.27676238242557,72.34579673688076,4.45479564174667,-0.0,-0.0,-0.0,-0.0
11,30,8,317.92707318920395,386.1938106984238,601.4065963269352,400.311532270764,271.9839130319976,332.5449765062847,530.2476758582823,342.6314407998923
11,30,9,522.6436710266335,514.3759961575508,737.147299997661,503.9523242098981,536.7545821639029,527.8534565956973,770.6302142040291,510.8820353770858
11,30,10,652.0989977773058,506.9963470344995,780.7681168809586,404.9176393999421,706.3137345066324,539.1118260924402,833.3333333333334,413.6212272403394
11,30,11,735.7748150925507,472.86055748015053,812.9649378199794,226.45639607456033,800.4342288234398,498.2857474413919,833.3333333333334,216.74615233687138
11,30,12,743.5132257869664,452.10992531603836,806.8169397126911,119.66267543378966,828.6557148373823,486.8105511241957,833.3333333333334,106.44708803053014
11,30,13,697.2310955395038,477.2526433301303,787.5950909201202,241.25077280996402,790.0981996567959,525.6439311323063,833.3333333333334,237.80151588423925
11,30,14,602.9017483596904,511.80871049945597,758.7259938917375,352.72606330879165,683.0181107690573,574.042563091318,833.3333333333334,368.84932134151546
11,30,15,435.22578553839,470.9079975749024,666.8828439335375,372.58563576931476,518.7861732225136,563.6811156718779,809.6371184596006,426.6111019890798
11,30,16,185.91433177575078,205.00317050058177,436.8108682123839,146.2241342442564,265.0523686445056,280.9221627977343,619.8767919277195,205.94802856640018
11,30,17,0.0,0.0,0.0,0.0,0.0,0.0,0.0,0.0
11,30,18,0.0,0.0,0.0,0.0,0.0,0.0,0.0,0.0
11,30,19,0.0,0.0,0.0,0.0,0.0,0.0,0.0,0.0
11,30,20,0.0,0.0,0.0,0.0,0.0,0.0,0.0,0.0
11,30,21,0.0,0.0,0.0,0.0,0.0,0.0,0.0,0.0
11,30,22,0.0,0.0,0.0,0.0,0.0,0.0,0.0,0.0
11,30,23,0.0,0.0,0.0,0.0,0.0,0.0,0.0,0.0
12,1,0,0.0,0.0,0.0,0.0,0.0,0.0,0.0,0.0
12,1,1,0.0,0.0,0.0,0.0,0.0,0.0,0.0,0.0
12,1,2,0.0,0.0,0.0,0.0,0.0,0.0,0.0,0.0
12,1,3,0.0,0.0,0.0,0.0,0.0,0.0,0.0,0.0
12,1,4,0.0,0.0,0.0,0.0,0.0,0.0,0.0,0.0
12,1,5,0.0,0.0,0.0,0.0,0.0,0.0,0.0,0.0
12,1,6,0.0,0.0,0.0,0.0,0.0,0.0,0.0,0.0
12,1,7,4.362783042690091,4.573317184834404,99.8649373304989,4.739029980443926,-0.0,-0.0,-0.0,-0.0
12,1,8,322.30871905194823,387.5790849358226,611.188907398995,402.4426237847263,263.610090501339,320.343708540663,518.9795725451655,332.23059513374653
12,1,9,534.3518016635132,525.7259931053253,754.1322002091698,517.1788106263456,528.893375759659,519.965472030933,760.8073946435832,505.6691174192422
12,1,10,672.0647736130112,522.5758967795766,806.012815984893,419.0443990159832,701.32119703897,535.5482469422049,833.3333333333334,414.42129631577336
12,1,11,740.5406167992745,476.60050093951713,819.659757109218,235.4531937594856,798.291631884796,498.3684584176367,833.3333333333334,223.72150578308862
12,1,12,748.3605789173613,453.99776875030716,814.5461643185863,128.8485481123599,826.1511628609865,485.73753520289904,833.3333333333334,110.6414070397058
12,1,13,678.2147590485057,461.57653428072905,769.2590857389923,236.00724890297667,789.2341153338658,524.2927774408065,833.3333333333334,239.38909840540273
12,1,14,614.1111294863531,519.1984583436194,774.2958802043362,355.7919027932225,690.8309712448234,578.6584913481246,833.3333333333334,371.99684611845896
12,1,15,459.73040869976114,496.6770665072852,707.8436410473439,389.2004605223842,530.8392345009745,575.1292829640403,830.9766224259805,432.6024677028659
12,1,16,198.01038335859465,214.67963156308798,471.53285541720777,154.77364972830276,274.1263398632045,290.63484855375805,650.784521030221,211.2342104643015
12,1,17,0.0,0.0,0.0,0.0,0.0,0.0,0.0,0.0
12,1,18,0.0,0.0,0.0,0.0,0.0,0.0,0.0,0.0
12,1,19,0.0,0.0,0.0,0.0,0.0,0.0,0.0,0.0
12,1,20,0.0,0.0,0.0,0.0,0.0,0.0,0.0,0.0
12,1,21,0.0,0.0,0.0,0.0,0.0,0.0,0.0,0.0
12,1,22,0.0,0.0,0.0,0.0,0.0,0.0,0.0,0.0
12,1,23,0.0,0.0,0.0,0.0,0.0,0.0,0.0,0.0
12,2,0,0.0,0.0,0.0,0.0,0.0,0.0,0.0,0.0
12,2,1,0.0,0.0,0.0,0.0,0.0,0.0,0.0,0.0
12,2,2,0.0,0.0,0.0,0.0,0.0,0.0,0.0,0.0
12,2,3,0.0,0.0,0.0,0.0,0.0,0.0,0.0,0.0
12,2,4,0.0,0.0,0.0,0.0,0.0,0.0,0.0,0.0
12,2,5,0.0,0.0,0.0,0.0,0.0,0.0,0.0,0.0
12,2,6,0.0,0.0,0.0,0.0,0.0,0.0,0.0,0.0
12,2,7,4.744857802639324,4.395926214366091,40.84314389469586,4.656578269467357,-0.0,-0.0,-0.0,-0.0
12,2,8,207.04615486680152,241.86396229739296,361.22395403230655,262.5637705120841,27.218848732914388,25.391646682658898,19.789242479307024,27.463852786180524
12,2,9,363.8634918664939,354.53486459043995,489.65131095189537,359.95293654390565,275.1183252887391,267.24100179598133,365.3932053462502,271.2580410939753
12,2,10,515.9198929370766,412.3256396334789,600.5049395388808,361.64332145212194,370.3256074990923,296.5624520823968,427.9026010346407,260.45887706504357
12,2,11,469.24159071435514,343.30916680200346,508.1696325414601,234.83304536851176,435.7710229614867,314.6197847497236,471.5082631963672,202.8726114329435
12,2,12,474.0490498475393,351.7084431561678,500.5599821299123,192.59185790960518,455.8266068203603,323.32086903775485,484.9906713759263,161.12575678039374
12,2,13,424.6197419034178,328.3926214277356,460.2582893617408,230.73496601770475,489.024837970572,360.55025775287794,539.1098036774907,224.84586482777388
12,2,14,360.05062979466044,309.4862795925838,424.27494464166386,250.67255057348143,447.24185135894817,380.5341571142784,541.6779300300776,284.3996154202233
12,2,15,426.51362389426606,457.4791635188689,650.0833071054225,364.87114264403385,381.43576226648435,404.2730512012343,562.0064563288922,327.50701523265934
12,2,16,209.42449694460262,228.85221794837057,494.2358924108312,163.97364676402415,266.1702521402629,282.50665352586424,623.8550029052923,207.3993988065027
12,2,17,0.0,0.0,0.0,0.0,0.0,0.0,0.0,0.0
12,2,18,0.0,0.0,0.0,0.0,0.0,0.0,0.0,0.0
12,2,19,0.0,0.0,0.0,0.0,0.0,0.0,0.0,0.0
12,2,20,0.0,0.0,0.0,0.0,0.0,0.0,0.0,0.0
12,2,21,0.0,0.0,0.0,0.0,0.0,0.0,0.0,0.0
12,2,22,0.0,0.0,0.0,0.0,0.0,0.0,0.0,0.0
12,2,23,0.0,0.0,0.0,0.0,0.0,0.0,0.0,0.0
12,3,0,0.0,0.0,0.0,0.0,0.0,0.0,0.0,0.0
12,3,1,0.0,0.0,0.0,0.0,0.0,0.0,0.0,0.0
12,3,2,0.0,0.0,0.0,0.0,0.0,0.0,0.0,0.0
12,3,3,0.0,0.0,0.0,0.0,0.0,0.0,0.0,0.0
12,3,4,0.0,0.0,0.0,0.0,0.0,0.0,0.0,0.0
12,3,5,0.0,0.0,0.0,0.0,0.0,0.0,0.0,0.0
12,3,6,0.0,0.0,0.0,0.0,0.0,0.0,0.0,0.0
12,3,7,0.5746285250925459,0.2599519912029656,0.4467627420653531,0.41516551172462474,-0.0,-0.0,-0.0,-0.0
12,3,8,92.554170514801,101.89226629692841,131.83000155051712,114.33513170746913,29.79060970087964,28.588846760558653,25.72593493490869,30.689374277793174
12,3,9,181.65028110086124,175.1800568759345,227.45187036407037,183.08900898786823,135.7588849970179,128.98175691511034,150.431787715029,135.1576414025336
12,3,10,651.4040741114125,505.54802500648935,785.8710509751702,408.29789710512017,659.9251032166335,506.8639400489849,799.7415651412836,397.83784615073233
12,3,11,736.0629526134405,476.4485536296327,816.3414852420243,246.8234174022669,746.3635043899407,469.97733900444877,830.0691181735419,216.33145416020466
12,3,12,640.7269036136148,390.01756154796504,699.8595122836955,126.40452270656846,768.6682240033869,454.91414770991065,833.3333333333334,103.6050535724031
12,3,13,688.8580372392305,466.9912504098153,780.487651191711,236.51445268786293,735.6777678415757,489.42879144130006,833.3333333333334,224.36912934780904
12,3,14,591.9592916204334,497.61603922740045,745.4926201682845,341.60370496585256,643.2269990196161,536.8627337764575,815.2126626720744,348.82948654560283
12,3,15,305.2772805667654,327.4660566162868,474.7753844993797,257.4551742694538,497.6697103332641,534.9361630609812,769.2969237347662,410.70589361189326
12,3,16,140.06494729355867,157.10451967383236,332.29024285719197,110.49300302167896,260.3775004727443,276.39015939131576,610.8388839761654,203.09373667226
12,3,17,0.0,0.0,0.0,0.0,0.0,0.0,0.0,0.0
12,3,18,0.0,0.0,0.0,0.0,0.0,0.0,0.0,0.0
12,3,19,0.0,0.0,0.0,0.0,0.0,0.0,0.0,0.0
12,3,20,0.0,0.0,0.0,0.0,0.0,0.0,0.0,0.0
12,3,21,0.0,0.0,0.0,0.0,0.0,0.0,0.0,0.0
12,3,22,0.0,0.0,0.0,0.0,0.0,0.0,0.0,0.0
12,3,23,0.0,0.0,0.0,0.0,0.0,0.0,0.0,0.0
12,4,0,0.0,0.0,0.0,0.0,0.0,0.0,0.0,0.0
12,4,1,0.0,0.0,0.0,0.0,0.0,0.0,0.0,0.0
12,4,2,0.0,0.0,0.0,0.0,0.0,0.0,0.0,0.0
12,4,3,0.0,0.0,0.0,0.0,0.0,0.0,0.0,0.0
12,4,4,0.0,0.0,0.0,0.0,0.0,0.0,0.0,0.0
12,4,5,0.0,0.0,0.0,0.0,0.0,0.0,0.0,0.0
12,4,6,0.0,0.0,0.0,0.0,0.0,0.0,0.0,0.0
12,4,7,2.0858897187272376,1.9862665678587876,88.23346375772883,2.146330744838804,-0.0,-0.0,-0.0,-0.0
12,4,8,279.7256269214548,326.55748393743426,526.4920602057622,345.41329482352546,239.65361710238346,280.82327854879406,468.6016834003296,290.78950438035946
12,4,9,435.8392575566649,428.03600014557514,615.3071364305001,429.6670500762008,498.29662507091547,490.2579730106973,714.2371617409048,480.3826609048623
12,4,10,589.9917257677357,459.4588227089484,712.2789959332327,378.68597542297056,655.251080723624,505.22307685223143,791.9842781424971,397.70155788590955
12,4,11,643.1993831740591,429.34517780273757,710.9495955053442,245.63774144779023,475.32804650710636,333.4105212222242,517.9919246259977,204.44048165248412
12,4,12,397.6726698021739,306.48841010465765,417.48974201480013,183.4713220656038,391.00319973973427,295.3034956682814,409.77679868476156,162.1611215564978
12,4,13,615.9995992850578,431.3830763542142,692.3655957011832,245.89044038471582,372.22707538251865,300.43901825406243,393.51305753399384,216.57991977145772
12,4,14,569.8776599846021,479.4530461885108,713.2756028622672,340.09914455600966,623.1394150402841,521.1441560274103,783.7224347220393,347.7988707268384
12,4,15,-0.0,-0.0,-0.0,-0.0,340.4885763035687,356.8238100205153,489.020326363672,296.5677943593331
12,4,16,-0.0,-0.0,-0.0,-0.0,238.895695329481,256.575195082918,550.965453582999,187.9162974328385
12,4,17,0.0,0.0,0.0,0.0,0.0,0.0,0.0,0.0
12,4,18,0.0,0.0,0.0,0.0,0.0,0.0,0.0,0.0
12,4,19,0.0,0.0,0.0,0.0,0.0,0.0,0.0,0.0
12,4,20,0.0,0.0,0.0,0.0,0.0,0.0,0.0,0.0
12,4,21,0.0,0.0,0.0,0.0,0.0,0.0,0.0,0.0
12,4,22,0.0,0.0,0.0,0.0,0.0,0.0,0.0,0.0
12,4,23,0.0,0.0,0.0,0.0,0.0,0.0,0.0,0.0
12,5,0,0.0,0.0,0.0,0.0,0.0,0.0,0.0,0.0
12,5,1,0.0,0.0,0.0,0.0,0.0,0.0,0.0,0.0
12,5,2,0.0,0.0,0.0,0.0,0.0,0.0,0.0,0.0
12,5,3,0.0,0.0,0.0,0.0,0.0,0.0,0.0,0.0
12,5,4,0.0,0.0,0.0,0.0,0.0,0.0,0.0,0.0
12,5,5,0.0,0.0,0.0,0.0,0.0,0.0,0.0,0.0
12,5,6,0.0,0.0,0.0,0.0,0.0,0.0,0.0,0.0
12,5,7,0.2959448660591659,0.10753771682948111,50.01084428747004,0.2378580946083553,-0.0,-0.0,-0.0,-0.0
12,5,8,283.13373611141844,328.2137553410303,545.2787273419847,343.2227447823304,187.22603604891296,219.91783061984802,370.16235455720874,233.04242567221945
12,5,9,496.14755593212004,488.4393358146508,707.8379549162102,483.95824811848416,458.3042803391345,450.8131970947153,660.0031556851792,445.08019348170603
12,5,10,622.0153240848172,483.1057713353576,751.4541312801463,391.1065981887168,631.0609701135795,484.9907126187327,768.3923496342118,384.54163529044257
12,5,11,690.9882537596109,441.3051525122759,768.6184523645838,221.54321656846588,715.6309756853288,452.4377318037048,797.120011407537,217.06772778429462
12,5,12,704.359286450299,421.96930700461314,767.9373265738702,114.1692485461769,745.9378122676992,441.0249252123322,813.4889994673199,103.45066532527107
12,5,13,662.4394730446292,447.34366783234543,751.036612201481,229.00642545337675,709.7666568463993,472.38665687313386,804.9393248670528,220.28235443155688
12,5,14,470.887164936968,396.57872665340426,582.6239378953418,293.2740044406318,620.0706267341686,515.8702222531178,781.9328644059412,340.23754096895675
12,5,15,392.45042639876556,415.2968253331302,588.1817305635368,337.1542263398225,474.362888961763,505.7199615833927,725.29853518469,394.3905942203775
12,5,16,105.78701160473246,119.40636299059497,228.71837432837967,85.87750200118431,237.64083332678746,250.90639233028452,551.6557556614781,187.04033430867344
12,5,17,0.0,0.0,0.0,0.0,0.0,0.0,0.0,0.0
12,5,18,0.0,0.0,0.0,0.0,0.0,0.0,0.0,0.0
12,5,19,0.0,0.0,0.0,0.0,0.0,0.0,0.0,0.0
12,5,20,0.0,0.0,0.0,0.0,0.0,0.0,0.0,0.0
12,5,21,0.0,0.0,0.0,0.0,0.0,0.0,0.0,0.0
12,5,22,0.0,0.0,0.0,0.0,0.0,0.0,0.0,0.0
12,5,23,0.0,0.0,0.0,0.0,0.0,0.0,0.0,0.0
12,6,0,0.0,0.0,0.0,0.0,0.0,0.0,0.0,0.0
12,6,1,0.0,0.0,0.0,0.0,0.0,0.0,0.0,0.0
12,6,2,0.0,0.0,0.0,0.0,0.0,0.0,0.0,0.0
12,6,3,0.0,0.0,0.0,0.0,0.0,0.0,0.0,0.0
12,6,4,0.0,0.0,0.0,0.0,0.0,0.0,0.0,0.0
12,6,5,0.0,0.0,0.0,0.0,0.0,0.0,0.0,0.0
12,6,6,0.0,0.0,0.0,0.0,0.0,0.0,0.0,0.0
12,6,7,0.19352118205765093,-0.0,6.568405489545757,0.04633777990901801,-0.0,-0.0,-0.0,-0.0
12,6,8,89.83364657286275,98.66320935551981,127.7716453294338,112.5936758904789,200.6317403225784,233.76303855629405,402.2878487464736,247.00840741834182
12,6,9,124.66202077677801,117.37464076071151,125.19228333668731,127.1526112633015,63.873297680832245,59.26386930225086,53.7209319027895,63.422378110203674
12,6,10,461.983815515312,368.1699212936174,541.8767834974693,325.12555560657603,160.0497488737129,140.05408564707847,152.97486170241842,141.99184558193224
12,6,11,693.3549230192999,447.59408326812434,773.1928523528945,241.65306774255833,760.7970250455894,476.4982487196164,833.3333333333334,226.92402894413001
12,6,12,724.9782548561091,437.12817342412484,791.6858824083625,131.9599858708582,792.1005620212449,463.64640123766486,833.3333333333334,108.88298105036844
12,6,13,674.7917948899128,454.2477549284845,765.8676018660784,233.4064128373568,758.7946337990103,499.9593498206207,833.3333333333334,229.95175724196955
12,6,14,583.4622380019622,486.8751610107009,733.0826354557481,339.90026879689844,664.8653400239456,549.9466128489829,833.3333333333334,357.93296628235527
12,6,15,398.8330338221126,421.6058167416467,602.5194262162923,339.0327441607582,513.8648191008989,546.604146098411,792.2140693726936,418.6407880124958
12,6,16,49.58345266757258,55.44798344722651,89.7294403386213,42.86388954944757,258.13901318717365,272.1238818346219,608.215457920989,200.83916655301897
12,6,17,0.0,0.0,0.0,0.0,0.0,0.0,0.0,0.0
12,6,18,0.0,0.0,0.0,0.0,0.0,0.0,0.0,0.0
12,6,19,0.0,0.0,0.0,0.0,0.0,0.0,0.0,0.0
12,6,20,0.0,0.0,0.0,0.0,0.0,0.0,0.0,0.0
12,6,21,0.0,0.0,0.0,0.0,0.0,0.0,0.0,0.0
12,6,22,0.0,0.0,0.0,0.0,0.0,0.0,0.0,0.0
12,6,23,0.0,0.0,0.0,0.0,0.0,0.0,0.0,0.0
12,7,0,0.0,0.0,0.0,0.0,0.0,0.0,0.0,0.0
12,7,1,0.0,0.0,0.0,0.0,0.0,0.0,0.0,0.0
12,7,2,0.0,0.0,0.0,0.0,0.0,0.0,0.0,0.0
12,7,3,0.0,0.0,0.0,0.0,0.0,0.0,0.0,0.0
12,7,4,0.0,0.0,0.0,0.0,0.0,0.0,0.0,0.0
12,7,5,0.0,0.0,0.0,0.0,0.0,0.0,0.0,0.0
12,7,6,0.0,0.0,0.0,0.0,0.0,0.0,0.0,0.0
12,7,7,-0.0,-0.0,-0.0,-0.0,-0.0,-0.0,-0.0,-0.0
12,7,8,306.0233024570232,348.3323291351559,593.1303692560887,363.88799799542716,226.34344574480906,259.6133780612984,449.9310822934513,271.6597414076798
12,7,9,530.906519230704,523.1923483929809,759.7029102671332,519.622573623273,497.64115537409623,490.25788385207835,717.6983527314223,483.6627425165758
12,7,10,662.9974992388744,515.7516831663255,802.6081488409536,419.89677477696654,658.2350667698543,508.3576489822149,799.2436601506712,404.9989332700454
12,7,11,725.651928040698,464.3578300742119,808.4044727975732,238.80286846307874,755.2846563514512,475.10095762385214,833.3333333333334,226.89602334994575
12,7,12,723.863885878149,433.65528354654725,790.9947134889657,125.8966735227249,779.1754265302127,457.15836930812503,833.3333333333334,106.87185312785819
12,7,13,675.358676089804,454.8446788322794,765.5959346978526,234.83798444730522,745.9745949582999,491.6499517286936,833.3333333333334,226.74259132689346
12,7,14,525.0965534316216,438.66880596367025,652.4394864801468,316.3249372023347,662.2851209075253,545.792008413189,833.3333333333334,353.83823080225886
12,7,15,338.4366701597941,352.8591846781269,492.8493446493222,294.1102530006379,356.2711420919722,370.811134175208,516.7589380879257,300.9399972588172
12,7,16,134.37566216869396,151.69878339131878,302.577939971116,107.48293156582254,186.27844091027967,227.79493476832906,378.0386962381713,147.93837801797528
12,7,17,0.0,0.0,0.0,0.0,0.0,0.0,0.0,0.0
12,7,18,0.0,0.0,0.0,0.0,0.0,0.0,0.0,0.0
12,7,19,0.0,0.0,0.0,0.0,0.0,0.0,0.0,0.0
12,7,20,0.0,0.0,0.0,0.0,0.0,0.0,0.0,0.0
12,7,21,0.0,0.0,0.0,0.0,0.0,0.0,0.0,0.0
12,7,22,0.0,0.0,0.0,0.0,0.0,0.0,0.0,0.0
12,7,23,0.0,0.0,0.0,0.0,0.0,0.0,0.0,0.0
12,8,0,0.0,0.0,0.0,0.0,0.0,0.0,0.0,0.0
12,8,1,0.0,0.0,0.0,0.0,0.0,0.0,0.0,0.0
12,8,2,0.0,0.0,0.0,0.0,0.0,0.0,0.0,0.0
12,8,3,0.0,0.0,0.0,0.0,0.0,0.0,0.0,0.0
12,8,4,0.0,0.0,0.0,0.0,0.0,0.0,0.0,0.0
12,8,5,0.0,0.0,0.0,0.0,0.0,0.0,0.0,0.0
12,8,6,0.0,0.0,0.0,0.0,0.0,0.0,0.0,0.0
12,8,7,-0.0,-0.0,-0.0,-0.0,-0.0,-0.0,-0.0,-0.0
12,8,8,118.62931483677039,133.67203947209708,188.62072055422203,153.30555511672296,15.22173880158698,13.803948503946469,9.278076163582053,14.999628839215365
12,8,9,234.17721232684542,224.89079138334375,286.92659773103605,238.57964365867394,147.38472504620003,140.61756489873864,169.52653662138502,147.02635698313156
12,8,10,226.3364969750127,194.84916347337403,229.31349337624604,198.84029885707918,196.0350967223529,165.3371732486946,205.04824139207565,160.63779487400006
12,8,11,123.70004666032003,126.26769228356326,114.2293484031828,113.87313855663795,106.88369090596501,109.54844291122826,97.31396081309767,94.97281748253351
12,8,12,115.65031297820974,126.33346247517683,106.55402155478257,104.61140738619748,48.17692273275595,57.506879214860604,41.83092919936824,47.89858404380902
12,8,13,111.79653784109281,111.3884571152733,102.23609861424974,103.4752114987156,64.67756398901292,67.3695239223457,56.04251874828739,62.41913790055844
12,8,14,124.55361105228741,112.21664736268704,116.55450718763946,115.44496037580343,25.8446738121294,23.654084758806583,20.315214677560125,25.564151428088323
12,8,15,63.92259911479667,60.27217448198419,56.33944024314043,63.879907799720726,59.342661476963926,55.74313089293343,50.80548791540209,57.65349096445466
12,8,16,13.005416525676024,11.789265114519782,7.6879075303881,13.312197045549125,60.28232176241987,69.76855087027876,85.30278819974482,52.360021087842505
12,8,17,0.0,0.0,0.0,0.0,0.0,0.0,0.0,0.0
12,8,18,0.0,0.0,0.0,0.0,0.0,0.0,0.0,0.0
12,8,19,0.0,0.0,0.0,0.0,0.0,0.0,0.0,0.0
12,8,20,0.0,0.0,0.0,0.0,0.0,0.0,0.0,0.0
12,8,21,0.0,0.0,0.0,0.0,0.0,0.0,0.0,0.0
12,8,22,0.0,0.0,0.0,0.0,0.0,0.0,0.0,0.0
12,8,23,0.0,0.0,0.0,0.0,0.0,0.0,0.0,0.0
12,9,0,0.0,0.0,0.0,0.0,0.0,0.0,0.0,0.0
12,9,1,0.0,0.0,0.0,0.0,0.0,0.0,0.0,0.0
12,9,2,0.0,0.0,0.0,0.0,0.0,0.0,0.0,0.0
12,9,3,0.0,0.0,0.0,0.0,0.0,0.0,0.0,0.0
12,9,4,0.0,0.0,0.0,0.0,0.0,0.0,0.0,0.0
12,9,5,0.0,0.0,0.0,0.0,0.0,0.0,0.0,0.0
12,9,6,0.0,0.0,0.0,0.0,0.0,0.0,0.0,0.0
12,9,7,0.0,0.0,0.0,0.0,0.0,0.0,0.0,0.0
12,9,8,79.6703267531385,85.47547506312826,101.8946094258395,98.55926496154991,6.36844030526322,5.595993511289298,3.1189068943196334,6.21438910391745
12,9,9,172.48302382907974,164.63094653155255,198.85696456146667,177.53655975454257,52.183473963574414,48.33746202505057,42.72938015606355,51.70396742060203
12,9,10,133.13548475512877,118.61692347083319,124.21727007031471,126.13980606272332,86.48779042286905,77.93539758835527,76.17464857517064,81.65753490784199
12,9,11,155.4593425917351,154.48524156837954,145.95680158703723,138.0783042501511,89.4017504858828,94.06434024393377,79.71930653844201,82.89614794573245
12,9,12,276.6436279525155,240.88585458126718,280.6867741163929,169.33773931536362,134.56805804088305,143.33610508354926,124.37073232516347,111.50783965702259
12,9,13,372.1119956430277,285.0277931818887,402.99925118888126,199.61795076835725,321.4711770572976,262.41678108767155,335.6561902244692,192.33238129999046
12,9,14,276.5385612356673,235.43072467372693,320.1540453133823,196.57560485288116,440.66305109373843,369.47724263566363,527.8868264258922,281.97465036844403
12,9,15,117.97145334526662,114.1017142069149,123.62335206894792,113.67936160225038,174.07108386778796,172.48507182566001,210.439569692499,159.44456505287604
12,9,16,28.78777012495064,29.593549976578554,28.79033964265712,27.583671980043245,108.41888285935012,133.12040271999425,182.03042541448917,89.51348228910753
12,9,17,0.0,0.0,0.0,0.0,0.0,0.0,0.0,0.0
12,9,18,0.0,0.0,0.0,0.0,0.0,0.0,0.0,0.0
12,9,19,0.0,0.0,0.0,0.0,0.0,0.0,0.0,0.0
12,9,20,0.0,0.0,0.0,0.0,0.0,0.0,0.0,0.0
12,9,21,0.0,0.0,0.0,0.0,0.0,0.0,0.0,0.0
12,9,22,0.0,0.0,0.0,0.0,0.0,0.0,0.0,0.0
12,9,23,0.0,0.0,0.0,0.0,0.0,0.0,0.0,0.0
12,10,0,0.0,0.0,0.0,0.0,0.0,0.0,0.0,0.0
12,10,1,0.0,0.0,0.0,0.0,0.0,0.0,0.0,0.0
12,10,2,0.0,0.0,0.0,0.0,0.0,0.0,0.0,0.0
12,10,3,0.0,0.0,0.0,0.0,0.0,0.0,0.0,0.0
12,10,4,0.0,0.0,0.0,0.0,0.0,0.0,0.0,0.0
12,10,5,0.0,0.0,0.0,0.0,0.0,0.0,0.0,0.0
12,10,6,0.0,0.0,0.0,0.0,0.0,0.0,0.0,0.0
12,10,7,0.0,0.0,0.0,0.0,0.0,0.0,0.0,0.0
12,10,8,69.48805365184079,75.66575981639453,108.24913306789999,85.38121817592791,16.620996400067675,15.246313310762291,11.372510026688627,16.482059384395683
12,10,9,362.0946954131256,356.8240475276042,522.2043397905,363.0963589496928,498.6120864639756,492.3556822927637,725.327614392297,488.4630403910391
12,10,10,532.7596199462339,419.66590896792707,641.534348294203,361.09634824876804,656.2245723876222,508.38211951111816,799.392746050076,408.93564696945805
12,10,11,678.7024724084444,440.91126347242886,758.854413546559,249.7260319439619,354.2427157800241,284.46429797773607,369.7520522128639,211.95490038129483
12,10,12,749.8068745664868,445.7082582869474,819.4583868488701,123.70098195557073,757.0968192422333,449.8477296996446,824.3836346843988,106.6943683975332
12,10,13,712.6209106767734,472.10576544156703,808.9694702721903,232.56971092793574,725.4552253598617,483.14954454457916,817.8548794329353,226.93180249811758
12,10,14,613.4162463218389,505.44062449843324,770.4203881915805,345.3755705922034,643.5291284532576,530.6324439721709,802.8314759646448,354.9086071049321
12,10,15,423.6971268423983,441.0898540503704,627.7415942634622,357.088622989348,499.0355174334431,523.2106754327996,748.5429695524751,414.55639785074027
12,10,16,168.6505988370757,187.3262524997559,371.74700644032635,134.9885118426539,134.94992289456337,170.5607128968483,236.56744729244534,110.2839492732609
12,10,17,0.0,0.0,0.0,0.0,0.0,0.0,0.0,0.0
12,10,18,0.0,0.0,0.0,0.0,0.0,0.0,0.0,0.0
12,10,19,0.0,0.0,0.0,0.0,0.0,0.0,0.0,0.0
12,10,20,0.0,0.0,0.0,0.0,0.0,0.0,0.0,0.0
12,10,21,0.0,0.0,0.0,0.0,0.0,0.0,0.0,0.0
12,10,22,0.0,0.0,0.0,0.0,0.0,0.0,0.0,0.0
12,10,23,0.0,0.0,0.0,0.0,0.0,0.0,0.0,0.0
12,11,0,0.0,0.0,0.0,0.0,0.0,0.0,0.0,0.0
12,11,1,0.0,0.0,0.0,0.0,0.0,0.0,0.0,0.0
12,11,2,0.0,0.0,0.0,0.0,0.0,0.0,0.0,0.0
12,11,3,0.0,0.0,0.0,0.0,0.0,0.0,0.0,0.0
12,11,4,0.0,0.0,0.0,0.0,0.0,0.0,0.0,0.0
12,11,5,0.0,0.0,0.0,0.0,0.0,0.0,0.0,0.0
12,11,6,0.0,0.0,0.0,0.0,0.0,0.0,0.0,0.0
12,11,7,0.0,0.0,0.0,0.0,0.0,0.0,0.0,0.0
12,11,8,290.5966581401329,320.3464707385757,573.181162945904,335.8452199841952,222.77578430470172,247.39287007981892,456.164108183274,259.1539558157695
12,11,9,518.3756146436403,512.5168067096689,748.8470403209403,512.3410513348839,501.0960043249281,495.3264006878878,732.5239361520432,491.51016083576826
12,11,10,655.2763394303101,510.74491674015025,798.3376353751056,420.18612308348634,675.3764739293028,519.9310808307539,829.7609499536557,416.23620595038886
12,11,11,724.3836257232177,459.75367876165234,811.9554447320781,239.44927807698062,767.911998140743,477.81436319469356,833.3333333333334,230.04868339963863
12,11,12,673.2721959393142,401.88451163806656,738.3604495674246,126.37945358993088,797.0301971358357,458.85873372639685,833.3333333333334,101.73788734322565
12,11,13,673.9137097804647,451.0470675715614,764.0412803402612,234.47336957345846,506.91549076947473,361.5631246238444,562.0451183411371,215.14631084192845
12,11,14,466.6562489076881,386.6800836675229,576.9024137991029,284.2982239823749,673.566118805224,548.2877378305981,833.3333333333334,351.96743085935117
12,11,15,458.4619356707762,478.9102755599979,692.4478130350723,379.4416933860538,190.173224814302,186.55940313948656,222.07935803820365,173.91923259676668
12,11,16,157.50875710742017,173.54329300017437,374.2889307415855,122.43627794451892,261.42119860347645,274.5538769570847,615.3642262499704,201.94852920593607
12,11,17,0.0,0.0,0.0,0.0,0.0,0.0,0.0,0.0
12,11,18,0.0,0.0,0.0,0.0,0.0,0.0,0.0,0.0
12,11,19,0.0,0.0,0.0,0.0,0.0,0.0,0.0,0.0
12,11,20,0.0,0.0,0.0,0.0,0.0,0.0,0.0,0.0
12,11,21,0.0,0.0,0.0,0.0,0.0,0.0,0.0,0.0
12,11,22,0.0,0.0,0.0,0.0,0.0,0.0,0.0,0.0
12,11,23,0.0,0.0,0.0,0.0,0.0,0.0,0.0,0.0
12,12,0,0.0,0.0,0.0,0.0,0.0,0.0,0.0,0.0
12,12,1,0.0,0.0,0.0,0.0,0.0,0.0,0.0,0.0
12,12,2,0.0,0.0,0.0,0.0,0.0,0.0,0.0,0.0
12,12,3,0.0,0.0,0.0,0.0,0.0,0.0,0.0,0.0
12,12,4,0.0,0.0,0.0,0.0,0.0,0.0,0.0,0.0
12,12,5,0.0,0.0,0.0,0.0,0.0,0.0,0.0,0.0
12,12,6,0.0,0.0,0.0,0.0,0.0,0.0,0.0,0.0
12,12,7,0.0,0.0,0.0,0.0,0.0,0.0,0.0,0.0
12,12,8,242.96695673844533,268.3259214203575,482.2081483443488,285.3473601403416,172.93366166002144,192.84682046329976,356.14796768257025,205.8666866593742
12,12,9,485.7317136207993,480.5218725548116,700.9216822164119,483.1424591007075,460.8744667415581,455.76689728858685,678.8455858759406,455.40601232140887
12,12,10,357.16753274225687,285.6050026937409,421.99573662817306,257.24994642450366,645.0894268923082,495.84509707799344,797.9189614536137,400.90889287380776
12,12,11,163.7169692911224,160.6566180732083,154.62182120477138,143.5478971315662,143.48792099736582,143.1909244779508,132.7389228153758,124.049865239154
12,12,12,648.789413550968,400.3612764637234,708.6508827006198,149.48881500390524,221.93249307084002,214.59189359204316,214.13870364256474,153.96001573701264
12,12,13,647.9127748592831,432.36690417369533,735.2153757134954,224.87673904281186,748.1549295067565,483.370944523817,833.3333333333334,218.22459288223985
12,12,14,442.23354597713904,367.6450956763016,536.579614126757,278.2463549980609,651.1382148225673,529.0485895113702,823.7226919452846,342.7318953509648
12,12,15,198.87867589963335,198.20995028299916,252.68171126123337,181.47638989305713,206.98360157596002,205.88862759721525,261.7317666956269,185.38477776102795
12,12,16,90.57569923596445,103.13483334367031,173.88846983769838,75.35351015360578,140.9001599300528,178.86385888935465,261.2948703422957,113.56039589850653
12,12,17,0.0,0.0,0.0,0.0,0.0,0.0,0.0,0.0
12,12,18,0.0,0.0,0.0,0.0,0.0,0.0,0.0,0.0
12,12,19,0.0,0.0,0.0,0.0,0.0,0.0,0.0,0.0
12,12,20,0.0,0.0,0.0,0.0,0.0,0.0,0.0,0.0
12,12,21,0.0,0.0,0.0,0.0,0.0,0.0,0.0,0.0
12,12,22,0.0,0.0,0.0,0.0,0.0,0.0,0.0,0.0
12,12,23,0.0,0.0,0.0,0.0,0.0,0.0,0.0,0.0
12,13,0,0.0,0.0,0.0,0.0,0.0,0.0,0.0,0.0
12,13,1,0.0,0.0,0.0,0.0,0.0,0.0,0.0,0.0
12,13,2,0.0,0.0,0.0,0.0,0.0,0.0,0.0,0.0
12,13,3,0.0,0.0,0.0,0.0,0.0,0.0,0.0,0.0
12,13,4,0.0,0.0,0.0,0.0,0.0,0.0,0.0,0.0
12,13,5,0.0,0.0,0.0,0.0,0.0,0.0,0.0,0.0
12,13,6,0.0,0.0,0.0,0.0,0.0,0.0,0.0,0.0
12,13,7,0.0,0.0,0.0,0.0,0.0,0.0,0.0,0.0
12,13,8,87.66897840462015,97.24645229770823,154.33281262233905,110.14297961783737,4.993200675480679,4.323079027737717,2.1325217489142383,4.859447249677277
12,13,9,438.2949332332087,433.8614585423461,637.3395462269879,438.0683427139234,439.5861703776491,435.46497730151,638.9750509014508,435.97195628901227
12,13,10,625.8945198720504,488.96992062600157,765.7345780716737,406.7842638418865,604.2455542883995,470.8829663826151,737.6719428720438,384.3532070654584
12,13,11,703.6278034214288,448.2477778192788,789.7575897213884,240.21937784399285,695.075549025585,442.1373138102141,777.4753849046878,225.3285523849038
12,13,12,713.2366546487734,420.0884217031389,781.923952277168,117.8956002322441,735.8528186624236,430.49871456681353,804.5085816507403,102.43220366161856
12,13,13,664.9188113156363,440.5361574679432,754.1127274410253,222.92803984945823,715.3785267664925,467.593688022008,810.4572564697021,213.89889682425004
12,13,14,574.444003105263,471.1168986394389,717.2131359156646,329.3312948564856,326.71926929346364,276.8209957810695,368.9498785566719,232.21548952494166
12,13,15,415.41905523705753,431.14274372423205,625.0241512463282,342.85471368273693,495.1959318357236,515.4762971684861,750.5289881200033,398.4996026587352
12,13,16,150.1149167878393,166.47041247038953,336.9945620757498,118.77807779173578,256.20098679154404,272.89702292396294,589.0646147649054,198.96899056847369
12,13,17,0.0,0.0,0.0,0.0,0.0,0.0,0.0,0.0
12,13,18,0.0,0.0,0.0,0.0,0.0,0.0,0.0,0.0
12,13,19,0.0,0.0,0.0,0.0,0.0,0.0,0.0,0.0
12,13,20,0.0,0.0,0.0,0.0,0.0,0.0,0.0,0.0
12,13,21,0.0,0.0,0.0,0.0,0.0,0.0,0.0,0.0
12,13,22,0.0,0.0,0.0,0.0,0.0,0.0,0.0,0.0
12,13,23,0.0,0.0,0.0,0.0,0.0,0.0,0.0,0.0
12,14,0,0.0,0.0,0.0,0.0,0.0,0.0,0.0,0.0
12,14,1,0.0,0.0,0.0,0.0,0.0,0.0,0.0,0.0
12,14,2,0.0,0.0,0.0,0.0,0.0,0.0,0.0,0.0
12,14,3,0.0,0.0,0.0,0.0,0.0,0.0,0.0,0.0
12,14,4,0.0,0.0,0.0,0.0,0.0,0.0,0.0,0.0
12,14,5,0.0,0.0,0.0,0.0,0.0,0.0,0.0,0.0
12,14,6,0.0,0.0,0.0,0.0,0.0,0.0,0.0,0.0
12,14,7,0.0,0.0,0.0,0.0,0.0,0.0,0.0,0.0
12,14,8,27.74545252823904,26.592439758837454,23.37848319478278,29.945503960977792,9.167011003082013,8.190661985316623,4.984345258524438,8.989316782645632
12,14,9,60.13342228504401,55.964570026482846,50.9757598853388,61.64148687502133,22.98809460979357,21.00564728722656,16.571361874177928,22.702641197576256
12,14,10,87.04157630832658,78.95547021801417,76.88288056441523,85.61962305832098,47.41140133940624,43.69306080169676,38.46238087111376,47.09870377671403
12,14,11,184.2558456849293,164.57275411545965,183.95555103112483,141.38869584460767,94.77640300577285,99.25125015943306,84.29425937372326,88.62147733797826
12,14,12,241.73992415296246,233.2703151825475,235.50787203304,175.92980759772436,242.62255250032894,231.03323804733157,235.5712110489953,163.9665774719484
12,14,13,317.40229560860536,261.58362605669475,332.2524784507103,202.90347479131657,301.3615095157643,251.3798429702514,311.8604959707132,190.80248353683913
12,14,14,188.31336245960995,166.18678917253712,187.7051861736896,163.07694935048596,158.22323865756996,140.30206292023706,151.79234017203552,136.52871451132958
12,14,15,83.87617165803826,79.48456040235705,78.63325358104971,82.66502344902482,110.54368267138777,105.60747837462957,110.6436331985121,104.40059100889567
12,14,16,45.88747986333789,48.99169522335819,72.11804134319168,40.3952686479307,39.23481437588416,42.1333260972285,44.15325406082772,35.60342876311423
12,14,17,0.0,0.0,0.0,0.0,0.0,0.0,0.0,0.0
12,14,18,0.0,0.0,0.0,0.0,0.0,0.0,0.0,0.0
12,14,19,0.0,0.0,0.0,0.0,0.0,0.0,0.0,0.0
12,14,20,0.0,0.0,0.0,0.0,0.0,0.0,0.0,0.0
12,14,21,0.0,0.0,0.0,0.0,0.0,0.0,0.0,0.0
12,14,22,0.0,0.0,0.0,0.0,0.0,0.0,0.0,0.0
12,14,23,0.0,0.0,0.0,0.0,0.0,0.0,0.0,0.0
12,15,0,0.0,0.0,0.0,0.0,0.0,0.0,0.0,0.0
12,15,1,0.0,0.0,0.0,0.0,0.0,0.0,0.0,0.0
12,15,2,0.0,0.0,0.0,0.0,0.0,0.0,0.0,0.0
12,15,3,0.0,0.0,0.0,0.0,0.0,0.0,0.0,0.0
12,15,4,0.0,0.0,0.0,0.0,0.0,0.0,0.0,0.0
12,15,5,0.0,0.0,0.0,0.0,0.0,0.0,0.0,0.0
12,15,6,0.0,0.0,0.0,0.0,0.0,0.0,0.0,0.0
12,15,7,0.0,0.0,0.0,0.0,0.0,0.0,0.0,0.0
12,15,8,2.5870210776185614,2.186275701247456,1.5270735167541423,2.6912988687833734,1.8122865103590975,1.378424586871683,-0.0,1.7166173780530207
12,15,9,9.731655939463003,8.787868003647132,7.140954712577802,9.908795614277105,0.5882043818568412,0.2472174413371333,-0.0,0.5175206124737461
12,15,10,11.548543970213032,10.282629011356233,9.312405231128473,11.43323165370448,42.21933805133858,38.8674978027888,34.110177952360125,41.887648757191066
12,15,11,35.976665408657674,38.60692884561863,31.299162177539593,35.4924266056219,388.84917530676955,292.6914887114982,416.4458330819471,207.71338030518487
12,15,12,46.72097841569701,54.57947238401212,41.188568129697074,46.23187661876938,34.63294370543334,41.691147199283435,29.737669222082896,34.33562775859742
12,15,13,47.24921743184724,49.51644245311465,41.049221097468156,46.858139459805415,47.895766930084555,51.18158712741745,40.54800477428184,47.57327882542501
12,15,14,43.048833165278765,39.482224974307364,35.79322589022623,43.05945284130917,56.19670340601518,51.657482680746554,45.86492988272278,55.20441895259239
12,15,15,24.26755371956798,22.36080748379031,18.415197971292944,24.497388010950925,89.72851269954431,85.16614552907862,85.53560993359561,85.0022986589164
12,15,16,5.9094613810870245,5.234961026856907,3.6031034525541736,5.916218106828466,26.188206268337115,26.138639389283874,23.636833174136775,24.65090716541006
12,15,17,0.0,0.0,0.0,0.0,0.0,0.0,0.0,0.0
12,15,18,0.0,0.0,0.0,0.0,0.0,0.0,0.0,0.0
12,15,19,0.0,0.0,0.0,0.0,0.0,0.0,0.0,0.0
12,15,20,0.0,0.0,0.0,0.0,0.0,0.0,0.0,0.0
12,15,21,0.0,0.0,0.0,0.0,0.0,0.0,0.0,0.0
12,15,22,0.0,0.0,0.0,0.0,0.0,0.0,0.0,0.0
12,15,23,0.0,0.0,0.0,0.0,0.0,0.0,0.0,0.0
12,16,0,0.0,0.0,0.0,0.0,0.0,0.0,0.0,0.0
12,16,1,0.0,0.0,0.0,0.0,0.0,0.0,0.0,0.0
12,16,2,0.0,0.0,0.0,0.0,0.0,0.0,0.0,0.0
12,16,3,0.0,0.0,0.0,0.0,0.0,0.0,0.0,0.0
12,16,4,0.0,0.0,0.0,0.0,0.0,0.0,0.0,0.0
12,16,5,0.0,0.0,0.0,0.0,0.0,0.0,0.0,0.0
12,16,6,0.0,0.0,0.0,0.0,0.0,0.0,0.0,0.0
12,16,7,0.0,0.0,0.0,0.0,0.0,0.0,0.0,0.0
12,16,8,7.654141518946811,6.88147225193396,5.026044632338616,7.835285527788431,2.5193709930352632,2.033134384036124,0.4244287915497179,2.413783428660641
12,16,9,12.942533467669055,11.765721582967773,9.547230642521267,13.184531061635493,14.760556440002224,13.375314106805595,10.240509212760838,14.524650305353045
12,16,10,21.646308312925935,19.666560898395232,17.739886305984218,21.73277575990553,0.5925936124168788,0.25314921721274886,-0.0,0.5291437362888793
12,16,11,54.84582979655594,58.94171726779232,47.84202945099675,54.81799846495733,17.383460741326346,19.302420162810726,14.380396752747773,17.160497547311916
12,16,12,118.82149911869129,129.47265525260894,109.22561064633489,106.73487551216037,30.263104454740976,36.56086683526377,25.89496642048069,29.97105199099997
12,16,13,116.70755608921284,116.23040618902373,106.84365813107564,106.59626964239672,127.85045396309216,127.18182159199249,116.30945922384713,112.55693260305891
12,16,14,114.37574585722098,102.98316229998186,105.21277910951763,106.60757511209374,50.361312940143414,46.399600149321046,40.51237626152299,49.907788307448875
12,16,15,92.34801952148067,87.70042578561944,88.74790469391095,90.25106272189153,81.53425733060503,76.84982057385508,74.11529392397594,78.18243983673092
12,16,16,34.45861351833356,35.7864771037276,36.80132911846324,32.61371624515289,64.04713860685268,72.99963323855879,86.85109721871093,55.85622603007035
12,16,17,0.0,0.0,0.0,0.0,0.0,0.0,0.0,0.0
12,16,18,0.0,0.0,0.0,0.0,0.0,0.0,0.0,0.0
12,16,19,0.0,0.0,0.0,0.0,0.0,0.0,0.0,0.0
12,16,20,0.0,0.0,0.0,0.0,0.0,0.0,0.0,0.0
12,16,21,0.0,0.0,0.0,0.0,0.0,0.0,0.0,0.0
12,16,22,0.0,0.0,0.0,0.0,0.0,0.0,0.0,0.0
12,16,23,0.0,0.0,0.0,0.0,0.0,0.0,0.0,0.0
12,17,0,0.0,0.0,0.0,0.0,0.0,0.0,0.0,0.0
12,17,1,0.0,0.0,0.0,0.0,0.0,0.0,0.0,0.0
12,17,2,0.0,0.0,0.0,0.0,0.0,0.0,0.0,0.0
12,17,3,0.0,0.0,0.0,0.0,0.0,0.0,0.0,0.0
12,17,4,0.0,0.0,0.0,0.0,0.0,0.0,0.0,0.0
12,17,5,0.0,0.0,0.0,0.0,0.0,0.0,0.0,0.0
12,17,6,0.0,0.0,0.0,0.0,0.0,0.0,0.0,0.0
12,17,7,0.0,0.0,0.0,0.0,0.0,0.0,0.0,0.0
12,17,8,276.5959001550406,294.94300477444335,552.3194650040339,313.97150169368945,203.88189902472126,217.36829150771368,428.5080335530623,228.9484123126428
12,17,9,524.387054668144,522.3950448603103,762.7792863783058,528.3392101197851,498.43049229044834,496.9553011419446,738.0870468242547,496.91696128155183
12,17,10,679.2470902511672,533.0095214364364,833.3333333333334,445.0928630938039,678.0577809586533,526.2120871851498,833.3333333333334,426.28721656772734
12,17,11,753.973295075482,481.95443009719065,833.3333333333334,261.20051219366314,783.8165200030467,489.51921649199875,833.3333333333334,240.86672325222975
12,17,12,773.7962756175191,453.7798101307099,833.3333333333334,121.53922991755748,817.622645546785,468.5867918232369,833.3333333333334,99.43772781225942
12,17,13,740.3813645201366,482.7727355259451,833.3333333333334,229.501665913333,790.1709943992118,506.23637954543955,833.3333333333334,217.97218471579794
12,17,14,645.7741885787891,522.6440580893443,805.9810911788445,350.40780739815847,701.0937516556376,562.8265673625314,833.3333333333334,357.765282801371
12,17,15,491.49320416918493,506.40316542312866,740.833849589683,392.88346831847406,549.9501586640375,566.8573517738186,831.4460077587902,431.1425355697576
12,17,16,220.18629646153636,234.1705189046181,509.84003900841566,169.8020875007009,295.4388134982392,309.0164895110977,665.6866369602831,228.67522629598224
12,17,17,0.0,0.0,0.0,0.0,0.0,0.0,0.0,0.0
12,17,18,0.0,0.0,0.0,0.0,0.0,0.0,0.0,0.0
12,17,19,0.0,0.0,0.0,0.0,0.0,0.0,0.0,0.0
12,17,20,0.0,0.0,0.0,0.0,0.0,0.0,0.0,0.0
12,17,21,0.0,0.0,0.0,0.0,0.0,0.0,0.0,0.0
12,17,22,0.0,0.0,0.0,0.0,0.0,0.0,0.0,0.0
12,17,23,0.0,0.0,0.0,0.0,0.0,0.0,0.0,0.0
12,18,0,0.0,0.0,0.0,0.0,0.0,0.0,0.0,0.0
12,18,1,0.0,0.0,0.0,0.0,0.0,0.0,0.0,0.0
12,18,2,0.0,0.0,0.0,0.0,0.0,0.0,0.0,0.0
12,18,3,0.0,0.0,0.0,0.0,0.0,0.0,0.0,0.0
12,18,4,0.0,0.0,0.0,0.0,0.0,0.0,0.0,0.0
12,18,5,0.0,0.0,0.0,0.0,0.0,0.0,0.0,0.0
12,18,6,0.0,0.0,0.0,0.0,0.0,0.0,0.0,0.0
12,18,7,0.0,0.0,0.0,0.0,0.0,0.0,0.0,0.0
12,18,8,286.7721458531606,301.7377669475448,583.2228186670424,317.308987197569,197.3453986680196,207.04455872421505,412.54799061845904,216.59311566610927
12,18,9,529.6373186703471,528.9669595200645,776.6267907920769,533.0241056764052,484.98413898695975,484.4388753859891,711.9870001501347,485.3948785064372
12,18,10,674.0482005749001,529.8388572218893,828.6316673806384,442.14753101600144,650.8138414584445,510.37157269405566,797.7037499348189,417.71429541979086
12,18,11,749.922449311702,478.15137553013426,833.3333333333334,256.84607571438136,755.0336136711373,476.9198156028504,833.3333333333334,239.73851317109626
12,18,12,763.8184468323344,445.96770078767616,833.3333333333334,114.13529190278247,792.1863614192292,456.8189842767507,833.3333333333334,97.18394584734831
12,18,13,723.5980935386547,470.6099720225694,818.7830286792856,221.59047439891856,776.2664470492219,498.12086956757867,833.3333333333334,214.09612876504067
12,18,14,632.1368105511419,510.4726526090666,787.989385039835,341.66857379376546,689.720504394963,553.129612066319,833.3333333333334,352.2665039034989
12,18,15,480.1814547634904,493.5273820754572,722.0981356626871,382.8568769852003,537.031243069175,551.8456010099746,802.0281889949389,426.3509565419893
12,18,16,216.76409559326774,230.28512780550037,497.60133338980353,167.37440742047164,295.6376163717314,309.05505785831525,662.7756593792599,228.42340631980662
12,18,17,0.0,0.0,0.0,0.0,0.0,0.0,0.0,0.0
12,18,18,0.0,0.0,0.0,0.0,0.0,0.0,0.0,0.0
12,18,19,0.0,0.0,0.0,0.0,0.0,0.0,0.0,0.0
12,18,20,0.0,0.0,0.0,0.0,0.0,0.0,0.0,0.0
12,18,21,0.0,0.0,0.0,0.0,0.0,0.0,0.0,0.0
12,18,22,0.0,0.0,0.0,0.0,0.0,0.0,0.0,0.0
12,18,23,0.0,0.0,0.0,0.0,0.0,0.0,0.0,0.0
12,19,0,0.0,0.0,0.0,0.0,0.0,0.0,0.0,0.0
12,19,1,0.0,0.0,0.0,0.0,0.0,0.0,0.0,0.0
12,19,2,0.0,0.0,0.0,0.0,0.0,0.0,0.0,0.0
12,19,3,0.0,0.0,0.0,0.0,0.0,0.0,0.0,0.0
12,19,4,0.0,0.0,0.0,0.0,0.0,0.0,0.0,0.0
12,19,5,0.0,0.0,0.0,0.0,0.0,0.0,0.0,0.0
12,19,6,0.0,0.0,0.0,0.0,0.0,0.0,0.0,0.0
12,19,7,0.0,0.0,0.0,0.0,0.0,0.0,0.0,0.0
12,19,8,281.45891766582037,294.3480776444049,572.2115060968069,309.9230946941974,199.01155949032793,207.9067362194567,419.95502589800367,218.03845419684782
12,19,9,489.24425974493903,488.9431574055742,715.878613663823,496.13277440335685,501.9048035196266,502.22892134401593,746.0777727199227,503.89274873204494
12,19,10,663.9030666179783,525.3625034201448,813.914201792753,446.66923782359993,681.8941890054649,531.6351071966619,833.3333333333334,434.6284548525745
12,19,11,748.0820592101085,479.95697229379397,833.3333333333334,261.72222206806333,772.99252348727,485.3584372280313,833.3333333333334,246.07295777039803
12,19,12,594.3105403647389,345.5410298177749,655.4883819578666,104.81699920846967,812.1613891731096,463.24208112121374,833.3333333333334,99.15567038959956
12,19,13,652.3987253165818,433.1618151144159,737.2479749094599,226.254899097069,224.02726241614906,192.02448839895052,226.62284739453153,147.95135283859622
12,19,14,644.0610486444052,519.1925988862292,801.9543333100581,347.66207468201117,697.8601772236436,556.1678962338666,833.3333333333334,348.9827286642425
12,19,15,462.53432060305795,473.8320024272874,691.6130226602793,370.3294024262762,546.3402230144901,560.5353941802213,827.1194214318293,420.76156561360705
12,19,16,193.59051562312138,208.0551999086722,426.63908582709814,152.6405719989988,304.9994970930781,318.56065376841696,686.4457953832872,233.50975590161678
12,19,17,0.0,0.0,0.0,0.0,0.0,0.0,0.0,0.0
12,19,18,0.0,0.0,0.0,0.0,0.0,0.0,0.0,0.0
12,19,19,0.0,0.0,0.0,0.0,0.0,0.0,0.0,0.0
12,19,20,0.0,0.0,0.0,0.0,0.0,0.0,0.0,0.0
12,19,21,0.0,0.0,0.0,0.0,0.0,0.0,0.0,0.0
12,19,22,0.0,0.0,0.0,0.0,0.0,0.0,0.0,0.0
12,19,23,0.0,0.0,0.0,0.0,0.0,0.0,0.0,0.0
12,20,0,0.0,0.0,0.0,0.0,0.0,0.0,0.0,0.0
12,20,1,0.0,0.0,0.0,0.0,0.0,0.0,0.0,0.0
12,20,2,0.0,0.0,0.0,0.0,0.0,0.0,0.0,0.0
12,20,3,0.0,0.0,0.0,0.0,0.0,0.0,0.0,0.0
12,20,4,0.0,0.0,0.0,0.0,0.0,0.0,0.0,0.0
12,20,5,0.0,0.0,0.0,0.0,0.0,0.0,0.0,0.0
12,20,6,0.0,0.0,0.0,0.0,0.0,0.0,0.0,0.0
12,20,7,0.0,0.0,0.0,0.0,0.0,0.0,0.0,0.0
12,20,8,17.706796295130037,16.251196837573335,12.78451250853548,18.101925289214673,10.16757043066258,9.143955790034916,6.108487065400698,9.894695638069052
12,20,9,297.858271704372,297.9993375533378,442.8588349471901,307.1931186734925,434.1959108125567,435.00739407391205,646.3848213308128,439.90241988587746
12,20,10,608.4040416135352,480.7870911787775,750.1870301301062,408.5768444227487,623.0021768319727,486.47286079848203,774.8628150084601,402.15593024655925
12,20,11,681.2319411452413,438.0669684898124,768.051379479364,248.41193730163715,728.8353486944973,456.8003894198411,825.8037459472343,238.44716582607987
12,20,12,704.8053317444893,412.7471566561752,773.7848353464404,118.02146312574429,775.4719851504728,442.5054323792405,833.3333333333334,99.4293688618674
12,20,13,669.7689420453007,436.65679475292774,758.528180393182,213.83753964575172,745.7728192410385,475.7869419183102,833.3333333333334,206.90402440430486
12,20,14,500.36839826298745,404.0195059764081,622.3895932674553,283.8248244390993,658.7787584600702,524.751203273525,826.6582900213358,332.99990708873366
12,20,15,218.03754849899425,217.5457550890342,294.62135891186443,186.21474705525216,149.23355012962986,143.22004512195886,161.32836709346336,136.5667278184681
12,20,16,166.8438612746563,181.2574924633277,366.837896227338,131.71704321481315,268.21808228267815,283.05762566568114,583.9935398997651,208.60364760683922
12,20,17,0.0,0.0,0.0,0.0,0.0,0.0,0.0,0.0
12,20,18,0.0,0.0,0.0,0.0,0.0,0.0,0.0,0.0
12,20,19,0.0,0.0,0.0,0.0,0.0,0.0,0.0,0.0
12,20,20,0.0,0.0,0.0,0.0,0.0,0.0,0.0,0.0
12,20,21,0.0,0.0,0.0,0.0,0.0,0.0,0.0,0.0
12,20,22,0.0,0.0,0.0,0.0,0.0,0.0,0.0,0.0
12,20,23,0.0,0.0,0.0,0.0,0.0,0.0,0.0,0.0
12,21,0,0.0,0.0,0.0,0.0,0.0,0.0,0.0,0.0
12,21,1,0.0,0.0,0.0,0.0,0.0,0.0,0.0,0.0
12,21,2,0.0,0.0,0.0,0.0,0.0,0.0,0.0,0.0
12,21,3,0.0,0.0,0.0,0.0,0.0,0.0,0.0,0.0
12,21,4,0.0,0.0,0.0,0.0,0.0,0.0,0.0,0.0
12,21,5,0.0,0.0,0.0,0.0,0.0,0.0,0.0,0.0
12,21,6,0.0,0.0,0.0,0.0,0.0,0.0,0.0,0.0
12,21,7,0.0,0.0,0.0,0.0,0.0,0.0,0.0,0.0
12,21,8,26.12096575477914,25.15530623585558,22.634482995883985,28.455009287735226,94.64053534630787,103.00876908767337,198.0011754510031,113.46104999294715
12,21,9,122.16153493971328,115.94644916014323,125.39523912095468,126.6499638721304,388.04068201499757,389.0683068000506,573.1656221199726,396.1351603482128
12,21,10,291.7467663707595,243.5394493543982,324.3935084285046,236.4989977994946,164.0011699468014,143.3893375391744,158.69808387938662,144.88691252664123
12,21,11,575.7373237144185,404.91926413482724,635.0381845750641,273.5979079645246,698.1399300667481,446.0222440936039,786.9054425870763,240.9174197233553
12,21,12,675.0157278854368,408.9071968960743,739.1219586972746,144.51881646088225,752.4132300683515,433.97102551498034,825.3077851560347,99.92278261141492
12,21,13,678.5665075929217,445.00605721304066,767.4610445144277,222.88762654932384,730.5757251674759,469.1023612576991,826.9074977724043,205.8806763268802
12,21,14,594.6886248208583,478.16963270287124,739.1657570514753,326.36233619495215,650.1273998381372,519.5739719745086,809.3569086441562,335.9410919865347
12,21,15,434.3061170508974,442.3221274540052,645.7640922243506,347.60095417094124,505.6328198173079,515.5960891860525,753.0006966415699,395.8346635052055
12,21,16,180.40406556648696,194.9015086646362,393.4932126725815,142.1582190971509,278.10885764271336,293.02700009825236,600.2349750301324,216.17924868715147
12,21,17,0.0,0.0,0.0,0.0,0.0,0.0,0.0,0.0
12,21,18,0.0,0.0,0.0,0.0,0.0,0.0,0.0,0.0
12,21,19,0.0,0.0,0.0,0.0,0.0,0.0,0.0,0.0
12,21,20,0.0,0.0,0.0,0.0,0.0,0.0,0.0,0.0
12,21,21,0.0,0.0,0.0,0.0,0.0,0.0,0.0,0.0
12,21,22,0.0,0.0,0.0,0.0,0.0,0.0,0.0,0.0
12,21,23,0.0,0.0,0.0,0.0,0.0,0.0,0.0,0.0
12,22,0,0.0,0.0,0.0,0.0,0.0,0.0,0.0,0.0
12,22,1,0.0,0.0,0.0,0.0,0.0,0.0,0.0,0.0
12,22,2,0.0,0.0,0.0,0.0,0.0,0.0,0.0,0.0
12,22,3,0.0,0.0,0.0,0.0,0.0,0.0,0.0,0.0
12,22,4,0.0,0.0,0.0,0.0,0.0,0.0,0.0,0.0
12,22,5,0.0,0.0,0.0,0.0,0.0,0.0,0.0,0.0
12,22,6,0.0,0.0,0.0,0.0,0.0,0.0,0.0,0.0
12,22,7,0.0,0.0,0.0,0.0,0.0,0.0,0.0,0.0
12,22,8,15.135290544042212,13.816326178216023,10.186657716953903,15.470364788603458,156.75291159589156,167.04894482520783,340.18807212672135,178.81781652241608
12,22,9,49.946087896706544,46.41475517760794,40.79799146152314,51.24821051455222,463.2321220046566,466.3959586534475,691.2749452938558,470.71931833970604
12,22,10,107.25564073167618,96.5120601721574,97.52702274295231,103.68958022110442,67.97564866527968,62.0829799211931,56.932666321374505,65.80684197550423
12,22,11,151.6390954002093,148.7308381078882,141.960253867871,135.4073418561217,101.38867166419848,104.41389332667131,90.33314421450558,93.18614868055123
12,22,12,476.67310109322096,331.59446660422435,511.21685513378424,174.7870741183884,202.8582446800472,201.87901905236103,193.15882560031952,147.80249003814174
12,22,13,723.2396855787885,468.9504024574582,817.9464240582288,223.07084160941238,771.3282468111566,490.97279828112977,833.3333333333334,207.8306999991897
12,22,14,630.4068987651676,505.3005394846459,783.2348226023099,339.2660788635071,685.4381172505838,544.6002309886605,833.3333333333334,343.7009475851893
12,22,15,440.24707374806144,447.5286686717535,653.9451012736316,350.48810564157304,545.3177102112523,555.5383381570749,816.9010964753091,419.3129318892803
12,22,16,209.48284334672206,223.1145727972911,444.8081602623823,166.1512502493957,302.07408533951246,314.18779586653363,650.5779456263931,233.84245321404842
12,22,17,0.0,0.0,0.0,0.0,0.0,0.0,0.0,0.0
12,22,18,0.0,0.0,0.0,0.0,0.0,0.0,0.0,0.0
12,22,19,0.0,0.0,0.0,0.0,0.0,0.0,0.0,0.0
12,22,20,0.0,0.0,0.0,0.0,0.0,0.0,0.0,0.0
12,22,21,0.0,0.0,0.0,0.0,0.0,0.0,0.0,0.0
12,22,22,0.0,0.0,0.0,0.0,0.0,0.0,0.0,0.0
12,22,23,0.0,0.0,0.0,0.0,0.0,0.0,0.0,0.0
12,23,0,0.0,0.0,0.0,0.0,0.0,0.0,0.0,0.0
12,23,1,0.0,0.0,0.0,0.0,0.0,0.0,0.0,0.0
12,23,2,0.0,0.0,0.0,0.0,0.0,0.0,0.0,0.0
12,23,3,0.0,0.0,0.0,0.0,0.0,0.0,0.0,0.0
12,23,4,0.0,0.0,0.0,0.0,0.0,0.0,0.0,0.0
12,23,5,0.0,0.0,0.0,0.0,0.0,0.0,0.0,0.0
12,23,6,0.0,0.0,0.0,0.0,0.0,0.0,0.0,0.0
12,23,7,0.0,0.0,0.0,0.0,0.0,0.0,0.0,0.0
12,23,8,192.25972870136184,211.20319972307368,364.9059592241649,237.89821261090347,9.098467344844995,8.121147352296594,4.783851635516518,8.831786551916098
12,23,9,415.3799634012136,415.47086271615007,592.0881139469716,430.8148887589769,259.06730493228116,257.6613480558701,362.88153292512806,266.82579312138256
12,23,10,525.2690457899577,424.8348937958713,633.1737335712694,382.5372495657582,276.7409163375108,228.29514348474572,314.8517421453633,212.88692655377127
12,23,11,672.6997808664148,454.7214636484393,750.8803787680688,287.75897841098737,419.78912700770053,303.79362553836165,458.91401666475986,212.4725864197936
12,23,12,589.403604810831,379.13101582709106,639.9979066612872,163.38828961525,456.25295127734864,310.64823823277084,488.88777803184405,146.66589065091375
12,23,13,574.5105136094882,391.63968537444754,642.9813822607605,219.95238435653715,584.2479728243566,389.6054384440328,656.4332827161163,199.4057712436057
12,23,14,537.1751717088766,432.25111645070626,663.1718534864976,303.0293105578634,678.5162997659346,536.9904717413631,833.3333333333334,336.33575152659716
12,23,15,222.3099732529673,222.90935175498976,315.6689226447777,182.35964667707125,535.681764293301,544.6548778840692,802.9528963667636,408.92664721045475
12,23,16,162.1378962004688,177.33048674154404,332.5889613363261,130.4553056594873,211.28081255110092,236.508173239643,408.05796402006615,170.1331340329307
12,23,17,0.0,0.0,0.0,0.0,0.0,0.0,0.0,0.0
12,23,18,0.0,0.0,0.0,0.0,0.0,0.0,0.0,0.0
12,23,19,0.0,0.0,0.0,0.0,0.0,0.0,0.0,0.0
12,23,20,0.0,0.0,0.0,0.0,0.0,0.0,0.0,0.0
12,23,21,0.0,0.0,0.0,0.0,0.0,0.0,0.0,0.0
12,23,22,0.0,0.0,0.0,0.0,0.0,0.0,0.0,0.0
12,23,23,0.0,0.0,0.0,0.0,0.0,0.0,0.0,0.0
12,24,0,0.0,0.0,0.0,0.0,0.0,0.0,0.0,0.0
12,24,1,0.0,0.0,0.0,0.0,0.0,0.0,0.0,0.0
12,24,2,0.0,0.0,0.0,0.0,0.0,0.0,0.0,0.0
12,24,3,0.0,0.0,0.0,0.0,0.0,0.0,0.0,0.0
12,24,4,0.0,0.0,0.0,0.0,0.0,0.0,0.0,0.0
12,24,5,0.0,0.0,0.0,0.0,0.0,0.0,0.0,0.0
12,24,6,0.0,0.0,0.0,0.0,0.0,0.0,0.0,0.0
12,24,7,0.0,0.0,0.0,0.0,0.0,0.0,0.0,0.0
12,24,8,119.96147848373836,132.28886086500324,217.39807584002256,151.13442445501894,7.6317923403771895,6.761727503337549,3.784714723056321,7.387099816416466
12,24,9,321.1359604769674,320.39583639729693,450.33093220685237,334.73744571906667,462.95801673662925,468.3857239307289,698.3324716767082,474.0815132344611
12,24,10,398.04918085584416,325.2545062878018,472.12471892862374,301.32769674306667,302.34169345166396,247.91857793933517,348.6482196611665,227.65704809732114
12,24,11,475.33967291957873,344.59662782782,521.6691152827777,249.37111555183336,361.2720918688496,273.82812005756256,387.05507323489036,199.3762415998309
12,24,12,579.119493175112,375.7285120584246,627.8743712479926,165.4784120302359,466.17756620992645,318.08677267694856,499.366732043634,150.68560733297116
12,24,13,509.4277574077687,361.427920012399,562.3756579535992,220.0447199710793,500.3675109970913,351.024643520186,552.2425659580151,200.01973054133973
12,24,14,485.6869104480992,394.0348358886454,588.3433072578827,291.29301914781723,493.6845413767391,396.11756620223593,602.7310192116994,275.854799631768
12,24,15,295.9644210112466,296.22229908880814,416.88091881781753,243.98961031979456,363.2714241379356,363.25697498740965,511.92710001932556,290.86049992304544
12,24,16,151.8818700062174,165.6613322020601,300.50512767210097,123.14052140834086,184.20745628293486,228.13896811740338,338.3553770832401,150.43867208361362
12,24,17,0.0,0.0,0.0,0.0,0.0,0.0,0.0,0.0
12,24,18,0.0,0.0,0.0,0.0,0.0,0.0,0.0,0.0
12,24,19,0.0,0.0,0.0,0.0,0.0,0.0,0.0,0.0
12,24,20,0.0,0.0,0.0,0.0,0.0,0.0,0.0,0.0
12,24,21,0.0,0.0,0.0,0.0,0.0,0.0,0.0,0.0
12,24,22,0.0,0.0,0.0,0.0,0.0,0.0,0.0,0.0
12,24,23,0.0,0.0,0.0,0.0,0.0,0.0,0.0,0.0
12,25,0,0.0,0.0,0.0,0.0,0.0,0.0,0.0,0.0
12,25,1,0.0,0.0,0.0,0.0,0.0,0.0,0.0,0.0
12,25,2,0.0,0.0,0.0,0.0,0.0,0.0,0.0,0.0
12,25,3,0.0,0.0,0.0,0.0,0.0,0.0,0.0,0.0
12,25,4,0.0,0.0,0.0,0.0,0.0,0.0,0.0,0.0
12,25,5,0.0,0.0,0.0,0.0,0.0,0.0,0.0,0.0
12,25,6,0.0,0.0,0.0,0.0,0.0,0.0,0.0,0.0
12,25,7,0.0,0.0,0.0,0.0,0.0,0.0,0.0,0.0
12,25,8,217.69416035922552,231.17924429080693,451.53032477263037,249.4729825627116,10.187719760874382,9.192147692031549,6.650894569997129,9.927773497654716
12,25,9,472.18822387226066,476.5424120162669,684.4348643981291,490.6284658038005,443.4746315156664,449.9576469716595,673.6325552403108,455.72498636365646
12,25,10,619.2156681774939,495.3763417020744,764.7000973113392,425.97467582393125,619.8521295894149,487.3829465955813,777.1205514836156,403.2665854972627
12,25,11,643.9327571857478,423.3163843627029,726.0530381356864,257.1346219515128,719.4149343715284,451.7764962911013,816.5393857878075,235.99193766907774
12,25,12,620.0931940016942,383.80943121467874,676.4270356824412,142.58365409920285,422.49177073876035,310.89291067267453,444.8354457185513,163.67557766902328
12,25,13,286.77354854705067,234.96519022686115,299.072981451253,177.98913324073374,390.3978837212645,290.3716656419954,420.9502203848156,182.41527331982263
12,25,14,293.7323923008319,243.58777681654686,337.2810712407879,201.30722513144678,445.63110428020656,358.0850445231211,541.4613252124136,253.7341450302358
12,25,15,423.8231248071952,428.0668319150141,621.9541400396071,337.1936283157112,194.57595935817642,189.61447253196522,240.50063036651613,167.7230612880177
12,25,16,112.85608049244686,123.01335209447616,220.23079860309048,92.18339212658113,178.8101470052384,217.01957598400696,326.2660060708146,146.61390125073765
12,25,17,0.0,0.0,0.0,0.0,0.0,0.0,0.0,0.0
12,25,18,0.0,0.0,0.0,0.0,0.0,0.0,0.0,0.0
12,25,19,0.0,0.0,0.0,0.0,0.0,0.0,0.0,0.0
12,25,20,0.0,0.0,0.0,0.0,0.0,0.0,0.0,0.0
12,25,21,0.0,0.0,0.0,0.0,0.0,0.0,0.0,0.0
12,25,22,0.0,0.0,0.0,0.0,0.0,0.0,0.0,0.0
12,25,23,0.0,0.0,0.0,0.0,0.0,0.0,0.0,0.0
12,26,0,0.0,0.0,0.0,0.0,0.0,0.0,0.0,0.0
12,26,1,0.0,0.0,0.0,0.0,0.0,0.0,0.0,0.0
12,26,2,0.0,0.0,0.0,0.0,0.0,0.0,0.0,0.0
12,26,3,0.0,0.0,0.0,0.0,0.0,0.0,0.0,0.0
12,26,4,0.0,0.0,0.0,0.0,0.0,0.0,0.0,0.0
12,26,5,0.0,0.0,0.0,0.0,0.0,0.0,0.0,0.0
12,26,6,0.0,0.0,0.0,0.0,0.0,0.0,0.0,0.0
12,26,7,0.0,0.0,0.0,0.0,0.0,0.0,0.0,0.0
12,26,8,200.32300803047627,215.1570634071901,432.47998646364886,232.7994617650739,152.09975511972323,162.31858314099736,344.4451658440072,173.0959745528909
12,26,9,405.9682497170446,409.26268722196784,585.8285159061911,424.87524849658104,451.5460161810591,459.24804660097845,682.2738397733191,465.4841362188943
12,26,10,179.55754511777965,158.2531402654586,175.9843299121331,166.09616534036076,94.74996379741278,85.46888183884732,83.42082399819033,89.34891485335987
12,26,11,434.24491234418684,329.9542788522895,468.8025216760472,251.4029532176579,114.81817815288387,113.17163705603598,105.09975559709369,98.79997335288832
12,26,12,430.7665160458444,315.48286233884295,456.05996786530096,175.90153454212492,532.0692347810086,337.79556382743857,578.1772065666521,137.6735077136676
12,26,13,570.0725474852404,395.71282456168217,633.8561237493726,232.32898826190078,532.7413127761276,363.66689101735676,593.8839917648935,198.41610374919352
12,26,14,418.5568484933141,341.97154380845876,496.1627545794588,265.57269863987347,454.35693509958554,366.6636702446587,543.1257370486957,264.03850677050417
12,26,15,313.7055629752051,312.9119533691212,439.4007269814771,257.383593448792,238.64459386410155,233.1015565666399,301.5933952725127,204.21670504595528
12,26,16,58.553935560757836,63.03358282459544,85.00244923236001,52.60697158905999,303.3902514813784,318.45606062907285,629.9290708220068,233.73915564757291
12,26,17,0.0,0.0,0.0,0.0,0.0,0.0,0.0,0.0
12,26,18,0.0,0.0,0.0,0.0,0.0,0.0,0.0,0.0
12,26,19,0.0,0.0,0.0,0.0,0.0,0.0,0.0,0.0
12,26,20,0.0,0.0,0.0,0.0,0.0,0.0,0.0,0.0
12,26,21,0.0,0.0,0.0,0.0,0.0,0.0,0.0,0.0
12,26,22,0.0,0.0,0.0,0.0,0.0,0.0,0.0,0.0
12,26,23,0.0,0.0,0.0,0.0,0.0,0.0,0.0,0.0
12,27,0,0.0,0.0,0.0,0.0,0.0,0.0,0.0,0.0
12,27,1,0.0,0.0,0.0,0.0,0.0,0.0,0.0,0.0
12,27,2,0.0,0.0,0.0,0.0,0.0,0.0,0.0,0.0
12,27,3,0.0,0.0,0.0,0.0,0.0,0.0,0.0,0.0
12,27,4,0.0,0.0,0.0,0.0,0.0,0.0,0.0,0.0
12,27,5,0.0,0.0,0.0,0.0,0.0,0.0,0.0,0.0
12,27,6,0.0,0.0,0.0,0.0,0.0,0.0,0.0,0.0
12,27,7,0.0,0.0,0.0,0.0,0.0,0.0,0.0,0.0
12,27,8,19.212291688915297,17.827216483403095,14.291850375366081,19.95107230167894,77.71014963976134,85.74548180700863,171.29278117462312,95.24134754838555
12,27,9,43.58393933226147,40.448063563657634,34.74257894555214,44.685765747042446,46.55128892819387,43.07765737775672,36.315566688345605,46.06015171151112
12,27,10,117.8241463041154,105.74160516511579,108.8279386827784,113.10877547283695,42.137718995290896,38.766264482186386,33.669827250086946,41.49760404462594
12,27,11,89.08100976535819,91.95934884973086,79.68475496701028,86.27466302597614,118.26570099283066,119.05266113695514,106.97508278975651,106.12848550485364
12,27,12,60.33979750859311,70.75605889925208,53.243573727300245,60.5198964680986,9.839199354671848,12.463837224040986,8.025008779812246,9.591375358005902
12,27,13,29.333701698936736,31.70707075106919,25.070821756111147,29.702887533710626,1.7230988806155945,2.184568801847678,0.8914042125227595,1.611045494255776
12,27,14,22.101360845298167,20.001762197446556,18.316654224006882,21.729848507099245,7.7783925483251695,6.900057502208743,5.588375377616303,7.546768276501011
12,27,15,24.10560792104405,22.188740009608647,18.513012068148594,24.267830963821424,51.5073978917794,47.745771146130494,41.35405722637706,49.855252803516635
12,27,16,12.417074585500112,11.276556885517516,8.077720801343723,12.556102366975724,14.786850008850747,13.393919318665459,8.655871003683048,14.453944629773524
12,27,17,0.0,0.0,0.0,0.0,0.0,0.0,0.0,0.0
12,27,18,0.0,0.0,0.0,0.0,0.0,0.0,0.0,0.0
12,27,19,0.0,0.0,0.0,0.0,0.0,0.0,0.0,0.0
12,27,20,0.0,0.0,0.0,0.0,0.0,0.0,0.0,0.0
12,27,21,0.0,0.0,0.0,0.0,0.0,0.0,0.0,0.0
12,27,22,0.0,0.0,0.0,0.0,0.0,0.0,0.0,0.0
12,27,23,0.0,0.0,0.0,0.0,0.0,0.0,0.0,0.0
12,28,0,0.0,0.0,0.0,0.0,0.0,0.0,0.0,0.0
12,28,1,0.0,0.0,0.0,0.0,0.0,0.0,0.0,0.0
12,28,2,0.0,0.0,0.0,0.0,0.0,0.0,0.0,0.0
12,28,3,0.0,0.0,0.0,0.0,0.0,0.0,0.0,0.0
12,28,4,0.0,0.0,0.0,0.0,0.0,0.0,0.0,0.0
12,28,5,0.0,0.0,0.0,0.0,0.0,0.0,0.0,0.0
12,28,6,0.0,0.0,0.0,0.0,0.0,0.0,0.0,0.0
12,28,7,0.0,0.0,0.0,0.0,0.0,0.0,0.0,0.0
12,28,8,-0.0,-0.0,-0.0,-0.0,-0.0,-0.0,-0.0,-0.0
12,28,9,1.7724815062285462,1.379637844234024,0.6285981408122305,1.8512065653612784,3.490175779959289,2.9263923067578346,1.5863999866586922,3.324326687028868
12,28,10,6.9125656113650376,6.056433118294103,5.222591121162319,6.906968861588747,0.883886222093446,0.5180436655934294,-0.0,0.7810437341475435
12,28,11,14.36936574910187,15.253127386266883,12.164344374859448,14.058799182625938,7.32515148596597,8.157064389528967,5.667489584099947,7.110642658018875
12,28,12,3.298740885604581,4.655216712654449,2.420239714409652,3.4201779039612434,2.756954604698322,4.048225698695464,1.8680924619066754,2.627716412351271
12,28,13,11.04423124408808,12.144255405267467,9.116258905603297,11.120422908215163,2.759610789520772,3.3260017331585514,1.7787506830832247,2.62794259279953
12,28,14,23.869782942164264,21.780591585405546,19.43244535321322,24.03727115140736,2.13885830500372,1.6789721537757412,0.9968517616521544,2.011910370564344
12,28,15,36.95285926751398,34.174341117319265,28.8527103212513,37.34215771565661,0.8694601113236479,0.5027969784428189,-0.0,0.7597370111234591
12,28,16,31.161059692095456,31.077966704563323,29.25011462997023,30.465623322429323,-0.0,-0.0,-0.0,-0.0
12,28,17,0.0,0.0,0.0,0.0,0.0,0.0,0.0,0.0
12,28,18,0.0,0.0,0.0,0.0,0.0,0.0,0.0,0.0
12,28,19,0.0,0.0,0.0,0.0,0.0,0.0,0.0,0.0
12,28,20,0.0,0.0,0.0,0.0,0.0,0.0,0.0,0.0
12,28,21,0.0,0.0,0.0,0.0,0.0,0.0,0.0,0.0
12,28,22,0.0,0.0,0.0,0.0,0.0,0.0,0.0,0.0
12,28,23,0.0,0.0,0.0,0.0,0.0,0.0,0.0,0.0
12,29,0,0.0,0.0,0.0,0.0,0.0,0.0,0.0,0.0
12,29,1,0.0,0.0,0.0,0.0,0.0,0.0,0.0,0.0
12,29,2,0.0,0.0,0.0,0.0,0.0,0.0,0.0,0.0
12,29,3,0.0,0.0,0.0,0.0,0.0,0.0,0.0,0.0
12,29,4,0.0,0.0,0.0,0.0,0.0,0.0,0.0,0.0
12,29,5,0.0,0.0,0.0,0.0,0.0,0.0,0.0,0.0
12,29,6,0.0,0.0,0.0,0.0,0.0,0.0,0.0,0.0
12,29,7,0.0,0.0,0.0,0.0,0.0,0.0,0.0,0.0
12,29,8,189.0636312930557,204.23019329149997,417.34766730403015,221.46736240128286,7.052536238652087,6.2259157738556405,3.372922155247365,6.817566903890599
12,29,9,452.44891944292334,463.05480145961786,677.8514728390716,475.1189875734986,447.1256813044125,458.49263422356717,682.2376957556124,467.1651118811126
12,29,10,634.615469698183,510.65285784869167,790.0923742574487,438.4022418678752,648.1955511071569,514.890713746275,816.5232195674688,430.38774527456064
12,29,11,644.1115800881225,423.91124457592133,729.0173907126562,260.5814229377543,756.7719651863532,481.9915118999416,833.3333333333334,261.65608361701925
12,29,12,468.11347618128315,313.41096295962984,504.6202484758714,149.93192669487797,803.9690448261332,460.4350658416636,833.3333333333334,104.02882181411468
12,29,13,156.26387635148183,151.20845180354124,147.6989641473335,131.98039536165234,230.4004108823364,210.5594373634542,223.9334194815048,166.2035664848213
12,29,14,67.70138092196463,61.98068458890414,57.9418046105298,67.19013295693013,60.29571356203507,55.239801631779514,49.849166276024505,58.331279775326145
12,29,15,30.35894624737021,27.938697672500453,22.76851105359113,30.970175210772886,31.135569267513816,28.545854606095833,22.57116993657431,30.558677241142114
12,29,16,10.55722335602344,9.528006414491543,6.411681074789723,10.732466353311668,4.890816355840354,4.2227906432892794,1.9720929517391685,4.692094810735079
12,29,17,0.0,0.0,0.0,0.0,0.0,0.0,0.0,0.0
12,29,18,0.0,0.0,0.0,0.0,0.0,0.0,0.0,0.0
12,29,19,0.0,0.0,0.0,0.0,0.0,0.0,0.0,0.0
12,29,20,0.0,0.0,0.0,0.0,0.0,0.0,0.0,0.0
12,29,21,0.0,0.0,0.0,0.0,0.0,0.0,0.0,0.0
12,29,22,0.0,0.0,0.0,0.0,0.0,0.0,0.0,0.0
12,29,23,0.0,0.0,0.0,0.0,0.0,0.0,0.0,0.0
12,30,0,0.0,0.0,0.0,0.0,0.0,0.0,0.0,0.0
12,30,1,0.0,0.0,0.0,0.0,0.0,0.0,0.0,0.0
12,30,2,0.0,0.0,0.0,0.0,0.0,0.0,0.0,0.0
12,30,3,0.0,0.0,0.0,0.0,0.0,0.0,0.0,0.0
12,30,4,0.0,0.0,0.0,0.0,0.0,0.0,0.0,0.0
12,30,5,0.0,0.0,0.0,0.0,0.0,0.0,0.0,0.0
12,30,6,0.0,0.0,0.0,0.0,0.0,0.0,0.0,0.0
12,30,7,0.0,0.0,0.0,0.0,0.0,0.0,0.0,0.0
12,30,8,240.77537689463702,254.9118640894304,533.4097270794538,270.3208950074737,160.66563644754987,169.3623857812649,371.70794102361714,178.360797993713
12,30,9,499.4394224249953,513.1382934184924,748.8478150718281,524.164709607775,475.42584599394263,489.2311743638172,726.2690285791402,496.78197031833935
12,30,10,651.279211650341,525.5251407181103,809.9114747746264,449.66049268270854,669.213765925899,532.3170224870433,833.3333333333334,442.4093079848172
12,30,11,733.5264034309325,477.44648958280374,828.4182070295177,274.29781262246786,780.7542651713279,493.37180426252445,833.3333333333334,260.2560167097909
12,30,12,761.2715829566393,446.99346511784233,832.8301742841844,116.08236382695596,824.6455766002302,469.297369128308,833.3333333333334,97.96116207204528
12,30,13,734.0148623681433,471.2750514052586,824.6280334673438,209.66249814724523,807.8482826816235,505.5039886736779,833.3333333333334,200.26963977274883
12,30,14,648.2221424972064,512.8930714483146,796.9521627597752,334.76893156558606,721.138447324436,562.8312947059925,833.3333333333334,341.9704335939483
12,30,15,504.7519265303737,507.45132665300815,741.1209994455866,387.75300900019,572.7207934454259,575.7923849741402,833.3333333333334,422.548500644958
12,30,16,270.2403423599365,287.5893528835942,552.4456721150035,212.9233665823529,352.18638879136034,372.0804660695404,720.2469145176883,272.6474982361257
12,30,17,0.0,0.0,0.0,0.0,0.0,0.0,0.0,0.0
12,30,18,0.0,0.0,0.0,0.0,0.0,0.0,0.0,0.0
12,30,19,0.0,0.0,0.0,0.0,0.0,0.0,0.0,0.0
12,30,20,0.0,0.0,0.0,0.0,0.0,0.0,0.0,0.0
12,30,21,0.0,0.0,0.0,0.0,0.0,0.0,0.0,0.0
12,30,22,0.0,0.0,0.0,0.0,0.0,0.0,0.0,0.0
12,30,23,0.0,0.0,0.0,0.0,0.0,0.0,0.0,0.0
12,31,0,0.0,0.0,0.0,0.0,0.0,0.0,0.0,0.0
12,31,1,0.0,0.0,0.0,0.0,0.0,0.0,0.0,0.0
12,31,2,0.0,0.0,0.0,0.0,0.0,0.0,0.0,0.0
12,31,3,0.0,0.0,0.0,0.0,0.0,0.0,0.0,0.0
12,31,4,0.0,0.0,0.0,0.0,0.0,0.0,0.0,0.0
12,31,5,0.0,0.0,0.0,0.0,0.0,0.0,0.0,0.0
12,31,6,0.0,0.0,0.0,0.0,0.0,0.0,0.0,0.0
12,31,7,0.0,0.0,0.0,0.0,0.0,0.0,0.0,0.0
12,31,8,244.48507149895045,258.98684464692417,543.3436034457203,274.56005504173976,161.34624293805828,170.2055524732933,374.01298189731136,179.23817056615832
12,31,9,510.82662789893226,526.3229740741924,766.2666484252189,537.8853323174923,473.34411339954016,488.33598626796135,720.0244886871723,496.653664583737
12,31,10,664.1639567176003,537.7669057040666,825.6247654121621,461.2753278992801,659.5218450469628,529.0510516752344,825.75679979321,443.08094752918635
12,31,11,731.4268006018898,476.9765998609368,827.326504775328,277.32098369228606,764.9460500295219,490.44189686190987,833.3333333333334,264.5141453952927
12,31,12,762.5451449015831,450.1009089061626,833.3333333333334,120.20084835188983,805.4776219212655,464.39570133127023,833.3333333333334,98.48397903282111
12,31,13,736.8489377910462,473.4975169163946,826.8081378190105,210.15254060874895,786.3100421158179,495.9824017702918,833.3333333333334,197.56676394057772
12,31,14,627.1947581751492,495.7816486594073,771.2289452356897,325.2876506654674,706.3352752987539,552.8014194860624,833.3333333333334,339.07115149798165
12,31,15,503.71711256865865,505.7449983007886,736.8955537139163,387.07468879114145,562.5123664619514,564.7158326005722,826.5785470169714,421.3295072412096
12,31,16,269.70303917869245,289.35820423621885,548.3478251984204,214.87465435922542,345.088429409207,366.98270823360474,686.6930070580272,274.97427874324535
12,31,17,0.0,0.0,0.0,0.0,0.0,0.0,0.0,0.0
12,31,18,0.0,0.0,0.0,0.0,0.0,0.0,0.0,0.0
12,31,19,0.0,0.0,0.0,0.0,0.0,0.0,0.0,0.0
12,31,20,0.0,0.0,0.0,0.0,0.0,0.0,0.0,0.0
12,31,21,0.0,0.0,0.0,0.0,0.0,0.0,0.0,0.0
12,31,22,0.0,0.0,0.0,0.0,0.0,0.0,0.0,0.0
12,31,23,0.0,0.0,0.0,0.0,0.0,0.0,0.0,0.0
